rating,is_recommended,helpfulness,total_feedback_count,total_neg_feedback_count,total_pos_feedback_count,skin_tone,eye_color,skin_type,hair_color,product_id,brand_name,price_usd
3,0.0,0.833333015,6.0,0.6931471805599453,1.791759469228055,light,brown,dry,brown,P420652,LANEIGE,24.0
1,0.0,0.800000012,5.0,0.6931471805599453,1.6094379124341003,light,brown,combination,brown,P420652,LANEIGE,24.0
3,0.0,0.714286029,7.0,1.0986122886681098,1.791759469228055,light,brown,combination,red,P420652,LANEIGE,24.0
4,1.0,0.625,8.0,1.3862943611198906,1.791759469228055,fair,blue,dry,blonde,P420652,LANEIGE,24.0
3,0.0,1.0,4.0,0.0,1.6094379124341003,fair,blue,dry,blonde,P420652,LANEIGE,24.0
5,1.0,1.0,5.0,0.0,1.791759469228055,light,hazel,combination,brown,P420652,LANEIGE,24.0
5,1.0,0.909090996,11.0,0.6931471805599453,2.3978952727983707,fair,blue,dry,blonde,P420652,LANEIGE,24.0
5,1.0,0.400000006,5.0,1.3862943611198906,1.0986122886681098,fair,hazel,combination,brown,P420652,LANEIGE,24.0
3,0.0,0.846153975,13.0,1.0986122886681098,2.4849066497880004,light,hazel,normal,brown,P420652,LANEIGE,24.0
4,1.0,1.0,5.0,0.0,1.791759469228055,lightMedium,brown,combination,black,P420652,LANEIGE,24.0
5,1.0,0.75,4.0,0.6931471805599453,1.3862943611198906,lightMedium,brown,normal,black,P420652,LANEIGE,24.0
5,1.0,0.92592603,27.0,1.0986122886681098,3.258096538021482,mediumTan,brown,combination,black,P420652,LANEIGE,24.0
2,0.0,0.400000006,5.0,1.3862943611198906,1.0986122886681098,light,brown,combination,brown,P420652,LANEIGE,24.0
2,0.0,0.357143015,28.0,2.9444389791664403,2.3978952727983707,lightMedium,blue,normal,brown,P420652,LANEIGE,24.0
3,1.0,0.200000003,35.0,3.367295829986474,2.0794415416798357,fair,green,oily,blonde,P420652,LANEIGE,24.0
3,1.0,0.363635987,11.0,2.0794415416798357,1.6094379124341003,fair,brown,combination,blonde,P420652,LANEIGE,24.0
5,1.0,1.0,4.0,0.0,1.6094379124341003,mediumTan,brown,combination,black,P420652,LANEIGE,24.0
4,1.0,0.5,4.0,1.0986122886681098,1.0986122886681098,light,brown,combination,brown,P420652,LANEIGE,24.0
5,1.0,0.75,8.0,1.0986122886681098,1.9459101490553132,light,brown,oily,black,P420652,LANEIGE,24.0
4,1.0,0.800000012,15.0,1.3862943611198906,2.5649493574615367,lightMedium,brown,combination,black,P420652,LANEIGE,24.0
1,0.0,0.25,12.0,2.302585092994046,1.3862943611198906,lightMedium,brown,combination,brown,P420652,LANEIGE,24.0
5,1.0,0.714286029,7.0,1.0986122886681098,1.791759469228055,light,brown,oily,brown,P420652,LANEIGE,24.0
3,0.0,1.0,4.0,0.0,1.6094379124341003,light,blue,combination,blonde,P420652,LANEIGE,24.0
5,1.0,0.916666985,12.0,0.6931471805599453,2.4849066497880004,light,brown,combination,brunette,P420652,LANEIGE,24.0
3,0.0,0.300000012,10.0,2.0794415416798357,1.3862943611198906,light,brown,combination,brown,P420652,LANEIGE,24.0
5,1.0,1.0,5.0,0.0,1.791759469228055,light,blue,combination,blonde,P420652,LANEIGE,24.0
2,0.0,0.25,8.0,1.9459101490553132,1.0986122886681098,porcelain,green,oily,red,P420652,LANEIGE,24.0
4,1.0,1.0,10.0,0.0,2.3978952727983707,fair,blue,combination,blonde,P420652,LANEIGE,24.0
5,1.0,1.0,4.0,0.0,1.6094379124341003,light,hazel,combination,brown,P420652,LANEIGE,24.0
5,1.0,0.863636017,44.0,1.9459101490553132,3.6635616461296463,lightMedium,hazel,combination,brown,P420652,LANEIGE,24.0
1,0.0,0.555555999,9.0,1.6094379124341003,1.791759469228055,lightMedium,brown,combination,black,P420652,LANEIGE,24.0
1,0.0,0.600000024,5.0,1.0986122886681098,1.3862943611198906,lightMedium,blue,combination,brown,P420652,LANEIGE,24.0
2,0.0,0.25,4.0,1.3862943611198906,0.6931471805599453,light,blue,combination,blonde,P420652,LANEIGE,24.0
5,1.0,0.75,4.0,0.6931471805599453,1.3862943611198906,fair,brown,normal,brown,P420652,LANEIGE,24.0
2,0.0,1.0,5.0,0.0,1.791759469228055,mediumTan,brown,combination,brown,P420652,LANEIGE,24.0
5,1.0,1.0,4.0,0.0,1.6094379124341003,mediumTan,brown,combination,brown,P420652,LANEIGE,24.0
3,1.0,1.0,5.0,0.0,1.791759469228055,mediumTan,brown,combination,black,P420652,LANEIGE,24.0
5,1.0,1.0,5.0,0.0,1.791759469228055,medium,brown,dry,black,P420652,LANEIGE,24.0
3,0.0,0.384615004,13.0,2.1972245773362196,1.791759469228055,fair,brown,normal,brown,P420652,LANEIGE,24.0
5,1.0,1.0,4.0,0.0,1.6094379124341003,fair,blue,dry,blonde,P420652,LANEIGE,24.0
1,0.0,0.875,16.0,1.0986122886681098,2.70805020110221,lightMedium,brown,normal,brown,P420652,LANEIGE,24.0
4,1.0,1.0,4.0,0.0,1.6094379124341003,medium,blue,oily,black,P420652,LANEIGE,24.0
2,0.0,0.571429014,21.0,2.302585092994046,2.5649493574615367,fair,brown,dry,brown,P420652,LANEIGE,24.0
5,1.0,0.800000012,5.0,0.6931471805599453,1.6094379124341003,fair,brown,dry,blonde,P420652,LANEIGE,24.0
3,0.0,1.0,5.0,0.0,1.791759469228055,fair,hazel,oily,brown,P420652,LANEIGE,24.0
3,0.0,0.571429014,7.0,1.3862943611198906,1.6094379124341003,tan,brown,oily,black,P420652,LANEIGE,24.0
4,0.0,0.882353008,17.0,1.0986122886681098,2.772588722239781,lightMedium,brown,dry,brown,P420652,LANEIGE,24.0
5,1.0,1.0,5.0,0.0,1.791759469228055,medium,brown,combination,brown,P420652,LANEIGE,24.0
5,1.0,1.0,5.0,0.0,1.791759469228055,fair,blue,combination,blonde,P420652,LANEIGE,24.0
5,1.0,0.600000024,5.0,1.0986122886681098,1.3862943611198906,deep,brown,normal,brown,P420652,LANEIGE,24.0
5,1.0,0.800000012,5.0,0.6931471805599453,1.6094379124341003,fair,green,normal,brown,P420652,LANEIGE,24.0
5,1.0,1.0,19.0,0.0,2.995732273553991,mediumTan,brown,combination,brown,P420652,LANEIGE,24.0
5,1.0,0.800000012,5.0,0.6931471805599453,1.6094379124341003,fair,blue,oily,brown,P420652,LANEIGE,24.0
5,1.0,1.0,4.0,0.0,1.6094379124341003,fair,hazel,combination,auburn,P420652,LANEIGE,24.0
5,1.0,1.0,9.0,0.0,2.302585092994046,lightMedium,green,normal,brown,P420652,LANEIGE,24.0
2,0.0,0.0625,16.0,2.772588722239781,0.6931471805599453,deep,brown,combination,black,P420652,LANEIGE,24.0
5,1.0,0.909090996,22.0,1.0986122886681098,3.044522437723423,fair,brown,oily,brown,P420652,LANEIGE,24.0
5,1.0,0.928570986,14.0,0.6931471805599453,2.6390573296152584,fair,hazel,dry,brown,P420652,LANEIGE,24.0
5,1.0,1.0,9.0,0.0,2.302585092994046,lightMedium,brown,dry,brown,P420652,LANEIGE,24.0
5,1.0,1.0,7.0,0.0,2.0794415416798357,fair,brown,combination,brown,P420652,LANEIGE,24.0
5,1.0,0.800000012,5.0,0.6931471805599453,1.6094379124341003,fair,brown,dry,brown,P420652,LANEIGE,24.0
1,0.0,0.375,8.0,1.791759469228055,1.3862943611198906,fairLight,green,normal,black,P420652,LANEIGE,24.0
5,1.0,1.0,4.0,0.0,1.6094379124341003,olive,brown,combination,auburn,P420652,LANEIGE,24.0
2,0.0,0.200000003,5.0,1.6094379124341003,0.6931471805599453,fair,green,oily,brown,P420652,LANEIGE,24.0
5,1.0,1.0,6.0,0.0,1.9459101490553132,light,hazel,combination,brown,P420652,LANEIGE,24.0
1,0.0,0.75,4.0,0.6931471805599453,1.3862943611198906,mediumTan,brown,combination,black,P420652,LANEIGE,24.0
2,0.0,0.5,4.0,1.0986122886681098,1.0986122886681098,mediumTan,brown,dry,brown,P420652,LANEIGE,24.0
1,0.0,0.600000024,10.0,1.6094379124341003,1.9459101490553132,light,brown,combination,brown,P420652,LANEIGE,24.0
2,0.0,0.400000006,5.0,1.3862943611198906,1.0986122886681098,fair,brown,dry,brown,P420652,LANEIGE,24.0
5,1.0,0.800000012,5.0,0.6931471805599453,1.6094379124341003,light,hazel,normal,brown,P420652,LANEIGE,24.0
1,0.0,0.86956501,23.0,1.3862943611198906,3.044522437723423,fair,hazel,combination,blonde,P420652,LANEIGE,24.0
5,1.0,1.0,4.0,0.0,1.6094379124341003,light,brown,combination,brown,P420652,LANEIGE,24.0
5,1.0,1.0,10.0,0.0,2.3978952727983707,lightMedium,brown,combination,black,P420652,LANEIGE,24.0
2,0.0,1.0,4.0,0.0,1.6094379124341003,fair,brown,combination,brown,P420652,LANEIGE,24.0
2,0.0,0.6875,16.0,1.791759469228055,2.4849066497880004,light,brown,combination,black,P420652,LANEIGE,24.0
5,1.0,1.0,4.0,0.0,1.6094379124341003,fair,brown,oily,brunette,P420652,LANEIGE,24.0
5,1.0,1.0,4.0,0.0,1.6094379124341003,porcelain,blue,combination,blonde,P420652,LANEIGE,24.0
1,0.0,1.0,4.0,0.0,1.6094379124341003,mediumTan,brown,normal,black,P420652,LANEIGE,24.0
1,0.0,0.947368026,19.0,0.6931471805599453,2.9444389791664403,mediumTan,brown,combination,brown,P420652,LANEIGE,24.0
5,1.0,1.0,5.0,0.0,1.791759469228055,lightMedium,brown,combination,blonde,P420652,LANEIGE,24.0
4,1.0,0.600000024,5.0,1.0986122886681098,1.3862943611198906,lightMedium,hazel,combination,blonde,P420652,LANEIGE,24.0
5,1.0,0.777778029,9.0,1.0986122886681098,2.0794415416798357,fairLight,green,combination,blonde,P420652,LANEIGE,24.0
2,0.0,0.833333015,6.0,0.6931471805599453,1.791759469228055,fairLight,blue,normal,blonde,P420652,LANEIGE,24.0
5,1.0,0.857142985,7.0,0.6931471805599453,1.9459101490553132,deep,brown,dry,gray,P420652,LANEIGE,24.0
5,1.0,0.833333015,6.0,0.6931471805599453,1.791759469228055,mediumTan,brown,normal,brown,P420652,LANEIGE,24.0
5,1.0,0.903226018,31.0,1.3862943611198906,3.367295829986474,light,brown,combination,blonde,P420652,LANEIGE,24.0
1,0.0,0.8125,32.0,1.9459101490553132,3.295836866004329,light,blue,combination,blonde,P420652,LANEIGE,24.0
5,1.0,0.800000012,5.0,0.6931471805599453,1.6094379124341003,fairLight,green,oily,blonde,P420652,LANEIGE,24.0
1,0.0,0.800000012,5.0,0.6931471805599453,1.6094379124341003,mediumTan,hazel,dry,brown,P420652,LANEIGE,24.0
5,1.0,0.800000012,5.0,0.6931471805599453,1.6094379124341003,light,green,dry,black,P420652,LANEIGE,24.0
5,1.0,0.885713995,35.0,1.6094379124341003,3.4657359027997265,fairLight,blue,dry,brown,P420652,LANEIGE,24.0
1,0.0,0.785713971,14.0,1.3862943611198906,2.4849066497880004,light,blue,combination,auburn,P420652,LANEIGE,24.0
5,1.0,0.4375,16.0,2.302585092994046,2.0794415416798357,deep,brown,combination,black,P420652,LANEIGE,24.0
4,1.0,0.666666985,9.0,1.3862943611198906,1.9459101490553132,light,brown,combination,brown,P420652,LANEIGE,24.0
5,1.0,0.879999995,100.0,2.5649493574615367,4.48863636973214,light,brown,combination,brown,P420652,LANEIGE,24.0
5,1.0,0.75,4.0,0.6931471805599453,1.3862943611198906,light,brown,combination,brown,P420652,LANEIGE,24.0
1,0.0,0.714286029,7.0,1.0986122886681098,1.791759469228055,lightMedium,brown,combination,brown,P7880,fresh,39.0
3,1.0,0.5,6.0,1.3862943611198906,1.3862943611198906,light,brown,combination,blonde,P7880,fresh,39.0
1,0.0,0.888889015,9.0,0.6931471805599453,2.1972245773362196,light,brown,oily,brown,P7880,fresh,39.0
4,1.0,0.866666973,15.0,1.0986122886681098,2.6390573296152584,fairLight,blue,dry,brown,P7880,fresh,39.0
1,0.0,0.315789014,19.0,2.6390573296152584,1.9459101490553132,tan,brown,combination,black,P7880,fresh,39.0
5,1.0,1.0,8.0,0.0,2.1972245773362196,tan,brown,oily,black,P7880,fresh,39.0
1,0.0,0.615384996,13.0,1.791759469228055,2.1972245773362196,lightMedium,green,combination,brown,P7880,fresh,39.0
5,1.0,0.777778029,9.0,1.0986122886681098,2.0794415416798357,deep,brown,oily,brown,P7880,fresh,39.0
5,1.0,1.0,5.0,0.0,1.791759469228055,light,brown,combination,brown,P7880,fresh,39.0
1,1.0,0.888889015,18.0,1.0986122886681098,2.833213344056216,light,brown,combination,brown,P7880,fresh,39.0
5,1.0,1.0,4.0,0.0,1.6094379124341003,light,brown,combination,brown,P7880,fresh,39.0
4,1.0,1.0,9.0,0.0,2.302585092994046,light,brown,normal,brown,P7880,fresh,39.0
3,1.0,0.857142985,7.0,0.6931471805599453,1.9459101490553132,light,brown,combination,brown,P7880,fresh,39.0
4,1.0,0.75,4.0,0.6931471805599453,1.3862943611198906,light,brown,combination,brown,P7880,fresh,39.0
2,1.0,0.25,4.0,1.3862943611198906,0.6931471805599453,light,brown,normal,brown,P7880,fresh,39.0
4,1.0,1.0,11.0,0.0,2.4849066497880004,light,brown,combination,brown,P7880,fresh,39.0
5,1.0,0.5,4.0,1.0986122886681098,1.0986122886681098,light,brown,dry,brown,P7880,fresh,39.0
2,1.0,0.666666985,6.0,1.0986122886681098,1.6094379124341003,light,brown,combination,brown,P7880,fresh,39.0
3,1.0,0.200000003,5.0,1.6094379124341003,0.6931471805599453,fair,brown,combination,brown,P7880,fresh,39.0
2,0.0,0.71052599,38.0,2.4849066497880004,3.332204510175204,light,hazel,dry,brown,P218700,Josie Maran,49.0
2,0.0,0.307691991,13.0,2.302585092994046,1.6094379124341003,fair,green,dry,brown,P218700,Josie Maran,49.0
4,1.0,0.75,4.0,0.6931471805599453,1.3862943611198906,light,brown,normal,brown,P218700,Josie Maran,49.0
5,1.0,1.0,5.0,0.0,1.791759469228055,lightMedium,brown,combination,blonde,P218700,Josie Maran,49.0
1,0.0,0.875,8.0,0.6931471805599453,2.0794415416798357,lightMedium,blue,oily,brown,P218700,Josie Maran,49.0
5,1.0,0.777778029,9.0,1.0986122886681098,2.0794415416798357,fair,green,oily,blonde,P218700,Josie Maran,49.0
2,1.0,1.0,10.0,0.0,2.3978952727983707,light,brown,combination,brown,P218700,Josie Maran,49.0
1,1.0,0.375,8.0,1.791759469228055,1.3862943611198906,light,brown,combination,brown,P218700,Josie Maran,49.0
5,1.0,1.0,5.0,0.0,1.791759469228055,light,brown,combination,brown,P218700,Josie Maran,49.0
5,1.0,0.75,4.0,0.6931471805599453,1.3862943611198906,light,brown,combination,brown,P218700,Josie Maran,49.0
5,1.0,0.800000012,5.0,0.6931471805599453,1.6094379124341003,light,brown,combination,brown,P218700,Josie Maran,49.0
5,1.0,0.875,8.0,0.6931471805599453,2.0794415416798357,light,brown,combination,brown,P218700,Josie Maran,49.0
1,1.0,1.0,5.0,0.0,1.791759469228055,light,brown,combination,brown,P218700,Josie Maran,49.0
1,1.0,1.0,4.0,0.0,1.6094379124341003,light,brown,combination,brown,P218700,Josie Maran,49.0
1,1.0,0.125,8.0,2.0794415416798357,0.6931471805599453,light,brown,combination,brown,P218700,Josie Maran,49.0
1,1.0,0.0,4.0,1.6094379124341003,0.0,light,brown,combination,brown,P218700,Josie Maran,49.0
1,1.0,0.666666985,12.0,1.6094379124341003,2.1972245773362196,light,brown,combination,brown,P218700,Josie Maran,49.0
5,1.0,1.0,4.0,0.0,1.6094379124341003,light,brown,combination,brown,P218700,Josie Maran,49.0
5,1.0,1.0,6.0,0.0,1.9459101490553132,light,brown,combination,brown,P218700,Josie Maran,49.0
4,1.0,1.0,9.0,0.0,2.302585092994046,light,brown,combination,brown,P218700,Josie Maran,49.0
2,1.0,0.142857,7.0,1.9459101490553132,0.6931471805599453,light,brown,combination,brown,P218700,Josie Maran,49.0
5,1.0,1.0,15.0,0.0,2.772588722239781,light,brown,combination,brown,P218700,Josie Maran,49.0
5,1.0,0.833333015,6.0,0.6931471805599453,1.791759469228055,light,brown,combination,brown,P218700,Josie Maran,49.0
2,1.0,0.800000012,5.0,0.6931471805599453,1.6094379124341003,light,brown,combination,brown,P218700,Josie Maran,49.0
5,1.0,1.0,15.0,0.0,2.772588722239781,light,brown,combination,brown,P218700,Josie Maran,49.0
5,1.0,1.0,4.0,0.0,1.6094379124341003,light,brown,normal,brown,P218700,Josie Maran,49.0
5,1.0,0.5,4.0,1.0986122886681098,1.0986122886681098,light,brown,combination,brown,P218700,Josie Maran,49.0
1,1.0,0.588235021,17.0,2.0794415416798357,2.3978952727983707,fair,brown,oily,brown,P218700,Josie Maran,49.0
5,1.0,0.833333015,6.0,0.6931471805599453,1.791759469228055,lightMedium,brown,normal,brown,P218700,Josie Maran,49.0
5,1.0,1.0,5.0,0.0,1.791759469228055,light,blue,combination,brown,P248407,First Aid Beauty,38.0
1,0.0,0.75,12.0,1.3862943611198906,2.302585092994046,lightMedium,brown,combination,blonde,P248407,First Aid Beauty,38.0
5,1.0,0.800000012,5.0,0.6931471805599453,1.6094379124341003,lightMedium,brown,combination,brown,P248407,First Aid Beauty,38.0
4,1.0,0.75,4.0,0.6931471805599453,1.3862943611198906,lightMedium,brown,combination,black,P248407,First Aid Beauty,38.0
1,0.0,1.0,4.0,0.0,1.6094379124341003,fair,blue,normal,brown,P248407,First Aid Beauty,38.0
2,0.0,0.600000024,5.0,1.0986122886681098,1.3862943611198906,lightMedium,brown,combination,black,P248407,First Aid Beauty,38.0
1,0.0,0.583333015,12.0,1.791759469228055,2.0794415416798357,medium,green,combination,brown,P248407,First Aid Beauty,38.0
2,0.0,0.857142985,14.0,1.0986122886681098,2.5649493574615367,light,hazel,dry,blonde,P248407,First Aid Beauty,38.0
1,0.0,0.764706016,17.0,1.6094379124341003,2.6390573296152584,fair,brown,combination,brown,P248407,First Aid Beauty,38.0
5,1.0,1.0,6.0,0.0,1.9459101490553132,fair,blue,dry,blonde,P248407,First Aid Beauty,38.0
4,0.0,0.571429014,7.0,1.3862943611198906,1.6094379124341003,light,green,combination,blonde,P248407,First Aid Beauty,38.0
1,0.0,0.214286,28.0,3.1354942159291497,1.9459101490553132,fair,brown,combination,brown,P248407,First Aid Beauty,38.0
2,0.0,0.5,6.0,1.3862943611198906,1.3862943611198906,lightMedium,brown,combination,brown,P248407,First Aid Beauty,38.0
1,0.0,0.695652008,23.0,2.0794415416798357,2.833213344056216,light,blue,combination,blonde,P248407,First Aid Beauty,38.0
2,0.0,0.727272987,11.0,1.3862943611198906,2.1972245773362196,deep,brown,dry,black,P248407,First Aid Beauty,38.0
4,1.0,0.421052992,19.0,2.4849066497880004,2.1972245773362196,fair,blue,combination,brown,P248407,First Aid Beauty,38.0
5,1.0,0.777778029,9.0,1.0986122886681098,2.0794415416798357,light,brown,combination,black,P248407,First Aid Beauty,38.0
5,1.0,1.0,5.0,0.0,1.791759469228055,medium,brown,combination,black,P248407,First Aid Beauty,38.0
5,1.0,0.800000012,5.0,0.6931471805599453,1.6094379124341003,light,brown,combination,black,P248407,First Aid Beauty,38.0
1,0.0,0.133332998,15.0,2.6390573296152584,1.0986122886681098,medium,brown,combination,black,P248407,First Aid Beauty,38.0
3,0.0,0.666666985,6.0,1.0986122886681098,1.6094379124341003,lightMedium,brown,dry,black,P248407,First Aid Beauty,38.0
5,1.0,0.777778029,9.0,1.0986122886681098,2.0794415416798357,fair,green,dry,brown,P248407,First Aid Beauty,38.0
5,1.0,0.866666973,15.0,1.0986122886681098,2.6390573296152584,medium,brown,dry,brown,P248407,First Aid Beauty,38.0
5,1.0,0.550000012,20.0,2.302585092994046,2.4849066497880004,light,brown,combination,brown,P248407,First Aid Beauty,38.0
5,1.0,1.0,4.0,0.0,1.6094379124341003,fair,hazel,combination,blonde,P248407,First Aid Beauty,38.0
5,1.0,0.857142985,7.0,0.6931471805599453,1.9459101490553132,fair,hazel,normal,brown,P248407,First Aid Beauty,38.0
5,1.0,0.899999976,10.0,0.6931471805599453,2.302585092994046,light,brown,combination,brown,P248407,First Aid Beauty,38.0
5,1.0,0.909090996,22.0,1.0986122886681098,3.044522437723423,light,brown,combination,brown,P248407,First Aid Beauty,38.0
5,1.0,1.0,7.0,0.0,2.0794415416798357,light,brown,combination,brown,P248407,First Aid Beauty,38.0
5,1.0,1.0,11.0,0.0,2.4849066497880004,light,brown,combination,brown,P248407,First Aid Beauty,38.0
2,1.0,1.0,8.0,0.0,2.1972245773362196,light,brown,dry,brown,P248407,First Aid Beauty,38.0
3,1.0,0.800000012,5.0,0.6931471805599453,1.6094379124341003,light,brown,combination,brown,P248407,First Aid Beauty,38.0
4,1.0,1.0,4.0,0.0,1.6094379124341003,light,brown,combination,brown,P248407,First Aid Beauty,38.0
3,1.0,0.857142985,7.0,0.6931471805599453,1.9459101490553132,light,brown,dry,brown,P248407,First Aid Beauty,38.0
1,1.0,0.25,4.0,1.3862943611198906,0.6931471805599453,light,brown,combination,brown,P248407,First Aid Beauty,38.0
5,1.0,1.0,4.0,0.0,1.6094379124341003,light,brown,combination,brown,P248407,First Aid Beauty,38.0
1,1.0,0.625,8.0,1.3862943611198906,1.791759469228055,light,brown,combination,brown,P248407,First Aid Beauty,38.0
5,1.0,1.0,5.0,0.0,1.791759469228055,light,brown,combination,brown,P248407,First Aid Beauty,38.0
1,1.0,1.0,9.0,0.0,2.302585092994046,light,brown,combination,brown,P248407,First Aid Beauty,38.0
5,1.0,0.888889015,9.0,0.6931471805599453,2.1972245773362196,light,brown,oily,brown,P248407,First Aid Beauty,38.0
1,1.0,0.899999976,10.0,0.6931471805599453,2.302585092994046,light,brown,combination,brown,P248407,First Aid Beauty,38.0
5,1.0,0.909090996,11.0,0.6931471805599453,2.3978952727983707,light,brown,combination,brown,P248407,First Aid Beauty,38.0
5,1.0,1.0,4.0,0.0,1.6094379124341003,light,brown,dry,brown,P248407,First Aid Beauty,38.0
5,1.0,1.0,6.0,0.0,1.9459101490553132,light,brown,combination,brown,P248407,First Aid Beauty,38.0
5,1.0,0.875,8.0,0.6931471805599453,2.0794415416798357,light,brown,oily,brown,P248407,First Aid Beauty,38.0
5,1.0,1.0,7.0,0.0,2.0794415416798357,light,brown,combination,brown,P248407,First Aid Beauty,38.0
5,1.0,1.0,8.0,0.0,2.1972245773362196,light,brown,combination,brown,P248407,First Aid Beauty,38.0
5,1.0,1.0,15.0,0.0,2.772588722239781,light,brown,combination,brown,P248407,First Aid Beauty,38.0
5,1.0,0.800000012,5.0,0.6931471805599453,1.6094379124341003,light,brown,combination,brown,P248407,First Aid Beauty,38.0
5,1.0,1.0,5.0,0.0,1.791759469228055,lightMedium,brown,oily,brown,P248407,First Aid Beauty,38.0
5,1.0,0.899999976,10.0,0.6931471805599453,2.302585092994046,lightMedium,brown,dry,brown,P248407,First Aid Beauty,38.0
5,1.0,1.0,5.0,0.0,1.791759469228055,light,brown,combination,brown,P248407,First Aid Beauty,38.0
5,1.0,1.0,7.0,0.0,2.0794415416798357,light,brown,combination,brown,P248407,First Aid Beauty,38.0
5,1.0,1.0,6.0,0.0,1.9459101490553132,fair,brown,dry,brown,P248407,First Aid Beauty,38.0
5,1.0,1.0,18.0,0.0,2.9444389791664403,fair,brown,dry,brown,P248407,First Aid Beauty,38.0
2,1.0,0.5,8.0,1.6094379124341003,1.6094379124341003,fair,brown,dry,brown,P248407,First Aid Beauty,38.0
5,1.0,1.0,7.0,0.0,2.0794415416798357,light,green,combination,brunette,P269122,Dr. Dennis Gross Skincare,92.0
5,1.0,1.0,55.0,0.0,4.02535169073515,light,blue,dry,brown,P269122,Dr. Dennis Gross Skincare,92.0
5,1.0,0.714286029,21.0,1.9459101490553132,2.772588722239781,medium,brown,combination,brown,P269122,Dr. Dennis Gross Skincare,92.0
5,1.0,0.714286029,14.0,1.6094379124341003,2.3978952727983707,light,blue,normal,brown,P269122,Dr. Dennis Gross Skincare,92.0
4,1.0,1.0,4.0,0.0,1.6094379124341003,lightMedium,brown,oily,brown,P269122,Dr. Dennis Gross Skincare,92.0
4,1.0,1.0,4.0,0.0,1.6094379124341003,lightMedium,brown,combination,auburn,P269122,Dr. Dennis Gross Skincare,92.0
4,1.0,0.666666985,6.0,1.0986122886681098,1.6094379124341003,lightMedium,brown,normal,brown,P269122,Dr. Dennis Gross Skincare,92.0
5,1.0,0.833333015,6.0,0.6931471805599453,1.791759469228055,lightMedium,brown,combination,brown,P269122,Dr. Dennis Gross Skincare,92.0
5,1.0,1.0,71.0,0.0,4.276666119016055,deep,brown,oily,black,P269122,Dr. Dennis Gross Skincare,92.0
5,1.0,0.916666985,12.0,0.6931471805599453,2.4849066497880004,lightMedium,brown,oily,black,P269122,Dr. Dennis Gross Skincare,92.0
5,1.0,0.888889015,27.0,1.3862943611198906,3.2188758248682006,lightMedium,blue,combination,blonde,P269122,Dr. Dennis Gross Skincare,92.0
4,1.0,1.0,6.0,0.0,1.9459101490553132,fair,hazel,normal,brown,P269122,Dr. Dennis Gross Skincare,92.0
5,1.0,0.75,8.0,1.0986122886681098,1.9459101490553132,light,green,oily,blonde,P269122,Dr. Dennis Gross Skincare,92.0
5,1.0,0.333332986,27.0,2.9444389791664403,2.302585092994046,lightMedium,hazel,normal,brown,P269122,Dr. Dennis Gross Skincare,92.0
5,1.0,0.90476203,21.0,1.0986122886681098,2.995732273553991,lightMedium,blue,dry,brown,P269122,Dr. Dennis Gross Skincare,92.0
4,1.0,0.461537987,13.0,2.0794415416798357,1.9459101490553132,medium,brown,combination,black,P269122,Dr. Dennis Gross Skincare,92.0
2,0.0,0.521739006,23.0,2.4849066497880004,2.5649493574615367,fair,brown,combination,blonde,P269122,Dr. Dennis Gross Skincare,92.0
3,0.0,0.833333015,30.0,1.791759469228055,3.258096538021482,mediumTan,hazel,oily,black,P269122,Dr. Dennis Gross Skincare,92.0
2,0.0,0.5,4.0,1.0986122886681098,1.0986122886681098,lightMedium,hazel,dry,red,P269122,Dr. Dennis Gross Skincare,92.0
3,0.0,0.25,24.0,2.9444389791664403,1.9459101490553132,fair,hazel,combination,red,P269122,Dr. Dennis Gross Skincare,92.0
5,1.0,0.875,8.0,0.6931471805599453,2.0794415416798357,fair,hazel,dry,brown,P269122,Dr. Dennis Gross Skincare,92.0
5,1.0,1.0,18.0,0.0,2.9444389791664403,deep,brown,combination,brown,P269122,Dr. Dennis Gross Skincare,92.0
5,1.0,1.0,15.0,0.0,2.772588722239781,mediumTan,hazel,dry,brown,P269122,Dr. Dennis Gross Skincare,92.0
5,1.0,0.888889015,9.0,0.6931471805599453,2.1972245773362196,mediumTan,brown,oily,black,P269122,Dr. Dennis Gross Skincare,92.0
5,1.0,1.0,5.0,0.0,1.791759469228055,medium,hazel,combination,brown,P269122,Dr. Dennis Gross Skincare,92.0
5,1.0,0.142857,7.0,1.9459101490553132,0.6931471805599453,lightMedium,green,dry,blonde,P269122,Dr. Dennis Gross Skincare,92.0
5,1.0,1.0,4.0,0.0,1.6094379124341003,tan,brown,combination,brown,P269122,Dr. Dennis Gross Skincare,92.0
5,1.0,0.941175997,17.0,0.6931471805599453,2.833213344056216,mediumTan,brown,combination,brown,P269122,Dr. Dennis Gross Skincare,92.0
4,1.0,0.800000012,5.0,0.6931471805599453,1.6094379124341003,fairLight,hazel,combination,blonde,P269122,Dr. Dennis Gross Skincare,92.0
5,1.0,0.942028999,69.0,1.6094379124341003,4.189654742026425,light,blue,dry,brown,P269122,Dr. Dennis Gross Skincare,92.0
5,1.0,0.888889015,9.0,0.6931471805599453,2.1972245773362196,lightMedium,brown,combination,black,P269122,Dr. Dennis Gross Skincare,92.0
5,1.0,0.75,4.0,0.6931471805599453,1.3862943611198906,fair,brown,oily,brown,P269122,Dr. Dennis Gross Skincare,92.0
5,1.0,0.75,4.0,0.6931471805599453,1.3862943611198906,fair,brown,combination,brown,P269122,Dr. Dennis Gross Skincare,92.0
3,1.0,0.25,4.0,1.3862943611198906,0.6931471805599453,fair,brown,combination,brown,P269122,Dr. Dennis Gross Skincare,92.0
5,1.0,0.875,8.0,0.6931471805599453,2.0794415416798357,fair,brown,combination,brown,P269122,Dr. Dennis Gross Skincare,92.0
5,1.0,0.875,8.0,0.6931471805599453,2.0794415416798357,fair,brown,combination,brown,P269122,Dr. Dennis Gross Skincare,92.0
5,1.0,0.800000012,5.0,0.6931471805599453,1.6094379124341003,fair,brown,combination,brown,P269122,Dr. Dennis Gross Skincare,92.0
1,1.0,0.916666985,12.0,0.6931471805599453,2.4849066497880004,fair,brown,combination,brown,P269122,Dr. Dennis Gross Skincare,92.0
1,1.0,0.400000006,10.0,1.9459101490553132,1.6094379124341003,fair,brown,combination,brown,P269122,Dr. Dennis Gross Skincare,92.0
5,1.0,1.0,5.0,0.0,1.791759469228055,fair,brown,combination,brown,P269122,Dr. Dennis Gross Skincare,92.0
5,1.0,1.0,9.0,0.0,2.302585092994046,fair,brown,combination,brown,P269122,Dr. Dennis Gross Skincare,92.0
1,1.0,0.833333015,6.0,0.6931471805599453,1.791759469228055,fair,brown,combination,brown,P269122,Dr. Dennis Gross Skincare,92.0
5,1.0,0.888889015,9.0,0.6931471805599453,2.1972245773362196,fair,brown,combination,brown,P269122,Dr. Dennis Gross Skincare,92.0
5,1.0,1.0,5.0,0.0,1.791759469228055,fair,brown,combination,brown,P269122,Dr. Dennis Gross Skincare,92.0
5,1.0,0.886597991,97.0,2.4849066497880004,4.465908118654584,fair,brown,combination,brown,P269122,Dr. Dennis Gross Skincare,92.0
3,1.0,0.600000024,5.0,1.0986122886681098,1.3862943611198906,fair,brown,normal,brown,P269122,Dr. Dennis Gross Skincare,92.0
1,1.0,0.5,6.0,1.3862943611198906,1.3862943611198906,fair,brown,normal,brown,P269122,Dr. Dennis Gross Skincare,92.0
5,1.0,0.75,4.0,0.6931471805599453,1.3862943611198906,light,brown,dry,brown,P394639,belif,38.0
2,0.0,1.0,6.0,0.0,1.9459101490553132,lightMedium,green,combination,brown,P394639,belif,38.0
5,1.0,1.0,6.0,0.0,1.9459101490553132,light,blue,dry,blonde,P394639,belif,38.0
5,1.0,0.25,4.0,1.3862943611198906,0.6931471805599453,lightMedium,brown,normal,brown,P394639,belif,38.0
1,0.0,0.800000012,5.0,0.6931471805599453,1.6094379124341003,light,blue,combination,blonde,P394639,belif,38.0
5,1.0,0.833333015,6.0,0.6931471805599453,1.791759469228055,lightMedium,blue,combination,blonde,P394639,belif,38.0
5,1.0,1.0,4.0,0.0,1.6094379124341003,light,brown,oily,brown,P394639,belif,38.0
3,0.0,0.125,8.0,2.0794415416798357,0.6931471805599453,lightMedium,brown,combination,brown,P394639,belif,38.0
2,0.0,1.0,7.0,0.0,2.0794415416798357,fair,brown,normal,brown,P394639,belif,38.0
1,0.0,0.714286029,14.0,1.6094379124341003,2.3978952727983707,lightMedium,brown,combination,brown,P394639,belif,38.0
4,1.0,0.222222,9.0,2.0794415416798357,1.0986122886681098,fairLight,blue,normal,blonde,P394639,belif,38.0
3,0.0,0.833333015,6.0,0.6931471805599453,1.791759469228055,light,brown,dry,brown,P394639,belif,38.0
5,1.0,0.9375,16.0,0.6931471805599453,2.772588722239781,lightMedium,brown,combination,brown,P394639,belif,38.0
3,1.0,1.0,4.0,0.0,1.6094379124341003,lightMedium,brown,combination,brown,P394639,belif,38.0
5,1.0,0.972972989,37.0,0.6931471805599453,3.6109179126442243,lightMedium,brown,combination,brown,P394639,belif,38.0
5,1.0,1.0,4.0,0.0,1.6094379124341003,lightMedium,brown,combination,brown,P394639,belif,38.0
4,1.0,1.0,4.0,0.0,1.6094379124341003,lightMedium,brown,combination,brown,P394639,belif,38.0
2,1.0,0.909090996,11.0,0.6931471805599453,2.3978952727983707,lightMedium,brown,combination,brown,P394639,belif,38.0
1,1.0,0.6875,16.0,1.791759469228055,2.4849066497880004,lightMedium,brown,combination,brown,P394639,belif,38.0
5,1.0,1.0,6.0,0.0,1.9459101490553132,lightMedium,blue,normal,brown,P417238,Farmacy,36.0
3,0.0,0.909090996,11.0,0.6931471805599453,2.3978952727983707,light,hazel,oily,brown,P417238,Farmacy,36.0
3,0.0,0.075000003,40.0,3.6375861597263857,1.3862943611198906,mediumTan,brown,combination,black,P417238,Farmacy,36.0
5,1.0,0.75,4.0,0.6931471805599453,1.3862943611198906,fairLight,blue,dry,brown,P417238,Farmacy,36.0
1,0.0,1.0,10.0,0.0,2.3978952727983707,fair,hazel,combination,blonde,P417238,Farmacy,36.0
5,1.0,0.947368026,19.0,0.6931471805599453,2.9444389791664403,fairLight,green,combination,brown,P417238,Farmacy,36.0
4,1.0,0.428570986,14.0,2.1972245773362196,1.9459101490553132,fairLight,blue,normal,blonde,P417238,Farmacy,36.0
3,0.0,0.666666985,9.0,1.3862943611198906,1.9459101490553132,light,brown,oily,brown,P417238,Farmacy,36.0
5,1.0,0.928570986,28.0,1.0986122886681098,3.295836866004329,lightMedium,blue,dry,blonde,P417238,Farmacy,36.0
1,0.0,0.636363983,11.0,1.6094379124341003,2.0794415416798357,light,green,combination,blonde,P417238,Farmacy,36.0
5,1.0,1.0,5.0,0.0,1.791759469228055,light,brown,combination,blonde,P417238,Farmacy,36.0
5,1.0,1.0,10.0,0.0,2.3978952727983707,fairLight,hazel,combination,auburn,P417238,Farmacy,36.0
5,1.0,1.0,4.0,0.0,1.6094379124341003,fair,green,dry,brown,P417238,Farmacy,36.0
5,1.0,1.0,4.0,0.0,1.6094379124341003,fair,brown,oily,black,P417238,Farmacy,36.0
1,0.0,0.75,12.0,1.3862943611198906,2.302585092994046,fair,hazel,combination,brown,P417238,Farmacy,36.0
1,0.0,0.846153975,13.0,1.0986122886681098,2.4849066497880004,light,green,combination,blonde,P417238,Farmacy,36.0
2,0.0,0.666666985,6.0,1.0986122886681098,1.6094379124341003,fair,brown,oily,brown,P417238,Farmacy,36.0
4,1.0,1.0,5.0,0.0,1.791759469228055,light,green,combination,brown,P417238,Farmacy,36.0
5,1.0,1.0,5.0,0.0,1.791759469228055,medium,brown,combination,black,P417238,Farmacy,36.0
5,1.0,1.0,8.0,0.0,2.1972245773362196,lightMedium,brown,combination,brown,P417238,Farmacy,36.0
1,0.0,1.0,4.0,0.0,1.6094379124341003,mediumTan,brown,normal,black,P417238,Farmacy,36.0
5,1.0,1.0,7.0,0.0,2.0794415416798357,lightMedium,brown,combination,black,P417238,Farmacy,36.0
1,0.0,0.375,8.0,1.791759469228055,1.3862943611198906,lightMedium,hazel,oily,black,P417238,Farmacy,36.0
1,0.0,0.888889015,18.0,1.0986122886681098,2.833213344056216,light,brown,dry,red,P417238,Farmacy,36.0
3,0.0,0.5,4.0,1.0986122886681098,1.0986122886681098,mediumTan,brown,dry,black,P417238,Farmacy,36.0
2,0.0,0.666666985,9.0,1.3862943611198906,1.9459101490553132,light,brown,normal,brown,P417238,Farmacy,36.0
5,1.0,0.899999976,10.0,0.6931471805599453,2.302585092994046,light,brown,combination,brown,P417238,Farmacy,36.0
5,1.0,0.928570986,14.0,0.6931471805599453,2.6390573296152584,light,brown,combination,brown,P417238,Farmacy,36.0
3,1.0,0.571429014,7.0,1.3862943611198906,1.6094379124341003,light,hazel,combination,brown,P450271,Farmacy,60.0
2,0.0,0.380952001,21.0,2.6390573296152584,2.1972245773362196,light,hazel,combination,brown,P450271,Farmacy,60.0
5,1.0,1.0,5.0,0.0,1.791759469228055,light,blue,dry,brown,P450271,Farmacy,60.0
5,1.0,0.5,4.0,1.0986122886681098,1.0986122886681098,light,blue,combination,brown,P450271,Farmacy,60.0
1,0.0,0.714286029,7.0,1.0986122886681098,1.791759469228055,fair,hazel,combination,auburn,P450271,Farmacy,60.0
5,1.0,1.0,5.0,0.0,1.791759469228055,medium,brown,normal,brown,P450271,Farmacy,60.0
5,1.0,1.0,4.0,0.0,1.6094379124341003,lightMedium,blue,dry,blonde,P450271,Farmacy,60.0
5,1.0,1.0,5.0,0.0,1.791759469228055,lightMedium,blue,combination,blonde,P450271,Farmacy,60.0
5,1.0,0.800000012,5.0,0.6931471805599453,1.6094379124341003,lightMedium,brown,normal,brown,P450271,Farmacy,60.0
5,1.0,1.0,9.0,0.0,2.302585092994046,light,brown,combination,brown,P450271,Farmacy,60.0
2,0.0,1.0,5.0,0.0,1.791759469228055,fair,green,dry,brown,P450271,Farmacy,60.0
5,1.0,0.5,6.0,1.3862943611198906,1.3862943611198906,light,green,oily,blonde,P450271,Farmacy,60.0
2,0.0,1.0,8.0,0.0,2.1972245773362196,mediumTan,brown,normal,brown,P450271,Farmacy,60.0
5,1.0,1.0,5.0,0.0,1.791759469228055,lightMedium,brown,oily,brown,P450271,Farmacy,60.0
4,1.0,0.0,7.0,2.0794415416798357,0.0,lightMedium,hazel,combination,brown,P450271,Farmacy,60.0
1,0.0,1.0,11.0,0.0,2.4849066497880004,medium,brown,dry,brown,P450271,Farmacy,60.0
3,1.0,1.0,9.0,0.0,2.302585092994046,fair,brown,combination,brown,P450271,Farmacy,60.0
4,0.0,1.0,14.0,0.0,2.70805020110221,light,green,dry,gray,P450271,Farmacy,60.0
5,1.0,0.833333015,6.0,0.6931471805599453,1.791759469228055,light,brown,combination,brown,P450271,Farmacy,60.0
5,1.0,0.875,8.0,0.6931471805599453,2.0794415416798357,light,hazel,normal,brown,P450271,Farmacy,60.0
4,1.0,0.833333015,6.0,0.6931471805599453,1.791759469228055,lightMedium,brown,combination,black,P450271,Farmacy,60.0
1,0.0,0.375,16.0,2.3978952727983707,1.9459101490553132,lightMedium,blue,oily,blonde,P450271,Farmacy,60.0
5,1.0,0.75,4.0,0.6931471805599453,1.3862943611198906,light,hazel,combination,brown,P450271,Farmacy,60.0
5,1.0,0.875,8.0,0.6931471805599453,2.0794415416798357,light,brown,combination,brown,P450271,Farmacy,60.0
4,1.0,1.0,9.0,0.0,2.302585092994046,fair,hazel,combination,blonde,P427421,Drunk Elephant,68.0
4,1.0,0.833333015,12.0,1.0986122886681098,2.3978952727983707,fair,brown,combination,brown,P427421,Drunk Elephant,68.0
5,1.0,0.833333015,6.0,0.6931471805599453,1.791759469228055,mediumTan,brown,combination,brown,P427421,Drunk Elephant,68.0
1,0.0,0.5,4.0,1.0986122886681098,1.0986122886681098,lightMedium,brown,dry,brown,P427421,Drunk Elephant,68.0
4,1.0,0.176470995,17.0,2.70805020110221,1.3862943611198906,light,green,dry,blonde,P427421,Drunk Elephant,68.0
4,1.0,1.0,7.0,0.0,2.0794415416798357,medium,brown,combination,brown,P427421,Drunk Elephant,68.0
5,1.0,1.0,4.0,0.0,1.6094379124341003,medium,brown,combination,black,P427421,Drunk Elephant,68.0
3,0.0,0.800000012,5.0,0.6931471805599453,1.6094379124341003,fair,blue,normal,blonde,P427421,Drunk Elephant,68.0
4,1.0,0.0,4.0,1.6094379124341003,0.0,light,hazel,combination,brown,P427421,Drunk Elephant,68.0
1,0.0,0.555555999,9.0,1.6094379124341003,1.791759469228055,lightMedium,brown,combination,brown,P427421,Drunk Elephant,68.0
5,1.0,0.5,4.0,1.0986122886681098,1.0986122886681098,lightMedium,brown,normal,brown,P427421,Drunk Elephant,68.0
2,0.0,0.0,6.0,1.9459101490553132,0.0,lightMedium,brown,combination,brown,P427421,Drunk Elephant,68.0
5,1.0,1.0,4.0,0.0,1.6094379124341003,medium,brown,combination,brown,P427421,Drunk Elephant,68.0
5,1.0,0.75,4.0,0.6931471805599453,1.3862943611198906,lightMedium,brown,oily,brown,P427421,Drunk Elephant,68.0
3,1.0,0.5,16.0,2.1972245773362196,2.1972245773362196,light,brown,combination,brown,P427421,Drunk Elephant,68.0
1,0.0,0.941175997,34.0,1.0986122886681098,3.4965075614664802,lightMedium,brown,oily,black,P427421,Drunk Elephant,68.0
3,1.0,0.875,8.0,0.6931471805599453,2.0794415416798357,lightMedium,brown,combination,black,P427421,Drunk Elephant,68.0
3,0.0,0.833333015,6.0,0.6931471805599453,1.791759469228055,mediumTan,brown,combination,brown,P427421,Drunk Elephant,68.0
5,1.0,1.0,5.0,0.0,1.791759469228055,lightMedium,brown,dry,black,P427421,Drunk Elephant,68.0
3,0.0,0.75,8.0,1.0986122886681098,1.9459101490553132,light,brown,normal,black,P427421,Drunk Elephant,68.0
1,0.0,0.75,16.0,1.6094379124341003,2.5649493574615367,mediumTan,brown,dry,black,P427421,Drunk Elephant,68.0
5,1.0,1.0,4.0,0.0,1.6094379124341003,lightMedium,brown,normal,black,P427421,Drunk Elephant,68.0
3,0.0,0.0,17.0,2.8903717578961645,0.0,lightMedium,brown,normal,brown,P427421,Drunk Elephant,68.0
1,0.0,0.5,6.0,1.3862943611198906,1.3862943611198906,fair,brown,dry,blonde,P427421,Drunk Elephant,68.0
5,1.0,0.75,4.0,0.6931471805599453,1.3862943611198906,light,blue,dry,blonde,P427421,Drunk Elephant,68.0
1,0.0,0.15625,32.0,3.332204510175204,1.791759469228055,fair,brown,combination,blonde,P427421,Drunk Elephant,68.0
3,0.0,0.833333015,6.0,0.6931471805599453,1.791759469228055,fair,blue,dry,brown,P427421,Drunk Elephant,68.0
2,0.0,1.0,7.0,0.0,2.0794415416798357,fair,green,combination,blonde,P427421,Drunk Elephant,68.0
2,0.0,0.800000012,5.0,0.6931471805599453,1.6094379124341003,fair,green,combination,red,P427421,Drunk Elephant,68.0
1,0.0,0.75,12.0,1.3862943611198906,2.302585092994046,tan,brown,dry,brown,P427421,Drunk Elephant,68.0
2,0.0,1.0,7.0,0.0,2.0794415416798357,light,brown,dry,black,P427421,Drunk Elephant,68.0
5,1.0,1.0,9.0,0.0,2.302585092994046,light,brown,combination,brown,P427421,Drunk Elephant,68.0
5,1.0,1.0,5.0,0.0,1.791759469228055,lightMedium,brown,combination,blonde,P427421,Drunk Elephant,68.0
1,0.0,0.571429014,7.0,1.3862943611198906,1.6094379124341003,fair,brown,dry,blonde,P427421,Drunk Elephant,68.0
2,0.0,0.833333015,6.0,0.6931471805599453,1.791759469228055,fair,brown,dry,brown,P427421,Drunk Elephant,68.0
4,1.0,1.0,5.0,0.0,1.791759469228055,fair,hazel,dry,brown,P427421,Drunk Elephant,68.0
1,0.0,0.875,8.0,0.6931471805599453,2.0794415416798357,tan,brown,combination,black,P427421,Drunk Elephant,68.0
2,0.0,0.888889015,9.0,0.6931471805599453,2.1972245773362196,mediumTan,brown,oily,brown,P427421,Drunk Elephant,68.0
5,1.0,0.899999976,10.0,0.6931471805599453,2.302585092994046,lightMedium,brown,combination,black,P427421,Drunk Elephant,68.0
5,1.0,0.970588028,34.0,0.6931471805599453,3.5263605246161616,fair,blue,combination,brown,P427421,Drunk Elephant,68.0
1,0.0,0.833333015,6.0,0.6931471805599453,1.791759469228055,mediumTan,green,combination,black,P427421,Drunk Elephant,68.0
5,1.0,0.833333015,6.0,0.6931471805599453,1.791759469228055,light,hazel,oily,brown,P427421,Drunk Elephant,68.0
5,1.0,0.888889015,9.0,0.6931471805599453,2.1972245773362196,fair,brown,combination,brown,P427421,Drunk Elephant,68.0
5,1.0,0.931818008,44.0,1.3862943611198906,3.7376696182833684,fair,green,combination,blonde,P427421,Drunk Elephant,68.0
4,1.0,0.5,4.0,1.0986122886681098,1.0986122886681098,fair,brown,combination,brown,P427421,Drunk Elephant,68.0
3,1.0,0.899999976,10.0,0.6931471805599453,2.302585092994046,light,brown,combination,brown,P427421,Drunk Elephant,68.0
3,0.0,0.935483992,31.0,1.0986122886681098,3.4011973816621555,fair,brown,combination,brown,P427421,Drunk Elephant,68.0
3,1.0,0.833333015,12.0,1.0986122886681098,2.3978952727983707,light,blue,normal,blonde,P427421,Drunk Elephant,68.0
1,0.0,0.545454979,22.0,2.3978952727983707,2.5649493574615367,fairLight,hazel,combination,blonde,P427421,Drunk Elephant,68.0
1,0.0,0.75,12.0,1.3862943611198906,2.302585092994046,fair,blue,combination,blonde,P427421,Drunk Elephant,68.0
4,1.0,0.699999988,10.0,1.3862943611198906,2.0794415416798357,light,brown,normal,brown,P427421,Drunk Elephant,68.0
1,0.0,0.909090996,44.0,1.6094379124341003,3.713572066704308,deep,brown,combination,black,P427421,Drunk Elephant,68.0
4,1.0,0.800000012,5.0,0.6931471805599453,1.6094379124341003,fair,hazel,combination,brown,P427421,Drunk Elephant,68.0
4,1.0,0.800000012,5.0,0.6931471805599453,1.6094379124341003,light,brown,combination,brown,P427421,Drunk Elephant,68.0
2,1.0,0.833333015,6.0,0.6931471805599453,1.791759469228055,light,green,combination,blonde,P427421,Drunk Elephant,68.0
5,1.0,0.909090996,11.0,0.6931471805599453,2.3978952727983707,lightMedium,green,dry,brown,P427421,Drunk Elephant,68.0
5,1.0,0.857142985,14.0,1.0986122886681098,2.5649493574615367,fairLight,blue,dry,blonde,P427421,Drunk Elephant,68.0
5,1.0,0.833333015,6.0,0.6931471805599453,1.791759469228055,light,brown,combination,brown,P427421,Drunk Elephant,68.0
5,1.0,0.927536011,69.0,1.791759469228055,4.174387269895637,lightMedium,brown,combination,blonde,P427421,Drunk Elephant,68.0
5,1.0,0.833333015,6.0,0.6931471805599453,1.791759469228055,fair,blue,combination,red,P427421,Drunk Elephant,68.0
5,1.0,0.867646992,68.0,2.302585092994046,4.0943445622221,light,blue,dry,blonde,P427421,Drunk Elephant,68.0
4,1.0,0.727272987,22.0,1.9459101490553132,2.833213344056216,mediumTan,hazel,combination,brown,P427421,Drunk Elephant,68.0
5,1.0,0.809524,42.0,2.1972245773362196,3.5553480614894135,lightMedium,brown,oily,auburn,P427421,Drunk Elephant,68.0
2,0.0,1.0,8.0,0.0,2.1972245773362196,fair,green,combination,blonde,P411387,Youth To The People,39.0
1,0.0,0.294117987,17.0,2.5649493574615367,1.791759469228055,lightMedium,brown,combination,black,P411387,Youth To The People,39.0
2,0.0,0.400000006,10.0,1.9459101490553132,1.6094379124341003,mediumTan,brown,dry,black,P411387,Youth To The People,39.0
2,0.0,0.800000012,5.0,0.6931471805599453,1.6094379124341003,light,hazel,oily,brown,P411387,Youth To The People,39.0
5,1.0,1.0,5.0,0.0,1.791759469228055,fair,brown,combination,brown,P411387,Youth To The People,39.0
5,1.0,0.200000003,5.0,1.6094379124341003,0.6931471805599453,light,blue,oily,brown,P411387,Youth To The People,39.0
1,0.0,0.75,8.0,1.0986122886681098,1.9459101490553132,light,green,combination,red,P411387,Youth To The People,39.0
4,1.0,0.800000012,5.0,0.6931471805599453,1.6094379124341003,light,brown,combination,brown,P411387,Youth To The People,39.0
5,1.0,0.800000012,5.0,0.6931471805599453,1.6094379124341003,mediumTan,brown,normal,black,P411387,Youth To The People,39.0
1,0.0,0.714286029,7.0,1.0986122886681098,1.791759469228055,fair,brown,combination,brown,P411387,Youth To The People,39.0
5,1.0,1.0,5.0,0.0,1.791759469228055,light,brown,oily,brown,P411387,Youth To The People,39.0
5,1.0,0.888889015,9.0,0.6931471805599453,2.1972245773362196,lightMedium,brown,normal,brown,P411387,Youth To The People,39.0
3,0.0,0.75,4.0,0.6931471805599453,1.3862943611198906,light,green,oily,brown,P411387,Youth To The People,39.0
1,0.0,0.395832986,48.0,3.4011973816621555,2.995732273553991,light,hazel,combination,brown,P411387,Youth To The People,39.0
3,0.0,1.0,8.0,0.0,2.1972245773362196,light,green,combination,brown,P411387,Youth To The People,39.0
5,1.0,0.5,4.0,1.0986122886681098,1.0986122886681098,mediumTan,brown,combination,black,P411387,Youth To The People,39.0
5,1.0,0.600000024,5.0,1.0986122886681098,1.3862943611198906,light,hazel,combination,blonde,P411387,Youth To The People,39.0
4,0.0,1.0,4.0,0.0,1.6094379124341003,fairLight,blue,combination,brown,P411387,Youth To The People,39.0
1,0.0,0.600000024,5.0,1.0986122886681098,1.3862943611198906,light,brown,combination,brown,P411387,Youth To The People,39.0
5,1.0,0.5,4.0,1.0986122886681098,1.0986122886681098,fair,hazel,combination,brown,P411387,Youth To The People,39.0
1,0.0,0.909090996,11.0,0.6931471805599453,2.3978952727983707,fairLight,green,dry,blonde,P411387,Youth To The People,39.0
5,1.0,1.0,7.0,0.0,2.0794415416798357,light,brown,combination,black,P411387,Youth To The People,39.0
1,0.0,0.736841977,19.0,1.791759469228055,2.70805020110221,light,brown,combination,brown,P411387,Youth To The People,39.0
4,1.0,0.899999976,10.0,0.6931471805599453,2.302585092994046,fair,green,combination,blonde,P411387,Youth To The People,39.0
3,0.0,0.333332986,9.0,1.9459101490553132,1.3862943611198906,fair,blue,combination,blonde,P411387,Youth To The People,39.0
5,1.0,1.0,14.0,0.0,2.70805020110221,mediumTan,brown,oily,brown,P411387,Youth To The People,39.0
4,1.0,1.0,7.0,0.0,2.0794415416798357,lightMedium,hazel,combination,blonde,P411387,Youth To The People,39.0
5,1.0,1.0,5.0,0.0,1.791759469228055,fair,blue,combination,brown,P411387,Youth To The People,39.0
5,1.0,0.875,8.0,0.6931471805599453,2.0794415416798357,mediumTan,brown,combination,brown,P411387,Youth To The People,39.0
3,0.0,1.0,7.0,0.0,2.0794415416798357,light,brown,combination,black,P411387,Youth To The People,39.0
5,1.0,1.0,4.0,0.0,1.6094379124341003,fair,blue,combination,blonde,P411387,Youth To The People,39.0
5,1.0,1.0,8.0,0.0,2.1972245773362196,lightMedium,brown,combination,blonde,P411387,Youth To The People,39.0
4,1.0,1.0,17.0,0.0,2.8903717578961645,tan,brown,combination,black,P411387,Youth To The People,39.0
5,1.0,1.0,6.0,0.0,1.9459101490553132,lightMedium,hazel,dry,black,P411387,Youth To The People,39.0
5,1.0,1.0,4.0,0.0,1.6094379124341003,fair,hazel,combination,brown,P411387,Youth To The People,39.0
5,1.0,1.0,4.0,0.0,1.6094379124341003,mediumTan,brown,combination,black,P411387,Youth To The People,39.0
5,1.0,0.714286029,28.0,2.1972245773362196,3.044522437723423,light,brown,oily,brown,P411387,Youth To The People,39.0
5,1.0,1.0,4.0,0.0,1.6094379124341003,fair,blue,combination,brown,P411387,Youth To The People,39.0
3,0.0,0.818181992,11.0,1.0986122886681098,2.302585092994046,fair,hazel,combination,brown,P411387,Youth To The People,39.0
4,1.0,0.75,4.0,0.6931471805599453,1.3862943611198906,fairLight,blue,normal,blonde,P411387,Youth To The People,39.0
5,1.0,0.833333015,6.0,0.6931471805599453,1.791759469228055,light,hazel,combination,brown,P411387,Youth To The People,39.0
5,1.0,1.0,4.0,0.0,1.6094379124341003,tan,brown,combination,black,P411387,Youth To The People,39.0
1,0.0,0.923076987,26.0,1.0986122886681098,3.2188758248682006,mediumTan,brown,combination,black,P411387,Youth To The People,39.0
5,1.0,0.75,8.0,1.0986122886681098,1.9459101490553132,light,brown,combination,brown,P411387,Youth To The People,39.0
2,0.0,0.400000006,5.0,1.3862943611198906,1.0986122886681098,fair,green,normal,brown,P411387,Youth To The People,39.0
4,1.0,0.850220025,113.72000000000116,3.5553480614894135,5.267858159063328,medium,brown,combination,brown,P411387,Youth To The People,39.0
5,1.0,1.0,8.0,0.0,2.1972245773362196,tan,brown,oily,black,P411387,Youth To The People,39.0
5,1.0,0.554422021,113.72000000000116,4.882801922586371,5.099866427824199,light,hazel,dry,brown,P411387,Youth To The People,39.0
1,0.0,0.652173996,23.0,2.1972245773362196,2.772588722239781,light,blue,dry,blonde,P411387,Youth To The People,39.0
5,1.0,0.800000012,5.0,0.6931471805599453,1.6094379124341003,light,brown,dry,brown,P411387,Youth To The People,39.0
5,1.0,0.93333298,15.0,0.6931471805599453,2.70805020110221,light,brown,oily,brown,P411387,Youth To The People,39.0
5,1.0,0.875,8.0,0.6931471805599453,2.0794415416798357,light,brown,combination,brown,P411387,Youth To The People,39.0
1,0.0,0.0,4.0,1.6094379124341003,0.0,fairLight,brown,combination,brown,P441644,Youth To The People,14.0
1,0.0,0.846153975,13.0,1.0986122886681098,2.4849066497880004,medium,brown,dry,black,P441644,Youth To The People,14.0
5,1.0,1.0,7.0,0.0,2.0794415416798357,lightMedium,brown,combination,black,P441644,Youth To The People,14.0
1,0.0,0.642857015,42.0,2.772588722239781,3.332204510175204,lightMedium,brown,combination,brown,P441644,Youth To The People,14.0
5,1.0,0.5,4.0,1.0986122886681098,1.0986122886681098,fair,brown,dry,brown,P441644,Youth To The People,14.0
5,1.0,0.928570986,28.0,1.0986122886681098,3.295836866004329,medium,brown,combination,brown,P441644,Youth To The People,14.0
1,0.0,1.0,4.0,0.0,1.6094379124341003,mediumTan,brown,dry,black,P441644,Youth To The People,14.0
5,1.0,1.0,4.0,0.0,1.6094379124341003,mediumTan,brown,combination,black,P441644,Youth To The People,14.0
4,1.0,0.941175997,17.0,0.6931471805599453,2.833213344056216,fair,green,oily,brown,P441644,Youth To The People,14.0
2,0.0,0.666666985,6.0,1.0986122886681098,1.6094379124341003,lightMedium,blue,combination,blonde,P441644,Youth To The People,14.0
1,0.0,0.818181992,11.0,1.0986122886681098,2.302585092994046,fair,hazel,combination,brown,P441644,Youth To The People,14.0
1,0.0,0.0,6.0,1.9459101490553132,0.0,lightMedium,hazel,combination,brown,P441644,Youth To The People,14.0
5,1.0,1.0,5.0,0.0,1.791759469228055,lightMedium,green,combination,gray,P441644,Youth To The People,14.0
1,0.0,0.769231021,13.0,1.3862943611198906,2.3978952727983707,light,brown,combination,black,P441644,Youth To The People,14.0
2,0.0,0.5,6.0,1.3862943611198906,1.3862943611198906,light,hazel,combination,brown,P441644,Youth To The People,14.0
4,1.0,1.0,6.0,0.0,1.9459101490553132,light,brown,combination,black,P441644,Youth To The People,14.0
2,0.0,0.600000024,5.0,1.0986122886681098,1.3862943611198906,lightMedium,brown,oily,brown,P441644,Youth To The People,14.0
5,1.0,0.5,6.0,1.3862943611198906,1.3862943611198906,medium,brown,combination,brown,P441644,Youth To The People,14.0
5,1.0,0.875,8.0,0.6931471805599453,2.0794415416798357,fairLight,blue,combination,blonde,P441644,Youth To The People,14.0
5,1.0,1.0,7.0,0.0,2.0794415416798357,lightMedium,brown,combination,black,P441644,Youth To The People,14.0
5,1.0,1.0,4.0,0.0,1.6094379124341003,lightMedium,brown,combination,brown,P441644,Youth To The People,14.0
5,1.0,1.0,12.0,0.0,2.5649493574615367,light,brown,oily,brown,P441644,Youth To The People,14.0
4,1.0,1.0,10.0,0.0,2.3978952727983707,medium,brown,combination,brown,P441644,Youth To The People,14.0
4,1.0,1.0,11.0,0.0,2.4849066497880004,light,blue,oily,blonde,P441644,Youth To The People,14.0
3,0.0,0.888889015,9.0,0.6931471805599453,2.1972245773362196,light,blue,oily,blonde,P441644,Youth To The People,14.0
5,1.0,1.0,4.0,0.0,1.6094379124341003,light,brown,combination,brown,P441644,Youth To The People,14.0
5,1.0,0.800000012,5.0,0.6931471805599453,1.6094379124341003,tan,brown,dry,black,P441644,Youth To The People,14.0
2,0.0,0.153845996,13.0,2.4849066497880004,1.0986122886681098,fair,blue,oily,blonde,P441644,Youth To The People,14.0
3,0.0,0.833333015,6.0,0.6931471805599453,1.791759469228055,tan,brown,normal,black,P441644,Youth To The People,14.0
4,1.0,0.428570986,7.0,1.6094379124341003,1.3862943611198906,fair,brown,dry,brown,P441644,Youth To The People,14.0
5,1.0,1.0,4.0,0.0,1.6094379124341003,lightMedium,brown,combination,brown,P441644,Youth To The People,14.0
5,1.0,0.5,8.0,1.6094379124341003,1.6094379124341003,lightMedium,brown,oily,brown,P441644,Youth To The People,14.0
5,1.0,1.0,57.0,0.0,4.060443010546419,mediumTan,hazel,dry,brown,P441644,Youth To The People,14.0
1,0.0,1.0,6.0,0.0,1.9459101490553132,lightMedium,blue,combination,blonde,P441644,Youth To The People,14.0
3,0.0,0.800000012,5.0,0.6931471805599453,1.6094379124341003,light,brown,oily,brown,P441644,Youth To The People,14.0
5,1.0,1.0,6.0,0.0,1.9459101490553132,light,blue,combination,blonde,P441644,Youth To The People,14.0
5,1.0,0.9375,16.0,0.6931471805599453,2.772588722239781,lightMedium,brown,combination,blonde,P441644,Youth To The People,14.0
5,1.0,0.857142985,7.0,0.6931471805599453,1.9459101490553132,mediumTan,brown,combination,black,P441644,Youth To The People,14.0
5,1.0,0.916666985,12.0,0.6931471805599453,2.4849066497880004,light,blue,combination,blonde,P441644,Youth To The People,14.0
5,1.0,0.949999988,20.0,0.6931471805599453,2.995732273553991,tan,brown,dry,black,P441644,Youth To The People,14.0
5,1.0,0.837499976,80.0,2.6390573296152584,4.219507705176107,lightMedium,brown,combination,brown,P441644,Youth To The People,14.0
5,1.0,0.916666985,12.0,0.6931471805599453,2.4849066497880004,lightMedium,brown,combination,brown,P441644,Youth To The People,14.0
5,1.0,0.666666985,9.0,1.3862943611198906,1.9459101490553132,light,brown,combination,brown,P427417,The Ordinary,6.0
5,1.0,0.75,4.0,0.6931471805599453,1.3862943611198906,light,brown,combination,brown,P427417,The Ordinary,6.0
5,1.0,0.5,6.0,1.3862943611198906,1.3862943611198906,fair,green,combination,brown,P427417,The Ordinary,6.0
5,1.0,0.818181992,11.0,1.0986122886681098,2.302585092994046,fair,Grey,combination,brown,P427417,The Ordinary,6.0
5,1.0,0.5,6.0,1.3862943611198906,1.3862943611198906,lightMedium,brown,normal,black,P427417,The Ordinary,6.0
5,1.0,1.0,4.0,0.0,1.6094379124341003,light,brown,combination,brown,P427417,The Ordinary,6.0
5,1.0,0.75,4.0,0.6931471805599453,1.3862943611198906,lightMedium,brown,combination,black,P427417,The Ordinary,6.0
5,1.0,0.800000012,5.0,0.6931471805599453,1.6094379124341003,tan,brown,combination,black,P427417,The Ordinary,6.0
4,1.0,0.800000012,5.0,0.6931471805599453,1.6094379124341003,tan,brown,combination,black,P427417,The Ordinary,6.0
2,0.0,0.800000012,5.0,0.6931471805599453,1.6094379124341003,fair,Grey,combination,blonde,P427417,The Ordinary,6.0
4,1.0,0.800000012,5.0,0.6931471805599453,1.6094379124341003,fair,hazel,normal,brown,P427417,The Ordinary,6.0
5,1.0,0.190476,42.0,3.5553480614894135,2.1972245773362196,fair,brown,combination,brown,P427417,The Ordinary,6.0
3,0.0,0.5,4.0,1.0986122886681098,1.0986122886681098,light,brown,oily,black,P427417,The Ordinary,6.0
1,0.0,0.758620977,29.0,2.0794415416798357,3.1354942159291497,light,blue,combination,blonde,P427417,The Ordinary,6.0
5,1.0,0.75,4.0,0.6931471805599453,1.3862943611198906,mediumTan,brown,combination,black,P427417,The Ordinary,6.0
4,1.0,1.0,5.0,0.0,1.791759469228055,lightMedium,brown,oily,black,P427417,The Ordinary,6.0
5,1.0,1.0,5.0,0.0,1.791759469228055,fair,brown,oily,red,P427417,The Ordinary,6.0
5,1.0,0.75,4.0,0.6931471805599453,1.3862943611198906,medium,brown,combination,black,P427417,The Ordinary,6.0
4,1.0,0.947368026,38.0,1.0986122886681098,3.6109179126442243,light,brown,dry,black,P427417,The Ordinary,6.0
5,1.0,0.875,8.0,0.6931471805599453,2.0794415416798357,lightMedium,brown,combination,brown,P427417,The Ordinary,6.0
5,1.0,1.0,7.0,0.0,2.0794415416798357,fair,blue,dry,blonde,P427417,The Ordinary,6.0
2,0.0,1.0,4.0,0.0,1.6094379124341003,deep,brown,combination,black,P427417,The Ordinary,6.0
1,0.0,0.899999976,10.0,0.6931471805599453,2.302585092994046,light,green,combination,blonde,P427417,The Ordinary,6.0
5,1.0,1.0,13.0,0.0,2.6390573296152584,light,brown,combination,black,P427417,The Ordinary,6.0
5,1.0,0.600000024,5.0,1.0986122886681098,1.3862943611198906,lightMedium,brown,combination,brown,P427417,The Ordinary,6.0
5,1.0,1.0,4.0,0.0,1.6094379124341003,light,blue,dry,blonde,P427417,The Ordinary,6.0
1,0.0,0.375,8.0,1.791759469228055,1.3862943611198906,lightMedium,brown,combination,brown,P427417,The Ordinary,6.0
5,1.0,0.916666985,12.0,0.6931471805599453,2.4849066497880004,fair,brown,dry,brown,P427417,The Ordinary,6.0
4,1.0,0.800000012,35.0,2.0794415416798357,3.367295829986474,medium,green,oily,brown,P427417,The Ordinary,6.0
3,1.0,0.642857015,14.0,1.791759469228055,2.302585092994046,lightMedium,hazel,combination,brown,P427417,The Ordinary,6.0
5,1.0,0.941581011,113.72000000000116,2.8903717578961645,5.616771097666572,light,brown,combination,brown,P427417,The Ordinary,6.0
4,1.0,0.714286029,7.0,1.0986122886681098,1.791759469228055,fair,blue,dry,blonde,P427417,The Ordinary,6.0
5,1.0,0.875,8.0,0.6931471805599453,2.0794415416798357,light,green,normal,black,P427417,The Ordinary,6.0
4,1.0,0.666666985,6.0,1.0986122886681098,1.6094379124341003,fair,hazel,combination,blonde,P427417,The Ordinary,6.0
5,1.0,0.75,8.0,1.0986122886681098,1.9459101490553132,fair,blue,combination,brown,P427417,The Ordinary,6.0
5,1.0,1.0,4.0,0.0,1.6094379124341003,light,blue,combination,brown,P427417,The Ordinary,6.0
4,1.0,1.0,4.0,0.0,1.6094379124341003,lightMedium,brown,oily,black,P427417,The Ordinary,6.0
5,1.0,0.25,4.0,1.3862943611198906,0.6931471805599453,medium,brown,combination,brown,P427417,The Ordinary,6.0
5,1.0,0.931034982,29.0,1.0986122886681098,3.332204510175204,fairLight,hazel,dry,auburn,P427417,The Ordinary,6.0
1,0.0,0.5,4.0,1.0986122886681098,1.0986122886681098,light,green,oily,brown,P427417,The Ordinary,6.0
1,0.0,0.360000014,25.0,2.833213344056216,2.302585092994046,light,green,normal,blonde,P427417,The Ordinary,6.0
1,0.0,1.0,4.0,0.0,1.6094379124341003,fair,brown,combination,brown,P427417,The Ordinary,6.0
5,1.0,0.75,12.0,1.3862943611198906,2.302585092994046,light,brown,dry,black,P427417,The Ordinary,6.0
5,1.0,0.967742026,31.0,0.6931471805599453,3.4339872044851463,medium,hazel,combination,brown,P427417,The Ordinary,6.0
4,1.0,0.954545021,22.0,0.6931471805599453,3.091042453358316,lightMedium,brown,combination,black,P427417,The Ordinary,6.0
5,1.0,0.571429014,7.0,1.3862943611198906,1.6094379124341003,fairLight,brown,normal,brown,P427417,The Ordinary,6.0
3,1.0,0.333332986,12.0,2.1972245773362196,1.6094379124341003,medium,brown,oily,brown,P427417,The Ordinary,6.0
5,1.0,1.0,5.0,0.0,1.791759469228055,mediumTan,brown,dry,brown,P427417,The Ordinary,6.0
5,1.0,0.600000024,5.0,1.0986122886681098,1.3862943611198906,lightMedium,hazel,combination,brown,P427417,The Ordinary,6.0
4,1.0,0.958333015,24.0,0.6931471805599453,3.1780538303479458,medium,brown,oily,brown,P427417,The Ordinary,6.0
5,1.0,1.0,9.0,0.0,2.302585092994046,lightMedium,brown,oily,black,P427417,The Ordinary,6.0
2,0.0,0.806451976,31.0,1.9459101490553132,3.258096538021482,fairLight,blue,normal,auburn,P427417,The Ordinary,6.0
1,0.0,0.796296,54.0,2.4849066497880004,3.784189633918261,mediumTan,hazel,combination,brown,P427417,The Ordinary,6.0
5,1.0,1.0,12.0,0.0,2.5649493574615367,tan,brown,oily,black,P427417,The Ordinary,6.0
5,1.0,1.0,4.0,0.0,1.6094379124341003,lightMedium,brown,combination,brown,P427417,The Ordinary,6.0
2,0.0,0.777778029,18.0,1.6094379124341003,2.70805020110221,mediumTan,brown,normal,black,P427417,The Ordinary,6.0
5,1.0,0.928570986,14.0,0.6931471805599453,2.6390573296152584,light,green,oily,blonde,P427417,The Ordinary,6.0
5,1.0,0.875,8.0,0.6931471805599453,2.0794415416798357,fair,brown,oily,brown,P427417,The Ordinary,6.0
5,1.0,0.714286029,7.0,1.0986122886681098,1.791759469228055,fair,hazel,dry,blonde,P427417,The Ordinary,6.0
5,1.0,0.899999976,20.0,1.0986122886681098,2.9444389791664403,light,brown,oily,brown,P427417,The Ordinary,6.0
5,1.0,1.0,6.0,0.0,1.9459101490553132,fairLight,blue,oily,blonde,P427417,The Ordinary,6.0
5,1.0,0.400000006,5.0,1.3862943611198906,1.0986122886681098,lightMedium,brown,combination,brown,P427417,The Ordinary,6.0
5,1.0,1.0,49.0,0.0,3.912023005428146,fair,hazel,normal,blonde,P427417,The Ordinary,6.0
5,1.0,0.5,6.0,1.3862943611198906,1.3862943611198906,light,blue,oily,blonde,P427417,The Ordinary,6.0
5,1.0,1.0,7.0,0.0,2.0794415416798357,lightMedium,blue,oily,blonde,P427417,The Ordinary,6.0
4,1.0,1.0,7.0,0.0,2.0794415416798357,medium,brown,combination,brown,P427417,The Ordinary,6.0
4,1.0,0.818181992,11.0,1.0986122886681098,2.302585092994046,light,brown,dry,black,P427417,The Ordinary,6.0
5,1.0,1.0,14.0,0.0,2.70805020110221,fair,brown,oily,brown,P427417,The Ordinary,6.0
5,1.0,0.714286029,7.0,1.0986122886681098,1.791759469228055,light,brown,combination,brown,P427417,The Ordinary,6.0
3,0.0,0.26087001,23.0,2.8903717578961645,1.9459101490553132,light,brown,oily,brown,P427417,The Ordinary,6.0
5,1.0,1.0,7.0,0.0,2.0794415416798357,fair,green,combination,blonde,P427417,The Ordinary,6.0
4,1.0,1.0,9.0,0.0,2.302585092994046,rich,brown,combination,black,P427417,The Ordinary,6.0
2,0.0,0.818181992,11.0,1.0986122886681098,2.302585092994046,lightMedium,brown,oily,brown,P427417,The Ordinary,6.0
5,1.0,0.777778029,9.0,1.0986122886681098,2.0794415416798357,lightMedium,brown,oily,black,P427417,The Ordinary,6.0
2,0.0,1.0,4.0,0.0,1.6094379124341003,medium,brown,oily,brown,P427417,The Ordinary,6.0
4,1.0,0.851852,27.0,1.6094379124341003,3.1780538303479458,light,brown,oily,brown,P427417,The Ordinary,6.0
5,1.0,1.0,11.0,0.0,2.4849066497880004,fair,blue,combination,blonde,P427417,The Ordinary,6.0
1,0.0,1.0,11.0,0.0,2.4849066497880004,mediumTan,brown,combination,brown,P427417,The Ordinary,6.0
2,0.0,0.5,4.0,1.0986122886681098,1.0986122886681098,lightMedium,brown,combination,auburn,P427417,The Ordinary,6.0
4,1.0,0.882353008,34.0,1.6094379124341003,3.4339872044851463,light,brown,oily,black,P427417,The Ordinary,6.0
5,1.0,1.0,5.0,0.0,1.791759469228055,tan,brown,oily,black,P427417,The Ordinary,6.0
5,1.0,1.0,23.0,0.0,3.1780538303479458,light,brown,combination,blonde,P427417,The Ordinary,6.0
2,0.0,0.666666985,9.0,1.3862943611198906,1.9459101490553132,tan,brown,combination,black,P427417,The Ordinary,6.0
5,1.0,1.0,5.0,0.0,1.791759469228055,fairLight,hazel,combination,brown,P427417,The Ordinary,6.0
5,1.0,1.0,14.0,0.0,2.70805020110221,lightMedium,brown,normal,brown,P427417,The Ordinary,6.0
1,0.0,0.486110985,72.0,3.6375861597263857,3.58351893845611,light,brown,normal,black,P427417,The Ordinary,6.0
1,0.0,0.75999999,25.0,1.9459101490553132,2.995732273553991,deep,brown,combination,brown,P427417,The Ordinary,6.0
5,1.0,0.681818008,22.0,2.0794415416798357,2.772588722239781,medium,brown,combination,brown,P427417,The Ordinary,6.0
5,1.0,0.727272987,22.0,1.9459101490553132,2.833213344056216,fair,hazel,combination,brown,P427417,The Ordinary,6.0
5,1.0,1.0,8.0,0.0,2.1972245773362196,lightMedium,brown,oily,black,P427417,The Ordinary,6.0
5,1.0,1.0,17.0,0.0,2.8903717578961645,mediumTan,brown,combination,brown,P427417,The Ordinary,6.0
3,0.0,0.839999974,25.0,1.6094379124341003,3.091042453358316,fair,blue,normal,blonde,P427417,The Ordinary,6.0
5,1.0,1.0,4.0,0.0,1.6094379124341003,light,brown,combination,auburn,P427417,The Ordinary,6.0
4,1.0,0.882353008,17.0,1.0986122886681098,2.772588722239781,lightMedium,brown,combination,black,P427417,The Ordinary,6.0
5,1.0,0.583333015,24.0,2.3978952727983707,2.70805020110221,light,brown,combination,blonde,P427417,The Ordinary,6.0
2,0.0,0.846153975,13.0,1.0986122886681098,2.4849066497880004,light,brown,oily,brown,P427417,The Ordinary,6.0
5,1.0,1.0,26.0,0.0,3.295836866004329,fair,brown,combination,black,P427417,The Ordinary,6.0
1,1.0,0.666666985,12.0,1.6094379124341003,2.1972245773362196,lightMedium,brown,combination,brown,P427417,The Ordinary,6.0
5,1.0,0.899999976,10.0,0.6931471805599453,2.302585092994046,mediumTan,hazel,combination,blonde,P427417,The Ordinary,6.0
4,1.0,0.857142985,113.72000000000116,2.8903717578961645,4.634728988229636,light,brown,combination,brown,P427417,The Ordinary,6.0
2,0.0,0.846153975,13.0,1.0986122886681098,2.4849066497880004,fair,hazel,oily,black,P427417,The Ordinary,6.0
5,1.0,1.0,5.0,0.0,1.791759469228055,medium,brown,combination,black,P427417,The Ordinary,6.0
5,1.0,0.75,4.0,0.6931471805599453,1.3862943611198906,light,brown,dry,brown,P309308,Sunday Riley,122.0
5,1.0,0.454544991,11.0,1.9459101490553132,1.791759469228055,light,brown,combination,black,P309308,Sunday Riley,122.0
5,1.0,1.0,7.0,0.0,2.0794415416798357,fair,blue,combination,blonde,P309308,Sunday Riley,122.0
5,1.0,1.0,5.0,0.0,1.791759469228055,lightMedium,brown,combination,black,P309308,Sunday Riley,122.0
5,1.0,0.600000024,5.0,1.0986122886681098,1.3862943611198906,light,blue,combination,brown,P309308,Sunday Riley,122.0
5,1.0,0.952381015,21.0,0.6931471805599453,3.044522437723423,fair,blue,dry,blonde,P309308,Sunday Riley,122.0
5,1.0,1.0,4.0,0.0,1.6094379124341003,mediumTan,brown,dry,black,P309308,Sunday Riley,122.0
5,1.0,1.0,6.0,0.0,1.9459101490553132,medium,brown,normal,brown,P309308,Sunday Riley,122.0
5,1.0,0.857142985,7.0,0.6931471805599453,1.9459101490553132,lightMedium,brown,dry,blonde,P309308,Sunday Riley,122.0
1,0.0,0.853658974,41.0,1.9459101490553132,3.58351893845611,light,green,dry,blonde,P309308,Sunday Riley,122.0
5,1.0,0.92592603,27.0,1.0986122886681098,3.258096538021482,tan,brown,combination,brown,P309308,Sunday Riley,122.0
5,1.0,0.833333015,18.0,1.3862943611198906,2.772588722239781,light,brown,combination,brown,P309308,Sunday Riley,122.0
5,1.0,0.818181992,11.0,1.0986122886681098,2.302585092994046,lightMedium,brown,oily,brown,P309308,Sunday Riley,122.0
5,1.0,1.0,5.0,0.0,1.791759469228055,lightMedium,blue,dry,red,P309308,Sunday Riley,122.0
5,1.0,0.600000024,5.0,1.0986122886681098,1.3862943611198906,medium,brown,combination,brown,P309308,Sunday Riley,122.0
3,0.0,0.625,8.0,1.3862943611198906,1.791759469228055,mediumTan,brown,combination,black,P309308,Sunday Riley,122.0
5,1.0,0.5,8.0,1.6094379124341003,1.6094379124341003,lightMedium,brown,combination,brown,P309308,Sunday Riley,122.0
1,0.0,0.899999976,30.0,1.3862943611198906,3.332204510175204,light,brown,combination,brown,P309308,Sunday Riley,122.0
1,0.0,0.894737005,38.0,1.6094379124341003,3.5553480614894135,fair,green,dry,blonde,P309308,Sunday Riley,122.0
1,0.0,0.894737005,57.0,1.9459101490553132,3.9512437185814275,fair,blue,dry,blonde,P309308,Sunday Riley,122.0
5,1.0,1.0,19.0,0.0,2.995732273553991,light,hazel,combination,blonde,P309308,Sunday Riley,122.0
5,1.0,1.0,12.0,0.0,2.5649493574615367,tan,brown,combination,brown,P309308,Sunday Riley,122.0
5,1.0,0.639999986,25.0,2.302585092994046,2.833213344056216,tan,brown,combination,black,P309308,Sunday Riley,122.0
1,0.0,1.0,5.0,0.0,1.791759469228055,light,green,combination,brown,P309308,Sunday Riley,122.0
1,0.0,0.888889015,9.0,0.6931471805599453,2.1972245773362196,light,brown,normal,black,P309308,Sunday Riley,122.0
5,1.0,0.75,4.0,0.6931471805599453,1.3862943611198906,lightMedium,brown,combination,blonde,P309308,Sunday Riley,122.0
1,0.0,1.0,10.0,0.0,2.3978952727983707,lightMedium,brown,oily,brown,P309308,Sunday Riley,122.0
1,0.0,0.888889015,9.0,0.6931471805599453,2.1972245773362196,mediumTan,brown,combination,brown,P309308,Sunday Riley,122.0
2,0.0,1.0,18.0,0.0,2.9444389791664403,mediumTan,brown,oily,brown,P309308,Sunday Riley,122.0
5,1.0,0.800000012,5.0,0.6931471805599453,1.6094379124341003,lightMedium,hazel,combination,blonde,P309308,Sunday Riley,122.0
5,1.0,1.0,4.0,0.0,1.6094379124341003,light,hazel,combination,blonde,P309308,Sunday Riley,122.0
5,1.0,0.800000012,5.0,0.6931471805599453,1.6094379124341003,lightMedium,hazel,combination,brown,P309308,Sunday Riley,122.0
5,1.0,0.833333015,6.0,0.6931471805599453,1.791759469228055,fair,brown,combination,brown,P309308,Sunday Riley,122.0
5,1.0,0.833333015,6.0,0.6931471805599453,1.791759469228055,light,brown,combination,brown,P309308,Sunday Riley,122.0
5,1.0,0.909090996,11.0,0.6931471805599453,2.3978952727983707,light,blue,combination,blonde,P309308,Sunday Riley,122.0
4,1.0,0.821429014,28.0,1.791759469228055,3.1780538303479458,mediumTan,green,oily,blonde,P309308,Sunday Riley,122.0
5,1.0,0.918033004,61.0,1.791759469228055,4.04305126783455,light,hazel,normal,blonde,P309308,Sunday Riley,122.0
5,1.0,0.833333015,6.0,0.6931471805599453,1.791759469228055,fair,green,combination,brown,P309308,Sunday Riley,122.0
5,1.0,0.916666985,12.0,0.6931471805599453,2.4849066497880004,light,brown,combination,brown,P309308,Sunday Riley,122.0
5,1.0,0.666666985,9.0,1.3862943611198906,1.9459101490553132,light,brown,combination,brown,P309308,Sunday Riley,122.0
5,1.0,0.958333015,24.0,0.6931471805599453,3.1780538303479458,light,brown,combination,brown,P309308,Sunday Riley,122.0
1,1.0,0.545454979,11.0,1.791759469228055,1.9459101490553132,light,brown,oily,brown,P309308,Sunday Riley,122.0
5,1.0,0.888889015,9.0,0.6931471805599453,2.1972245773362196,light,brown,combination,brown,P309308,Sunday Riley,122.0
5,1.0,0.800000012,5.0,0.6931471805599453,1.6094379124341003,light,brown,oily,brown,P309308,Sunday Riley,122.0
5,1.0,1.0,44.0,0.0,3.8066624897703196,light,brown,combination,brown,P309308,Sunday Riley,122.0
5,1.0,0.75,4.0,0.6931471805599453,1.3862943611198906,light,brown,combination,brown,P309308,Sunday Riley,122.0
5,1.0,1.0,4.0,0.0,1.6094379124341003,light,brown,combination,brown,P309308,Sunday Riley,122.0
4,1.0,0.975000024,40.0,0.6931471805599453,3.6888794541139363,light,brown,normal,brown,P309308,Sunday Riley,122.0
4,1.0,0.75,4.0,0.6931471805599453,1.3862943611198906,light,brown,combination,brown,P309308,Sunday Riley,122.0
5,1.0,0.947368026,57.0,1.3862943611198906,4.007333185232471,light,brown,combination,brown,P309308,Sunday Riley,122.0
1,1.0,0.941175997,17.0,0.6931471805599453,2.833213344056216,light,brown,combination,brown,P309308,Sunday Riley,122.0
5,1.0,0.947368026,19.0,0.6931471805599453,2.9444389791664403,light,brown,combination,brown,P309308,Sunday Riley,122.0
1,1.0,0.8125,16.0,1.3862943611198906,2.6390573296152584,light,brown,combination,brown,P309308,Sunday Riley,122.0
3,1.0,0.857142985,7.0,0.6931471805599453,1.9459101490553132,light,brown,combination,brown,P309308,Sunday Riley,122.0
5,1.0,0.961538017,26.0,0.6931471805599453,3.258096538021482,light,brown,combination,brown,P309308,Sunday Riley,122.0
5,1.0,0.959999979,25.0,0.6931471805599453,3.2188758248682006,light,brown,combination,brown,P309308,Sunday Riley,122.0
5,1.0,0.833333015,6.0,0.6931471805599453,1.791759469228055,light,brown,normal,brown,P309308,Sunday Riley,122.0
2,1.0,0.5,10.0,1.791759469228055,1.791759469228055,light,brown,combination,brown,P309308,Sunday Riley,122.0
5,1.0,0.958333015,24.0,0.6931471805599453,3.1780538303479458,light,brown,combination,brown,P309308,Sunday Riley,122.0
5,1.0,0.909090996,11.0,0.6931471805599453,2.3978952727983707,light,brown,combination,brown,P309308,Sunday Riley,122.0
2,1.0,0.5,22.0,2.4849066497880004,2.4849066497880004,light,brown,normal,brown,P309308,Sunday Riley,122.0
5,1.0,1.0,4.0,0.0,1.6094379124341003,light,brown,oily,brown,P309308,Sunday Riley,122.0
5,1.0,0.75,4.0,0.6931471805599453,1.3862943611198906,light,brown,dry,brown,P309308,Sunday Riley,122.0
5,1.0,0.800000012,5.0,0.6931471805599453,1.6094379124341003,light,brown,combination,brown,P309308,Sunday Riley,122.0
4,1.0,0.75,8.0,1.0986122886681098,1.9459101490553132,light,brown,combination,brown,P309308,Sunday Riley,122.0
5,1.0,0.952381015,21.0,0.6931471805599453,3.044522437723423,light,brown,combination,brown,P309308,Sunday Riley,122.0
1,1.0,0.833333015,6.0,0.6931471805599453,1.791759469228055,light,brown,normal,brown,P309308,Sunday Riley,122.0
4,1.0,0.941175997,17.0,0.6931471805599453,2.833213344056216,light,brown,oily,brown,P309308,Sunday Riley,122.0
5,1.0,0.967742026,31.0,0.6931471805599453,3.4339872044851463,light,brown,dry,brown,P309308,Sunday Riley,122.0
5,1.0,0.833333015,6.0,0.6931471805599453,1.791759469228055,light,brown,combination,brown,P309308,Sunday Riley,122.0
5,1.0,1.0,5.0,0.0,1.791759469228055,light,brown,combination,brown,P309308,Sunday Riley,122.0
1,0.0,1.0,4.0,0.0,1.6094379124341003,fair,brown,dry,brown,P411540,Dr. Jart+,52.0
2,0.0,1.0,5.0,0.0,1.791759469228055,lightMedium,brown,oily,black,P411540,Dr. Jart+,52.0
2,0.0,1.0,4.0,0.0,1.6094379124341003,lightMedium,brown,dry,black,P411540,Dr. Jart+,52.0
1,0.0,0.666666985,6.0,1.0986122886681098,1.6094379124341003,fair,brown,dry,black,P411540,Dr. Jart+,52.0
5,1.0,1.0,54.0,0.0,4.007333185232471,fairLight,brown,dry,brown,P411540,Dr. Jart+,52.0
1,0.0,1.0,4.0,0.0,1.6094379124341003,deep,brown,combination,black,P411540,Dr. Jart+,52.0
5,1.0,0.800000012,15.0,1.3862943611198906,2.5649493574615367,fairLight,green,dry,brown,P411540,Dr. Jart+,52.0
2,0.0,0.714286029,7.0,1.0986122886681098,1.791759469228055,light,brown,combination,brown,P411540,Dr. Jart+,52.0
5,1.0,0.75,4.0,0.6931471805599453,1.3862943611198906,light,blue,combination,blonde,P411540,Dr. Jart+,52.0
5,1.0,0.714286029,7.0,1.0986122886681098,1.791759469228055,fairLight,blue,combination,blonde,P411540,Dr. Jart+,52.0
4,1.0,0.896552026,29.0,1.3862943611198906,3.295836866004329,light,green,oily,brown,P411540,Dr. Jart+,52.0
4,1.0,0.800000012,5.0,0.6931471805599453,1.6094379124341003,lightMedium,brown,combination,black,P411540,Dr. Jart+,52.0
1,0.0,0.842104971,19.0,1.3862943611198906,2.833213344056216,tan,brown,dry,black,P411540,Dr. Jart+,52.0
5,1.0,1.0,4.0,0.0,1.6094379124341003,light,blue,combination,brown,P411540,Dr. Jart+,52.0
4,1.0,0.75,4.0,0.6931471805599453,1.3862943611198906,lightMedium,blue,oily,brown,P411540,Dr. Jart+,52.0
5,1.0,0.75,4.0,0.6931471805599453,1.3862943611198906,lightMedium,brown,combination,black,P411540,Dr. Jart+,52.0
5,1.0,0.942308009,52.0,1.3862943611198906,3.912023005428146,fair,brown,combination,blonde,P411540,Dr. Jart+,52.0
5,1.0,0.75,4.0,0.6931471805599453,1.3862943611198906,fair,blue,combination,brown,P411540,Dr. Jart+,52.0
3,0.0,1.0,8.0,0.0,2.1972245773362196,lightMedium,brown,combination,brown,P411540,Dr. Jart+,52.0
3,0.0,0.5625,16.0,2.0794415416798357,2.302585092994046,light,brown,combination,blonde,P411540,Dr. Jart+,52.0
3,0.0,1.0,9.0,0.0,2.302585092994046,lightMedium,brown,normal,brown,P411540,Dr. Jart+,52.0
5,1.0,0.800000012,10.0,1.0986122886681098,2.1972245773362196,light,hazel,combination,auburn,P411540,Dr. Jart+,52.0
5,1.0,0.899999976,10.0,0.6931471805599453,2.302585092994046,fair,blue,combination,blonde,P411540,Dr. Jart+,52.0
5,1.0,0.899999976,10.0,0.6931471805599453,2.302585092994046,light,brown,oily,blonde,P411540,Dr. Jart+,52.0
4,1.0,1.0,23.0,0.0,3.1780538303479458,light,brown,combination,brown,P411540,Dr. Jart+,52.0
3,1.0,1.0,4.0,0.0,1.6094379124341003,light,green,oily,brown,P411540,Dr. Jart+,52.0
4,1.0,0.833333015,6.0,0.6931471805599453,1.791759469228055,fair,brown,oily,brown,P411540,Dr. Jart+,52.0
2,0.0,0.800000012,5.0,0.6931471805599453,1.6094379124341003,light,blue,combination,blonde,P411540,Dr. Jart+,52.0
5,1.0,1.0,7.0,0.0,2.0794415416798357,fair,brown,normal,brown,P411540,Dr. Jart+,52.0
1,0.0,0.034482799,29.0,3.367295829986474,0.6931471805599453,fair,brown,combination,brown,P411540,Dr. Jart+,52.0
2,0.0,1.0,8.0,0.0,2.1972245773362196,light,blue,combination,blonde,P411540,Dr. Jart+,52.0
5,1.0,1.0,4.0,0.0,1.6094379124341003,fair,green,combination,red,P411540,Dr. Jart+,52.0
5,1.0,1.0,13.0,0.0,2.6390573296152584,fair,blue,dry,brown,P411540,Dr. Jart+,52.0
1,0.0,0.86956501,23.0,1.3862943611198906,3.044522437723423,lightMedium,brown,combination,brown,P411540,Dr. Jart+,52.0
5,1.0,0.699999988,10.0,1.3862943611198906,2.0794415416798357,fair,brown,dry,red,P411540,Dr. Jart+,52.0
5,1.0,0.961538017,26.0,0.6931471805599453,3.258096538021482,fair,hazel,dry,auburn,P411540,Dr. Jart+,52.0
5,1.0,1.0,8.0,0.0,2.1972245773362196,light,brown,oily,brown,P411540,Dr. Jart+,52.0
4,1.0,0.857142985,7.0,0.6931471805599453,1.9459101490553132,light,brown,dry,brown,P411540,Dr. Jart+,52.0
5,1.0,1.0,6.0,0.0,1.9459101490553132,light,brown,combination,brown,P411540,Dr. Jart+,52.0
5,1.0,0.899999976,10.0,0.6931471805599453,2.302585092994046,light,brown,combination,brown,P411540,Dr. Jart+,52.0
5,1.0,0.964286029,28.0,0.6931471805599453,3.332204510175204,light,brown,oily,brown,P411540,Dr. Jart+,52.0
5,1.0,1.0,5.0,0.0,1.791759469228055,light,brown,combination,brown,P411540,Dr. Jart+,52.0
4,1.0,0.947368026,19.0,0.6931471805599453,2.9444389791664403,light,brown,combination,brown,P411540,Dr. Jart+,52.0
5,1.0,0.949999988,20.0,0.6931471805599453,2.995732273553991,light,brown,combination,brown,P411540,Dr. Jart+,52.0
5,1.0,0.764706016,34.0,2.1972245773362196,3.295836866004329,light,brown,combination,brown,P411540,Dr. Jart+,52.0
5,1.0,0.777778029,9.0,1.0986122886681098,2.0794415416798357,light,brown,combination,brown,P411540,Dr. Jart+,52.0
5,1.0,0.916666985,12.0,0.6931471805599453,2.4849066497880004,light,brown,normal,brown,P411540,Dr. Jart+,52.0
5,1.0,1.0,8.0,0.0,2.1972245773362196,light,brown,combination,brown,P411540,Dr. Jart+,52.0
5,1.0,1.0,5.0,0.0,1.791759469228055,light,brown,combination,black,P42204,Rosebud Perfume Co.,7.0
4,1.0,1.0,8.0,0.0,2.1972245773362196,mediumTan,brown,normal,brown,P42204,Rosebud Perfume Co.,7.0
5,1.0,1.0,13.0,0.0,2.6390573296152584,medium,brown,dry,brown,P42204,Rosebud Perfume Co.,7.0
1,1.0,0.571429014,7.0,1.3862943611198906,1.6094379124341003,light,brown,dry,brown,P42204,Rosebud Perfume Co.,7.0
4,1.0,0.75,4.0,0.6931471805599453,1.3862943611198906,light,brown,combination,brown,P42204,Rosebud Perfume Co.,7.0
4,1.0,0.75,4.0,0.6931471805599453,1.3862943611198906,mediumTan,brown,dry,brown,P42204,Rosebud Perfume Co.,7.0
4,1.0,0.333332986,6.0,1.6094379124341003,1.0986122886681098,fair,brown,oily,brown,P42204,Rosebud Perfume Co.,7.0
5,1.0,1.0,4.0,0.0,1.6094379124341003,light,brown,combination,brown,P42204,Rosebud Perfume Co.,7.0
4,1.0,1.0,6.0,0.0,1.9459101490553132,light,hazel,combination,brown,P471546,Dr. Jart+,21.0
3,0.0,0.5,6.0,1.3862943611198906,1.3862943611198906,light,brown,combination,black,P471546,Dr. Jart+,21.0
2,0.0,0.65517199,29.0,2.3978952727983707,2.995732273553991,fair,blue,combination,blonde,P471546,Dr. Jart+,21.0
3,0.0,1.0,5.0,0.0,1.791759469228055,light,brown,oily,black,P471546,Dr. Jart+,21.0
4,1.0,0.800000012,5.0,0.6931471805599453,1.6094379124341003,fair,brown,combination,brown,P471546,Dr. Jart+,21.0
2,0.0,1.0,6.0,0.0,1.9459101490553132,mediumTan,brown,combination,brown,P471546,Dr. Jart+,21.0
5,1.0,0.983870983,62.0,0.6931471805599453,4.127134385045092,lightMedium,brown,dry,black,P471546,Dr. Jart+,21.0
5,1.0,0.125,16.0,2.70805020110221,1.0986122886681098,medium,brown,combination,black,P471546,Dr. Jart+,21.0
3,0.0,0.666666985,6.0,1.0986122886681098,1.6094379124341003,fairLight,green,combination,blonde,P471546,Dr. Jart+,21.0
1,0.0,0.649999976,20.0,2.0794415416798357,2.6390573296152584,fair,brown,combination,brown,P471546,Dr. Jart+,21.0
5,1.0,1.0,5.0,0.0,1.791759469228055,light,hazel,combination,auburn,P471546,Dr. Jart+,21.0
2,0.0,1.0,6.0,0.0,1.9459101490553132,light,hazel,combination,brown,P471546,Dr. Jart+,21.0
5,1.0,1.0,6.0,0.0,1.9459101490553132,lightMedium,brown,combination,black,P471546,Dr. Jart+,21.0
5,1.0,0.5,6.0,1.3862943611198906,1.3862943611198906,fair,brown,combination,brown,P471546,Dr. Jart+,21.0
4,1.0,1.0,4.0,0.0,1.6094379124341003,light,blue,combination,blonde,P471546,Dr. Jart+,21.0
5,1.0,1.0,4.0,0.0,1.6094379124341003,lightMedium,brown,combination,brown,P471546,Dr. Jart+,21.0
5,1.0,0.75,8.0,1.0986122886681098,1.9459101490553132,fair,brown,combination,brown,P471546,Dr. Jart+,21.0
5,1.0,1.0,4.0,0.0,1.6094379124341003,light,green,combination,blonde,P471546,Dr. Jart+,21.0
4,1.0,1.0,7.0,0.0,2.0794415416798357,lightMedium,hazel,dry,brown,P471546,Dr. Jart+,21.0
5,1.0,0.857142985,7.0,0.6931471805599453,1.9459101490553132,fair,brown,combination,blonde,P471546,Dr. Jart+,21.0
1,0.0,0.5,6.0,1.3862943611198906,1.3862943611198906,fairLight,brown,combination,brown,P471546,Dr. Jart+,21.0
3,1.0,0.818181992,11.0,1.0986122886681098,2.302585092994046,light,hazel,combination,brown,P471546,Dr. Jart+,21.0
5,1.0,0.9375,16.0,0.6931471805599453,2.772588722239781,fairLight,blue,combination,blonde,P471546,Dr. Jart+,21.0
4,1.0,0.857142985,7.0,0.6931471805599453,1.9459101490553132,mediumTan,brown,combination,brown,P471546,Dr. Jart+,21.0
4,1.0,1.0,5.0,0.0,1.791759469228055,light,brown,combination,black,P471546,Dr. Jart+,21.0
4,1.0,0.866666973,15.0,1.0986122886681098,2.6390573296152584,medium,brown,combination,brown,P471546,Dr. Jart+,21.0
5,1.0,0.800000012,10.0,1.0986122886681098,2.1972245773362196,light,blue,combination,auburn,P471546,Dr. Jart+,21.0
3,1.0,0.714286029,7.0,1.0986122886681098,1.791759469228055,light,hazel,combination,brown,P471546,Dr. Jart+,21.0
5,1.0,1.0,13.0,0.0,2.6390573296152584,light,hazel,oily,brown,P471546,Dr. Jart+,21.0
2,0.0,0.5,6.0,1.3862943611198906,1.3862943611198906,light,blue,combination,brown,P471546,Dr. Jart+,21.0
5,1.0,0.800000012,15.0,1.3862943611198906,2.5649493574615367,lightMedium,green,combination,blonde,P471546,Dr. Jart+,21.0
5,1.0,0.800000012,5.0,0.6931471805599453,1.6094379124341003,fair,green,dry,brown,P471546,Dr. Jart+,21.0
5,1.0,1.0,7.0,0.0,2.0794415416798357,fair,brown,combination,auburn,P471546,Dr. Jart+,21.0
5,1.0,0.857142985,7.0,0.6931471805599453,1.9459101490553132,fair,blue,combination,blonde,P471546,Dr. Jart+,21.0
5,1.0,0.666666985,6.0,1.0986122886681098,1.6094379124341003,light,brown,combination,blonde,P471546,Dr. Jart+,21.0
5,1.0,1.0,4.0,0.0,1.6094379124341003,lightMedium,blue,combination,brown,P471546,Dr. Jart+,21.0
5,1.0,0.833333015,6.0,0.6931471805599453,1.791759469228055,fairLight,blue,normal,blonde,P471546,Dr. Jart+,21.0
5,1.0,1.0,7.0,0.0,2.0794415416798357,fair,blue,combination,blonde,P471546,Dr. Jart+,21.0
3,0.0,0.714286029,7.0,1.0986122886681098,1.791759469228055,fair,green,normal,blonde,P471546,Dr. Jart+,21.0
5,1.0,1.0,9.0,0.0,2.302585092994046,light,brown,combination,blonde,P471546,Dr. Jart+,21.0
4,1.0,0.75,4.0,0.6931471805599453,1.3862943611198906,fairLight,green,oily,blonde,P471546,Dr. Jart+,21.0
2,0.0,1.0,7.0,0.0,2.0794415416798357,lightMedium,green,combination,brown,P471546,Dr. Jart+,21.0
1,0.0,0.75,4.0,0.6931471805599453,1.3862943611198906,medium,brown,oily,black,P471546,Dr. Jart+,21.0
1,0.0,0.800000012,5.0,0.6931471805599453,1.6094379124341003,light,brown,combination,black,P471546,Dr. Jart+,21.0
1,0.0,0.666666985,9.0,1.3862943611198906,1.9459101490553132,lightMedium,blue,dry,brown,P471546,Dr. Jart+,21.0
3,1.0,0.800000012,5.0,0.6931471805599453,1.6094379124341003,fairLight,blue,dry,blonde,P471546,Dr. Jart+,21.0
5,1.0,0.875,8.0,0.6931471805599453,2.0794415416798357,light,brown,combination,brown,P471546,Dr. Jart+,21.0
5,1.0,0.800000012,5.0,0.6931471805599453,1.6094379124341003,light,brown,combination,brown,P471546,Dr. Jart+,21.0
3,1.0,0.800000012,5.0,0.6931471805599453,1.6094379124341003,light,brown,combination,brown,P471546,Dr. Jart+,21.0
5,1.0,0.75,4.0,0.6931471805599453,1.3862943611198906,light,brown,combination,brown,P471546,Dr. Jart+,21.0
5,1.0,0.947368026,19.0,0.6931471805599453,2.9444389791664403,light,brown,combination,brown,P471546,Dr. Jart+,21.0
5,1.0,1.0,7.0,0.0,2.0794415416798357,light,brown,combination,brown,P471546,Dr. Jart+,21.0
4,1.0,0.75,4.0,0.6931471805599453,1.3862943611198906,light,brown,combination,brown,P471546,Dr. Jart+,21.0
5,1.0,0.931034982,29.0,1.0986122886681098,3.332204510175204,light,brown,combination,brown,P471546,Dr. Jart+,21.0
5,1.0,0.923076987,13.0,0.6931471805599453,2.5649493574615367,light,brown,normal,brown,P471546,Dr. Jart+,21.0
3,1.0,0.857142985,7.0,0.6931471805599453,1.9459101490553132,light,brown,combination,brown,P471546,Dr. Jart+,21.0
5,1.0,1.0,5.0,0.0,1.791759469228055,light,brown,combination,brown,P471546,Dr. Jart+,21.0
2,1.0,0.75,4.0,0.6931471805599453,1.3862943611198906,light,brown,combination,brown,P471546,Dr. Jart+,21.0
3,1.0,0.899999976,10.0,0.6931471805599453,2.302585092994046,light,brown,combination,brown,P471546,Dr. Jart+,21.0
2,0.0,0.375,8.0,1.791759469228055,1.3862943611198906,light,blue,dry,brown,P248404,First Aid Beauty,24.0
5,1.0,0.75,4.0,0.6931471805599453,1.3862943611198906,light,green,normal,brown,P248404,First Aid Beauty,24.0
3,0.0,0.928570986,14.0,0.6931471805599453,2.6390573296152584,mediumTan,brown,combination,brown,P248404,First Aid Beauty,24.0
5,1.0,1.0,6.0,0.0,1.9459101490553132,fairLight,brown,dry,red,P248404,First Aid Beauty,24.0
5,1.0,0.9375,16.0,0.6931471805599453,2.772588722239781,mediumTan,brown,combination,brown,P248404,First Aid Beauty,24.0
1,0.0,0.75,4.0,0.6931471805599453,1.3862943611198906,fairLight,green,combination,blonde,P248404,First Aid Beauty,24.0
3,1.0,1.0,5.0,0.0,1.791759469228055,fairLight,hazel,dry,brown,P248404,First Aid Beauty,24.0
1,0.0,0.666666985,9.0,1.3862943611198906,1.9459101490553132,fairLight,blue,normal,brown,P248404,First Aid Beauty,24.0
1,1.0,0.0,5.0,1.791759469228055,0.0,light,brown,combination,brown,P248404,First Aid Beauty,24.0
5,1.0,0.833333015,6.0,0.6931471805599453,1.791759469228055,light,brown,combination,brown,P248404,First Aid Beauty,24.0
5,1.0,1.0,5.0,0.0,1.791759469228055,light,brown,combination,brown,P248404,First Aid Beauty,24.0
5,1.0,1.0,5.0,0.0,1.791759469228055,light,brown,dry,brown,P248404,First Aid Beauty,24.0
5,1.0,1.0,7.0,0.0,2.0794415416798357,light,brown,combination,brown,P248404,First Aid Beauty,24.0
5,1.0,1.0,5.0,0.0,1.791759469228055,light,brown,dry,brown,P248404,First Aid Beauty,24.0
5,1.0,1.0,11.0,0.0,2.4849066497880004,mediumTan,brown,combination,brown,P248404,First Aid Beauty,24.0
5,1.0,1.0,5.0,0.0,1.791759469228055,light,green,combination,blonde,P443352,Dermalogica,18.0
1,0.0,0.375,8.0,1.791759469228055,1.3862943611198906,fairLight,green,dry,auburn,P443352,Dermalogica,18.0
5,1.0,1.0,4.0,0.0,1.6094379124341003,fair,hazel,dry,auburn,P443352,Dermalogica,18.0
5,1.0,0.5,6.0,1.3862943611198906,1.3862943611198906,mediumTan,brown,combination,black,P443352,Dermalogica,18.0
4,1.0,1.0,5.0,0.0,1.791759469228055,lightMedium,brown,combination,brown,P443352,Dermalogica,18.0
3,1.0,0.076923102,13.0,2.5649493574615367,0.6931471805599453,fair,hazel,combination,brown,P443352,Dermalogica,18.0
5,1.0,0.875,8.0,0.6931471805599453,2.0794415416798357,light,hazel,combination,brown,P443352,Dermalogica,18.0
5,1.0,1.0,6.0,0.0,1.9459101490553132,tan,brown,combination,black,P443352,Dermalogica,18.0
4,1.0,0.111111,18.0,2.833213344056216,1.0986122886681098,light,blue,normal,blonde,P443352,Dermalogica,18.0
4,1.0,1.0,8.0,0.0,2.1972245773362196,deep,brown,combination,black,P443352,Dermalogica,18.0
5,1.0,0.600000024,5.0,1.0986122886681098,1.3862943611198906,lightMedium,hazel,combination,brown,P443352,Dermalogica,18.0
5,1.0,0.800000012,5.0,0.6931471805599453,1.6094379124341003,mediumTan,brown,combination,black,P443352,Dermalogica,18.0
5,1.0,0.5,4.0,1.0986122886681098,1.0986122886681098,deep,brown,oily,black,P443352,Dermalogica,18.0
5,1.0,0.714286029,7.0,1.0986122886681098,1.791759469228055,light,brown,combination,brown,P443352,Dermalogica,18.0
5,1.0,0.888889015,9.0,0.6931471805599453,2.1972245773362196,lightMedium,brown,combination,black,P443352,Dermalogica,18.0
5,1.0,0.75,8.0,1.0986122886681098,1.9459101490553132,light,blue,combination,brown,P423688,Dermalogica,65.0
5,1.0,0.800000012,5.0,0.6931471805599453,1.6094379124341003,light,hazel,oily,brown,P423688,Dermalogica,65.0
1,0.0,0.538461983,13.0,1.9459101490553132,2.0794415416798357,light,brown,combination,blonde,P423688,Dermalogica,65.0
5,1.0,1.0,4.0,0.0,1.6094379124341003,mediumTan,brown,combination,black,P423688,Dermalogica,65.0
5,1.0,0.916666985,12.0,0.6931471805599453,2.4849066497880004,light,hazel,combination,brown,P423688,Dermalogica,65.0
3,0.0,1.0,12.0,0.0,2.5649493574615367,fair,brown,combination,brown,P423688,Dermalogica,65.0
5,1.0,1.0,8.0,0.0,2.1972245773362196,fairLight,brown,combination,black,P423688,Dermalogica,65.0
5,1.0,1.0,7.0,0.0,2.0794415416798357,fair,blue,combination,blonde,P423688,Dermalogica,65.0
5,1.0,0.714286029,14.0,1.6094379124341003,2.3978952727983707,deep,brown,normal,black,P423688,Dermalogica,65.0
5,1.0,0.571429014,7.0,1.3862943611198906,1.6094379124341003,rich,brown,dry,black,P423688,Dermalogica,65.0
5,1.0,1.0,4.0,0.0,1.6094379124341003,mediumTan,hazel,dry,brown,P423688,Dermalogica,65.0
5,1.0,1.0,4.0,0.0,1.6094379124341003,fair,green,combination,blonde,P423688,Dermalogica,65.0
2,0.0,0.076923102,13.0,2.5649493574615367,0.6931471805599453,fair,brown,combination,brown,P423688,Dermalogica,65.0
1,0.0,0.75,40.0,2.3978952727983707,3.4339872044851463,deep,brown,combination,black,P423688,Dermalogica,65.0
4,1.0,1.0,6.0,0.0,1.9459101490553132,light,brown,combination,brown,P421275,Peace Out,19.0
4,1.0,1.0,6.0,0.0,1.9459101490553132,fair,blue,combination,blonde,P421275,Peace Out,19.0
5,1.0,0.75,4.0,0.6931471805599453,1.3862943611198906,fairLight,hazel,normal,brown,P421275,Peace Out,19.0
1,0.0,0.5,8.0,1.6094379124341003,1.6094379124341003,light,blue,dry,brown,P421275,Peace Out,19.0
5,1.0,1.0,4.0,0.0,1.6094379124341003,light,hazel,dry,auburn,P421275,Peace Out,19.0
3,1.0,0.200000003,5.0,1.6094379124341003,0.6931471805599453,fair,hazel,combination,brown,P421275,Peace Out,19.0
5,1.0,0.800000012,5.0,0.6931471805599453,1.6094379124341003,lightMedium,brown,combination,brown,P421275,Peace Out,19.0
2,0.0,0.0,4.0,1.6094379124341003,0.0,mediumTan,brown,oily,blonde,P421275,Peace Out,19.0
1,0.0,0.111111,9.0,2.1972245773362196,0.6931471805599453,light,brown,combination,black,P421275,Peace Out,19.0
5,1.0,1.0,22.0,0.0,3.1354942159291497,fair,blue,combination,brown,P421275,Peace Out,19.0
4,1.0,1.0,6.0,0.0,1.9459101490553132,lightMedium,brown,combination,black,P421275,Peace Out,19.0
3,0.0,0.5,4.0,1.0986122886681098,1.0986122886681098,fair,hazel,normal,black,P421275,Peace Out,19.0
3,0.0,0.0,6.0,1.9459101490553132,0.0,fair,hazel,combination,brown,P421275,Peace Out,19.0
5,1.0,1.0,9.0,0.0,2.302585092994046,medium,brown,normal,black,P421275,Peace Out,19.0
4,1.0,1.0,10.0,0.0,2.3978952727983707,tan,brown,combination,brown,P421275,Peace Out,19.0
5,1.0,1.0,22.0,0.0,3.1354942159291497,fair,hazel,dry,auburn,P421275,Peace Out,19.0
5,1.0,1.0,10.0,0.0,2.3978952727983707,lightMedium,blue,normal,blonde,P421275,Peace Out,19.0
1,0.0,0.5,6.0,1.3862943611198906,1.3862943611198906,lightMedium,brown,combination,black,P421275,Peace Out,19.0
2,0.0,0.200000003,5.0,1.6094379124341003,0.6931471805599453,medium,brown,dry,brown,P421275,Peace Out,19.0
3,0.0,0.25,16.0,2.5649493574615367,1.6094379124341003,mediumTan,brown,combination,brown,P421275,Peace Out,19.0
3,0.0,0.333332986,6.0,1.6094379124341003,1.0986122886681098,light,green,combination,blonde,P421275,Peace Out,19.0
5,1.0,1.0,12.0,0.0,2.5649493574615367,light,blue,combination,blonde,P421275,Peace Out,19.0
2,0.0,0.333332986,6.0,1.6094379124341003,1.0986122886681098,fairLight,green,combination,blonde,P421275,Peace Out,19.0
3,0.0,0.75,8.0,1.0986122886681098,1.9459101490553132,fair,hazel,combination,auburn,P421275,Peace Out,19.0
3,1.0,1.0,4.0,0.0,1.6094379124341003,tan,brown,oily,black,P421275,Peace Out,19.0
1,0.0,0.0,5.0,1.791759469228055,0.0,mediumTan,brown,oily,black,P421275,Peace Out,19.0
5,1.0,1.0,6.0,0.0,1.9459101490553132,deep,brown,combination,black,P421275,Peace Out,19.0
1,0.0,0.0,4.0,1.6094379124341003,0.0,fair,hazel,normal,red,P421275,Peace Out,19.0
5,1.0,0.833333015,6.0,0.6931471805599453,1.791759469228055,lightMedium,brown,combination,brown,P421275,Peace Out,19.0
4,1.0,0.800000012,5.0,0.6931471805599453,1.6094379124341003,light,brown,combination,brown,P421275,Peace Out,19.0
1,1.0,0.055555601,18.0,2.8903717578961645,0.6931471805599453,light,brown,combination,brown,P421275,Peace Out,19.0
5,1.0,0.966666996,30.0,0.6931471805599453,3.4011973816621555,light,brown,combination,brown,P421275,Peace Out,19.0
5,1.0,0.5,4.0,1.0986122886681098,1.0986122886681098,light,hazel,normal,brown,P297524,Origins,17.0
5,1.0,0.833333015,6.0,0.6931471805599453,1.791759469228055,fair,hazel,combination,brown,P297524,Origins,17.0
5,1.0,0.833333015,6.0,0.6931471805599453,1.791759469228055,fair,hazel,oily,brown,P297524,Origins,17.0
4,1.0,0.090909101,22.0,3.044522437723423,1.0986122886681098,lightMedium,brown,normal,black,P297524,Origins,17.0
1,0.0,0.555555999,9.0,1.6094379124341003,1.791759469228055,tan,brown,combination,black,P297524,Origins,17.0
5,1.0,0.75,4.0,0.6931471805599453,1.3862943611198906,light,brown,combination,brown,P297524,Origins,17.0
5,1.0,1.0,5.0,0.0,1.791759469228055,light,brown,combination,brown,P297524,Origins,17.0
1,1.0,0.75,4.0,0.6931471805599453,1.3862943611198906,light,brown,combination,brown,P297524,Origins,17.0
5,1.0,0.857142985,7.0,0.6931471805599453,1.9459101490553132,light,brown,combination,brown,P297524,Origins,17.0
5,1.0,0.75,4.0,0.6931471805599453,1.3862943611198906,light,brown,combination,brown,P297524,Origins,17.0
5,1.0,1.0,8.0,0.0,2.1972245773362196,light,brown,combination,brown,P297524,Origins,17.0
3,1.0,0.5,10.0,1.791759469228055,1.791759469228055,light,brown,combination,brown,P297524,Origins,17.0
5,1.0,1.0,5.0,0.0,1.791759469228055,light,brown,combination,brown,P297524,Origins,17.0
5,1.0,0.875,8.0,0.6931471805599453,2.0794415416798357,light,brown,combination,brown,P297524,Origins,17.0
5,1.0,0.0,8.0,2.1972245773362196,0.0,light,brown,combination,brown,P297524,Origins,17.0
4,1.0,1.0,8.0,0.0,2.1972245773362196,light,brown,combination,brown,P297524,Origins,17.0
5,1.0,1.0,7.0,0.0,2.0794415416798357,light,brown,combination,brown,P297524,Origins,17.0
5,1.0,1.0,5.0,0.0,1.791759469228055,light,brown,combination,brown,P297524,Origins,17.0
5,1.0,1.0,14.0,0.0,2.70805020110221,light,brown,combination,brown,P297524,Origins,17.0
4,1.0,1.0,7.0,0.0,2.0794415416798357,light,brown,combination,brown,P297524,Origins,17.0
4,1.0,1.0,4.0,0.0,1.6094379124341003,light,brown,combination,brown,P297524,Origins,17.0
5,1.0,1.0,6.0,0.0,1.9459101490553132,light,brown,combination,brown,P297524,Origins,17.0
5,1.0,0.800000012,5.0,0.6931471805599453,1.6094379124341003,light,brown,combination,brown,P297524,Origins,17.0
4,1.0,0.75,4.0,0.6931471805599453,1.3862943611198906,light,brown,combination,brown,P297524,Origins,17.0
5,1.0,1.0,4.0,0.0,1.6094379124341003,light,brown,combination,brown,P297524,Origins,17.0
5,1.0,1.0,7.0,0.0,2.0794415416798357,light,brown,combination,brown,P297524,Origins,17.0
5,1.0,1.0,9.0,0.0,2.302585092994046,lightMedium,brown,combination,brown,P297524,Origins,17.0
5,1.0,1.0,5.0,0.0,1.791759469228055,tan,brown,combination,brown,P297524,Origins,17.0
3,0.0,1.0,7.0,0.0,2.0794415416798357,light,hazel,combination,brown,P394624,belif,38.0
5,1.0,0.25,4.0,1.3862943611198906,0.6931471805599453,mediumTan,brown,oily,black,P394624,belif,38.0
5,1.0,0.909090996,11.0,0.6931471805599453,2.3978952727983707,light,brown,combination,brown,P394624,belif,38.0
5,1.0,0.833333015,6.0,0.6931471805599453,1.791759469228055,light,brown,combination,brown,P394624,belif,38.0
5,1.0,0.966666996,30.0,0.6931471805599453,3.4011973816621555,light,brown,combination,brown,P394624,belif,38.0
5,1.0,1.0,6.0,0.0,1.9459101490553132,light,brown,dry,brown,P394624,belif,38.0
1,1.0,0.714286029,7.0,1.0986122886681098,1.791759469228055,light,brown,combination,brown,P394624,belif,38.0
1,1.0,0.800000012,5.0,0.6931471805599453,1.6094379124341003,light,brown,combination,brown,P394624,belif,38.0
5,1.0,1.0,14.0,0.0,2.70805020110221,light,brown,combination,brown,P394624,belif,38.0
4,1.0,0.857142985,7.0,0.6931471805599453,1.9459101490553132,fair,blue,dry,blonde,P429952,Summer Fridays,49.0
5,1.0,0.800000012,10.0,1.0986122886681098,2.1972245773362196,mediumTan,brown,combination,brown,P429952,Summer Fridays,49.0
1,0.0,0.625,8.0,1.3862943611198906,1.791759469228055,light,green,dry,blonde,P429952,Summer Fridays,49.0
5,1.0,0.375,8.0,1.791759469228055,1.3862943611198906,medium,brown,oily,black,P429952,Summer Fridays,49.0
3,0.0,0.777778029,9.0,1.0986122886681098,2.0794415416798357,light,blue,combination,brown,P429952,Summer Fridays,49.0
1,0.0,0.958333015,24.0,0.6931471805599453,3.1780538303479458,fair,hazel,dry,brunette,P429952,Summer Fridays,49.0
1,0.0,0.92682898,41.0,1.3862943611198906,3.6635616461296463,lightMedium,brown,normal,black,P429952,Summer Fridays,49.0
4,1.0,1.0,5.0,0.0,1.791759469228055,lightMedium,brown,combination,black,P429952,Summer Fridays,49.0
1,0.0,0.833333015,12.0,1.0986122886681098,2.3978952727983707,fairLight,blue,combination,blonde,P429952,Summer Fridays,49.0
2,0.0,0.461537987,13.0,2.0794415416798357,1.9459101490553132,medium,hazel,normal,brunette,P429952,Summer Fridays,49.0
1,0.0,0.857142985,14.0,1.0986122886681098,2.5649493574615367,fair,green,combination,brown,P429952,Summer Fridays,49.0
1,0.0,1.0,4.0,0.0,1.6094379124341003,light,brown,combination,brunette,P429952,Summer Fridays,49.0
5,1.0,1.0,4.0,0.0,1.6094379124341003,mediumTan,brown,dry,black,P429952,Summer Fridays,49.0
1,0.0,0.736841977,19.0,1.791759469228055,2.70805020110221,porcelain,blue,oily,blonde,P429952,Summer Fridays,49.0
1,0.0,0.375,8.0,1.791759469228055,1.3862943611198906,medium,green,combination,brunette,P429952,Summer Fridays,49.0
5,1.0,0.833333015,6.0,0.6931471805599453,1.791759469228055,light,brown,combination,black,P429952,Summer Fridays,49.0
5,1.0,1.0,4.0,0.0,1.6094379124341003,medium,hazel,combination,auburn,P429952,Summer Fridays,49.0
1,0.0,0.333332986,6.0,1.6094379124341003,1.0986122886681098,fairLight,brown,combination,brown,P429952,Summer Fridays,49.0
5,1.0,0.75,4.0,0.6931471805599453,1.3862943611198906,fair,hazel,combination,auburn,P429952,Summer Fridays,49.0
5,1.0,0.727272987,11.0,1.3862943611198906,2.1972245773362196,light,hazel,combination,brown,P429952,Summer Fridays,49.0
3,1.0,0.92424202,66.0,1.791759469228055,4.127134385045092,fair,blue,dry,blonde,P429952,Summer Fridays,49.0
5,1.0,0.899999976,20.0,1.0986122886681098,2.9444389791664403,fair,green,oily,brown,P429952,Summer Fridays,49.0
2,0.0,0.911764979,68.0,1.9459101490553132,4.143134726391533,lightMedium,blue,combination,brown,P429952,Summer Fridays,49.0
5,1.0,0.870967984,62.0,2.1972245773362196,4.007333185232471,light,blue,combination,brown,P429952,Summer Fridays,49.0
5,1.0,0.875,8.0,0.6931471805599453,2.0794415416798357,light,hazel,combination,brown,P429952,Summer Fridays,49.0
5,1.0,0.75,4.0,0.6931471805599453,1.3862943611198906,lightMedium,blue,normal,blonde,P429952,Summer Fridays,49.0
2,0.0,0.703704,27.0,2.1972245773362196,2.995732273553991,light,green,combination,brown,P480630,Summer Fridays,26.0
4,1.0,0.75,4.0,0.6931471805599453,1.3862943611198906,deep,brown,combination,black,P480630,Summer Fridays,26.0
5,1.0,0.833333015,6.0,0.6931471805599453,1.791759469228055,lightMedium,brown,oily,brown,P480630,Summer Fridays,26.0
3,0.0,0.818181992,11.0,1.0986122886681098,2.302585092994046,medium,green,normal,brown,P480630,Summer Fridays,26.0
5,1.0,0.777778029,9.0,1.0986122886681098,2.0794415416798357,lightMedium,brown,combination,brown,P480630,Summer Fridays,26.0
5,1.0,1.0,6.0,0.0,1.9459101490553132,lightMedium,brown,combination,black,P480630,Summer Fridays,26.0
4,1.0,0.888889015,9.0,0.6931471805599453,2.1972245773362196,deep,brown,dry,black,P480630,Summer Fridays,26.0
5,1.0,0.625,8.0,1.3862943611198906,1.791759469228055,fair,hazel,combination,auburn,P480630,Summer Fridays,26.0
5,1.0,1.0,13.0,0.0,2.6390573296152584,medium,brown,oily,brunette,P480630,Summer Fridays,26.0
5,1.0,1.0,34.0,0.0,3.5553480614894135,light,brown,dry,black,P480630,Summer Fridays,26.0
2,0.0,0.0,5.0,1.791759469228055,0.0,tan,brown,combination,black,P480630,Summer Fridays,26.0
4,1.0,0.75,4.0,0.6931471805599453,1.3862943611198906,porcelain,green,combination,blonde,P480630,Summer Fridays,26.0
1,0.0,0.736841977,19.0,1.791759469228055,2.70805020110221,mediumTan,brown,dry,blonde,P480630,Summer Fridays,26.0
1,0.0,0.349999994,20.0,2.6390573296152584,2.0794415416798357,fair,green,combination,blonde,P480630,Summer Fridays,26.0
5,1.0,0.916666985,12.0,0.6931471805599453,2.4849066497880004,lightMedium,brown,combination,brown,P480630,Summer Fridays,26.0
5,1.0,1.0,4.0,0.0,1.6094379124341003,light,blue,combination,blonde,P480630,Summer Fridays,26.0
5,1.0,1.0,4.0,0.0,1.6094379124341003,light,blue,combination,blonde,P480630,Summer Fridays,26.0
2,0.0,1.0,4.0,0.0,1.6094379124341003,fair,blue,combination,brown,P480630,Summer Fridays,26.0
1,0.0,0.300000012,10.0,2.0794415416798357,1.3862943611198906,lightMedium,hazel,combination,brown,P480630,Summer Fridays,26.0
3,0.0,1.0,12.0,0.0,2.5649493574615367,fair,green,combination,blonde,P480630,Summer Fridays,26.0
1,0.0,1.0,21.0,0.0,3.091042453358316,light,blue,combination,blonde,P480630,Summer Fridays,26.0
1,0.0,0.899999976,10.0,0.6931471805599453,2.302585092994046,fair,green,combination,blonde,P480630,Summer Fridays,26.0
1,0.0,0.966666996,90.0,1.3862943611198906,4.477336814478207,light,blue,dry,blonde,P480630,Summer Fridays,26.0
5,1.0,1.0,4.0,0.0,1.6094379124341003,lightMedium,brown,combination,auburn,P480630,Summer Fridays,26.0
1,0.0,0.75,4.0,0.6931471805599453,1.3862943611198906,light,hazel,dry,brown,P480630,Summer Fridays,26.0
1,0.0,0.875,8.0,0.6931471805599453,2.0794415416798357,light,brown,combination,brown,P480630,Summer Fridays,26.0
1,0.0,0.75,4.0,0.6931471805599453,1.3862943611198906,lightMedium,brown,dry,brown,P480630,Summer Fridays,26.0
1,0.0,0.5,4.0,1.0986122886681098,1.0986122886681098,light,blue,dry,blonde,P480630,Summer Fridays,26.0
5,1.0,0.866666973,15.0,1.0986122886681098,2.6390573296152584,lightMedium,hazel,combination,brown,P480630,Summer Fridays,26.0
1,0.0,0.666666985,12.0,1.6094379124341003,2.1972245773362196,medium,brown,normal,black,P480630,Summer Fridays,26.0
5,1.0,0.903226018,31.0,1.3862943611198906,3.367295829986474,light,blue,combination,blonde,P480630,Summer Fridays,26.0
5,1.0,0.800000012,5.0,0.6931471805599453,1.6094379124341003,light,hazel,normal,brown,P480630,Summer Fridays,26.0
5,1.0,0.899999976,10.0,0.6931471805599453,2.302585092994046,mediumTan,brown,oily,brown,P480630,Summer Fridays,26.0
2,0.0,0.600000024,5.0,1.0986122886681098,1.3862943611198906,lightMedium,brown,dry,brown,P480630,Summer Fridays,26.0
5,1.0,0.699999988,10.0,1.3862943611198906,2.0794415416798357,mediumTan,hazel,combination,brown,P480630,Summer Fridays,26.0
5,1.0,0.854544997,55.0,2.1972245773362196,3.871201010907891,light,hazel,dry,brown,P480630,Summer Fridays,26.0
1,0.0,0.823529005,68.0,2.5649493574615367,4.04305126783455,fair,green,dry,brown,P480630,Summer Fridays,26.0
1,0.0,0.660549998,109.0,3.6375861597263857,4.290459441148391,medium,blue,combination,blonde,P480630,Summer Fridays,26.0
4,1.0,0.777778029,9.0,1.0986122886681098,2.0794415416798357,fair,green,normal,brown,P126301,CLINIQUE,38.0
5,1.0,1.0,4.0,0.0,1.6094379124341003,lightMedium,brown,combination,brown,P126301,CLINIQUE,38.0
5,1.0,1.0,5.0,0.0,1.791759469228055,fair,hazel,combination,blonde,P126301,CLINIQUE,38.0
5,1.0,1.0,4.0,0.0,1.6094379124341003,light,brown,normal,brown,P126301,CLINIQUE,38.0
4,1.0,1.0,7.0,0.0,2.0794415416798357,light,brown,combination,brown,P126301,CLINIQUE,38.0
5,1.0,0.600000024,5.0,1.0986122886681098,1.3862943611198906,lightMedium,brown,combination,brown,P126301,CLINIQUE,38.0
5,1.0,0.75,4.0,0.6931471805599453,1.3862943611198906,light,green,normal,brown,P126301,CLINIQUE,38.0
4,1.0,0.0,4.0,1.6094379124341003,0.0,medium,brown,dry,brown,P126301,CLINIQUE,38.0
2,0.0,0.800000012,5.0,0.6931471805599453,1.6094379124341003,medium,brown,normal,brown,P126301,CLINIQUE,38.0
4,1.0,0.800000012,5.0,0.6931471805599453,1.6094379124341003,fair,brown,combination,brown,P126301,CLINIQUE,38.0
1,1.0,0.333332986,6.0,1.6094379124341003,1.0986122886681098,fair,brown,combination,brown,P126301,CLINIQUE,38.0
5,1.0,1.0,4.0,0.0,1.6094379124341003,fair,brown,combination,brown,P126301,CLINIQUE,38.0
5,1.0,0.800000012,5.0,0.6931471805599453,1.6094379124341003,fair,brown,combination,brown,P126301,CLINIQUE,38.0
5,1.0,0.833333015,6.0,0.6931471805599453,1.791759469228055,fair,brown,oily,brown,P126301,CLINIQUE,38.0
5,1.0,0.857142985,7.0,0.6931471805599453,1.9459101490553132,fair,brown,combination,brown,P126301,CLINIQUE,38.0
5,1.0,0.928570986,14.0,0.6931471805599453,2.6390573296152584,fair,brown,dry,brown,P126301,CLINIQUE,38.0
5,1.0,0.930555999,72.0,1.791759469228055,4.219507705176107,fair,brown,oily,brown,P126301,CLINIQUE,38.0
2,1.0,0.200000003,5.0,1.6094379124341003,0.6931471805599453,fair,brown,combination,brown,P126301,CLINIQUE,38.0
4,1.0,0.625,8.0,1.3862943611198906,1.791759469228055,fair,brown,oily,brown,P126301,CLINIQUE,38.0
5,1.0,1.0,4.0,0.0,1.6094379124341003,fair,brown,combination,brown,P126301,CLINIQUE,38.0
5,1.0,0.949999988,20.0,0.6931471805599453,2.995732273553991,fair,brown,normal,brown,P126301,CLINIQUE,38.0
3,1.0,0.5,4.0,1.0986122886681098,1.0986122886681098,lightMedium,hazel,normal,blonde,P453816,CLINIQUE,14.0
5,1.0,0.75,4.0,0.6931471805599453,1.3862943611198906,medium,brown,dry,black,P453816,CLINIQUE,14.0
1,0.0,0.400000006,5.0,1.3862943611198906,1.0986122886681098,light,hazel,normal,brown,P453816,CLINIQUE,14.0
5,1.0,0.888889015,9.0,0.6931471805599453,2.1972245773362196,light,brown,combination,blonde,P453816,CLINIQUE,14.0
2,0.0,1.0,7.0,0.0,2.0794415416798357,mediumTan,brown,combination,black,P453816,CLINIQUE,14.0
5,1.0,1.0,8.0,0.0,2.1972245773362196,light,green,combination,black,P453816,CLINIQUE,14.0
4,0.0,0.625,8.0,1.3862943611198906,1.791759469228055,lightMedium,brown,normal,brown,P453816,CLINIQUE,14.0
2,0.0,0.844443977,45.0,2.0794415416798357,3.6635616461296463,lightMedium,blue,combination,brown,P453816,CLINIQUE,14.0
3,0.0,1.0,8.0,0.0,2.1972245773362196,fair,green,combination,blonde,P453816,CLINIQUE,14.0
1,0.0,0.636363983,22.0,2.1972245773362196,2.70805020110221,light,hazel,normal,brown,P453816,CLINIQUE,14.0
5,1.0,1.0,7.0,0.0,2.0794415416798357,tan,brown,combination,black,P453816,CLINIQUE,14.0
5,1.0,0.875,8.0,0.6931471805599453,2.0794415416798357,light,hazel,combination,blonde,P453816,CLINIQUE,14.0
5,1.0,1.0,15.0,0.0,2.772588722239781,lightMedium,brown,combination,brown,P453816,CLINIQUE,14.0
5,1.0,0.833333015,6.0,0.6931471805599453,1.791759469228055,lightMedium,brown,normal,brown,P453816,CLINIQUE,14.0
5,1.0,1.0,18.0,0.0,2.9444389791664403,lightMedium,brown,combination,brown,P453816,CLINIQUE,14.0
3,1.0,0.25,8.0,1.9459101490553132,1.0986122886681098,lightMedium,brown,combination,brown,P453816,CLINIQUE,14.0
1,1.0,0.515120029,113.72000000000116,6.144185634125646,6.20455776256869,lightMedium,brown,combination,brown,P453816,CLINIQUE,14.0
5,1.0,0.923076987,13.0,0.6931471805599453,2.5649493574615367,lightMedium,brown,combination,brown,P453816,CLINIQUE,14.0
5,1.0,0.928570986,14.0,0.6931471805599453,2.6390573296152584,lightMedium,brown,normal,brown,P453816,CLINIQUE,14.0
5,1.0,1.0,13.0,0.0,2.6390573296152584,lightMedium,brown,combination,brown,P453816,CLINIQUE,14.0
5,1.0,0.777778029,9.0,1.0986122886681098,2.0794415416798357,lightMedium,brown,normal,brown,P453816,CLINIQUE,14.0
1,1.0,0.666666985,24.0,2.1972245773362196,2.833213344056216,lightMedium,brown,combination,brown,P453816,CLINIQUE,14.0
5,1.0,1.0,11.0,0.0,2.4849066497880004,lightMedium,brown,combination,brown,P453816,CLINIQUE,14.0
3,1.0,0.5,4.0,1.0986122886681098,1.0986122886681098,tan,brown,oily,brown,P453816,CLINIQUE,14.0
3,1.0,0.923076987,13.0,0.6931471805599453,2.5649493574615367,light,brown,combination,brown,P453816,CLINIQUE,14.0
5,1.0,0.666666985,6.0,1.0986122886681098,1.6094379124341003,light,hazel,combination,brown,P456412,KORRES,28.0
2,0.0,0.741935015,31.0,2.1972245773362196,3.1780538303479458,light,brown,combination,brown,P456412,KORRES,28.0
5,1.0,1.0,4.0,0.0,1.6094379124341003,lightMedium,hazel,combination,brown,P456412,KORRES,28.0
4,1.0,0.800000012,5.0,0.6931471805599453,1.6094379124341003,light,brown,normal,brown,P456412,KORRES,28.0
5,1.0,0.75,4.0,0.6931471805599453,1.3862943611198906,light,brown,dry,brown,P456412,KORRES,28.0
5,1.0,1.0,5.0,0.0,1.791759469228055,medium,green,dry,brown,P456412,KORRES,28.0
5,1.0,1.0,4.0,0.0,1.6094379124341003,lightMedium,brown,dry,black,P456412,KORRES,28.0
2,0.0,0.909090996,11.0,0.6931471805599453,2.3978952727983707,fair,brown,combination,black,P456412,KORRES,28.0
5,1.0,1.0,11.0,0.0,2.4849066497880004,lightMedium,brown,combination,brown,P456412,KORRES,28.0
5,1.0,0.600000024,5.0,1.0986122886681098,1.3862943611198906,fair,hazel,dry,red,P456412,KORRES,28.0
1,0.0,0.733332992,15.0,1.6094379124341003,2.4849066497880004,light,green,combination,brunette,P456412,KORRES,28.0
1,1.0,0.75,4.0,0.6931471805599453,1.3862943611198906,light,brown,combination,brunette,P456412,KORRES,28.0
5,1.0,0.75,4.0,0.6931471805599453,1.3862943611198906,light,brown,dry,brunette,P456412,KORRES,28.0
5,1.0,0.800000012,5.0,0.6931471805599453,1.6094379124341003,lightMedium,brown,dry,brown,P418218,Tatcha,70.0
2,0.0,0.692308009,13.0,1.6094379124341003,2.302585092994046,tan,brown,combination,black,P418218,Tatcha,70.0
1,0.0,0.777778029,36.0,2.1972245773362196,3.367295829986474,fair,brown,oily,brown,P418218,Tatcha,70.0
2,0.0,0.25,36.0,3.332204510175204,2.302585092994046,light,brown,dry,black,P418218,Tatcha,70.0
1,0.0,0.176470995,17.0,2.70805020110221,1.3862943611198906,fairLight,green,dry,blonde,P418218,Tatcha,70.0
2,0.0,0.833333015,12.0,1.0986122886681098,2.3978952727983707,light,blue,oily,brown,P418218,Tatcha,70.0
5,1.0,0.666666985,6.0,1.0986122886681098,1.6094379124341003,light,brown,oily,black,P418218,Tatcha,70.0
1,0.0,0.263157994,19.0,2.70805020110221,1.791759469228055,fair,brown,oily,brown,P418218,Tatcha,70.0
3,1.0,0.333332986,9.0,1.9459101490553132,1.3862943611198906,lightMedium,brown,combination,brown,P418218,Tatcha,70.0
5,1.0,1.0,7.0,0.0,2.0794415416798357,fair,brown,combination,brown,P418218,Tatcha,70.0
3,1.0,1.0,4.0,0.0,1.6094379124341003,light,green,combination,brown,P418218,Tatcha,70.0
4,1.0,0.944444001,18.0,0.6931471805599453,2.8903717578961645,fair,green,dry,brown,P418218,Tatcha,70.0
5,1.0,1.0,7.0,0.0,2.0794415416798357,fairLight,brown,combination,auburn,P418218,Tatcha,70.0
5,1.0,0.777778029,9.0,1.0986122886681098,2.0794415416798357,lightMedium,brown,combination,black,P418218,Tatcha,70.0
5,1.0,0.571429014,7.0,1.3862943611198906,1.6094379124341003,tan,brown,oily,black,P418218,Tatcha,70.0
5,1.0,0.857142985,7.0,0.6931471805599453,1.9459101490553132,lightMedium,brown,combination,brown,P418218,Tatcha,70.0
4,1.0,0.800000012,5.0,0.6931471805599453,1.6094379124341003,light,hazel,combination,brown,P418218,Tatcha,70.0
5,1.0,0.800000012,5.0,0.6931471805599453,1.6094379124341003,tan,brown,combination,black,P418218,Tatcha,70.0
5,1.0,0.857142985,7.0,0.6931471805599453,1.9459101490553132,mediumTan,brown,combination,black,P418218,Tatcha,70.0
5,1.0,1.0,8.0,0.0,2.1972245773362196,mediumTan,brown,combination,blonde,P418218,Tatcha,70.0
1,0.0,0.800000012,5.0,0.6931471805599453,1.6094379124341003,light,green,combination,brown,P418218,Tatcha,70.0
5,1.0,1.0,9.0,0.0,2.302585092994046,light,blue,oily,brown,P418218,Tatcha,70.0
5,1.0,1.0,4.0,0.0,1.6094379124341003,light,brown,combination,brown,P418218,Tatcha,70.0
5,1.0,1.0,5.0,0.0,1.791759469228055,lightMedium,brown,combination,black,P418218,Tatcha,70.0
5,1.0,0.875,16.0,1.0986122886681098,2.70805020110221,tan,brown,oily,black,P418218,Tatcha,70.0
5,1.0,0.833333015,6.0,0.6931471805599453,1.791759469228055,fair,blue,combination,brown,P418218,Tatcha,70.0
5,1.0,1.0,6.0,0.0,1.9459101490553132,light,green,combination,brown,P418218,Tatcha,70.0
1,0.0,0.875,16.0,1.0986122886681098,2.70805020110221,light,green,oily,brown,P418218,Tatcha,70.0
3,0.0,0.909090996,11.0,0.6931471805599453,2.3978952727983707,fairLight,Grey,dry,blonde,P418218,Tatcha,70.0
1,0.0,0.75,8.0,1.0986122886681098,1.9459101490553132,lightMedium,brown,combination,brown,P418218,Tatcha,70.0
1,0.0,0.833333015,6.0,0.6931471805599453,1.791759469228055,fairLight,green,combination,blonde,P418218,Tatcha,70.0
2,0.0,0.428570986,7.0,1.6094379124341003,1.3862943611198906,fair,blue,oily,blonde,P418218,Tatcha,70.0
5,1.0,0.9375,16.0,0.6931471805599453,2.772588722239781,mediumTan,brown,combination,brown,P418218,Tatcha,70.0
5,1.0,1.0,7.0,0.0,2.0794415416798357,mediumTan,brown,combination,black,P418218,Tatcha,70.0
1,0.0,0.928570986,14.0,0.6931471805599453,2.6390573296152584,fair,hazel,combination,blonde,P418218,Tatcha,70.0
5,1.0,1.0,7.0,0.0,2.0794415416798357,medium,brown,combination,black,P418218,Tatcha,70.0
5,1.0,1.0,9.0,0.0,2.302585092994046,light,brown,combination,brown,P418218,Tatcha,70.0
5,1.0,1.0,4.0,0.0,1.6094379124341003,lightMedium,brown,oily,blonde,P418218,Tatcha,70.0
1,0.0,0.75,16.0,1.6094379124341003,2.5649493574615367,lightMedium,brown,combination,brown,P418218,Tatcha,70.0
4,0.0,1.0,4.0,0.0,1.6094379124341003,lightMedium,brown,oily,brown,P418218,Tatcha,70.0
3,0.0,1.0,4.0,0.0,1.6094379124341003,light,brown,dry,brown,P418218,Tatcha,70.0
3,1.0,1.0,5.0,0.0,1.791759469228055,light,blue,oily,brown,P418218,Tatcha,70.0
4,1.0,0.833333015,6.0,0.6931471805599453,1.791759469228055,lightMedium,blue,combination,brown,P418218,Tatcha,70.0
3,0.0,0.833333015,6.0,0.6931471805599453,1.791759469228055,fairLight,hazel,dry,red,P418218,Tatcha,70.0
2,0.0,0.888889015,9.0,0.6931471805599453,2.1972245773362196,lightMedium,brown,oily,brown,P418218,Tatcha,70.0
1,0.0,0.833333015,6.0,0.6931471805599453,1.791759469228055,fairLight,green,combination,blonde,P418218,Tatcha,70.0
5,1.0,0.899999976,40.0,1.6094379124341003,3.6109179126442243,fair,blue,oily,brown,P418218,Tatcha,70.0
3,1.0,0.875,8.0,0.6931471805599453,2.0794415416798357,medium,brown,combination,brown,P418218,Tatcha,70.0
3,1.0,0.25,4.0,1.3862943611198906,0.6931471805599453,light,brown,combination,brown,P418218,Tatcha,70.0
5,1.0,0.903226018,31.0,1.3862943611198906,3.367295829986474,light,brown,dry,brown,P418218,Tatcha,70.0
5,1.0,0.899999976,20.0,1.0986122886681098,2.9444389791664403,light,brown,normal,brown,P418218,Tatcha,70.0
5,1.0,0.800000012,5.0,0.6931471805599453,1.6094379124341003,lightMedium,brown,dry,brown,P454794,Tatcha,22.0
2,0.0,0.692308009,13.0,1.6094379124341003,2.302585092994046,tan,brown,combination,black,P454794,Tatcha,22.0
1,0.0,0.777778029,36.0,2.1972245773362196,3.367295829986474,fair,brown,oily,brown,P454794,Tatcha,22.0
2,0.0,0.25,36.0,3.332204510175204,2.302585092994046,light,brown,dry,black,P454794,Tatcha,22.0
1,0.0,0.176470995,17.0,2.70805020110221,1.3862943611198906,fairLight,green,dry,blonde,P454794,Tatcha,22.0
2,0.0,0.833333015,12.0,1.0986122886681098,2.3978952727983707,light,blue,oily,brown,P454794,Tatcha,22.0
5,1.0,0.666666985,6.0,1.0986122886681098,1.6094379124341003,light,brown,oily,black,P454794,Tatcha,22.0
1,0.0,0.263157994,19.0,2.70805020110221,1.791759469228055,fair,brown,oily,brown,P454794,Tatcha,22.0
3,1.0,0.333332986,9.0,1.9459101490553132,1.3862943611198906,lightMedium,brown,combination,brown,P454794,Tatcha,22.0
5,1.0,1.0,7.0,0.0,2.0794415416798357,fair,brown,combination,brown,P454794,Tatcha,22.0
3,1.0,1.0,4.0,0.0,1.6094379124341003,light,green,combination,brown,P454794,Tatcha,22.0
4,1.0,0.944444001,18.0,0.6931471805599453,2.8903717578961645,fair,green,dry,brown,P454794,Tatcha,22.0
5,1.0,1.0,7.0,0.0,2.0794415416798357,fairLight,brown,combination,auburn,P454794,Tatcha,22.0
5,1.0,0.777778029,9.0,1.0986122886681098,2.0794415416798357,lightMedium,brown,combination,black,P454794,Tatcha,22.0
5,1.0,0.571429014,7.0,1.3862943611198906,1.6094379124341003,tan,brown,oily,black,P454794,Tatcha,22.0
5,1.0,0.857142985,7.0,0.6931471805599453,1.9459101490553132,lightMedium,brown,combination,brown,P454794,Tatcha,22.0
4,1.0,0.800000012,5.0,0.6931471805599453,1.6094379124341003,light,hazel,combination,brown,P454794,Tatcha,22.0
5,1.0,0.800000012,5.0,0.6931471805599453,1.6094379124341003,tan,brown,combination,black,P454794,Tatcha,22.0
5,1.0,0.857142985,7.0,0.6931471805599453,1.9459101490553132,mediumTan,brown,combination,black,P454794,Tatcha,22.0
5,1.0,1.0,8.0,0.0,2.1972245773362196,mediumTan,brown,combination,blonde,P454794,Tatcha,22.0
1,0.0,0.800000012,5.0,0.6931471805599453,1.6094379124341003,light,green,combination,brown,P454794,Tatcha,22.0
5,1.0,1.0,9.0,0.0,2.302585092994046,light,blue,oily,brown,P454794,Tatcha,22.0
5,1.0,1.0,4.0,0.0,1.6094379124341003,light,brown,combination,brown,P454794,Tatcha,22.0
5,1.0,1.0,5.0,0.0,1.791759469228055,lightMedium,brown,combination,black,P454794,Tatcha,22.0
5,1.0,0.875,16.0,1.0986122886681098,2.70805020110221,tan,brown,oily,black,P454794,Tatcha,22.0
5,1.0,0.833333015,6.0,0.6931471805599453,1.791759469228055,fair,blue,combination,brown,P454794,Tatcha,22.0
5,1.0,1.0,6.0,0.0,1.9459101490553132,light,green,combination,brown,P454794,Tatcha,22.0
1,0.0,0.875,16.0,1.0986122886681098,2.70805020110221,light,green,oily,brown,P454794,Tatcha,22.0
3,0.0,0.909090996,11.0,0.6931471805599453,2.3978952727983707,fairLight,Grey,dry,blonde,P454794,Tatcha,22.0
1,0.0,0.75,8.0,1.0986122886681098,1.9459101490553132,lightMedium,brown,combination,brown,P454794,Tatcha,22.0
1,0.0,0.833333015,6.0,0.6931471805599453,1.791759469228055,fairLight,green,combination,blonde,P454794,Tatcha,22.0
2,0.0,0.428570986,7.0,1.6094379124341003,1.3862943611198906,fair,blue,oily,blonde,P454794,Tatcha,22.0
5,1.0,0.9375,16.0,0.6931471805599453,2.772588722239781,mediumTan,brown,combination,brown,P454794,Tatcha,22.0
5,1.0,1.0,7.0,0.0,2.0794415416798357,mediumTan,brown,combination,black,P454794,Tatcha,22.0
1,0.0,0.928570986,14.0,0.6931471805599453,2.6390573296152584,fair,hazel,combination,blonde,P454794,Tatcha,22.0
5,1.0,1.0,7.0,0.0,2.0794415416798357,medium,brown,combination,black,P454794,Tatcha,22.0
5,1.0,1.0,9.0,0.0,2.302585092994046,light,brown,combination,brown,P454794,Tatcha,22.0
5,1.0,1.0,4.0,0.0,1.6094379124341003,lightMedium,brown,oily,blonde,P454794,Tatcha,22.0
1,0.0,0.75,16.0,1.6094379124341003,2.5649493574615367,lightMedium,brown,combination,brown,P454794,Tatcha,22.0
4,0.0,1.0,4.0,0.0,1.6094379124341003,lightMedium,brown,oily,brown,P454794,Tatcha,22.0
3,0.0,1.0,4.0,0.0,1.6094379124341003,light,brown,dry,brown,P454794,Tatcha,22.0
3,1.0,1.0,5.0,0.0,1.791759469228055,light,blue,oily,brown,P454794,Tatcha,22.0
4,1.0,0.833333015,6.0,0.6931471805599453,1.791759469228055,lightMedium,blue,combination,brown,P454794,Tatcha,22.0
3,0.0,0.833333015,6.0,0.6931471805599453,1.791759469228055,fairLight,hazel,dry,red,P454794,Tatcha,22.0
2,0.0,0.888889015,9.0,0.6931471805599453,2.1972245773362196,lightMedium,brown,oily,brown,P454794,Tatcha,22.0
1,0.0,0.833333015,6.0,0.6931471805599453,1.791759469228055,fairLight,green,combination,blonde,P454794,Tatcha,22.0
5,1.0,0.899999976,40.0,1.6094379124341003,3.6109179126442243,fair,blue,oily,brown,P454794,Tatcha,22.0
3,1.0,0.875,8.0,0.6931471805599453,2.0794415416798357,medium,brown,combination,brown,P454794,Tatcha,22.0
3,1.0,0.25,4.0,1.3862943611198906,0.6931471805599453,light,brown,combination,brown,P454794,Tatcha,22.0
5,1.0,0.903226018,31.0,1.3862943611198906,3.367295829986474,light,brown,dry,brown,P454794,Tatcha,22.0
5,1.0,0.899999976,20.0,1.0986122886681098,2.9444389791664403,light,brown,normal,brown,P454794,Tatcha,22.0
4,1.0,0.818181992,11.0,1.0986122886681098,2.302585092994046,light,brown,combination,black,P122900,CLINIQUE,32.5
1,1.0,0.714286029,7.0,1.0986122886681098,1.791759469228055,light,brown,combination,black,P122900,CLINIQUE,32.5
5,1.0,1.0,6.0,0.0,1.9459101490553132,light,brown,oily,black,P122900,CLINIQUE,32.5
5,1.0,0.5,4.0,1.0986122886681098,1.0986122886681098,light,brown,combination,black,P122900,CLINIQUE,32.5
5,1.0,1.0,9.0,0.0,2.302585092994046,fair,brown,normal,black,P122900,CLINIQUE,32.5
5,1.0,0.800000012,5.0,0.6931471805599453,1.6094379124341003,fair,brown,oily,black,P122900,CLINIQUE,32.5
1,1.0,0.0,4.0,1.6094379124341003,0.0,light,brown,combination,black,P122900,CLINIQUE,32.5
5,1.0,1.0,7.0,0.0,2.0794415416798357,light,brown,combination,black,P122900,CLINIQUE,32.5
5,1.0,0.625,8.0,1.3862943611198906,1.791759469228055,light,blue,combination,brown,P409800,SEPHORA COLLECTION,3.0
5,1.0,1.0,5.0,0.0,1.791759469228055,fair,blue,combination,blonde,P409800,SEPHORA COLLECTION,3.0
5,1.0,1.0,4.0,0.0,1.6094379124341003,light,blue,combination,blonde,P409800,SEPHORA COLLECTION,3.0
4,1.0,0.833333015,6.0,0.6931471805599453,1.791759469228055,medium,brown,oily,brown,P409800,SEPHORA COLLECTION,3.0
4,1.0,1.0,4.0,0.0,1.6094379124341003,lightMedium,brown,combination,blonde,P409800,SEPHORA COLLECTION,3.0
5,0.0,1.0,30.0,0.0,3.4339872044851463,lightMedium,hazel,combination,black,P409800,SEPHORA COLLECTION,3.0
5,1.0,0.888889015,9.0,0.6931471805599453,2.1972245773362196,light,brown,combination,brown,P409800,SEPHORA COLLECTION,3.0
1,1.0,0.866666973,15.0,1.0986122886681098,2.6390573296152584,light,brown,combination,brown,P409800,SEPHORA COLLECTION,3.0
5,1.0,0.25,4.0,1.3862943611198906,0.6931471805599453,light,brown,combination,black,P427419,The Ordinary,15.7
1,0.0,0.333332986,24.0,2.833213344056216,2.1972245773362196,fair,brown,combination,brown,P427419,The Ordinary,15.7
5,1.0,1.0,25.0,0.0,3.258096538021482,tan,brown,combination,brown,P427419,The Ordinary,15.7
5,1.0,0.75,8.0,1.0986122886681098,1.9459101490553132,mediumTan,brown,combination,black,P427419,The Ordinary,15.7
5,1.0,0.5,6.0,1.3862943611198906,1.3862943611198906,medium,hazel,combination,blonde,P427419,The Ordinary,15.7
4,1.0,0.800000012,5.0,0.6931471805599453,1.6094379124341003,light,blue,oily,auburn,P427419,The Ordinary,15.7
1,0.0,0.800000012,5.0,0.6931471805599453,1.6094379124341003,tan,brown,combination,black,P427419,The Ordinary,15.7
2,0.0,0.5,4.0,1.0986122886681098,1.0986122886681098,light,green,dry,brown,P427419,The Ordinary,15.7
1,0.0,1.0,9.0,0.0,2.302585092994046,medium,brown,combination,black,P427419,The Ordinary,15.7
5,1.0,0.777778029,9.0,1.0986122886681098,2.0794415416798357,light,brown,combination,brown,P427419,The Ordinary,15.7
5,1.0,1.0,6.0,0.0,1.9459101490553132,medium,brown,dry,brown,P427419,The Ordinary,15.7
4,1.0,1.0,23.0,0.0,3.1780538303479458,light,green,combination,blonde,P427419,The Ordinary,15.7
4,1.0,1.0,4.0,0.0,1.6094379124341003,tan,brown,combination,gray,P427419,The Ordinary,15.7
5,1.0,1.0,8.0,0.0,2.1972245773362196,lightMedium,brown,dry,brown,P427419,The Ordinary,15.7
5,1.0,0.222222,9.0,2.0794415416798357,1.0986122886681098,light,brown,combination,brown,P427419,The Ordinary,15.7
5,1.0,0.75,4.0,0.6931471805599453,1.3862943611198906,lightMedium,brown,combination,brown,P427419,The Ordinary,15.7
5,1.0,0.25,8.0,1.9459101490553132,1.0986122886681098,tan,brown,combination,brown,P427419,The Ordinary,15.7
5,1.0,0.125,8.0,2.0794415416798357,0.6931471805599453,fairLight,hazel,dry,blonde,P427419,The Ordinary,15.7
5,1.0,1.0,6.0,0.0,1.9459101490553132,lightMedium,blue,combination,blonde,P427419,The Ordinary,15.7
4,1.0,1.0,5.0,0.0,1.791759469228055,fair,brown,dry,brown,P427419,The Ordinary,15.7
5,1.0,0.883720994,43.0,1.791759469228055,3.6635616461296463,fairLight,hazel,combination,brown,P427419,The Ordinary,15.7
5,1.0,0.75,4.0,0.6931471805599453,1.3862943611198906,fair,blue,combination,brown,P427419,The Ordinary,15.7
5,1.0,0.833333015,12.0,1.0986122886681098,2.3978952727983707,lightMedium,green,combination,brown,P427419,The Ordinary,15.7
5,1.0,1.0,5.0,0.0,1.791759469228055,light,green,combination,brown,P427419,The Ordinary,15.7
5,1.0,1.0,8.0,0.0,2.1972245773362196,light,brown,combination,brown,P427419,The Ordinary,15.7
4,1.0,1.0,5.0,0.0,1.791759469228055,mediumTan,brown,normal,brown,P427419,The Ordinary,15.7
5,1.0,1.0,4.0,0.0,1.6094379124341003,fair,blue,dry,blonde,P427419,The Ordinary,15.7
4,1.0,0.833333015,6.0,0.6931471805599453,1.791759469228055,fair,blue,combination,blonde,P427419,The Ordinary,15.7
5,1.0,0.818181992,22.0,1.6094379124341003,2.9444389791664403,light,blue,combination,blonde,P427419,The Ordinary,15.7
4,1.0,0.75,4.0,0.6931471805599453,1.3862943611198906,lightMedium,brown,combination,brown,P427419,The Ordinary,15.7
5,1.0,0.709676981,31.0,2.302585092994046,3.1354942159291497,light,brown,combination,brown,P427419,The Ordinary,15.7
5,1.0,0.75,4.0,0.6931471805599453,1.3862943611198906,fair,blue,dry,blonde,P427419,The Ordinary,15.7
5,1.0,1.0,5.0,0.0,1.791759469228055,fairLight,blue,normal,blonde,P427419,The Ordinary,15.7
5,1.0,1.0,10.0,0.0,2.3978952727983707,fair,brown,combination,brown,P427419,The Ordinary,15.7
5,1.0,0.5,4.0,1.0986122886681098,1.0986122886681098,lightMedium,brown,combination,brown,P427419,The Ordinary,15.7
5,1.0,1.0,10.0,0.0,2.3978952727983707,light,brown,dry,brown,P427419,The Ordinary,15.7
2,0.0,0.839999974,25.0,1.6094379124341003,3.091042453358316,light,green,dry,auburn,P427419,The Ordinary,15.7
5,1.0,0.966666996,30.0,0.6931471805599453,3.4011973816621555,tan,brown,combination,black,P427419,The Ordinary,15.7
2,0.0,0.714286029,14.0,1.6094379124341003,2.3978952727983707,deep,brown,combination,blonde,P427419,The Ordinary,15.7
5,1.0,1.0,7.0,0.0,2.0794415416798357,light,brown,normal,brown,P427419,The Ordinary,15.7
1,0.0,0.470587999,17.0,2.302585092994046,2.1972245773362196,lightMedium,green,combination,blonde,P427419,The Ordinary,15.7
5,1.0,1.0,10.0,0.0,2.3978952727983707,lightMedium,hazel,dry,black,P427419,The Ordinary,15.7
5,1.0,0.944444001,18.0,0.6931471805599453,2.8903717578961645,lightMedium,brown,dry,black,P427419,The Ordinary,15.7
2,0.0,0.777778029,27.0,1.9459101490553132,3.091042453358316,light,green,combination,brown,P427419,The Ordinary,15.7
1,0.0,0.25,40.0,3.4339872044851463,2.3978952727983707,lightMedium,green,dry,brown,P427419,The Ordinary,15.7
5,1.0,0.800000012,5.0,0.6931471805599453,1.6094379124341003,light,hazel,combination,blonde,P427419,The Ordinary,15.7
5,1.0,0.899999976,10.0,0.6931471805599453,2.302585092994046,light,brown,dry,auburn,P427419,The Ordinary,15.7
5,1.0,1.0,12.0,0.0,2.5649493574615367,light,green,dry,blonde,P427419,The Ordinary,15.7
3,1.0,0.0,8.0,2.1972245773362196,0.0,light,blue,oily,blonde,P427419,The Ordinary,15.7
4,1.0,0.833333015,6.0,0.6931471805599453,1.791759469228055,deep,brown,oily,black,P427419,The Ordinary,15.7
3,0.0,0.5,4.0,1.0986122886681098,1.0986122886681098,light,hazel,oily,brown,P427419,The Ordinary,15.7
1,0.0,0.800000012,25.0,1.791759469228055,3.044522437723423,light,brown,dry,brown,P427419,The Ordinary,15.7
5,1.0,0.968084991,113.72000000000116,1.9459101490553132,5.209486152841421,lightMedium,brown,combination,black,P427419,The Ordinary,15.7
5,1.0,0.923076987,26.0,1.0986122886681098,3.2188758248682006,fair,blue,dry,brown,P427419,The Ordinary,15.7
5,1.0,0.800000012,15.0,1.3862943611198906,2.5649493574615367,fairLight,blue,dry,blonde,P427419,The Ordinary,15.7
1,0.0,0.882353008,51.0,1.9459101490553132,3.828641396489095,light,brown,dry,brown,P427419,The Ordinary,15.7
5,1.0,0.897436023,39.0,1.6094379124341003,3.58351893845611,mediumTan,brown,combination,brown,P427419,The Ordinary,15.7
4,1.0,0.909090996,11.0,0.6931471805599453,2.3978952727983707,light,green,dry,brown,P427419,The Ordinary,15.7
4,1.0,1.0,6.0,0.0,1.9459101490553132,lightMedium,brown,oily,black,P460779,bareMinerals,65.0
5,1.0,1.0,4.0,0.0,1.6094379124341003,tan,hazel,normal,brown,P443563,LANEIGE,18.0
2,0.0,0.571429014,7.0,1.3862943611198906,1.6094379124341003,light,brown,combination,brown,P443563,LANEIGE,18.0
4,1.0,1.0,12.0,0.0,2.5649493574615367,tan,brown,combination,black,P443563,LANEIGE,18.0
5,1.0,0.800000012,5.0,0.6931471805599453,1.6094379124341003,light,brown,normal,brown,P443563,LANEIGE,18.0
2,0.0,0.899999976,10.0,0.6931471805599453,2.302585092994046,tan,brown,oily,brunette,P443563,LANEIGE,18.0
1,0.0,0.75,12.0,1.3862943611198906,2.302585092994046,light,brown,combination,black,P443563,LANEIGE,18.0
5,1.0,1.0,12.0,0.0,2.5649493574615367,light,brown,dry,brown,P443563,LANEIGE,18.0
4,1.0,0.181817994,11.0,2.302585092994046,1.0986122886681098,light,brown,combination,brown,P443563,LANEIGE,18.0
1,1.0,0.340909004,44.0,3.4011973816621555,2.772588722239781,light,brown,oily,black,P443563,LANEIGE,18.0
4,1.0,1.0,5.0,0.0,1.791759469228055,light,green,combination,blonde,P443563,LANEIGE,18.0
4,1.0,0.357143015,28.0,2.9444389791664403,2.3978952727983707,light,brown,combination,brown,P443563,LANEIGE,18.0
5,1.0,1.0,50.0,0.0,3.9318256327243257,lightMedium,brown,normal,black,P443563,LANEIGE,18.0
5,1.0,1.0,8.0,0.0,2.1972245773362196,fairLight,green,normal,red,P443563,LANEIGE,18.0
4,1.0,0.5,6.0,1.3862943611198906,1.3862943611198906,fair,hazel,normal,brown,P443563,LANEIGE,18.0
4,1.0,0.571429014,7.0,1.3862943611198906,1.6094379124341003,lightMedium,brown,combination,brown,P443563,LANEIGE,18.0
3,0.0,0.5,4.0,1.0986122886681098,1.0986122886681098,light,hazel,combination,blonde,P443563,LANEIGE,18.0
3,1.0,0.285714,7.0,1.791759469228055,1.0986122886681098,fair,blue,combination,blonde,P443563,LANEIGE,18.0
3,0.0,0.642857015,14.0,1.791759469228055,2.302585092994046,fair,hazel,combination,blonde,P443563,LANEIGE,18.0
5,1.0,0.888889015,9.0,0.6931471805599453,2.1972245773362196,lightMedium,hazel,combination,black,P443563,LANEIGE,18.0
5,1.0,0.666666985,6.0,1.0986122886681098,1.6094379124341003,fair,blue,dry,brown,P443563,LANEIGE,18.0
3,1.0,0.823529005,17.0,1.3862943611198906,2.70805020110221,fair,blue,dry,blonde,P443563,LANEIGE,18.0
3,0.0,0.75,16.0,1.6094379124341003,2.5649493574615367,medium,brown,oily,brown,P443563,LANEIGE,18.0
5,1.0,0.200000003,5.0,1.6094379124341003,0.6931471805599453,light,brown,combination,brown,P443563,LANEIGE,18.0
3,0.0,0.571429014,7.0,1.3862943611198906,1.6094379124341003,fair,blue,dry,brown,P12573,Jack Black,10.0
5,1.0,1.0,4.0,0.0,1.6094379124341003,medium,brown,normal,brown,P12573,Jack Black,10.0
4,1.0,0.5,8.0,1.6094379124341003,1.6094379124341003,fair,brown,combination,brown,P12573,Jack Black,10.0
5,1.0,1.0,7.0,0.0,2.0794415416798357,fairLight,blue,dry,blonde,P12573,Jack Black,10.0
3,0.0,0.666666985,6.0,1.0986122886681098,1.6094379124341003,lightMedium,hazel,combination,blonde,P12573,Jack Black,10.0
5,1.0,1.0,4.0,0.0,1.6094379124341003,lightMedium,brown,combination,brown,P12573,Jack Black,10.0
5,1.0,0.600000024,5.0,1.0986122886681098,1.3862943611198906,lightMedium,brown,oily,black,P12573,Jack Black,10.0
4,1.0,0.833333015,6.0,0.6931471805599453,1.791759469228055,fair,brown,normal,brown,P12573,Jack Black,10.0
4,1.0,1.0,8.0,0.0,2.1972245773362196,fair,brown,combination,brown,P12573,Jack Black,10.0
5,1.0,1.0,11.0,0.0,2.4849066497880004,fair,brown,normal,brown,P12573,Jack Black,10.0
5,1.0,0.833333015,6.0,0.6931471805599453,1.791759469228055,fair,brown,combination,brown,P12573,Jack Black,10.0
5,1.0,0.25,4.0,1.3862943611198906,0.6931471805599453,light,brown,oily,brown,P270594,Bobbi Brown,66.0
5,1.0,0.800000012,5.0,0.6931471805599453,1.6094379124341003,light,brown,combination,black,P270594,Bobbi Brown,66.0
5,1.0,0.882353008,17.0,1.0986122886681098,2.772588722239781,fair,green,dry,brown,P270594,Bobbi Brown,66.0
5,1.0,0.966666996,30.0,0.6931471805599453,3.4011973816621555,fair,green,combination,blonde,P270594,Bobbi Brown,66.0
5,1.0,1.0,14.0,0.0,2.70805020110221,light,brown,oily,blonde,P270594,Bobbi Brown,66.0
5,1.0,0.965516984,58.0,1.0986122886681098,4.04305126783455,lightMedium,blue,dry,blonde,P270594,Bobbi Brown,66.0
4,1.0,0.785713971,14.0,1.3862943611198906,2.4849066497880004,light,brown,combination,blonde,P270594,Bobbi Brown,66.0
5,1.0,0.888889015,18.0,1.0986122886681098,2.833213344056216,light,hazel,combination,blonde,P270594,Bobbi Brown,66.0
5,1.0,1.0,22.0,0.0,3.1354942159291497,fair,brown,combination,brown,P270594,Bobbi Brown,66.0
5,1.0,1.0,8.0,0.0,2.1972245773362196,medium,brown,combination,black,P270594,Bobbi Brown,66.0
5,1.0,1.0,6.0,0.0,1.9459101490553132,fairLight,green,combination,blonde,P270594,Bobbi Brown,66.0
5,1.0,1.0,16.0,0.0,2.833213344056216,mediumTan,blue,normal,brown,P270594,Bobbi Brown,66.0
5,1.0,0.666666985,9.0,1.3862943611198906,1.9459101490553132,fair,brown,dry,brown,P270594,Bobbi Brown,66.0
2,1.0,0.111111,9.0,2.1972245773362196,0.6931471805599453,light,brown,combination,brown,P270594,Bobbi Brown,66.0
5,1.0,0.857142985,7.0,0.6931471805599453,1.9459101490553132,light,brown,combination,brown,P270594,Bobbi Brown,66.0
5,1.0,0.75,4.0,0.6931471805599453,1.3862943611198906,light,brown,combination,brown,P270594,Bobbi Brown,66.0
5,1.0,0.888889015,9.0,0.6931471805599453,2.1972245773362196,light,brown,combination,brown,P270594,Bobbi Brown,66.0
5,1.0,0.833333015,6.0,0.6931471805599453,1.791759469228055,light,brown,combination,brown,P270594,Bobbi Brown,66.0
5,1.0,0.75,4.0,0.6931471805599453,1.3862943611198906,light,brown,normal,brown,P270594,Bobbi Brown,66.0
5,1.0,0.699999988,10.0,1.3862943611198906,2.0794415416798357,fair,brown,combination,brown,P392246,Drunk Elephant,90.0
4,1.0,0.75,4.0,0.6931471805599453,1.3862943611198906,light,brown,combination,brown,P392246,Drunk Elephant,90.0
1,0.0,0.727272987,11.0,1.3862943611198906,2.1972245773362196,light,brown,combination,black,P392246,Drunk Elephant,90.0
4,1.0,0.699999988,10.0,1.3862943611198906,2.0794415416798357,light,brown,normal,brown,P392246,Drunk Elephant,90.0
5,1.0,0.875,8.0,0.6931471805599453,2.0794415416798357,lightMedium,hazel,dry,brown,P392246,Drunk Elephant,90.0
5,1.0,0.5,6.0,1.3862943611198906,1.3862943611198906,light,brown,dry,brown,P392246,Drunk Elephant,90.0
4,1.0,0.875,8.0,0.6931471805599453,2.0794415416798357,medium,brown,combination,black,P392246,Drunk Elephant,90.0
1,0.0,0.269230992,52.0,3.6635616461296463,2.70805020110221,light,brown,oily,black,P392246,Drunk Elephant,90.0
5,1.0,0.818181992,11.0,1.0986122886681098,2.302585092994046,light,blue,combination,blonde,P392246,Drunk Elephant,90.0
4,0.0,0.846153975,52.0,2.1972245773362196,3.8066624897703196,light,blue,combination,brown,P392246,Drunk Elephant,90.0
5,1.0,0.642857015,14.0,1.791759469228055,2.302585092994046,light,brown,dry,black,P392246,Drunk Elephant,90.0
5,1.0,0.714286029,7.0,1.0986122886681098,1.791759469228055,lightMedium,brown,dry,black,P392246,Drunk Elephant,90.0
5,1.0,0.888889015,9.0,0.6931471805599453,2.1972245773362196,light,blue,normal,auburn,P392246,Drunk Elephant,90.0
4,1.0,1.0,4.0,0.0,1.6094379124341003,light,blue,combination,brown,P392246,Drunk Elephant,90.0
5,1.0,1.0,6.0,0.0,1.9459101490553132,light,brown,oily,brown,P392246,Drunk Elephant,90.0
5,1.0,1.0,5.0,0.0,1.791759469228055,medium,hazel,oily,black,P392246,Drunk Elephant,90.0
5,1.0,1.0,6.0,0.0,1.9459101490553132,light,green,oily,brown,P392246,Drunk Elephant,90.0
1,0.0,1.0,4.0,0.0,1.6094379124341003,medium,brown,oily,black,P392246,Drunk Elephant,90.0
5,1.0,0.600000024,5.0,1.0986122886681098,1.3862943611198906,fairLight,brown,combination,brown,P392246,Drunk Elephant,90.0
5,1.0,1.0,12.0,0.0,2.5649493574615367,light,brown,dry,black,P392246,Drunk Elephant,90.0
4,1.0,0.625,8.0,1.3862943611198906,1.791759469228055,light,brown,combination,brown,P392246,Drunk Elephant,90.0
5,1.0,1.0,26.0,0.0,3.295836866004329,fair,blue,oily,blonde,P392246,Drunk Elephant,90.0
2,0.0,0.857142985,7.0,0.6931471805599453,1.9459101490553132,light,brown,combination,brown,P392246,Drunk Elephant,90.0
1,0.0,0.800000012,5.0,0.6931471805599453,1.6094379124341003,fair,green,normal,brown,P392246,Drunk Elephant,90.0
1,0.0,0.923076987,13.0,0.6931471805599453,2.5649493574615367,light,hazel,dry,blonde,P392246,Drunk Elephant,90.0
5,1.0,0.5,4.0,1.0986122886681098,1.0986122886681098,light,blue,oily,brown,P392246,Drunk Elephant,90.0
5,1.0,0.800000012,5.0,0.6931471805599453,1.6094379124341003,deep,brown,combination,black,P392246,Drunk Elephant,90.0
4,1.0,0.875,8.0,0.6931471805599453,2.0794415416798357,fair,green,normal,brown,P392246,Drunk Elephant,90.0
5,1.0,0.473684013,19.0,2.3978952727983707,2.302585092994046,lightMedium,brown,combination,black,P392246,Drunk Elephant,90.0
5,1.0,0.982758999,58.0,0.6931471805599453,4.060443010546419,light,brown,combination,brown,P392246,Drunk Elephant,90.0
5,1.0,0.947368026,19.0,0.6931471805599453,2.9444389791664403,light,brown,combination,brown,P392246,Drunk Elephant,90.0
3,1.0,0.875,8.0,0.6931471805599453,2.0794415416798357,light,brown,combination,brown,P392246,Drunk Elephant,90.0
4,1.0,1.0,4.0,0.0,1.6094379124341003,light,brown,combination,brown,P392246,Drunk Elephant,90.0
1,1.0,0.636363983,11.0,1.6094379124341003,2.0794415416798357,light,brown,combination,brown,P392246,Drunk Elephant,90.0
1,1.0,0.9375,16.0,0.6931471805599453,2.772588722239781,light,brown,combination,brown,P392246,Drunk Elephant,90.0
5,1.0,0.961538017,26.0,0.6931471805599453,3.258096538021482,light,brown,combination,brown,P392246,Drunk Elephant,90.0
5,1.0,0.928570986,14.0,0.6931471805599453,2.6390573296152584,light,brown,dry,brown,P392246,Drunk Elephant,90.0
5,1.0,0.947368026,19.0,0.6931471805599453,2.9444389791664403,light,brown,normal,brown,P392246,Drunk Elephant,90.0
5,1.0,0.928570986,14.0,0.6931471805599453,2.6390573296152584,light,brown,combination,brown,P392246,Drunk Elephant,90.0
5,1.0,0.733332992,15.0,1.6094379124341003,2.4849066497880004,light,brown,combination,brown,P392246,Drunk Elephant,90.0
5,1.0,0.833333015,6.0,0.6931471805599453,1.791759469228055,light,brown,combination,brown,P392246,Drunk Elephant,90.0
5,1.0,0.666666985,12.0,1.6094379124341003,2.1972245773362196,fair,hazel,combination,brown,P433520,Charlotte Tilbury,100.0
5,1.0,1.0,6.0,0.0,1.9459101490553132,lightMedium,brown,normal,brown,P433520,Charlotte Tilbury,100.0
4,1.0,1.0,7.0,0.0,2.0794415416798357,fair,blue,combination,blonde,P433520,Charlotte Tilbury,100.0
1,0.0,1.0,5.0,0.0,1.791759469228055,lightMedium,brown,combination,brown,P433520,Charlotte Tilbury,100.0
5,1.0,0.888889015,9.0,0.6931471805599453,2.1972245773362196,medium,brown,combination,brown,P433520,Charlotte Tilbury,100.0
5,1.0,0.93333298,15.0,0.6931471805599453,2.70805020110221,light,brown,combination,brown,P433520,Charlotte Tilbury,100.0
1,0.0,0.826086998,23.0,1.6094379124341003,2.995732273553991,lightMedium,hazel,normal,blonde,P433520,Charlotte Tilbury,100.0
4,1.0,0.833333015,6.0,0.6931471805599453,1.791759469228055,medium,brown,combination,brown,P433520,Charlotte Tilbury,100.0
5,1.0,0.882353008,17.0,1.0986122886681098,2.772588722239781,medium,brown,combination,black,P433520,Charlotte Tilbury,100.0
5,1.0,0.833333015,6.0,0.6931471805599453,1.791759469228055,mediumTan,brown,oily,black,P433520,Charlotte Tilbury,100.0
5,1.0,0.800000012,30.0,1.9459101490553132,3.2188758248682006,fair,brown,combination,red,P433520,Charlotte Tilbury,100.0
3,0.0,0.842857003,113.72000000000116,3.1354942159291497,4.77912349311153,fair,brown,normal,brown,P433520,Charlotte Tilbury,100.0
4,1.0,0.333332986,18.0,2.5649493574615367,1.9459101490553132,lightMedium,brown,oily,brown,P433520,Charlotte Tilbury,100.0
2,0.0,1.0,4.0,0.0,1.6094379124341003,light,brown,combination,blonde,P481817,Caudalie,49.0
3,0.0,1.0,16.0,0.0,2.833213344056216,light,brown,dry,blonde,P481817,Caudalie,49.0
1,0.0,0.636363983,11.0,1.6094379124341003,2.0794415416798357,medium,brown,combination,brown,P481817,Caudalie,49.0
2,0.0,0.529411972,17.0,2.1972245773362196,2.302585092994046,light,hazel,oily,blonde,P481817,Caudalie,49.0
5,1.0,0.800000012,5.0,0.6931471805599453,1.6094379124341003,porcelain,gray,normal,auburn,P481817,Caudalie,49.0
4,1.0,1.0,4.0,0.0,1.6094379124341003,porcelain,brown,oily,black,P481817,Caudalie,49.0
5,1.0,1.0,8.0,0.0,2.1972245773362196,light,brown,normal,brunette,P481817,Caudalie,49.0
3,0.0,0.846153975,13.0,1.0986122886681098,2.4849066497880004,light,green,combination,brunette,P481817,Caudalie,49.0
1,0.0,0.25,4.0,1.3862943611198906,0.6931471805599453,light,brown,dry,brunette,P481817,Caudalie,49.0
1,1.0,0.333332986,6.0,1.6094379124341003,1.0986122886681098,light,brown,combination,blonde,P481817,Caudalie,49.0
1,1.0,0.727272987,11.0,1.3862943611198906,2.1972245773362196,light,brown,combination,blonde,P481817,Caudalie,49.0
4,1.0,0.333332986,12.0,2.1972245773362196,1.6094379124341003,light,brown,combination,blonde,P481817,Caudalie,49.0
1,1.0,0.200000003,10.0,2.1972245773362196,1.0986122886681098,light,brown,combination,blonde,P481817,Caudalie,49.0
2,1.0,0.200000003,5.0,1.6094379124341003,0.6931471805599453,light,brown,combination,blonde,P481817,Caudalie,49.0
5,1.0,0.857142985,7.0,0.6931471805599453,1.9459101490553132,deep,brown,normal,blonde,P481817,Caudalie,49.0
5,1.0,0.600000024,5.0,1.0986122886681098,1.3862943611198906,fair,hazel,normal,black,P458219,Glow Recipe,34.0
5,1.0,0.75,4.0,0.6931471805599453,1.3862943611198906,light,green,combination,blonde,P458219,Glow Recipe,34.0
1,0.0,0.25,4.0,1.3862943611198906,0.6931471805599453,lightMedium,brown,dry,black,P458219,Glow Recipe,34.0
4,1.0,0.75,4.0,0.6931471805599453,1.3862943611198906,light,blue,combination,brown,P458219,Glow Recipe,34.0
3,0.0,0.5,4.0,1.0986122886681098,1.0986122886681098,lightMedium,green,combination,brown,P458219,Glow Recipe,34.0
4,1.0,0.800000012,5.0,0.6931471805599453,1.6094379124341003,fair,Grey,normal,brown,P458219,Glow Recipe,34.0
5,1.0,1.0,5.0,0.0,1.791759469228055,light,brown,dry,blonde,P458219,Glow Recipe,34.0
5,1.0,1.0,6.0,0.0,1.9459101490553132,fair,Grey,combination,brown,P458219,Glow Recipe,34.0
4,1.0,0.5,6.0,1.3862943611198906,1.3862943611198906,lightMedium,brown,combination,brown,P458219,Glow Recipe,34.0
3,0.0,0.600000024,5.0,1.0986122886681098,1.3862943611198906,fairLight,green,dry,auburn,P458219,Glow Recipe,34.0
3,0.0,0.600000024,5.0,1.0986122886681098,1.3862943611198906,lightMedium,hazel,combination,brown,P458219,Glow Recipe,34.0
5,1.0,0.800000012,5.0,0.6931471805599453,1.6094379124341003,lightMedium,brown,combination,black,P458219,Glow Recipe,34.0
5,1.0,1.0,8.0,0.0,2.1972245773362196,lightMedium,brown,oily,brown,P458219,Glow Recipe,34.0
3,0.0,0.285714,7.0,1.791759469228055,1.0986122886681098,fair,brown,dry,black,P458219,Glow Recipe,34.0
2,0.0,0.923076987,13.0,0.6931471805599453,2.5649493574615367,light,green,oily,auburn,P458219,Glow Recipe,34.0
5,1.0,0.666666985,6.0,1.0986122886681098,1.6094379124341003,fair,blue,combination,black,P458219,Glow Recipe,34.0
1,0.0,0.404762,42.0,3.258096538021482,2.8903717578961645,lightMedium,green,dry,brown,P458219,Glow Recipe,34.0
4,1.0,1.0,4.0,0.0,1.6094379124341003,fair,brown,combination,brown,P458219,Glow Recipe,34.0
2,0.0,0.846153975,13.0,1.0986122886681098,2.4849066497880004,tan,brown,oily,brown,P458219,Glow Recipe,34.0
5,1.0,0.75,4.0,0.6931471805599453,1.3862943611198906,fair,blue,combination,blonde,P458219,Glow Recipe,34.0
5,1.0,1.0,15.0,0.0,2.772588722239781,fair,blue,combination,blonde,P458219,Glow Recipe,34.0
5,1.0,0.867924988,53.0,2.0794415416798357,3.8501476017100584,mediumTan,brown,oily,black,P458219,Glow Recipe,34.0
5,1.0,1.0,6.0,0.0,1.9459101490553132,mediumTan,brown,dry,brown,P467762,Glow Recipe,15.0
5,1.0,0.777778029,9.0,1.0986122886681098,2.0794415416798357,light,brown,normal,auburn,P467762,Glow Recipe,15.0
5,1.0,1.0,14.0,0.0,2.70805020110221,fair,brown,dry,brown,P467762,Glow Recipe,15.0
3,0.0,1.0,5.0,0.0,1.791759469228055,lightMedium,brown,oily,brown,P467762,Glow Recipe,15.0
5,1.0,1.0,4.0,0.0,1.6094379124341003,mediumTan,brown,combination,black,P467762,Glow Recipe,15.0
5,1.0,0.200000003,20.0,2.833213344056216,1.6094379124341003,light,hazel,combination,brown,P467762,Glow Recipe,15.0
5,1.0,1.0,4.0,0.0,1.6094379124341003,medium,brown,combination,black,P467762,Glow Recipe,15.0
4,1.0,1.0,4.0,0.0,1.6094379124341003,light,blue,combination,brown,P467762,Glow Recipe,15.0
5,1.0,1.0,5.0,0.0,1.791759469228055,lightMedium,green,normal,brown,P467762,Glow Recipe,15.0
4,1.0,1.0,4.0,0.0,1.6094379124341003,lightMedium,brown,oily,brown,P467762,Glow Recipe,15.0
4,1.0,0.5,4.0,1.0986122886681098,1.0986122886681098,lightMedium,brown,combination,black,P467762,Glow Recipe,15.0
5,1.0,1.0,5.0,0.0,1.791759469228055,fair,green,combination,brown,P467762,Glow Recipe,15.0
3,0.0,1.0,7.0,0.0,2.0794415416798357,fairLight,hazel,dry,brown,P467762,Glow Recipe,15.0
2,0.0,1.0,4.0,0.0,1.6094379124341003,fair,hazel,combination,brown,P467762,Glow Recipe,15.0
5,1.0,0.800000012,5.0,0.6931471805599453,1.6094379124341003,fairLight,blue,combination,blonde,P467762,Glow Recipe,15.0
5,1.0,1.0,4.0,0.0,1.6094379124341003,light,brown,combination,blonde,P467762,Glow Recipe,15.0
5,1.0,0.818181992,11.0,1.0986122886681098,2.302585092994046,fair,blue,oily,brown,P467762,Glow Recipe,15.0
3,0.0,0.877192974,57.0,2.0794415416798357,3.9318256327243257,light,brown,normal,brown,P467762,Glow Recipe,15.0
5,1.0,1.0,6.0,0.0,1.9459101490553132,light,blue,combination,brown,P467762,Glow Recipe,15.0
5,1.0,1.0,10.0,0.0,2.3978952727983707,fair,hazel,dry,blonde,P467762,Glow Recipe,15.0
1,0.0,0.800000012,10.0,1.0986122886681098,2.1972245773362196,light,brown,combination,brown,P467762,Glow Recipe,15.0
5,1.0,1.0,5.0,0.0,1.791759469228055,fair,brown,oily,blonde,P467762,Glow Recipe,15.0
5,1.0,0.75,4.0,0.6931471805599453,1.3862943611198906,lightMedium,blue,combination,blonde,P467762,Glow Recipe,15.0
5,1.0,1.0,5.0,0.0,1.791759469228055,fair,brown,combination,brown,P467762,Glow Recipe,15.0
1,0.0,0.720000029,25.0,2.0794415416798357,2.9444389791664403,light,brown,combination,brown,P467762,Glow Recipe,15.0
5,1.0,0.5,4.0,1.0986122886681098,1.0986122886681098,light,hazel,dry,brown,P467762,Glow Recipe,15.0
1,0.0,0.5,14.0,2.0794415416798357,2.0794415416798357,lightMedium,brown,combination,brown,P467762,Glow Recipe,15.0
5,1.0,1.0,9.0,0.0,2.302585092994046,tan,brown,oily,brown,P467762,Glow Recipe,15.0
1,0.0,0.545454979,11.0,1.791759469228055,1.9459101490553132,lightMedium,blue,dry,brown,P467762,Glow Recipe,15.0
1,0.0,0.205881998,34.0,3.332204510175204,2.0794415416798357,fair,brown,oily,brown,P467762,Glow Recipe,15.0
5,1.0,0.75,4.0,0.6931471805599453,1.3862943611198906,fairLight,blue,combination,red,P467762,Glow Recipe,15.0
5,1.0,0.714286029,7.0,1.0986122886681098,1.791759469228055,fair,brown,combination,brown,P467762,Glow Recipe,15.0
4,1.0,1.0,4.0,0.0,1.6094379124341003,mediumTan,brown,dry,brown,P467762,Glow Recipe,15.0
5,1.0,0.875,8.0,0.6931471805599453,2.0794415416798357,medium,green,combination,brown,P467762,Glow Recipe,15.0
5,1.0,1.0,4.0,0.0,1.6094379124341003,light,green,oily,brown,P467762,Glow Recipe,15.0
3,0.0,0.875,8.0,0.6931471805599453,2.0794415416798357,light,hazel,combination,brown,P467762,Glow Recipe,15.0
5,1.0,1.0,4.0,0.0,1.6094379124341003,light,brown,oily,brown,P467762,Glow Recipe,15.0
5,1.0,0.800000012,15.0,1.3862943611198906,2.5649493574615367,light,brown,dry,brown,P467762,Glow Recipe,15.0
5,1.0,1.0,4.0,0.0,1.6094379124341003,light,brown,combination,brown,P297516,Origins,27.0
2,0.0,0.800000012,5.0,0.6931471805599453,1.6094379124341003,light,blue,dry,blonde,P297516,Origins,27.0
5,1.0,1.0,4.0,0.0,1.6094379124341003,light,blue,combination,blonde,P297516,Origins,27.0
5,1.0,1.0,7.0,0.0,2.0794415416798357,fair,brown,combination,blonde,P297516,Origins,27.0
5,1.0,1.0,6.0,0.0,1.9459101490553132,light,brown,combination,brown,P297516,Origins,27.0
5,1.0,1.0,4.0,0.0,1.6094379124341003,light,brown,combination,brown,P297516,Origins,27.0
5,1.0,1.0,5.0,0.0,1.791759469228055,light,brown,dry,brown,P297516,Origins,27.0
5,1.0,1.0,5.0,0.0,1.791759469228055,light,brown,normal,brown,P297516,Origins,27.0
5,1.0,1.0,9.0,0.0,2.302585092994046,light,brown,dry,brown,P297516,Origins,27.0
5,1.0,0.75,4.0,0.6931471805599453,1.3862943611198906,fair,brown,combination,brown,P297516,Origins,27.0
2,0.0,1.0,8.0,0.0,2.1972245773362196,lightMedium,brown,combination,black,P454380,Supergoop!,48.0
4,1.0,0.833333015,6.0,0.6931471805599453,1.791759469228055,medium,brown,dry,brown,P454380,Supergoop!,48.0
5,1.0,0.0,4.0,1.6094379124341003,0.0,medium,brown,combination,brown,P454380,Supergoop!,48.0
1,0.0,0.428570986,14.0,2.1972245773362196,1.9459101490553132,light,brown,oily,black,P454380,Supergoop!,48.0
1,0.0,0.444444001,9.0,1.791759469228055,1.6094379124341003,light,hazel,oily,blonde,P454380,Supergoop!,48.0
5,1.0,1.0,7.0,0.0,2.0794415416798357,fair,blue,normal,brown,P454380,Supergoop!,48.0
2,0.0,1.0,8.0,0.0,2.1972245773362196,medium,blue,dry,blonde,P454380,Supergoop!,48.0
5,1.0,0.955695987,113.72000000000116,2.0794415416798357,5.0238805208462765,light,green,normal,brown,P454380,Supergoop!,48.0
2,0.0,0.823529005,17.0,1.3862943611198906,2.70805020110221,fairLight,blue,oily,auburn,P454380,Supergoop!,48.0
5,1.0,0.957143009,70.0,1.3862943611198906,4.219507705176107,rich,brown,oily,black,P454380,Supergoop!,48.0
5,1.0,0.600000024,5.0,1.0986122886681098,1.3862943611198906,fair,brown,combination,brown,P454380,Supergoop!,48.0
5,1.0,0.833333015,6.0,0.6931471805599453,1.791759469228055,light,blue,normal,blonde,P454380,Supergoop!,48.0
4,1.0,0.875,8.0,0.6931471805599453,2.0794415416798357,lightMedium,brown,combination,black,P454380,Supergoop!,48.0
5,1.0,1.0,6.0,0.0,1.9459101490553132,fair,hazel,dry,auburn,P454380,Supergoop!,48.0
4,1.0,1.0,6.0,0.0,1.9459101490553132,light,brown,combination,brown,P454380,Supergoop!,48.0
5,1.0,1.0,20.0,0.0,3.044522437723423,light,hazel,combination,brown,P454380,Supergoop!,48.0
1,0.0,0.408163011,49.0,3.4011973816621555,3.044522437723423,medium,brown,combination,brown,P454380,Supergoop!,48.0
5,1.0,1.0,4.0,0.0,1.6094379124341003,light,brown,combination,brown,P454380,Supergoop!,48.0
4,1.0,1.0,9.0,0.0,2.302585092994046,medium,green,combination,blonde,P454380,Supergoop!,48.0
5,1.0,1.0,5.0,0.0,1.791759469228055,fair,hazel,dry,brown,P454380,Supergoop!,48.0
5,1.0,1.0,6.0,0.0,1.9459101490553132,fair,brown,combination,brown,P454380,Supergoop!,48.0
5,1.0,1.0,8.0,0.0,2.1972245773362196,lightMedium,brown,oily,brown,P454380,Supergoop!,48.0
5,1.0,0.200000003,5.0,1.6094379124341003,0.6931471805599453,fair,hazel,combination,brown,P454380,Supergoop!,48.0
3,0.0,0.833333015,6.0,0.6931471805599453,1.791759469228055,medium,green,combination,brown,P454380,Supergoop!,48.0
5,1.0,0.75,4.0,0.6931471805599453,1.3862943611198906,fairLight,green,normal,red,P454380,Supergoop!,48.0
5,1.0,0.916666985,12.0,0.6931471805599453,2.4849066497880004,light,green,oily,blonde,P454380,Supergoop!,48.0
5,1.0,1.0,9.0,0.0,2.302585092994046,deep,brown,combination,brown,P454380,Supergoop!,48.0
5,1.0,1.0,16.0,0.0,2.833213344056216,deep,brown,dry,black,P454380,Supergoop!,48.0
2,0.0,0.400000006,5.0,1.3862943611198906,1.0986122886681098,light,brown,normal,brown,P454380,Supergoop!,48.0
5,1.0,0.949999988,20.0,0.6931471805599453,2.995732273553991,deep,brown,dry,black,P454380,Supergoop!,48.0
5,1.0,0.75,4.0,0.6931471805599453,1.3862943611198906,fair,hazel,normal,blonde,P454380,Supergoop!,48.0
1,0.0,1.0,4.0,0.0,1.6094379124341003,light,brown,combination,brown,P454380,Supergoop!,48.0
5,1.0,1.0,7.0,0.0,2.0794415416798357,lightMedium,brown,oily,black,P454380,Supergoop!,48.0
1,0.0,0.833333015,6.0,0.6931471805599453,1.791759469228055,medium,brown,combination,black,P454380,Supergoop!,48.0
1,0.0,0.529411972,17.0,2.1972245773362196,2.302585092994046,fairLight,hazel,combination,brown,P454380,Supergoop!,48.0
5,1.0,1.0,16.0,0.0,2.833213344056216,deep,brown,oily,black,P454380,Supergoop!,48.0
5,1.0,0.899999976,10.0,0.6931471805599453,2.302585092994046,lightMedium,brown,combination,brown,P454380,Supergoop!,48.0
4,1.0,0.96875,32.0,0.6931471805599453,3.4657359027997265,light,brown,combination,brown,P454380,Supergoop!,48.0
5,1.0,0.958333015,24.0,0.6931471805599453,3.1780538303479458,medium,brown,combination,brown,P454380,Supergoop!,48.0
5,1.0,1.0,15.0,0.0,2.772588722239781,light,Grey,combination,blonde,P454380,Supergoop!,48.0
3,0.0,0.879310012,58.0,2.0794415416798357,3.9512437185814275,light,brown,oily,black,P454380,Supergoop!,48.0
5,1.0,0.928570986,14.0,0.6931471805599453,2.6390573296152584,fair,brown,dry,gray,P454380,Supergoop!,48.0
5,1.0,0.888429999,113.72000000000116,3.332204510175204,5.375278407684165,tan,brown,combination,brown,P454380,Supergoop!,48.0
4,1.0,0.75,8.0,1.0986122886681098,1.9459101490553132,fair,hazel,combination,brown,P470255,Supergoop!,22.0
4,1.0,1.0,4.0,0.0,1.6094379124341003,fair,brown,combination,blonde,P470255,Supergoop!,22.0
2,0.0,0.166666999,6.0,1.791759469228055,0.6931471805599453,light,brown,combination,red,P470255,Supergoop!,22.0
3,0.0,0.600000024,5.0,1.0986122886681098,1.3862943611198906,fairLight,blue,combination,blonde,P470255,Supergoop!,22.0
5,1.0,1.0,5.0,0.0,1.791759469228055,medium,brown,combination,black,P470255,Supergoop!,22.0
5,1.0,1.0,14.0,0.0,2.70805020110221,tan,brown,oily,black,P470255,Supergoop!,22.0
5,1.0,1.0,7.0,0.0,2.0794415416798357,fair,Grey,combination,brown,P470255,Supergoop!,22.0
4,1.0,0.75,4.0,0.6931471805599453,1.3862943611198906,tan,brown,combination,black,P470255,Supergoop!,22.0
3,1.0,0.0,6.0,1.9459101490553132,0.0,fair,green,combination,blonde,P470255,Supergoop!,22.0
1,0.0,0.857142985,7.0,0.6931471805599453,1.9459101490553132,light,green,combination,brown,P470255,Supergoop!,22.0
3,0.0,1.0,5.0,0.0,1.791759469228055,lightMedium,brown,normal,brown,P470255,Supergoop!,22.0
3,0.0,0.227273002,22.0,2.8903717578961645,1.791759469228055,light,blue,combination,brown,P470255,Supergoop!,22.0
1,0.0,0.857142985,7.0,0.6931471805599453,1.9459101490553132,lightMedium,green,oily,brown,P470255,Supergoop!,22.0
2,0.0,0.666666985,9.0,1.3862943611198906,1.9459101490553132,light,brown,combination,blonde,P470255,Supergoop!,22.0
3,1.0,1.0,4.0,0.0,1.6094379124341003,mediumTan,brown,dry,black,P470255,Supergoop!,22.0
5,1.0,1.0,6.0,0.0,1.9459101490553132,deep,brown,combination,black,P470255,Supergoop!,22.0
3,1.0,0.647059023,17.0,1.9459101490553132,2.4849066497880004,deep,hazel,dry,brown,P470255,Supergoop!,22.0
5,1.0,0.93333298,15.0,0.6931471805599453,2.70805020110221,fair,brown,oily,brown,P470255,Supergoop!,22.0
5,1.0,1.0,8.0,0.0,2.1972245773362196,medium,brown,normal,brown,P470255,Supergoop!,22.0
5,1.0,0.0,4.0,1.6094379124341003,0.0,lightMedium,brown,combination,brown,P470255,Supergoop!,22.0
4,1.0,0.833333015,6.0,0.6931471805599453,1.791759469228055,lightMedium,brown,oily,brown,P470255,Supergoop!,22.0
5,1.0,1.0,5.0,0.0,1.791759469228055,rich,brown,oily,black,P470255,Supergoop!,22.0
5,1.0,0.899999976,10.0,0.6931471805599453,2.302585092994046,fair,green,combination,brown,P470255,Supergoop!,22.0
4,1.0,1.0,6.0,0.0,1.9459101490553132,tan,brown,oily,brown,P470255,Supergoop!,22.0
5,1.0,1.0,12.0,0.0,2.5649493574615367,tan,brown,normal,black,P470255,Supergoop!,22.0
5,1.0,1.0,7.0,0.0,2.0794415416798357,tan,brown,combination,black,P470255,Supergoop!,22.0
2,0.0,0.833333015,6.0,0.6931471805599453,1.791759469228055,fair,blue,dry,brown,P470255,Supergoop!,22.0
5,1.0,1.0,10.0,0.0,2.3978952727983707,tan,brown,combination,black,P470255,Supergoop!,22.0
2,0.0,0.952381015,21.0,0.6931471805599453,3.044522437723423,fair,hazel,combination,brown,P470255,Supergoop!,22.0
5,1.0,1.0,4.0,0.0,1.6094379124341003,lightMedium,brown,oily,black,P470255,Supergoop!,22.0
5,1.0,1.0,4.0,0.0,1.6094379124341003,light,hazel,combination,brown,P470255,Supergoop!,22.0
5,1.0,1.0,10.0,0.0,2.3978952727983707,fair,brown,dry,auburn,P470255,Supergoop!,22.0
2,0.0,0.219512001,41.0,3.4965075614664802,2.302585092994046,fair,brown,normal,black,P470255,Supergoop!,22.0
3,1.0,0.666666985,15.0,1.791759469228055,2.3978952727983707,mediumTan,brown,combination,brown,P470255,Supergoop!,22.0
5,1.0,1.0,8.0,0.0,2.1972245773362196,medium,brown,combination,brown,P470255,Supergoop!,22.0
5,1.0,0.75,4.0,0.6931471805599453,1.3862943611198906,light,brown,combination,brown,P470255,Supergoop!,22.0
5,1.0,0.909090996,11.0,0.6931471805599453,2.3978952727983707,deep,brown,oily,black,P470255,Supergoop!,22.0
5,1.0,1.0,7.0,0.0,2.0794415416798357,deep,brown,combination,black,P470255,Supergoop!,22.0
5,1.0,0.899999976,10.0,0.6931471805599453,2.302585092994046,light,brown,combination,black,P470255,Supergoop!,22.0
5,1.0,0.25,4.0,1.3862943611198906,0.6931471805599453,light,brown,combination,brown,P470255,Supergoop!,22.0
5,1.0,0.899999976,30.0,1.3862943611198906,3.332204510175204,tan,brown,combination,brown,P470255,Supergoop!,22.0
5,1.0,0.814814985,27.0,1.791759469228055,3.1354942159291497,lightMedium,brown,combination,brown,P470255,Supergoop!,22.0
4,1.0,0.800000012,5.0,0.6931471805599453,1.6094379124341003,light,brown,dry,brown,P442563,The Ordinary,9.5
5,1.0,1.0,13.0,0.0,2.6390573296152584,fair,brown,dry,brown,P442563,The Ordinary,9.5
3,1.0,0.800000012,15.0,1.3862943611198906,2.5649493574615367,fairLight,blue,combination,red,P442563,The Ordinary,9.5
5,1.0,0.833333015,30.0,1.791759469228055,3.258096538021482,fair,blue,dry,blonde,P442563,The Ordinary,9.5
4,1.0,1.0,4.0,0.0,1.6094379124341003,fair,Grey,normal,brown,P442563,The Ordinary,9.5
4,1.0,0.714286029,14.0,1.6094379124341003,2.3978952727983707,mediumTan,hazel,combination,black,P442563,The Ordinary,9.5
5,1.0,0.25,4.0,1.3862943611198906,0.6931471805599453,lightMedium,hazel,combination,brown,P442563,The Ordinary,9.5
5,1.0,0.571429014,7.0,1.3862943611198906,1.6094379124341003,light,brown,combination,brown,P442563,The Ordinary,9.5
5,1.0,0.75,4.0,0.6931471805599453,1.3862943611198906,medium,blue,normal,blonde,P442563,The Ordinary,9.5
5,1.0,0.666666985,9.0,1.3862943611198906,1.9459101490553132,light,Grey,combination,brown,P442563,The Ordinary,9.5
4,1.0,0.923076987,13.0,0.6931471805599453,2.5649493574615367,fairLight,brown,dry,brown,P442563,The Ordinary,9.5
3,0.0,0.222222,9.0,2.0794415416798357,1.0986122886681098,lightMedium,green,combination,brown,P442563,The Ordinary,9.5
5,1.0,0.833333015,6.0,0.6931471805599453,1.791759469228055,lightMedium,brown,dry,brown,P442563,The Ordinary,9.5
5,1.0,1.0,9.0,0.0,2.302585092994046,fair,brown,oily,blonde,P442563,The Ordinary,9.5
5,1.0,1.0,12.0,0.0,2.5649493574615367,medium,brown,combination,brown,P442563,The Ordinary,9.5
5,1.0,0.875,16.0,1.0986122886681098,2.70805020110221,light,brown,combination,brown,P442563,The Ordinary,9.5
5,1.0,1.0,5.0,0.0,1.791759469228055,fair,green,dry,blonde,P442563,The Ordinary,9.5
5,1.0,0.714286029,7.0,1.0986122886681098,1.791759469228055,light,green,oily,brown,P442563,The Ordinary,9.5
5,1.0,1.0,12.0,0.0,2.5649493574615367,rich,brown,normal,black,P442563,The Ordinary,9.5
4,1.0,1.0,7.0,0.0,2.0794415416798357,fairLight,green,dry,brown,P442563,The Ordinary,9.5
2,0.0,0.857142985,7.0,0.6931471805599453,1.9459101490553132,fairLight,blue,combination,blonde,P442563,The Ordinary,9.5
5,1.0,0.800000012,5.0,0.6931471805599453,1.6094379124341003,medium,brown,oily,black,P442563,The Ordinary,9.5
5,1.0,0.733332992,15.0,1.6094379124341003,2.4849066497880004,medium,brown,oily,brown,P442563,The Ordinary,9.5
4,1.0,0.699999988,10.0,1.3862943611198906,2.0794415416798357,light,hazel,combination,brown,P442563,The Ordinary,9.5
4,1.0,0.964286029,28.0,0.6931471805599453,3.332204510175204,light,brown,combination,black,P442563,The Ordinary,9.5
5,1.0,1.0,9.0,0.0,2.302585092994046,lightMedium,green,combination,brown,P442563,The Ordinary,9.5
4,1.0,0.5,4.0,1.0986122886681098,1.0986122886681098,medium,brown,oily,black,P442563,The Ordinary,9.5
5,1.0,1.0,11.0,0.0,2.4849066497880004,lightMedium,green,normal,blonde,P442563,The Ordinary,9.5
5,1.0,0.9375,16.0,0.6931471805599453,2.772588722239781,lightMedium,brown,oily,brown,P442563,The Ordinary,9.5
5,1.0,1.0,13.0,0.0,2.6390573296152584,fair,blue,normal,blonde,P442563,The Ordinary,9.5
5,1.0,0.882353008,17.0,1.0986122886681098,2.772588722239781,fair,green,combination,brown,P442563,The Ordinary,9.5
5,1.0,0.388889015,18.0,2.4849066497880004,2.0794415416798357,lightMedium,brown,combination,black,P442563,The Ordinary,9.5
5,1.0,0.916666985,12.0,0.6931471805599453,2.4849066497880004,lightMedium,blue,combination,blonde,P442563,The Ordinary,9.5
4,1.0,0.5,4.0,1.0986122886681098,1.0986122886681098,light,brown,combination,brown,P442563,The Ordinary,9.5
5,1.0,0.588235021,17.0,2.0794415416798357,2.3978952727983707,deep,brown,combination,auburn,P442563,The Ordinary,9.5
5,1.0,1.0,16.0,0.0,2.833213344056216,fair,hazel,normal,blonde,P442563,The Ordinary,9.5
4,1.0,0.727272987,33.0,2.302585092994046,3.2188758248682006,light,brown,oily,brown,P442563,The Ordinary,9.5
5,1.0,1.0,17.0,0.0,2.8903717578961645,light,brown,oily,brown,P442563,The Ordinary,9.5
1,0.0,0.81666702,113.72000000000116,3.1354942159291497,4.59511985013459,light,brown,combination,brown,P442563,The Ordinary,9.5
5,1.0,0.928570986,14.0,0.6931471805599453,2.6390573296152584,medium,brown,combination,brown,P442563,The Ordinary,9.5
5,1.0,0.5,14.0,2.0794415416798357,2.0794415416798357,fair,brown,combination,brown,P442563,The Ordinary,9.5
4,1.0,1.0,28.0,0.0,3.367295829986474,fair,green,combination,brown,P442563,The Ordinary,9.5
4,1.0,0.899999976,20.0,1.0986122886681098,2.9444389791664403,light,brown,normal,black,P442563,The Ordinary,9.5
2,0.0,0.840909004,44.0,2.0794415416798357,3.6375861597263857,light,hazel,combination,brown,P442563,The Ordinary,9.5
5,1.0,0.833333015,12.0,1.0986122886681098,2.3978952727983707,lightMedium,brown,normal,brown,P442563,The Ordinary,9.5
4,1.0,0.666666985,12.0,1.6094379124341003,2.1972245773362196,rich,brown,combination,black,P442563,The Ordinary,9.5
5,1.0,1.0,9.0,0.0,2.302585092994046,light,blue,combination,blonde,P442563,The Ordinary,9.5
5,1.0,0.928570986,14.0,0.6931471805599453,2.6390573296152584,fairLight,brown,combination,blonde,P442563,The Ordinary,9.5
3,1.0,0.0666667,15.0,2.70805020110221,0.6931471805599453,lightMedium,brown,combination,brown,P442563,The Ordinary,9.5
5,1.0,0.966666996,30.0,0.6931471805599453,3.4011973816621555,lightMedium,brown,combination,brown,P442563,The Ordinary,9.5
5,1.0,0.871794999,39.0,1.791759469228055,3.5553480614894135,fair,brown,combination,black,P442563,The Ordinary,9.5
5,1.0,0.79310298,29.0,1.9459101490553132,3.1780538303479458,mediumTan,blue,normal,blonde,P442563,The Ordinary,9.5
5,1.0,0.899999976,20.0,1.0986122886681098,2.9444389791664403,medium,brown,normal,brown,P442563,The Ordinary,9.5
5,1.0,0.818181992,11.0,1.0986122886681098,2.302585092994046,light,brown,combination,auburn,P442563,The Ordinary,9.5
5,1.0,0.714286029,7.0,1.0986122886681098,1.791759469228055,medium,hazel,combination,brown,P442563,The Ordinary,9.5
5,1.0,0.707316995,41.0,2.5649493574615367,3.4011973816621555,light,brown,oily,black,P442563,The Ordinary,9.5
5,1.0,0.890411019,73.0,2.1972245773362196,4.189654742026425,deep,brown,oily,brown,P442563,The Ordinary,9.5
5,1.0,1.0,8.0,0.0,2.1972245773362196,lightMedium,brown,oily,blonde,P442563,The Ordinary,9.5
5,1.0,0.899999976,10.0,0.6931471805599453,2.302585092994046,fair,green,oily,blonde,P442563,The Ordinary,9.5
5,1.0,0.75,4.0,0.6931471805599453,1.3862943611198906,light,blue,oily,red,P442563,The Ordinary,9.5
5,1.0,0.875,8.0,0.6931471805599453,2.0794415416798357,light,hazel,combination,brown,P442563,The Ordinary,9.5
5,1.0,0.75,8.0,1.0986122886681098,1.9459101490553132,deep,brown,normal,black,P442563,The Ordinary,9.5
5,1.0,0.92592603,54.0,1.6094379124341003,3.9318256327243257,light,hazel,combination,brown,P442563,The Ordinary,9.5
5,1.0,1.0,6.0,0.0,1.9459101490553132,deep,brown,dry,black,P442563,The Ordinary,9.5
4,1.0,0.899999976,10.0,0.6931471805599453,2.302585092994046,lightMedium,brown,normal,auburn,P442563,The Ordinary,9.5
2,0.0,0.176470995,17.0,2.70805020110221,1.3862943611198906,lightMedium,brown,oily,brown,P442563,The Ordinary,9.5
5,1.0,0.800000012,5.0,0.6931471805599453,1.6094379124341003,lightMedium,brown,dry,black,P442563,The Ordinary,9.5
5,1.0,0.833333015,12.0,1.0986122886681098,2.3978952727983707,fairLight,green,dry,auburn,P442563,The Ordinary,9.5
5,1.0,0.740741014,27.0,2.0794415416798357,3.044522437723423,light,brown,dry,black,P442563,The Ordinary,9.5
5,1.0,0.5,10.0,1.791759469228055,1.791759469228055,fairLight,blue,combination,black,P442563,The Ordinary,9.5
5,1.0,0.899999976,10.0,0.6931471805599453,2.302585092994046,fair,blue,combination,blonde,P232903,Kate Somerville,28.0
5,1.0,0.666666985,15.0,1.791759469228055,2.3978952727983707,lightMedium,brown,combination,brown,P232903,Kate Somerville,28.0
5,1.0,0.75,4.0,0.6931471805599453,1.3862943611198906,fair,green,combination,red,P232903,Kate Somerville,28.0
1,0.0,0.699999988,10.0,1.3862943611198906,2.0794415416798357,mediumTan,brown,dry,brown,P232903,Kate Somerville,28.0
5,1.0,0.941175997,34.0,1.0986122886681098,3.4965075614664802,fair,brown,normal,brown,P232903,Kate Somerville,28.0
4,1.0,1.0,4.0,0.0,1.6094379124341003,light,brown,combination,brown,P232903,Kate Somerville,28.0
1,1.0,0.25,4.0,1.3862943611198906,0.6931471805599453,light,brown,combination,brown,P232903,Kate Somerville,28.0
5,1.0,1.0,14.0,0.0,2.70805020110221,light,brown,combination,brown,P232903,Kate Somerville,28.0
5,1.0,1.0,5.0,0.0,1.791759469228055,light,brown,combination,brown,P232903,Kate Somerville,28.0
4,1.0,0.899999976,10.0,0.6931471805599453,2.302585092994046,light,brown,combination,brown,P232903,Kate Somerville,28.0
5,1.0,1.0,4.0,0.0,1.6094379124341003,light,brown,combination,brown,P232903,Kate Somerville,28.0
4,1.0,0.899999976,10.0,0.6931471805599453,2.302585092994046,light,brown,normal,brown,P232903,Kate Somerville,28.0
3,1.0,1.0,5.0,0.0,1.791759469228055,light,brown,combination,brown,P232903,Kate Somerville,28.0
1,0.0,0.428570986,7.0,1.6094379124341003,1.3862943611198906,fair,brown,normal,brown,P441101,Tatcha,70.0
4,1.0,0.833333015,12.0,1.0986122886681098,2.3978952727983707,light,hazel,dry,blonde,P441101,Tatcha,70.0
2,0.0,0.333332986,6.0,1.6094379124341003,1.0986122886681098,light,brown,dry,auburn,P441101,Tatcha,70.0
5,1.0,0.777778029,9.0,1.0986122886681098,2.0794415416798357,light,brown,dry,black,P441101,Tatcha,70.0
1,0.0,0.515151978,33.0,2.833213344056216,2.8903717578961645,lightMedium,Grey,combination,blonde,P441101,Tatcha,70.0
5,1.0,1.0,6.0,0.0,1.9459101490553132,light,hazel,dry,brown,P441101,Tatcha,70.0
5,1.0,0.666666985,9.0,1.3862943611198906,1.9459101490553132,light,blue,combination,brown,P441101,Tatcha,70.0
5,1.0,1.0,4.0,0.0,1.6094379124341003,lightMedium,brown,oily,brown,P441101,Tatcha,70.0
2,0.0,0.800000012,5.0,0.6931471805599453,1.6094379124341003,light,blue,combination,blonde,P441101,Tatcha,70.0
5,1.0,0.800000012,5.0,0.6931471805599453,1.6094379124341003,light,hazel,dry,blonde,P441101,Tatcha,70.0
4,1.0,0.666666985,6.0,1.0986122886681098,1.6094379124341003,medium,hazel,normal,brown,P441101,Tatcha,70.0
2,0.0,0.266667008,15.0,2.4849066497880004,1.6094379124341003,lightMedium,brown,dry,brown,P441101,Tatcha,70.0
2,0.0,0.649999976,20.0,2.0794415416798357,2.6390573296152584,fairLight,green,dry,brown,P441101,Tatcha,70.0
5,1.0,0.833333015,6.0,0.6931471805599453,1.791759469228055,fair,brown,combination,black,P441101,Tatcha,70.0
5,1.0,0.75,4.0,0.6931471805599453,1.3862943611198906,medium,brown,dry,brown,P441101,Tatcha,70.0
2,0.0,0.388889015,18.0,2.4849066497880004,2.0794415416798357,lightMedium,brown,combination,brown,P441101,Tatcha,70.0
3,1.0,0.600000024,10.0,1.6094379124341003,1.9459101490553132,fair,green,combination,blonde,P441101,Tatcha,70.0
1,0.0,0.444444001,9.0,1.791759469228055,1.6094379124341003,light,green,combination,brown,P441101,Tatcha,70.0
1,0.0,0.5,4.0,1.0986122886681098,1.0986122886681098,light,hazel,dry,brown,P441101,Tatcha,70.0
2,0.0,0.5,4.0,1.0986122886681098,1.0986122886681098,fair,hazel,combination,brown,P441101,Tatcha,70.0
2,0.0,0.5,6.0,1.3862943611198906,1.3862943611198906,light,blue,dry,brown,P441101,Tatcha,70.0
5,1.0,0.777778029,9.0,1.0986122886681098,2.0794415416798357,fairLight,blue,combination,auburn,P441101,Tatcha,70.0
5,1.0,1.0,4.0,0.0,1.6094379124341003,light,brown,dry,black,P441101,Tatcha,70.0
5,1.0,0.866666973,15.0,1.0986122886681098,2.6390573296152584,lightMedium,brown,combination,brown,P441101,Tatcha,70.0
5,1.0,1.0,4.0,0.0,1.6094379124341003,fair,blue,combination,blonde,P441101,Tatcha,70.0
5,1.0,1.0,11.0,0.0,2.4849066497880004,light,blue,dry,brown,P441101,Tatcha,70.0
5,1.0,0.800000012,5.0,0.6931471805599453,1.6094379124341003,mediumTan,hazel,dry,black,P441101,Tatcha,70.0
3,0.0,0.333332986,6.0,1.6094379124341003,1.0986122886681098,lightMedium,brown,combination,brown,P441101,Tatcha,70.0
3,0.0,0.75,8.0,1.0986122886681098,1.9459101490553132,lightMedium,brown,combination,gray,P441101,Tatcha,70.0
5,1.0,0.75,8.0,1.0986122886681098,1.9459101490553132,fair,blue,normal,blonde,P441101,Tatcha,70.0
5,1.0,0.842104971,19.0,1.3862943611198906,2.833213344056216,light,brown,dry,brown,P441101,Tatcha,70.0
5,1.0,1.0,6.0,0.0,1.9459101490553132,light,hazel,combination,brown,P441101,Tatcha,70.0
5,1.0,1.0,5.0,0.0,1.791759469228055,medium,brown,oily,blonde,P441101,Tatcha,70.0
2,0.0,0.53125,32.0,2.772588722239781,2.8903717578961645,fair,green,combination,brown,P441101,Tatcha,70.0
5,1.0,1.0,4.0,0.0,1.6094379124341003,fair,blue,combination,brown,P441101,Tatcha,70.0
2,0.0,1.0,6.0,0.0,1.9459101490553132,fairLight,blue,dry,brown,P441101,Tatcha,70.0
5,1.0,1.0,10.0,0.0,2.3978952727983707,medium,brown,combination,brown,P441101,Tatcha,70.0
2,0.0,0.899999976,20.0,1.0986122886681098,2.9444389791664403,lightMedium,brown,normal,blonde,P441101,Tatcha,70.0
5,1.0,0.800000012,5.0,0.6931471805599453,1.6094379124341003,light,blue,combination,blonde,P441101,Tatcha,70.0
3,1.0,0.800000012,5.0,0.6931471805599453,1.6094379124341003,lightMedium,brown,combination,black,P441101,Tatcha,70.0
1,0.0,0.25,4.0,1.3862943611198906,0.6931471805599453,medium,brown,combination,brown,P441101,Tatcha,70.0
1,0.0,0.833333015,6.0,0.6931471805599453,1.791759469228055,fair,blue,combination,blonde,P441101,Tatcha,70.0
3,0.0,0.75,4.0,0.6931471805599453,1.3862943611198906,medium,brown,combination,black,P441101,Tatcha,70.0
5,0.0,0.97142899,35.0,0.6931471805599453,3.5553480614894135,tan,brown,dry,black,P441101,Tatcha,70.0
5,1.0,0.875,8.0,0.6931471805599453,2.0794415416798357,fair,blue,dry,brown,P441101,Tatcha,70.0
4,1.0,0.854166985,48.0,2.0794415416798357,3.7376696182833684,fair,brown,normal,brown,P441101,Tatcha,70.0
5,1.0,0.285714,7.0,1.791759469228055,1.0986122886681098,light,green,dry,blonde,P441101,Tatcha,70.0
1,0.0,0.75,12.0,1.3862943611198906,2.302585092994046,fair,green,combination,blonde,P378852,Origins,36.0
2,0.0,0.928570986,14.0,0.6931471805599453,2.6390573296152584,deep,brown,oily,brown,P378852,Origins,36.0
1,0.0,0.5,6.0,1.3862943611198906,1.3862943611198906,light,blue,combination,brown,P378852,Origins,36.0
5,1.0,0.857142985,7.0,0.6931471805599453,1.9459101490553132,fair,brown,combination,brown,P378852,Origins,36.0
5,1.0,0.857142985,7.0,0.6931471805599453,1.9459101490553132,fair,brown,combination,brown,P378852,Origins,36.0
4,1.0,0.916666985,12.0,0.6931471805599453,2.4849066497880004,fair,brown,combination,brown,P378852,Origins,36.0
2,1.0,1.0,4.0,0.0,1.6094379124341003,fair,brown,dry,brown,P378852,Origins,36.0
4,1.0,1.0,5.0,0.0,1.791759469228055,fair,brown,combination,brown,P378852,Origins,36.0
5,1.0,1.0,4.0,0.0,1.6094379124341003,fair,brown,combination,brown,P378852,Origins,36.0
5,1.0,0.75,4.0,0.6931471805599453,1.3862943611198906,light,brown,combination,black,P456207,KORRES,38.5
5,1.0,0.0,5.0,1.791759469228055,0.0,lightMedium,brown,combination,black,P456207,KORRES,38.5
1,0.0,0.333332986,6.0,1.6094379124341003,1.0986122886681098,light,brown,combination,brown,P456207,KORRES,38.5
4,1.0,0.928570986,14.0,0.6931471805599453,2.6390573296152584,medium,brown,combination,brown,P232915,Kate Somerville,98.0
5,1.0,0.777778029,9.0,1.0986122886681098,2.0794415416798357,light,brown,combination,brown,P232915,Kate Somerville,98.0
4,1.0,0.699999988,10.0,1.3862943611198906,2.0794415416798357,fair,brown,combination,brown,P232915,Kate Somerville,98.0
4,1.0,0.941175997,17.0,0.6931471805599453,2.833213344056216,lightMedium,brown,oily,brown,P232915,Kate Somerville,98.0
5,1.0,1.0,4.0,0.0,1.6094379124341003,light,green,oily,blonde,P232915,Kate Somerville,98.0
4,1.0,0.9375,16.0,0.6931471805599453,2.772588722239781,fair,blue,normal,brown,P232915,Kate Somerville,98.0
4,1.0,1.0,5.0,0.0,1.791759469228055,fair,green,normal,blonde,P232915,Kate Somerville,98.0
5,1.0,0.75,4.0,0.6931471805599453,1.3862943611198906,lightMedium,blue,dry,blonde,P232915,Kate Somerville,98.0
1,1.0,0.5,10.0,1.791759469228055,1.791759469228055,light,brown,combination,brown,P232915,Kate Somerville,98.0
1,1.0,0.75,4.0,0.6931471805599453,1.3862943611198906,light,brown,combination,brown,P232915,Kate Somerville,98.0
5,1.0,0.888889015,9.0,0.6931471805599453,2.1972245773362196,fair,brown,combination,brown,P232915,Kate Somerville,98.0
2,1.0,0.400000006,5.0,1.3862943611198906,1.0986122886681098,fair,brown,normal,brown,P232915,Kate Somerville,98.0
3,1.0,1.0,4.0,0.0,1.6094379124341003,tan,brown,combination,brown,P232915,Kate Somerville,98.0
3,1.0,1.0,6.0,0.0,1.9459101490553132,light,brown,normal,brown,P455364,The INKEY List,11.99
5,1.0,1.0,5.0,0.0,1.791759469228055,light,brown,normal,brown,P455364,The INKEY List,11.99
1,0.0,1.0,4.0,0.0,1.6094379124341003,fair,blue,dry,brown,P455364,The INKEY List,11.99
1,0.0,0.5,10.0,1.791759469228055,1.791759469228055,mediumTan,brown,combination,brown,P455364,The INKEY List,11.99
1,0.0,0.5625,16.0,2.0794415416798357,2.302585092994046,medium,brown,oily,black,P455364,The INKEY List,11.99
3,1.0,1.0,6.0,0.0,1.9459101490553132,mediumTan,brown,dry,black,P455364,The INKEY List,11.99
2,0.0,1.0,6.0,0.0,1.9459101490553132,light,brown,dry,brown,P455364,The INKEY List,11.99
3,1.0,1.0,6.0,0.0,1.9459101490553132,fair,blue,combination,blonde,P455364,The INKEY List,11.99
3,1.0,0.588235021,17.0,2.0794415416798357,2.3978952727983707,tan,brown,combination,black,P455364,The INKEY List,11.99
1,0.0,1.0,4.0,0.0,1.6094379124341003,fair,brown,normal,black,P455364,The INKEY List,11.99
4,1.0,0.25,4.0,1.3862943611198906,0.6931471805599453,fairLight,hazel,combination,blonde,P455364,The INKEY List,11.99
4,1.0,0.888889015,9.0,0.6931471805599453,2.1972245773362196,medium,hazel,combination,brown,P455364,The INKEY List,11.99
1,0.0,0.375,8.0,1.791759469228055,1.3862943611198906,deep,brown,combination,black,P455364,The INKEY List,11.99
5,1.0,1.0,5.0,0.0,1.791759469228055,lightMedium,brown,oily,brown,P455364,The INKEY List,11.99
3,0.0,0.833333015,6.0,0.6931471805599453,1.791759469228055,fair,green,normal,blonde,P455364,The INKEY List,11.99
5,1.0,1.0,14.0,0.0,2.70805020110221,light,brown,dry,black,P455364,The INKEY List,11.99
5,1.0,0.916666985,12.0,0.6931471805599453,2.4849066497880004,lightMedium,brown,combination,brown,P455364,The INKEY List,11.99
5,1.0,1.0,26.0,0.0,3.295836866004329,light,blue,combination,brown,P455364,The INKEY List,11.99
5,1.0,1.0,4.0,0.0,1.6094379124341003,fair,hazel,dry,brown,P455364,The INKEY List,11.99
3,1.0,1.0,6.0,0.0,1.9459101490553132,light,brown,normal,brown,P478030,The INKEY List,5.99
5,1.0,1.0,5.0,0.0,1.791759469228055,light,brown,normal,brown,P478030,The INKEY List,5.99
1,0.0,1.0,4.0,0.0,1.6094379124341003,fair,blue,dry,brown,P478030,The INKEY List,5.99
1,0.0,0.5,10.0,1.791759469228055,1.791759469228055,mediumTan,brown,combination,brown,P478030,The INKEY List,5.99
1,0.0,0.5625,16.0,2.0794415416798357,2.302585092994046,medium,brown,oily,black,P478030,The INKEY List,5.99
3,1.0,1.0,6.0,0.0,1.9459101490553132,mediumTan,brown,dry,black,P478030,The INKEY List,5.99
2,0.0,1.0,6.0,0.0,1.9459101490553132,light,brown,dry,brown,P478030,The INKEY List,5.99
3,1.0,1.0,6.0,0.0,1.9459101490553132,fair,blue,combination,blonde,P478030,The INKEY List,5.99
3,1.0,0.588235021,17.0,2.0794415416798357,2.3978952727983707,tan,brown,combination,black,P478030,The INKEY List,5.99
1,0.0,1.0,4.0,0.0,1.6094379124341003,fair,brown,normal,black,P478030,The INKEY List,5.99
4,1.0,0.25,4.0,1.3862943611198906,0.6931471805599453,fairLight,hazel,combination,blonde,P478030,The INKEY List,5.99
4,1.0,0.888889015,9.0,0.6931471805599453,2.1972245773362196,medium,hazel,combination,brown,P478030,The INKEY List,5.99
1,0.0,0.375,8.0,1.791759469228055,1.3862943611198906,deep,brown,combination,black,P478030,The INKEY List,5.99
5,1.0,1.0,5.0,0.0,1.791759469228055,lightMedium,brown,oily,brown,P478030,The INKEY List,5.99
3,0.0,0.833333015,6.0,0.6931471805599453,1.791759469228055,fair,green,normal,blonde,P478030,The INKEY List,5.99
5,1.0,1.0,14.0,0.0,2.70805020110221,light,brown,dry,black,P478030,The INKEY List,5.99
5,1.0,0.916666985,12.0,0.6931471805599453,2.4849066497880004,lightMedium,brown,combination,brown,P478030,The INKEY List,5.99
5,1.0,1.0,26.0,0.0,3.295836866004329,light,blue,combination,brown,P478030,The INKEY List,5.99
5,1.0,1.0,4.0,0.0,1.6094379124341003,fair,hazel,dry,brown,P478030,The INKEY List,5.99
4,1.0,0.625,16.0,1.9459101490553132,2.3978952727983707,lightMedium,brown,oily,black,P422905,belif,48.0
1,0.0,0.875,8.0,0.6931471805599453,2.0794415416798357,lightMedium,brown,combination,brown,P422905,belif,48.0
5,1.0,0.899999976,10.0,0.6931471805599453,2.302585092994046,fair,blue,normal,brown,P422905,belif,48.0
4,1.0,0.916666985,12.0,0.6931471805599453,2.4849066497880004,light,brown,combination,brown,P422905,belif,48.0
5,1.0,1.0,8.0,0.0,2.1972245773362196,fair,hazel,oily,brown,P422905,belif,48.0
4,1.0,1.0,4.0,0.0,1.6094379124341003,fair,brown,normal,brown,P422905,belif,48.0
3,0.0,0.777778029,9.0,1.0986122886681098,2.0794415416798357,fair,blue,combination,blonde,P422905,belif,48.0
5,1.0,1.0,7.0,0.0,2.0794415416798357,mediumTan,green,normal,brown,P422905,belif,48.0
2,0.0,1.0,5.0,0.0,1.791759469228055,light,green,oily,brown,P422905,belif,48.0
1,0.0,0.0,6.0,1.9459101490553132,0.0,medium,brown,dry,brunette,P422905,belif,48.0
1,0.0,0.600000024,5.0,1.0986122886681098,1.3862943611198906,light,brown,combination,brown,P422905,belif,48.0
2,0.0,0.166666999,6.0,1.791759469228055,0.6931471805599453,light,brown,combination,brown,P422905,belif,48.0
5,1.0,0.857142985,14.0,1.0986122886681098,2.5649493574615367,mediumTan,brown,combination,brown,P422905,belif,48.0
2,0.0,0.75,4.0,0.6931471805599453,1.3862943611198906,lightMedium,blue,dry,blonde,P422905,belif,48.0
2,0.0,0.892472982,93.0,2.3978952727983707,4.430816798843313,light,brown,combination,brown,P422905,belif,48.0
5,1.0,0.800000012,5.0,0.6931471805599453,1.6094379124341003,lightMedium,brown,oily,brown,P422905,belif,48.0
5,1.0,0.863636017,44.0,1.9459101490553132,3.6635616461296463,light,brown,combination,brown,P422905,belif,48.0
5,1.0,0.571429014,7.0,1.3862943611198906,1.6094379124341003,fair,blue,combination,black,P430337,OLEHENRIKSEN,51.0
5,1.0,0.5,6.0,1.3862943611198906,1.3862943611198906,medium,green,normal,blonde,P430337,OLEHENRIKSEN,51.0
4,0.0,0.75,4.0,0.6931471805599453,1.3862943611198906,fair,hazel,oily,auburn,P430337,OLEHENRIKSEN,51.0
2,0.0,1.0,4.0,0.0,1.6094379124341003,fair,brown,combination,brown,P430337,OLEHENRIKSEN,51.0
2,0.0,1.0,4.0,0.0,1.6094379124341003,lightMedium,brown,combination,gray,P430337,OLEHENRIKSEN,51.0
4,1.0,0.833333015,6.0,0.6931471805599453,1.791759469228055,light,brown,dry,black,P430337,OLEHENRIKSEN,51.0
2,0.0,1.0,5.0,0.0,1.791759469228055,light,brown,dry,brown,P430337,OLEHENRIKSEN,51.0
5,1.0,0.875,8.0,0.6931471805599453,2.0794415416798357,medium,hazel,combination,blonde,P430337,OLEHENRIKSEN,51.0
1,0.0,0.692308009,13.0,1.6094379124341003,2.302585092994046,lightMedium,green,oily,black,P430337,OLEHENRIKSEN,51.0
5,1.0,0.818181992,11.0,1.0986122886681098,2.302585092994046,tan,brown,combination,black,P430337,OLEHENRIKSEN,51.0
2,1.0,0.818181992,11.0,1.0986122886681098,2.302585092994046,fairLight,hazel,combination,blonde,P430337,OLEHENRIKSEN,51.0
5,1.0,1.0,4.0,0.0,1.6094379124341003,medium,brown,combination,black,P302103,fresh,28.0
1,0.0,0.5,4.0,1.0986122886681098,1.0986122886681098,fairLight,blue,combination,brown,P302103,fresh,28.0
2,0.0,1.0,6.0,0.0,1.9459101490553132,fair,brown,combination,black,P302103,fresh,28.0
5,1.0,1.0,5.0,0.0,1.791759469228055,fair,brown,combination,brown,P302103,fresh,28.0
2,1.0,0.600000024,5.0,1.0986122886681098,1.3862943611198906,fair,green,combination,brown,P302103,fresh,28.0
5,1.0,0.5,4.0,1.0986122886681098,1.0986122886681098,light,Grey,combination,brown,P302103,fresh,28.0
5,1.0,1.0,13.0,0.0,2.6390573296152584,fair,brown,combination,brown,P302103,fresh,28.0
4,1.0,0.75,4.0,0.6931471805599453,1.3862943611198906,fair,brown,combination,brown,P302103,fresh,28.0
5,1.0,1.0,6.0,0.0,1.9459101490553132,fair,brown,combination,brown,P302103,fresh,28.0
5,1.0,0.25,20.0,2.772588722239781,1.791759469228055,lightMedium,brown,oily,black,P439061,OLEHENRIKSEN,35.0
5,1.0,0.899999976,10.0,0.6931471805599453,2.302585092994046,light,blue,combination,blonde,P439061,OLEHENRIKSEN,35.0
4,1.0,0.5,4.0,1.0986122886681098,1.0986122886681098,deep,brown,combination,black,P439061,OLEHENRIKSEN,35.0
5,1.0,0.846153975,13.0,1.0986122886681098,2.4849066497880004,lightMedium,brown,oily,brown,P439061,OLEHENRIKSEN,35.0
3,0.0,0.75,4.0,0.6931471805599453,1.3862943611198906,rich,brown,dry,black,P439061,OLEHENRIKSEN,35.0
3,0.0,0.444444001,9.0,1.791759469228055,1.6094379124341003,tan,brown,combination,black,P439061,OLEHENRIKSEN,35.0
5,1.0,1.0,7.0,0.0,2.0794415416798357,rich,brown,oily,black,P439061,OLEHENRIKSEN,35.0
5,1.0,0.454544991,11.0,1.9459101490553132,1.791759469228055,lightMedium,brown,oily,black,P439061,OLEHENRIKSEN,35.0
1,0.0,0.800000012,10.0,1.0986122886681098,2.1972245773362196,light,blue,normal,brown,P439061,OLEHENRIKSEN,35.0
5,1.0,1.0,8.0,0.0,2.1972245773362196,light,brown,oily,blonde,P439061,OLEHENRIKSEN,35.0
5,1.0,0.923076987,13.0,0.6931471805599453,2.5649493574615367,lightMedium,hazel,combination,blonde,P439061,OLEHENRIKSEN,35.0
5,1.0,1.0,8.0,0.0,2.1972245773362196,fair,hazel,dry,brown,P439061,OLEHENRIKSEN,35.0
5,1.0,0.962962985,27.0,0.6931471805599453,3.295836866004329,light,green,oily,black,P439061,OLEHENRIKSEN,35.0
1,0.0,1.0,4.0,0.0,1.6094379124341003,lightMedium,hazel,normal,blonde,P439061,OLEHENRIKSEN,35.0
5,1.0,1.0,15.0,0.0,2.772588722239781,light,brown,combination,black,P439061,OLEHENRIKSEN,35.0
1,0.0,0.5,12.0,1.9459101490553132,1.9459101490553132,light,brown,combination,brown,P439061,OLEHENRIKSEN,35.0
2,1.0,0.777778029,18.0,1.6094379124341003,2.70805020110221,light,brown,dry,brown,P439061,OLEHENRIKSEN,35.0
2,0.0,0.800000012,10.0,1.0986122886681098,2.1972245773362196,light,blue,oily,brown,P439061,OLEHENRIKSEN,35.0
5,1.0,1.0,4.0,0.0,1.6094379124341003,lightMedium,blue,normal,black,P439061,OLEHENRIKSEN,35.0
5,1.0,0.649999976,20.0,2.0794415416798357,2.6390573296152584,tan,brown,oily,black,P439061,OLEHENRIKSEN,35.0
5,1.0,1.0,12.0,0.0,2.5649493574615367,deep,brown,combination,black,P439061,OLEHENRIKSEN,35.0
1,0.0,0.923076987,39.0,1.3862943611198906,3.6109179126442243,tan,brown,oily,black,P439061,OLEHENRIKSEN,35.0
1,0.0,1.0,8.0,0.0,2.1972245773362196,tan,brown,combination,black,P439061,OLEHENRIKSEN,35.0
3,0.0,0.880952001,42.0,1.791759469228055,3.6375861597263857,fair,blue,combination,blonde,P439061,OLEHENRIKSEN,35.0
4,1.0,0.625,16.0,1.9459101490553132,2.3978952727983707,rich,brown,combination,black,P439061,OLEHENRIKSEN,35.0
2,0.0,0.40170899,113.72000000000116,4.2626798770413155,3.871201010907891,light,brown,combination,black,P375849,SK-II,245.0
4,1.0,0.818181992,33.0,1.9459101490553132,3.332204510175204,fairLight,blue,combination,blonde,P375849,SK-II,245.0
1,0.0,1.0,5.0,0.0,1.791759469228055,fair,green,combination,blonde,P375849,SK-II,245.0
5,1.0,0.666666985,12.0,1.6094379124341003,2.1972245773362196,medium,brown,combination,black,P375849,SK-II,245.0
1,0.0,0.714286029,21.0,1.9459101490553132,2.772588722239781,light,green,combination,brown,P375849,SK-II,245.0
1,0.0,1.0,16.0,0.0,2.833213344056216,lightMedium,brown,combination,brown,P375849,SK-II,245.0
4,1.0,0.86956501,23.0,1.3862943611198906,3.044522437723423,mediumTan,brown,combination,brown,P375849,SK-II,245.0
5,1.0,1.0,7.0,0.0,2.0794415416798357,light,brown,combination,black,P375849,SK-II,245.0
1,0.0,0.909090996,33.0,1.3862943611198906,3.4339872044851463,mediumTan,hazel,combination,brown,P375849,SK-II,245.0
4,1.0,1.0,5.0,0.0,1.791759469228055,lightMedium,brown,combination,black,P375849,SK-II,245.0
1,0.0,0.75,4.0,0.6931471805599453,1.3862943611198906,lightMedium,brown,dry,brown,P375849,SK-II,245.0
1,0.0,0.800000012,10.0,1.0986122886681098,2.1972245773362196,medium,brown,combination,brown,P375849,SK-II,245.0
5,1.0,0.75,4.0,0.6931471805599453,1.3862943611198906,light,hazel,combination,blonde,P375849,SK-II,245.0
4,1.0,1.0,5.0,0.0,1.791759469228055,medium,brown,combination,black,P375849,SK-II,245.0
3,0.0,0.833333015,18.0,1.3862943611198906,2.772588722239781,fair,brown,combination,brown,P375849,SK-II,245.0
5,1.0,1.0,21.0,0.0,3.091042453358316,light,hazel,oily,brown,P375849,SK-II,245.0
5,1.0,0.913793027,113.72000000000116,2.3978952727983707,4.672828834461906,fair,hazel,combination,blonde,P375849,SK-II,245.0
3,1.0,0.75,4.0,0.6931471805599453,1.3862943611198906,light,brown,combination,brown,P375849,SK-II,245.0
5,1.0,0.928570986,14.0,0.6931471805599453,2.6390573296152584,light,brown,combination,brown,P375849,SK-II,245.0
5,1.0,0.857142985,7.0,0.6931471805599453,1.9459101490553132,light,brown,combination,brown,P375849,SK-II,245.0
5,1.0,0.875,8.0,0.6931471805599453,2.0794415416798357,light,brown,combination,brown,P375849,SK-II,245.0
5,1.0,0.5,4.0,1.0986122886681098,1.0986122886681098,light,brown,combination,brown,P375849,SK-II,245.0
3,1.0,0.714286029,7.0,1.0986122886681098,1.791759469228055,light,brown,normal,brown,P375849,SK-II,245.0
4,1.0,0.875,8.0,0.6931471805599453,2.0794415416798357,light,brown,combination,brown,P375849,SK-II,245.0
5,1.0,0.988234997,85.0,0.6931471805599453,4.442651256490317,light,brown,combination,brown,P375849,SK-II,245.0
4,1.0,0.583333015,12.0,1.791759469228055,2.0794415416798357,light,brown,combination,brown,P375849,SK-II,245.0
5,1.0,0.75,4.0,0.6931471805599453,1.3862943611198906,light,brown,combination,brown,P375849,SK-II,245.0
4,1.0,0.800000012,5.0,0.6931471805599453,1.6094379124341003,light,brown,normal,brown,P375849,SK-II,245.0
5,1.0,0.736841977,19.0,1.791759469228055,2.70805020110221,light,brown,dry,brown,P375849,SK-II,245.0
1,1.0,0.857142985,28.0,1.6094379124341003,3.2188758248682006,light,brown,normal,brown,P375849,SK-II,245.0
5,1.0,0.962962985,27.0,0.6931471805599453,3.295836866004329,light,brown,dry,brown,P375849,SK-II,245.0
5,1.0,0.81012702,79.0,2.772588722239781,4.174387269895637,light,brown,dry,brown,P426183,SK-II,99.0
5,1.0,1.0,9.0,0.0,2.302585092994046,fairLight,brown,oily,brown,P426183,SK-II,99.0
4,1.0,1.0,4.0,0.0,1.6094379124341003,lightMedium,blue,combination,brown,P426183,SK-II,99.0
5,1.0,0.857142985,14.0,1.0986122886681098,2.5649493574615367,lightMedium,brown,oily,black,P426183,SK-II,99.0
2,0.0,0.833333015,6.0,0.6931471805599453,1.791759469228055,lightMedium,brown,combination,brown,P426183,SK-II,99.0
5,1.0,0.966102004,59.0,1.0986122886681098,4.060443010546419,light,brown,combination,black,P426183,SK-II,99.0
5,1.0,0.78125,32.0,2.0794415416798357,3.258096538021482,light,brown,combination,black,P426183,SK-II,99.0
5,1.0,1.0,11.0,0.0,2.4849066497880004,fair,brown,oily,brown,P426183,SK-II,99.0
5,1.0,0.879999995,25.0,1.3862943611198906,3.1354942159291497,fair,hazel,dry,blonde,P426183,SK-II,99.0
1,0.0,0.875,8.0,0.6931471805599453,2.0794415416798357,lightMedium,brown,normal,blonde,P426183,SK-II,99.0
1,0.0,0.200000003,5.0,1.6094379124341003,0.6931471805599453,light,green,normal,brown,P426183,SK-II,99.0
3,1.0,0.75,4.0,0.6931471805599453,1.3862943611198906,fairLight,brown,combination,brown,P426183,SK-II,99.0
5,1.0,0.5,4.0,1.0986122886681098,1.0986122886681098,fair,Grey,oily,black,P426183,SK-II,99.0
5,1.0,0.939393997,33.0,1.0986122886681098,3.4657359027997265,light,brown,combination,brown,P426183,SK-II,99.0
4,1.0,0.75,4.0,0.6931471805599453,1.3862943611198906,mediumTan,brown,oily,black,P426183,SK-II,99.0
1,0.0,0.5,4.0,1.0986122886681098,1.0986122886681098,lightMedium,brown,normal,black,P426183,SK-II,99.0
4,1.0,0.5,4.0,1.0986122886681098,1.0986122886681098,fair,brown,normal,brown,P426183,SK-II,99.0
4,1.0,0.916666985,12.0,0.6931471805599453,2.4849066497880004,light,brown,combination,brown,P426183,SK-II,99.0
4,1.0,0.962962985,27.0,0.6931471805599453,3.295836866004329,light,brown,combination,brown,P426183,SK-II,99.0
5,1.0,0.909090996,22.0,1.0986122886681098,3.044522437723423,light,brown,dry,brown,P426183,SK-II,99.0
5,1.0,0.833333015,6.0,0.6931471805599453,1.791759469228055,light,brown,dry,brown,P426183,SK-II,99.0
5,1.0,0.916666985,12.0,0.6931471805599453,2.4849066497880004,light,brown,combination,brown,P426183,SK-II,99.0
5,1.0,0.5,4.0,1.0986122886681098,1.0986122886681098,light,brown,combination,brown,P426183,SK-II,99.0
5,1.0,0.742856979,35.0,2.302585092994046,3.295836866004329,light,brown,dry,brown,P426183,SK-II,99.0
1,1.0,0.666666985,9.0,1.3862943611198906,1.9459101490553132,light,brown,normal,brown,P426183,SK-II,99.0
5,1.0,0.800000012,5.0,0.6931471805599453,1.6094379124341003,light,brown,combination,brown,P426183,SK-II,99.0
2,0.0,0.800000012,10.0,1.0986122886681098,2.1972245773362196,lightMedium,hazel,oily,brown,P456398,Shiseido,50.0
5,1.0,0.888889015,9.0,0.6931471805599453,2.1972245773362196,fairLight,brown,dry,blonde,P456398,Shiseido,50.0
5,1.0,0.959999979,25.0,0.6931471805599453,3.2188758248682006,fair,blue,combination,brown,P456398,Shiseido,50.0
4,1.0,1.0,5.0,0.0,1.791759469228055,fairLight,blue,combination,black,P456398,Shiseido,50.0
5,1.0,1.0,6.0,0.0,1.9459101490553132,fair,brown,dry,brown,P456398,Shiseido,50.0
4,1.0,0.888889015,9.0,0.6931471805599453,2.1972245773362196,tan,brown,combination,brown,P456398,Shiseido,50.0
4,1.0,0.0,9.0,2.302585092994046,0.0,fairLight,green,oily,brown,P456398,Shiseido,50.0
2,0.0,1.0,7.0,0.0,2.0794415416798357,light,brown,combination,black,P94421,Caudalie,82.0
5,1.0,0.461537987,13.0,2.0794415416798357,1.9459101490553132,light,blue,dry,blonde,P94421,Caudalie,82.0
4,1.0,0.875,8.0,0.6931471805599453,2.0794415416798357,deep,hazel,combination,brown,P94421,Caudalie,82.0
3,0.0,1.0,6.0,0.0,1.9459101490553132,light,blue,normal,brown,P94421,Caudalie,82.0
5,1.0,0.75,8.0,1.0986122886681098,1.9459101490553132,light,green,combination,blonde,P94421,Caudalie,82.0
5,1.0,0.875,8.0,0.6931471805599453,2.0794415416798357,lightMedium,hazel,normal,brown,P94421,Caudalie,82.0
2,1.0,0.928570986,14.0,0.6931471805599453,2.6390573296152584,lightMedium,brown,dry,brown,P94421,Caudalie,82.0
5,1.0,0.333332986,6.0,1.6094379124341003,1.0986122886681098,fair,hazel,dry,brown,P94421,Caudalie,82.0
4,1.0,0.349999994,40.0,3.295836866004329,2.70805020110221,lightMedium,brown,combination,black,P94421,Caudalie,82.0
4,1.0,0.920000017,25.0,1.0986122886681098,3.1780538303479458,light,blue,combination,blonde,P94421,Caudalie,82.0
5,1.0,1.0,4.0,0.0,1.6094379124341003,light,brown,normal,brown,P94421,Caudalie,82.0
4,1.0,0.75,28.0,2.0794415416798357,3.091042453358316,fair,blue,dry,gray,P94421,Caudalie,82.0
3,0.0,0.923076987,26.0,1.0986122886681098,3.2188758248682006,fair,brown,normal,black,P94421,Caudalie,82.0
2,0.0,0.727272987,11.0,1.3862943611198906,2.1972245773362196,light,brown,dry,brown,P94421,Caudalie,82.0
5,1.0,1.0,4.0,0.0,1.6094379124341003,medium,brown,combination,black,P94421,Caudalie,82.0
5,1.0,1.0,20.0,0.0,3.044522437723423,lightMedium,blue,combination,blonde,P94421,Caudalie,82.0
1,0.0,0.600000024,5.0,1.0986122886681098,1.3862943611198906,lightMedium,brown,combination,brown,P94421,Caudalie,82.0
1,0.0,0.850000024,20.0,1.3862943611198906,2.8903717578961645,deep,brown,combination,black,P94421,Caudalie,82.0
3,0.0,0.75,4.0,0.6931471805599453,1.3862943611198906,fairLight,green,combination,blonde,P94421,Caudalie,82.0
4,1.0,0.285714,7.0,1.791759469228055,1.0986122886681098,light,brown,combination,brown,P94421,Caudalie,82.0
3,1.0,0.454544991,11.0,1.9459101490553132,1.791759469228055,light,brown,dry,brown,P94421,Caudalie,82.0
5,1.0,1.0,6.0,0.0,1.9459101490553132,light,brown,combination,brown,P94421,Caudalie,82.0
1,1.0,0.142857,7.0,1.9459101490553132,0.6931471805599453,light,brown,combination,brown,P94421,Caudalie,82.0
1,1.0,0.400000006,5.0,1.3862943611198906,1.0986122886681098,light,brown,combination,brown,P94421,Caudalie,82.0
3,1.0,0.857142985,7.0,0.6931471805599453,1.9459101490553132,light,brown,oily,brown,P94421,Caudalie,82.0
4,1.0,0.916666985,12.0,0.6931471805599453,2.4849066497880004,lightMedium,brown,combination,brown,P94421,Caudalie,82.0
1,1.0,0.818181992,11.0,1.0986122886681098,2.302585092994046,fair,brown,combination,brown,P94421,Caudalie,82.0
5,1.0,1.0,4.0,0.0,1.6094379124341003,mediumTan,brown,combination,brown,P94421,Caudalie,82.0
1,1.0,0.5,8.0,1.6094379124341003,1.6094379124341003,fair,brown,combination,brown,P94421,Caudalie,82.0
5,1.0,0.966666996,30.0,0.6931471805599453,3.4011973816621555,deep,brown,combination,brown,P94421,Caudalie,82.0
5,1.0,0.800000012,5.0,0.6931471805599453,1.6094379124341003,mediumTan,brown,dry,brown,P94421,Caudalie,82.0
5,1.0,0.899999976,10.0,0.6931471805599453,2.302585092994046,light,brown,combination,brown,P427406,The Ordinary,13.0
5,1.0,0.714286029,7.0,1.0986122886681098,1.791759469228055,deep,brown,combination,black,P427406,The Ordinary,13.0
4,1.0,0.75,8.0,1.0986122886681098,1.9459101490553132,lightMedium,green,combination,brown,P427406,The Ordinary,13.0
4,1.0,0.928570986,14.0,0.6931471805599453,2.6390573296152584,fair,hazel,combination,brown,P427406,The Ordinary,13.0
5,1.0,1.0,15.0,0.0,2.772588722239781,lightMedium,brown,combination,black,P427406,The Ordinary,13.0
5,1.0,0.666666985,9.0,1.3862943611198906,1.9459101490553132,mediumTan,brown,normal,brown,P427406,The Ordinary,13.0
5,1.0,0.5,4.0,1.0986122886681098,1.0986122886681098,light,green,normal,blonde,P427406,The Ordinary,13.0
5,1.0,0.25,4.0,1.3862943611198906,0.6931471805599453,fair,green,combination,brown,P427406,The Ordinary,13.0
5,1.0,0.978570998,113.72000000000116,1.3862943611198906,4.927253685157205,fairLight,hazel,normal,brown,P427406,The Ordinary,13.0
5,1.0,1.0,8.0,0.0,2.1972245773362196,mediumTan,brown,combination,black,P427406,The Ordinary,13.0
5,1.0,1.0,4.0,0.0,1.6094379124341003,fair,brown,combination,brown,P427406,The Ordinary,13.0
5,1.0,0.966666996,30.0,0.6931471805599453,3.4011973816621555,lightMedium,brown,combination,black,P427406,The Ordinary,13.0
5,1.0,1.0,12.0,0.0,2.5649493574615367,lightMedium,hazel,normal,brown,P427406,The Ordinary,13.0
5,1.0,1.0,11.0,0.0,2.4849066497880004,fair,hazel,oily,brown,P427406,The Ordinary,13.0
4,1.0,0.571429014,7.0,1.3862943611198906,1.6094379124341003,fair,hazel,dry,brown,P427406,The Ordinary,13.0
5,1.0,0.833333015,6.0,0.6931471805599453,1.791759469228055,lightMedium,brown,combination,blonde,P427406,The Ordinary,13.0
5,1.0,0.9375,16.0,0.6931471805599453,2.772588722239781,medium,hazel,combination,brown,P427406,The Ordinary,13.0
5,1.0,1.0,7.0,0.0,2.0794415416798357,tan,brown,dry,brown,P427406,The Ordinary,13.0
5,1.0,0.833333015,12.0,1.0986122886681098,2.3978952727983707,light,brown,oily,brown,P427406,The Ordinary,13.0
5,1.0,1.0,6.0,0.0,1.9459101490553132,lightMedium,brown,combination,brown,P427406,The Ordinary,13.0
5,1.0,0.75,8.0,1.0986122886681098,1.9459101490553132,fair,blue,combination,blonde,P427406,The Ordinary,13.0
1,0.0,0.285714,7.0,1.791759469228055,1.0986122886681098,fair,blue,combination,blonde,P427406,The Ordinary,13.0
5,1.0,1.0,5.0,0.0,1.791759469228055,light,blue,combination,brown,P427406,The Ordinary,13.0
5,1.0,0.371428996,35.0,3.1354942159291497,2.6390573296152584,lightMedium,hazel,dry,black,P427406,The Ordinary,13.0
1,0.0,0.263157994,19.0,2.70805020110221,1.791759469228055,tan,brown,oily,black,P427406,The Ordinary,13.0
5,1.0,1.0,8.0,0.0,2.1972245773362196,mediumTan,brown,combination,brown,P427406,The Ordinary,13.0
5,1.0,1.0,5.0,0.0,1.791759469228055,light,brown,normal,brown,P427406,The Ordinary,13.0
5,1.0,0.692308009,13.0,1.6094379124341003,2.302585092994046,mediumTan,brown,combination,blonde,P427406,The Ordinary,13.0
5,1.0,1.0,4.0,0.0,1.6094379124341003,light,blue,combination,auburn,P427406,The Ordinary,13.0
5,1.0,1.0,17.0,0.0,2.8903717578961645,light,green,normal,blonde,P427406,The Ordinary,13.0
5,1.0,1.0,16.0,0.0,2.833213344056216,fair,blue,combination,brown,P427406,The Ordinary,13.0
5,1.0,1.0,13.0,0.0,2.6390573296152584,fair,blue,oily,blonde,P427406,The Ordinary,13.0
5,1.0,1.0,9.0,0.0,2.302585092994046,fair,green,combination,red,P427406,The Ordinary,13.0
5,1.0,1.0,7.0,0.0,2.0794415416798357,fair,brown,combination,brown,P427406,The Ordinary,13.0
1,0.0,0.851852,27.0,1.6094379124341003,3.1780538303479458,mediumTan,brown,combination,auburn,P427406,The Ordinary,13.0
5,1.0,1.0,8.0,0.0,2.1972245773362196,deep,brown,combination,black,P427406,The Ordinary,13.0
1,0.0,0.782608986,23.0,1.791759469228055,2.9444389791664403,light,brown,dry,auburn,P427406,The Ordinary,13.0
1,0.0,0.93333298,15.0,0.6931471805599453,2.70805020110221,tan,brown,combination,black,P427406,The Ordinary,13.0
5,1.0,1.0,18.0,0.0,2.9444389791664403,fair,green,dry,brown,P427406,The Ordinary,13.0
4,1.0,0.916666985,12.0,0.6931471805599453,2.4849066497880004,lightMedium,brown,combination,brown,P427406,The Ordinary,13.0
5,1.0,1.0,20.0,0.0,3.044522437723423,lightMedium,hazel,oily,brown,P427406,The Ordinary,13.0
5,1.0,1.0,5.0,0.0,1.791759469228055,medium,brown,combination,black,P427406,The Ordinary,13.0
5,1.0,1.0,15.0,0.0,2.772588722239781,lightMedium,green,combination,brown,P427406,The Ordinary,13.0
5,1.0,0.833333015,6.0,0.6931471805599453,1.791759469228055,tan,brown,combination,brown,P427406,The Ordinary,13.0
5,1.0,0.857142985,7.0,0.6931471805599453,1.9459101490553132,lightMedium,brown,combination,brown,P427406,The Ordinary,13.0
5,1.0,0.75,68.0,2.8903717578961645,3.9512437185814275,fair,blue,dry,red,P427406,The Ordinary,13.0
5,1.0,1.0,5.0,0.0,1.791759469228055,light,brown,combination,brown,P427406,The Ordinary,13.0
1,0.0,0.909090996,11.0,0.6931471805599453,2.3978952727983707,fair,brown,combination,brown,P427406,The Ordinary,13.0
5,1.0,1.0,8.0,0.0,2.1972245773362196,light,brown,combination,brown,P427406,The Ordinary,13.0
5,1.0,0.923076987,13.0,0.6931471805599453,2.5649493574615367,fair,brown,combination,brown,P427406,The Ordinary,13.0
3,0.0,0.400000006,5.0,1.3862943611198906,1.0986122886681098,fair,blue,oily,red,P427406,The Ordinary,13.0
2,0.0,0.666666985,6.0,1.0986122886681098,1.6094379124341003,mediumTan,brown,combination,brown,P427406,The Ordinary,13.0
4,1.0,0.904254973,113.72000000000116,2.9444389791664403,5.14166355650266,lightMedium,brown,combination,brown,P427406,The Ordinary,13.0
4,1.0,0.166666999,6.0,1.791759469228055,0.6931471805599453,deep,brown,combination,black,P427406,The Ordinary,13.0
5,1.0,0.6875,16.0,1.791759469228055,2.4849066497880004,deep,brown,oily,brown,P427406,The Ordinary,13.0
1,0.0,0.541666985,24.0,2.4849066497880004,2.6390573296152584,lightMedium,brown,oily,brown,P427406,The Ordinary,13.0
5,1.0,0.866666973,15.0,1.0986122886681098,2.6390573296152584,tan,brown,combination,black,P427406,The Ordinary,13.0
4,1.0,0.906780005,113.72000000000116,2.4849066497880004,4.68213122712422,light,brown,combination,brown,P427406,The Ordinary,13.0
4,1.0,0.811954975,113.72000000000116,5.0238805208462765,6.481577129276431,fair,brown,combination,brown,P427406,The Ordinary,13.0
5,1.0,0.028846201,104.0,4.624972813284271,1.3862943611198906,lightMedium,brown,combination,black,P431180,Isle of Paradise,32.0
1,0.0,0.272727013,11.0,2.1972245773362196,1.3862943611198906,light,blue,normal,brown,P431180,Isle of Paradise,32.0
5,1.0,1.0,4.0,0.0,1.6094379124341003,fairLight,blue,normal,red,P431180,Isle of Paradise,32.0
1,0.0,0.642857015,28.0,2.3978952727983707,2.9444389791664403,fairLight,blue,dry,red,P431180,Isle of Paradise,32.0
5,1.0,1.0,6.0,0.0,1.9459101490553132,light,blue,combination,blonde,P431180,Isle of Paradise,32.0
5,1.0,0.916666985,12.0,0.6931471805599453,2.4849066497880004,lightMedium,green,normal,brown,P431180,Isle of Paradise,32.0
5,1.0,0.992187977,113.72000000000116,0.6931471805599453,4.852030263919617,fair,hazel,combination,blonde,P431180,Isle of Paradise,32.0
5,1.0,1.0,5.0,0.0,1.791759469228055,fair,green,combination,blonde,P431180,Isle of Paradise,32.0
4,1.0,0.903846025,52.0,1.791759469228055,3.871201010907891,lightMedium,hazel,oily,brown,P431180,Isle of Paradise,32.0
5,1.0,0.818181992,11.0,1.0986122886681098,2.302585092994046,fairLight,blue,dry,red,P431180,Isle of Paradise,32.0
2,1.0,0.466666996,45.0,3.2188758248682006,3.091042453358316,fair,blue,combination,brown,P431180,Isle of Paradise,32.0
5,1.0,0.75,4.0,0.6931471805599453,1.3862943611198906,fair,brown,normal,brown,P431180,Isle of Paradise,32.0
1,0.0,0.857142985,7.0,0.6931471805599453,1.9459101490553132,fair,blue,combination,auburn,P431180,Isle of Paradise,32.0
5,1.0,1.0,7.0,0.0,2.0794415416798357,lightMedium,brown,combination,blonde,P431180,Isle of Paradise,32.0
4,1.0,0.25,8.0,1.9459101490553132,1.0986122886681098,fairLight,hazel,normal,auburn,P431180,Isle of Paradise,32.0
5,1.0,0.846153975,13.0,1.0986122886681098,2.4849066497880004,lightMedium,blue,dry,blonde,P431180,Isle of Paradise,32.0
5,1.0,0.888889015,9.0,0.6931471805599453,2.1972245773362196,fair,brown,combination,brown,P431180,Isle of Paradise,32.0
4,1.0,0.818181992,11.0,1.0986122886681098,2.302585092994046,lightMedium,green,combination,blonde,P431180,Isle of Paradise,32.0
1,0.0,0.400000006,10.0,1.9459101490553132,1.6094379124341003,lightMedium,brown,normal,brown,P431180,Isle of Paradise,32.0
1,0.0,0.899999976,10.0,0.6931471805599453,2.302585092994046,light,blue,combination,blonde,P431180,Isle of Paradise,32.0
1,0.0,1.0,8.0,0.0,2.1972245773362196,lightMedium,brown,combination,brown,P431180,Isle of Paradise,32.0
5,1.0,1.0,9.0,0.0,2.302585092994046,lightMedium,hazel,combination,brown,P431180,Isle of Paradise,32.0
5,1.0,1.0,12.0,0.0,2.5649493574615367,mediumTan,brown,combination,black,P431180,Isle of Paradise,32.0
5,1.0,0.800000012,45.0,2.302585092994046,3.6109179126442243,fair,hazel,oily,brown,P431180,Isle of Paradise,32.0
5,1.0,1.0,10.0,0.0,2.3978952727983707,light,green,dry,brown,P431180,Isle of Paradise,32.0
5,1.0,0.833333015,6.0,0.6931471805599453,1.791759469228055,lightMedium,brown,combination,brown,P431180,Isle of Paradise,32.0
1,0.0,0.920000017,25.0,1.0986122886681098,3.1780538303479458,light,hazel,oily,brown,P431180,Isle of Paradise,32.0
5,1.0,0.727272987,11.0,1.3862943611198906,2.1972245773362196,lightMedium,brown,combination,black,P431180,Isle of Paradise,32.0
5,1.0,1.0,6.0,0.0,1.9459101490553132,fair,blue,combination,blonde,P431180,Isle of Paradise,32.0
4,1.0,0.9375,16.0,0.6931471805599453,2.772588722239781,mediumTan,hazel,combination,brown,P431180,Isle of Paradise,32.0
5,1.0,0.800000012,20.0,1.6094379124341003,2.833213344056216,fairLight,blue,combination,brown,P431180,Isle of Paradise,32.0
4,1.0,0.875,8.0,0.6931471805599453,2.0794415416798357,fair,green,combination,black,P431180,Isle of Paradise,32.0
5,1.0,1.0,8.0,0.0,2.1972245773362196,tan,brown,combination,brown,P431180,Isle of Paradise,32.0
4,1.0,0.75,4.0,0.6931471805599453,1.3862943611198906,fairLight,blue,oily,red,P431180,Isle of Paradise,32.0
4,1.0,0.714286029,7.0,1.0986122886681098,1.791759469228055,light,green,normal,brown,P431180,Isle of Paradise,32.0
1,0.0,1.0,9.0,0.0,2.302585092994046,light,blue,combination,blonde,P431180,Isle of Paradise,32.0
1,0.0,0.583333015,12.0,1.791759469228055,2.0794415416798357,light,blue,combination,blonde,P431180,Isle of Paradise,32.0
4,1.0,0.571429014,7.0,1.3862943611198906,1.6094379124341003,mediumTan,brown,combination,brown,P431180,Isle of Paradise,32.0
2,0.0,0.285714,7.0,1.791759469228055,1.0986122886681098,lightMedium,blue,combination,blonde,P431180,Isle of Paradise,32.0
1,0.0,0.878787994,33.0,1.6094379124341003,3.4011973816621555,light,hazel,normal,blonde,P431180,Isle of Paradise,32.0
5,1.0,0.785713971,14.0,1.3862943611198906,2.4849066497880004,lightMedium,brown,combination,brown,P431180,Isle of Paradise,32.0
5,1.0,0.833333015,12.0,1.0986122886681098,2.3978952727983707,light,green,combination,red,P431180,Isle of Paradise,32.0
1,0.0,0.521739006,23.0,2.4849066497880004,2.5649493574615367,fairLight,brown,normal,red,P431180,Isle of Paradise,32.0
5,1.0,0.916666985,24.0,1.0986122886681098,3.1354942159291497,mediumTan,hazel,combination,blonde,P431180,Isle of Paradise,32.0
3,1.0,0.714286029,21.0,1.9459101490553132,2.772588722239781,light,blue,dry,red,P431180,Isle of Paradise,32.0
5,1.0,1.0,16.0,0.0,2.833213344056216,lightMedium,brown,oily,brown,P431180,Isle of Paradise,32.0
5,1.0,0.756097972,41.0,2.3978952727983707,3.4657359027997265,light,brown,dry,black,P431180,Isle of Paradise,32.0
1,0.0,0.375,8.0,1.791759469228055,1.3862943611198906,mediumTan,hazel,normal,black,P431180,Isle of Paradise,32.0
2,1.0,1.0,5.0,0.0,1.791759469228055,light,brown,normal,brown,P431180,Isle of Paradise,32.0
3,0.0,0.400000006,5.0,1.3862943611198906,1.0986122886681098,fairLight,blue,combination,brown,P431180,Isle of Paradise,32.0
1,0.0,0.699999988,10.0,1.3862943611198906,2.0794415416798357,lightMedium,blue,oily,blonde,P431180,Isle of Paradise,32.0
5,1.0,0.765305996,98.0,3.1780538303479458,4.330733340286331,light,blue,normal,brown,P431180,Isle of Paradise,32.0
5,1.0,0.839999974,100.0,2.833213344056216,4.442651256490317,light,blue,combination,blonde,P431180,Isle of Paradise,32.0
5,1.0,0.5,4.0,1.0986122886681098,1.0986122886681098,fair,hazel,combination,black,P173726,Shiseido,13.0
2,0.0,1.0,11.0,0.0,2.4849066497880004,lightMedium,brown,normal,brown,P173726,Shiseido,13.0
5,1.0,0.25,4.0,1.3862943611198906,0.6931471805599453,mediumTan,brown,combination,brown,P173726,Shiseido,13.0
5,1.0,1.0,5.0,0.0,1.791759469228055,fair,brown,combination,brown,P173726,Shiseido,13.0
1,1.0,0.476190001,21.0,2.4849066497880004,2.3978952727983707,fair,brown,combination,brown,P173726,Shiseido,13.0
5,1.0,1.0,16.0,0.0,2.833213344056216,fair,brown,combination,brown,P173726,Shiseido,13.0
5,1.0,0.5,4.0,1.0986122886681098,1.0986122886681098,fair,brown,combination,brown,P173726,Shiseido,13.0
4,1.0,0.5,4.0,1.0986122886681098,1.0986122886681098,lightMedium,brown,dry,brown,P479839,Estée Lauder,98.0
5,1.0,1.0,6.0,0.0,1.9459101490553132,fair,brown,combination,brown,P426836,Drunk Elephant,34.0
2,0.0,0.75,4.0,0.6931471805599453,1.3862943611198906,light,brown,normal,brown,P426836,Drunk Elephant,34.0
5,1.0,0.800000012,5.0,0.6931471805599453,1.6094379124341003,tan,brown,combination,black,P426836,Drunk Elephant,34.0
5,1.0,0.5,4.0,1.0986122886681098,1.0986122886681098,light,green,dry,blonde,P426836,Drunk Elephant,34.0
1,0.0,0.75,8.0,1.0986122886681098,1.9459101490553132,lightMedium,brown,dry,brown,P426836,Drunk Elephant,34.0
1,0.0,0.758620977,29.0,2.0794415416798357,3.1354942159291497,medium,brown,oily,brown,P426836,Drunk Elephant,34.0
5,1.0,0.333332986,6.0,1.6094379124341003,1.0986122886681098,fair,green,combination,blonde,P426836,Drunk Elephant,34.0
5,1.0,1.0,5.0,0.0,1.791759469228055,fair,blue,dry,brown,P426836,Drunk Elephant,34.0
4,1.0,1.0,4.0,0.0,1.6094379124341003,light,brown,combination,black,P426836,Drunk Elephant,34.0
4,1.0,0.142857,7.0,1.9459101490553132,0.6931471805599453,fair,blue,combination,blonde,P426836,Drunk Elephant,34.0
4,1.0,0.5,4.0,1.0986122886681098,1.0986122886681098,light,green,normal,brown,P426836,Drunk Elephant,34.0
5,1.0,1.0,4.0,0.0,1.6094379124341003,light,green,dry,brown,P426836,Drunk Elephant,34.0
5,1.0,0.866666973,15.0,1.0986122886681098,2.6390573296152584,lightMedium,brown,normal,brown,P426836,Drunk Elephant,34.0
5,1.0,1.0,7.0,0.0,2.0794415416798357,mediumTan,brown,combination,brown,P426836,Drunk Elephant,34.0
1,0.0,0.75,8.0,1.0986122886681098,1.9459101490553132,light,brown,combination,brown,P426836,Drunk Elephant,34.0
4,1.0,0.75,4.0,0.6931471805599453,1.3862943611198906,light,hazel,combination,brown,P426836,Drunk Elephant,34.0
5,1.0,0.833333015,6.0,0.6931471805599453,1.791759469228055,light,hazel,dry,brown,P426836,Drunk Elephant,34.0
5,1.0,1.0,4.0,0.0,1.6094379124341003,lightMedium,brown,combination,black,P426836,Drunk Elephant,34.0
1,0.0,0.800000012,25.0,1.791759469228055,3.044522437723423,fair,brown,dry,brown,P426836,Drunk Elephant,34.0
5,1.0,0.854544997,55.0,2.1972245773362196,3.871201010907891,fair,hazel,normal,gray,P421235,Clarins,90.0
5,1.0,0.666666985,12.0,1.6094379124341003,2.1972245773362196,mediumTan,brown,combination,black,P421235,Clarins,90.0
5,1.0,0.666666985,30.0,2.3978952727983707,3.044522437723423,fair,brown,combination,blonde,P421235,Clarins,90.0
5,1.0,1.0,5.0,0.0,1.791759469228055,light,green,combination,brown,P4016,Murad,36.0
5,1.0,1.0,4.0,0.0,1.6094379124341003,light,brown,oily,brown,P4016,Murad,36.0
5,1.0,0.764706016,17.0,1.6094379124341003,2.6390573296152584,light,blue,combination,blonde,P4016,Murad,36.0
1,0.0,1.0,4.0,0.0,1.6094379124341003,fairLight,brown,normal,red,P4016,Murad,36.0
5,1.0,0.909090996,11.0,0.6931471805599453,2.3978952727983707,light,brown,combination,brown,P4016,Murad,36.0
5,1.0,1.0,44.0,0.0,3.8066624897703196,light,brown,combination,brown,P4016,Murad,36.0
5,1.0,1.0,4.0,0.0,1.6094379124341003,light,brown,oily,brown,P4016,Murad,36.0
5,1.0,1.0,4.0,0.0,1.6094379124341003,light,brown,combination,brown,P4016,Murad,36.0
1,1.0,1.0,4.0,0.0,1.6094379124341003,fair,brown,combination,brown,P4016,Murad,36.0
1,1.0,0.5,4.0,1.0986122886681098,1.0986122886681098,lightMedium,brown,oily,brown,P4016,Murad,36.0
5,1.0,1.0,8.0,0.0,2.1972245773362196,deep,brown,combination,brown,P4016,Murad,36.0
3,0.0,0.400000006,5.0,1.3862943611198906,1.0986122886681098,tan,brown,oily,auburn,P278317,First Aid Beauty,36.0
2,0.0,0.555555999,9.0,1.6094379124341003,1.791759469228055,tan,brown,dry,black,P278317,First Aid Beauty,36.0
2,0.0,0.428570986,7.0,1.6094379124341003,1.3862943611198906,light,blue,combination,blonde,P278317,First Aid Beauty,36.0
5,1.0,1.0,13.0,0.0,2.6390573296152584,fair,brown,combination,brown,P278317,First Aid Beauty,36.0
5,1.0,0.966666996,30.0,0.6931471805599453,3.4011973816621555,fair,hazel,oily,auburn,P278317,First Aid Beauty,36.0
1,0.0,0.723577023,113.72000000000116,3.5553480614894135,4.499809670330265,medium,brown,combination,black,P278317,First Aid Beauty,36.0
5,1.0,0.833333015,6.0,0.6931471805599453,1.791759469228055,mediumTan,brown,combination,brown,P278317,First Aid Beauty,36.0
1,0.0,0.122449003,49.0,3.784189633918261,1.9459101490553132,light,brown,normal,black,P278317,First Aid Beauty,36.0
3,0.0,0.600000024,5.0,1.0986122886681098,1.3862943611198906,light,blue,combination,blonde,P278317,First Aid Beauty,36.0
5,1.0,1.0,5.0,0.0,1.791759469228055,light,brown,dry,brown,P278317,First Aid Beauty,36.0
5,1.0,1.0,8.0,0.0,2.1972245773362196,lightMedium,brown,combination,brown,P278317,First Aid Beauty,36.0
5,1.0,0.899999976,10.0,0.6931471805599453,2.302585092994046,light,blue,combination,blonde,P278317,First Aid Beauty,36.0
4,1.0,1.0,6.0,0.0,1.9459101490553132,deep,brown,combination,black,P278317,First Aid Beauty,36.0
3,1.0,0.25,4.0,1.3862943611198906,0.6931471805599453,fair,brown,combination,black,P278317,First Aid Beauty,36.0
1,1.0,0.166666999,6.0,1.791759469228055,0.6931471805599453,fair,brown,combination,black,P278317,First Aid Beauty,36.0
5,1.0,1.0,14.0,0.0,2.70805020110221,fair,brown,combination,black,P278317,First Aid Beauty,36.0
5,1.0,1.0,4.0,0.0,1.6094379124341003,fair,brown,combination,black,P278317,First Aid Beauty,36.0
2,1.0,0.909090996,11.0,0.6931471805599453,2.3978952727983707,fair,brown,combination,black,P278317,First Aid Beauty,36.0
5,1.0,1.0,6.0,0.0,1.9459101490553132,fair,brown,dry,black,P278317,First Aid Beauty,36.0
5,1.0,1.0,5.0,0.0,1.791759469228055,fair,blue,combination,blonde,P406712,Drunk Elephant,49.0
5,1.0,0.5,4.0,1.0986122886681098,1.0986122886681098,light,brown,dry,brown,P406712,Drunk Elephant,49.0
4,1.0,0.875,8.0,0.6931471805599453,2.0794415416798357,rich,brown,oily,black,P406712,Drunk Elephant,49.0
2,0.0,0.833333015,6.0,0.6931471805599453,1.791759469228055,mediumTan,brown,combination,black,P406712,Drunk Elephant,49.0
2,0.0,1.0,6.0,0.0,1.9459101490553132,mediumTan,brown,combination,brown,P406712,Drunk Elephant,49.0
2,0.0,1.0,7.0,0.0,2.0794415416798357,lightMedium,hazel,dry,brown,P406712,Drunk Elephant,49.0
3,0.0,1.0,5.0,0.0,1.791759469228055,fair,blue,combination,brown,P406712,Drunk Elephant,49.0
5,1.0,1.0,6.0,0.0,1.9459101490553132,light,green,dry,blonde,P406712,Drunk Elephant,49.0
4,1.0,1.0,6.0,0.0,1.9459101490553132,fairLight,Grey,combination,auburn,P406712,Drunk Elephant,49.0
2,0.0,0.75,4.0,0.6931471805599453,1.3862943611198906,fair,brown,dry,red,P406712,Drunk Elephant,49.0
3,0.0,0.555555999,18.0,2.1972245773362196,2.3978952727983707,deep,brown,oily,brown,P406712,Drunk Elephant,49.0
1,0.0,0.916666985,12.0,0.6931471805599453,2.4849066497880004,lightMedium,brown,combination,brown,P406712,Drunk Elephant,49.0
4,1.0,0.272727013,11.0,2.1972245773362196,1.3862943611198906,light,brown,oily,blonde,P406712,Drunk Elephant,49.0
2,0.0,0.25,12.0,2.302585092994046,1.3862943611198906,light,brown,combination,brown,P406712,Drunk Elephant,49.0
5,1.0,0.875,8.0,0.6931471805599453,2.0794415416798357,light,brown,normal,blonde,P406712,Drunk Elephant,49.0
2,0.0,0.882353008,17.0,1.0986122886681098,2.772588722239781,deep,brown,dry,brown,P406712,Drunk Elephant,49.0
5,1.0,0.909090996,11.0,0.6931471805599453,2.3978952727983707,light,brown,combination,brown,P406712,Drunk Elephant,49.0
2,1.0,0.5,4.0,1.0986122886681098,1.0986122886681098,light,brown,combination,brown,P406712,Drunk Elephant,49.0
4,1.0,0.600000024,5.0,1.0986122886681098,1.3862943611198906,light,brown,combination,brown,P406712,Drunk Elephant,49.0
5,1.0,0.800000012,5.0,0.6931471805599453,1.6094379124341003,light,brown,combination,brown,P406712,Drunk Elephant,49.0
5,1.0,0.9375,16.0,0.6931471805599453,2.772588722239781,light,brown,combination,brown,P406712,Drunk Elephant,49.0
5,1.0,0.909090996,11.0,0.6931471805599453,2.3978952727983707,light,brown,combination,brown,P406712,Drunk Elephant,49.0
5,1.0,0.959999979,25.0,0.6931471805599453,3.2188758248682006,light,brown,combination,brown,P406712,Drunk Elephant,49.0
5,1.0,0.774194002,31.0,2.0794415416798357,3.2188758248682006,fair,green,normal,blonde,P415777,Drunk Elephant,80.0
5,1.0,0.964286029,56.0,1.0986122886681098,4.007333185232471,lightMedium,hazel,dry,brown,P415777,Drunk Elephant,80.0
5,1.0,1.0,4.0,0.0,1.6094379124341003,fair,brown,combination,brown,P415777,Drunk Elephant,80.0
1,0.0,0.528302014,53.0,3.258096538021482,3.367295829986474,fair,brown,combination,brown,P415777,Drunk Elephant,80.0
5,1.0,0.800000012,10.0,1.0986122886681098,2.1972245773362196,fair,hazel,combination,brown,P415777,Drunk Elephant,80.0
1,0.0,0.388889015,36.0,3.1354942159291497,2.70805020110221,light,brown,normal,brown,P415777,Drunk Elephant,80.0
5,1.0,0.949999988,20.0,0.6931471805599453,2.995732273553991,rich,brown,combination,brown,P415777,Drunk Elephant,80.0
5,1.0,0.888889015,9.0,0.6931471805599453,2.1972245773362196,rich,brown,normal,brown,P415777,Drunk Elephant,80.0
5,1.0,1.0,14.0,0.0,2.70805020110221,fair,brown,combination,brown,P415777,Drunk Elephant,80.0
5,1.0,0.666666985,9.0,1.3862943611198906,1.9459101490553132,fair,blue,combination,brown,P415777,Drunk Elephant,80.0
3,0.0,0.738094985,42.0,2.4849066497880004,3.4657359027997265,light,brown,oily,black,P415777,Drunk Elephant,80.0
3,1.0,0.839999974,25.0,1.6094379124341003,3.091042453358316,lightMedium,hazel,combination,brown,P415777,Drunk Elephant,80.0
5,1.0,0.333332986,9.0,1.9459101490553132,1.3862943611198906,fair,green,combination,blonde,P415777,Drunk Elephant,80.0
1,0.0,0.416667014,12.0,2.0794415416798357,1.791759469228055,lightMedium,brown,combination,black,P415777,Drunk Elephant,80.0
4,1.0,1.0,6.0,0.0,1.9459101490553132,lightMedium,green,normal,brown,P415777,Drunk Elephant,80.0
4,1.0,0.545454979,11.0,1.791759469228055,1.9459101490553132,fair,brown,dry,brown,P415777,Drunk Elephant,80.0
2,0.0,0.916666985,48.0,1.6094379124341003,3.8066624897703196,lightMedium,brown,combination,black,P415777,Drunk Elephant,80.0
5,1.0,1.0,5.0,0.0,1.791759469228055,light,blue,combination,brown,P415777,Drunk Elephant,80.0
5,1.0,0.9375,16.0,0.6931471805599453,2.772588722239781,medium,brown,combination,brown,P415777,Drunk Elephant,80.0
5,1.0,0.875,8.0,0.6931471805599453,2.0794415416798357,light,hazel,combination,blonde,P415777,Drunk Elephant,80.0
1,0.0,0.5,12.0,1.9459101490553132,1.9459101490553132,lightMedium,brown,normal,brown,P415777,Drunk Elephant,80.0
5,1.0,0.857142985,7.0,0.6931471805599453,1.9459101490553132,light,green,oily,brown,P415777,Drunk Elephant,80.0
5,1.0,0.833333015,6.0,0.6931471805599453,1.791759469228055,light,blue,combination,brown,P415777,Drunk Elephant,80.0
5,1.0,0.923076987,13.0,0.6931471805599453,2.5649493574615367,light,brown,combination,brown,P415777,Drunk Elephant,80.0
5,1.0,0.416667014,12.0,2.0794415416798357,1.791759469228055,light,blue,dry,blonde,P415777,Drunk Elephant,80.0
5,1.0,0.920000017,25.0,1.0986122886681098,3.1780538303479458,light,Grey,dry,brown,P415777,Drunk Elephant,80.0
5,1.0,0.800000012,5.0,0.6931471805599453,1.6094379124341003,fairLight,green,dry,auburn,P415777,Drunk Elephant,80.0
5,1.0,0.980000019,50.0,0.6931471805599453,3.912023005428146,lightMedium,hazel,combination,brown,P415777,Drunk Elephant,80.0
1,0.0,0.905659974,53.0,1.791759469228055,3.8918202981106265,lightMedium,green,dry,blonde,P415777,Drunk Elephant,80.0
5,1.0,0.857142985,7.0,0.6931471805599453,1.9459101490553132,light,brown,oily,brown,P415777,Drunk Elephant,80.0
2,1.0,0.901638985,61.0,1.9459101490553132,4.02535169073515,light,brown,combination,brown,P415777,Drunk Elephant,80.0
5,1.0,0.375,8.0,1.791759469228055,1.3862943611198906,light,brown,combination,brown,P415777,Drunk Elephant,80.0
5,1.0,0.923076987,13.0,0.6931471805599453,2.5649493574615367,light,brown,combination,brown,P415777,Drunk Elephant,80.0
2,1.0,0.800000012,5.0,0.6931471805599453,1.6094379124341003,light,brown,combination,brown,P415777,Drunk Elephant,80.0
5,1.0,0.936842024,95.0,1.9459101490553132,4.499809670330265,light,brown,combination,brown,P415777,Drunk Elephant,80.0
5,1.0,0.90476203,84.0,2.1972245773362196,4.343805421853684,light,brown,combination,brown,P415777,Drunk Elephant,80.0
5,1.0,0.90476203,42.0,1.6094379124341003,3.6635616461296463,light,brown,combination,brown,P415777,Drunk Elephant,80.0
5,1.0,0.857142985,7.0,0.6931471805599453,1.9459101490553132,light,brown,combination,brown,P415777,Drunk Elephant,80.0
5,1.0,1.0,5.0,0.0,1.791759469228055,light,green,dry,brown,P421996,Kiehl's Since 1851,78.0
5,1.0,1.0,6.0,0.0,1.9459101490553132,fair,hazel,combination,brown,P421996,Kiehl's Since 1851,78.0
5,1.0,0.888889015,9.0,0.6931471805599453,2.1972245773362196,mediumTan,brown,dry,black,P421996,Kiehl's Since 1851,78.0
4,1.0,1.0,4.0,0.0,1.6094379124341003,mediumTan,brown,combination,brown,P421996,Kiehl's Since 1851,78.0
3,0.0,1.0,5.0,0.0,1.791759469228055,fair,brown,dry,black,P421996,Kiehl's Since 1851,78.0
4,1.0,0.818181992,33.0,1.9459101490553132,3.332204510175204,fair,blue,oily,blonde,P421996,Kiehl's Since 1851,78.0
5,1.0,0.0,4.0,1.6094379124341003,0.0,mediumTan,brown,combination,black,P421996,Kiehl's Since 1851,78.0
1,0.0,1.0,7.0,0.0,2.0794415416798357,medium,brown,combination,brown,P421996,Kiehl's Since 1851,78.0
5,1.0,0.866666973,15.0,1.0986122886681098,2.6390573296152584,light,brown,dry,brown,P421996,Kiehl's Since 1851,78.0
5,1.0,0.772727013,22.0,1.791759469228055,2.8903717578961645,light,brown,combination,brown,P421996,Kiehl's Since 1851,78.0
5,1.0,1.0,5.0,0.0,1.791759469228055,light,blue,dry,black,P422510,Kiehl's Since 1851,24.0
5,1.0,1.0,19.0,0.0,2.995732273553991,light,green,dry,brown,P422510,Kiehl's Since 1851,24.0
5,1.0,0.875,8.0,0.6931471805599453,2.0794415416798357,light,brown,combination,brown,P422510,Kiehl's Since 1851,24.0
5,1.0,0.899999976,10.0,0.6931471805599453,2.302585092994046,lightMedium,hazel,combination,brown,P422510,Kiehl's Since 1851,24.0
5,1.0,0.714286029,7.0,1.0986122886681098,1.791759469228055,light,brown,dry,brown,P422510,Kiehl's Since 1851,24.0
5,1.0,1.0,6.0,0.0,1.9459101490553132,light,brown,combination,blonde,P422510,Kiehl's Since 1851,24.0
4,1.0,1.0,4.0,0.0,1.6094379124341003,light,green,combination,blonde,P422510,Kiehl's Since 1851,24.0
5,1.0,1.0,5.0,0.0,1.791759469228055,lightMedium,blue,normal,brown,P422510,Kiehl's Since 1851,24.0
5,1.0,1.0,8.0,0.0,2.1972245773362196,fair,blue,combination,blonde,P422510,Kiehl's Since 1851,24.0
2,0.0,1.0,10.0,0.0,2.3978952727983707,light,brown,combination,brown,P422510,Kiehl's Since 1851,24.0
5,1.0,1.0,6.0,0.0,1.9459101490553132,fair,brown,dry,black,P422510,Kiehl's Since 1851,24.0
1,0.0,0.833333015,6.0,0.6931471805599453,1.791759469228055,lightMedium,blue,normal,brown,P422510,Kiehl's Since 1851,24.0
4,1.0,0.647059023,17.0,1.9459101490553132,2.4849066497880004,fairLight,hazel,normal,red,P422510,Kiehl's Since 1851,24.0
5,1.0,0.882353008,17.0,1.0986122886681098,2.772588722239781,lightMedium,brown,oily,brown,P422510,Kiehl's Since 1851,24.0
4,1.0,0.903613985,83.0,2.1972245773362196,4.330733340286331,deep,brown,dry,brown,P422510,Kiehl's Since 1851,24.0
5,1.0,0.142857,7.0,1.9459101490553132,0.6931471805599453,lightMedium,brown,combination,brown,P411403,IT Cosmetics,20.0
1,0.0,0.888889015,9.0,0.6931471805599453,2.1972245773362196,fairLight,brown,combination,brown,P411403,IT Cosmetics,20.0
5,1.0,0.833333015,6.0,0.6931471805599453,1.791759469228055,light,brown,combination,brown,P415771,Tatcha,110.0
1,0.0,0.642857015,14.0,1.791759469228055,2.302585092994046,light,hazel,dry,brown,P415771,Tatcha,110.0
1,0.0,0.75,8.0,1.0986122886681098,1.9459101490553132,fair,green,combination,red,P415771,Tatcha,110.0
1,0.0,0.949999988,20.0,0.6931471805599453,2.995732273553991,lightMedium,brown,oily,brown,P415771,Tatcha,110.0
1,0.0,0.523810029,42.0,3.044522437723423,3.1354942159291497,tan,brown,combination,brown,P415771,Tatcha,110.0
5,1.0,1.0,47.0,0.0,3.871201010907891,medium,brown,combination,brown,P415771,Tatcha,110.0
5,1.0,0.875,8.0,0.6931471805599453,2.0794415416798357,lightMedium,brown,dry,blonde,P415771,Tatcha,110.0
5,1.0,0.333332986,6.0,1.6094379124341003,1.0986122886681098,fair,green,normal,brown,P415771,Tatcha,110.0
5,1.0,1.0,4.0,0.0,1.6094379124341003,lightMedium,brown,dry,black,P415771,Tatcha,110.0
4,0.0,0.5,4.0,1.0986122886681098,1.0986122886681098,tan,brown,combination,black,P415771,Tatcha,110.0
1,0.0,0.100000001,20.0,2.9444389791664403,1.0986122886681098,lightMedium,brown,oily,brown,P415771,Tatcha,110.0
5,1.0,0.949999988,40.0,1.0986122886681098,3.6635616461296463,light,brown,combination,brown,P415771,Tatcha,110.0
5,1.0,0.833333015,6.0,0.6931471805599453,1.791759469228055,light,brown,combination,brown,P415771,Tatcha,110.0
1,0.0,0.727272987,22.0,1.9459101490553132,2.833213344056216,light,brown,normal,brown,P473160,Tatcha,65.0
5,1.0,1.0,5.0,0.0,1.791759469228055,lightMedium,brown,combination,brown,P473160,Tatcha,65.0
5,1.0,0.75,4.0,0.6931471805599453,1.3862943611198906,tan,brown,dry,black,P473160,Tatcha,65.0
4,1.0,0.818181992,11.0,1.0986122886681098,2.302585092994046,medium,brown,combination,black,P473160,Tatcha,65.0
4,1.0,0.5,10.0,1.791759469228055,1.791759469228055,lightMedium,brown,normal,brown,P473160,Tatcha,65.0
5,1.0,0.785713971,14.0,1.3862943611198906,2.4849066497880004,fair,blue,oily,brown,P473160,Tatcha,65.0
5,1.0,0.408163011,49.0,3.4011973816621555,3.044522437723423,tan,brown,combination,black,P473160,Tatcha,65.0
5,1.0,0.857142985,7.0,0.6931471805599453,1.9459101490553132,lightMedium,brown,oily,brown,P473160,Tatcha,65.0
5,1.0,0.571429014,14.0,1.9459101490553132,2.1972245773362196,fairLight,hazel,normal,brown,P473160,Tatcha,65.0
5,1.0,0.899999976,10.0,0.6931471805599453,2.302585092994046,fairLight,hazel,combination,brown,P473160,Tatcha,65.0
2,0.0,0.909090996,11.0,0.6931471805599453,2.3978952727983707,light,blue,oily,blonde,P473160,Tatcha,65.0
5,1.0,0.75,4.0,0.6931471805599453,1.3862943611198906,light,hazel,oily,brown,P473160,Tatcha,65.0
5,1.0,0.875,8.0,0.6931471805599453,2.0794415416798357,light,brown,combination,black,P473160,Tatcha,65.0
5,1.0,0.921052992,38.0,1.3862943611198906,3.58351893845611,lightMedium,green,dry,blonde,P473160,Tatcha,65.0
4,1.0,0.875,32.0,1.6094379124341003,3.367295829986474,light,brown,combination,brown,P473160,Tatcha,65.0
4,1.0,0.800000012,5.0,0.6931471805599453,1.6094379124341003,light,brown,combination,brown,P473160,Tatcha,65.0
1,1.0,0.285714,35.0,3.258096538021482,2.3978952727983707,light,brown,combination,brown,P473160,Tatcha,65.0
3,1.0,0.818181992,11.0,1.0986122886681098,2.302585092994046,fair,Grey,dry,brown,P442840,Skinfix,54.0
5,1.0,1.0,6.0,0.0,1.9459101490553132,light,brown,combination,brown,P442840,Skinfix,54.0
3,0.0,0.384615004,13.0,2.1972245773362196,1.791759469228055,light,Grey,dry,blonde,P442840,Skinfix,54.0
4,1.0,1.0,5.0,0.0,1.791759469228055,light,brown,dry,brown,P442840,Skinfix,54.0
4,1.0,0.800000012,5.0,0.6931471805599453,1.6094379124341003,fair,brown,combination,red,P442840,Skinfix,54.0
3,0.0,0.875,8.0,0.6931471805599453,2.0794415416798357,lightMedium,blue,normal,blonde,P442840,Skinfix,54.0
5,1.0,0.5,4.0,1.0986122886681098,1.0986122886681098,fair,brown,normal,red,P442840,Skinfix,54.0
2,0.0,0.666666985,15.0,1.791759469228055,2.3978952727983707,fair,brown,dry,gray,P442840,Skinfix,54.0
1,0.0,0.428570986,7.0,1.6094379124341003,1.3862943611198906,medium,blue,combination,blonde,P442840,Skinfix,54.0
4,1.0,0.333332986,6.0,1.6094379124341003,1.0986122886681098,light,brown,combination,brown,P442840,Skinfix,54.0
5,1.0,1.0,4.0,0.0,1.6094379124341003,mediumTan,brown,dry,black,P442840,Skinfix,54.0
1,0.0,1.0,7.0,0.0,2.0794415416798357,fair,brown,combination,blonde,P442840,Skinfix,54.0
3,1.0,0.666666985,6.0,1.0986122886681098,1.6094379124341003,light,hazel,dry,brown,P442840,Skinfix,54.0
5,1.0,0.625,8.0,1.3862943611198906,1.791759469228055,lightMedium,blue,dry,auburn,P442840,Skinfix,54.0
2,0.0,0.625,8.0,1.3862943611198906,1.791759469228055,lightMedium,brown,combination,brown,P442840,Skinfix,54.0
5,1.0,1.0,5.0,0.0,1.791759469228055,light,hazel,combination,blonde,P442840,Skinfix,54.0
3,1.0,0.75,8.0,1.0986122886681098,1.9459101490553132,fair,blue,dry,brown,P442840,Skinfix,54.0
4,1.0,0.142857,7.0,1.9459101490553132,0.6931471805599453,light,green,combination,auburn,P442840,Skinfix,54.0
5,1.0,1.0,5.0,0.0,1.791759469228055,fair,green,dry,brown,P442840,Skinfix,54.0
5,1.0,1.0,7.0,0.0,2.0794415416798357,light,green,combination,brown,P442840,Skinfix,54.0
3,0.0,1.0,5.0,0.0,1.791759469228055,lightMedium,brown,combination,black,P442840,Skinfix,54.0
5,1.0,0.800000012,5.0,0.6931471805599453,1.6094379124341003,light,hazel,combination,brown,P442840,Skinfix,54.0
4,1.0,0.800000012,10.0,1.0986122886681098,2.1972245773362196,light,blue,dry,brown,P442840,Skinfix,54.0
5,1.0,0.400000006,5.0,1.3862943611198906,1.0986122886681098,fair,blue,combination,brown,P442840,Skinfix,54.0
3,0.0,0.193547994,31.0,3.258096538021482,1.9459101490553132,fair,green,normal,blonde,P442840,Skinfix,54.0
5,1.0,0.625,8.0,1.3862943611198906,1.791759469228055,light,hazel,combination,brown,P442840,Skinfix,54.0
5,1.0,1.0,18.0,0.0,2.9444389791664403,fair,green,dry,auburn,P442840,Skinfix,54.0
4,1.0,1.0,5.0,0.0,1.791759469228055,medium,brown,dry,black,P442840,Skinfix,54.0
2,0.0,0.538461983,13.0,1.9459101490553132,2.0794415416798357,light,brown,oily,brown,P461537,Tatcha,40.0
1,0.0,0.600000024,5.0,1.0986122886681098,1.3862943611198906,deep,brown,combination,black,P461537,Tatcha,40.0
5,1.0,0.75,4.0,0.6931471805599453,1.3862943611198906,lightMedium,brown,dry,brown,P461537,Tatcha,40.0
5,1.0,0.5,4.0,1.0986122886681098,1.0986122886681098,fair,blue,combination,blonde,P461537,Tatcha,40.0
5,1.0,0.952381015,21.0,0.6931471805599453,3.044522437723423,lightMedium,green,oily,black,P461537,Tatcha,40.0
5,1.0,0.75,4.0,0.6931471805599453,1.3862943611198906,lightMedium,green,combination,brown,P461537,Tatcha,40.0
5,1.0,0.714286029,14.0,1.6094379124341003,2.3978952727983707,deep,brown,combination,black,P461537,Tatcha,40.0
4,1.0,1.0,5.0,0.0,1.791759469228055,lightMedium,hazel,normal,brown,P461537,Tatcha,40.0
5,1.0,0.5,6.0,1.3862943611198906,1.3862943611198906,light,blue,normal,brown,P461537,Tatcha,40.0
5,1.0,0.800000012,5.0,0.6931471805599453,1.6094379124341003,lightMedium,brown,normal,black,P461537,Tatcha,40.0
5,1.0,0.75,4.0,0.6931471805599453,1.3862943611198906,light,blue,combination,blonde,P461537,Tatcha,40.0
5,1.0,1.0,7.0,0.0,2.0794415416798357,mediumTan,brown,dry,black,P461537,Tatcha,40.0
1,0.0,0.863636017,113.72000000000116,3.332204510175204,5.147494476813453,fair,blue,oily,blonde,P461537,Tatcha,40.0
5,1.0,0.375,8.0,1.791759469228055,1.3862943611198906,fair,brown,normal,brown,P461537,Tatcha,40.0
3,0.0,1.0,5.0,0.0,1.791759469228055,light,hazel,normal,blonde,P461537,Tatcha,40.0
3,1.0,0.857142985,7.0,0.6931471805599453,1.9459101490553132,fair,hazel,oily,brown,P461537,Tatcha,40.0
3,1.0,0.875,8.0,0.6931471805599453,2.0794415416798357,mediumTan,brown,dry,black,P479860,Skinfix,20.0
5,1.0,1.0,7.0,0.0,2.0794415416798357,light,brown,combination,brown,P479860,Skinfix,20.0
1,0.0,0.5,4.0,1.0986122886681098,1.0986122886681098,fair,hazel,combination,blonde,P479860,Skinfix,20.0
5,1.0,1.0,15.0,0.0,2.772588722239781,light,brown,combination,brown,P479860,Skinfix,20.0
1,0.0,0.473684013,19.0,2.3978952727983707,2.302585092994046,light,hazel,combination,brown,P479860,Skinfix,20.0
5,1.0,0.888889015,9.0,0.6931471805599453,2.1972245773362196,lightMedium,hazel,dry,black,P479860,Skinfix,20.0
3,0.0,0.699999988,10.0,1.3862943611198906,2.0794415416798357,fair,green,dry,blonde,P479860,Skinfix,20.0
5,1.0,0.666666985,6.0,1.0986122886681098,1.6094379124341003,light,brown,combination,black,P479860,Skinfix,20.0
5,1.0,0.875,40.0,1.791759469228055,3.58351893845611,mediumTan,brown,combination,black,P479860,Skinfix,20.0
5,1.0,0.75,4.0,0.6931471805599453,1.3862943611198906,fairLight,Grey,dry,red,P479860,Skinfix,20.0
5,1.0,1.0,5.0,0.0,1.791759469228055,fairLight,blue,dry,blonde,P479860,Skinfix,20.0
1,0.0,0.727272987,11.0,1.3862943611198906,2.1972245773362196,lightMedium,brown,combination,brown,P479860,Skinfix,20.0
3,0.0,1.0,4.0,0.0,1.6094379124341003,light,brown,dry,brown,P479860,Skinfix,20.0
3,0.0,0.75,4.0,0.6931471805599453,1.3862943611198906,medium,brown,combination,brown,P479860,Skinfix,20.0
3,0.0,1.0,5.0,0.0,1.791759469228055,fair,brown,normal,brown,P479860,Skinfix,20.0
5,1.0,0.75,4.0,0.6931471805599453,1.3862943611198906,mediumTan,brown,dry,black,P479860,Skinfix,20.0
5,1.0,0.916666985,12.0,0.6931471805599453,2.4849066497880004,fair,blue,oily,brown,P479860,Skinfix,20.0
4,1.0,0.800000012,10.0,1.0986122886681098,2.1972245773362196,lightMedium,brown,dry,brown,P479860,Skinfix,20.0
3,0.0,0.777778029,9.0,1.0986122886681098,2.0794415416798357,light,brown,combination,blonde,P479860,Skinfix,20.0
4,1.0,1.0,10.0,0.0,2.3978952727983707,light,brown,combination,black,P479860,Skinfix,20.0
5,1.0,0.944444001,18.0,0.6931471805599453,2.8903717578961645,fairLight,brown,oily,black,P479860,Skinfix,20.0
5,1.0,0.875,8.0,0.6931471805599453,2.0794415416798357,fair,blue,dry,brown,P479860,Skinfix,20.0
2,0.0,0.730768979,26.0,2.0794415416798357,2.995732273553991,mediumTan,hazel,oily,brown,P479860,Skinfix,20.0
4,1.0,0.333332986,6.0,1.6094379124341003,1.0986122886681098,fair,brown,normal,brown,P479860,Skinfix,20.0
5,1.0,0.75,8.0,1.0986122886681098,1.9459101490553132,fairLight,green,normal,brown,P479860,Skinfix,20.0
4,1.0,0.699999988,10.0,1.3862943611198906,2.0794415416798357,medium,brown,combination,black,P479860,Skinfix,20.0
5,1.0,0.833333015,12.0,1.0986122886681098,2.3978952727983707,lightMedium,brown,combination,black,P479860,Skinfix,20.0
5,1.0,0.800000012,10.0,1.0986122886681098,2.1972245773362196,mediumTan,brown,dry,brown,P479860,Skinfix,20.0
4,1.0,0.200000003,5.0,1.6094379124341003,0.6931471805599453,lightMedium,brown,combination,brown,P479860,Skinfix,20.0
5,1.0,0.5,4.0,1.0986122886681098,1.0986122886681098,light,brown,combination,brown,P479860,Skinfix,20.0
5,1.0,0.896552026,29.0,1.3862943611198906,3.295836866004329,light,brown,dry,brown,P479860,Skinfix,20.0
1,0.0,0.928570986,14.0,0.6931471805599453,2.6390573296152584,mediumTan,brown,dry,black,P479860,Skinfix,20.0
4,1.0,0.818181992,11.0,1.0986122886681098,2.302585092994046,lightMedium,brown,oily,black,P479860,Skinfix,20.0
5,1.0,0.833333015,6.0,0.6931471805599453,1.791759469228055,light,brown,dry,brown,P479860,Skinfix,20.0
1,0.0,0.545454979,11.0,1.791759469228055,1.9459101490553132,deep,brown,oily,auburn,P440651,Murad,14.0
5,1.0,0.75,4.0,0.6931471805599453,1.3862943611198906,light,green,combination,brown,P440651,Murad,14.0
5,1.0,1.0,6.0,0.0,1.9459101490553132,fair,blue,combination,blonde,P440651,Murad,14.0
1,0.0,0.791666985,24.0,1.791759469228055,2.995732273553991,light,hazel,combination,red,P440651,Murad,14.0
1,0.0,0.162790999,43.0,3.6109179126442243,2.0794415416798357,fair,blue,combination,black,P440651,Murad,14.0
5,1.0,1.0,7.0,0.0,2.0794415416798357,light,brown,combination,black,P440651,Murad,14.0
5,1.0,1.0,5.0,0.0,1.791759469228055,light,brown,combination,black,P440651,Murad,14.0
1,1.0,0.75,4.0,0.6931471805599453,1.3862943611198906,light,brown,combination,black,P440651,Murad,14.0
4,1.0,0.75,4.0,0.6931471805599453,1.3862943611198906,tan,brown,oily,black,P440651,Murad,14.0
5,1.0,1.0,5.0,0.0,1.791759469228055,fair,brown,oily,black,P440651,Murad,14.0
1,0.0,0.37735799,53.0,3.5263605246161616,3.044522437723423,light,hazel,dry,black,P504595,Tatcha,18.0
5,1.0,1.0,6.0,0.0,1.9459101490553132,fair,green,combination,brown,P504595,Tatcha,18.0
2,0.0,0.75,4.0,0.6931471805599453,1.3862943611198906,fair,blue,normal,brown,P504595,Tatcha,18.0
5,1.0,0.800000012,5.0,0.6931471805599453,1.6094379124341003,light,brown,combination,blonde,P504595,Tatcha,18.0
5,1.0,0.975000024,40.0,0.6931471805599453,3.6888794541139363,tan,brown,oily,red,P504595,Tatcha,18.0
5,1.0,0.800000012,10.0,1.0986122886681098,2.1972245773362196,light,brown,dry,brown,P504595,Tatcha,18.0
5,1.0,0.833333015,6.0,0.6931471805599453,1.791759469228055,light,brown,combination,black,P504595,Tatcha,18.0
5,1.0,0.875,8.0,0.6931471805599453,2.0794415416798357,light,brown,dry,brown,P504595,Tatcha,18.0
1,0.0,0.466666996,15.0,2.1972245773362196,2.0794415416798357,fairLight,hazel,combination,brown,P504595,Tatcha,18.0
5,1.0,0.600000024,5.0,1.0986122886681098,1.3862943611198906,fair,blue,oily,blonde,P504595,Tatcha,18.0
5,1.0,1.0,7.0,0.0,2.0794415416798357,fairLight,hazel,combination,brown,P504595,Tatcha,18.0
5,1.0,1.0,7.0,0.0,2.0794415416798357,lightMedium,brown,dry,brown,P504595,Tatcha,18.0
1,0.0,0.93333298,15.0,0.6931471805599453,2.70805020110221,light,brown,dry,brown,P504595,Tatcha,18.0
5,1.0,0.800000012,5.0,0.6931471805599453,1.6094379124341003,light,green,dry,brown,P504595,Tatcha,18.0
5,1.0,0.727272987,11.0,1.3862943611198906,2.1972245773362196,lightMedium,brown,combination,brown,P504595,Tatcha,18.0
4,1.0,0.5,4.0,1.0986122886681098,1.0986122886681098,mediumTan,blue,normal,brown,P504595,Tatcha,18.0
2,0.0,0.833333015,6.0,0.6931471805599453,1.791759469228055,light,brown,combination,brown,P504595,Tatcha,18.0
3,0.0,0.923076987,13.0,0.6931471805599453,2.5649493574615367,lightMedium,blue,normal,blonde,P504595,Tatcha,18.0
4,1.0,0.375,8.0,1.791759469228055,1.3862943611198906,light,brown,combination,brown,P504595,Tatcha,18.0
5,1.0,0.600000024,5.0,1.0986122886681098,1.3862943611198906,lightMedium,blue,combination,blonde,P504595,Tatcha,18.0
3,0.0,0.777778029,9.0,1.0986122886681098,2.0794415416798357,light,green,oily,brown,P504595,Tatcha,18.0
5,1.0,0.75,8.0,1.0986122886681098,1.9459101490553132,lightMedium,brown,normal,brown,P393718,Sunday Riley,105.0
5,1.0,1.0,8.0,0.0,2.1972245773362196,light,brown,normal,brown,P393718,Sunday Riley,105.0
1,0.0,0.400000006,15.0,2.302585092994046,1.9459101490553132,light,blue,dry,blonde,P393718,Sunday Riley,105.0
5,1.0,1.0,14.0,0.0,2.70805020110221,light,hazel,normal,brown,P393718,Sunday Riley,105.0
2,1.0,0.666666985,15.0,1.791759469228055,2.3978952727983707,fair,brown,combination,brown,P393718,Sunday Riley,105.0
5,1.0,0.970588028,34.0,0.6931471805599453,3.5263605246161616,fair,blue,normal,brown,P393718,Sunday Riley,105.0
5,1.0,0.800000012,5.0,0.6931471805599453,1.6094379124341003,lightMedium,blue,combination,blonde,P393718,Sunday Riley,105.0
5,1.0,1.0,10.0,0.0,2.3978952727983707,deep,brown,combination,black,P393718,Sunday Riley,105.0
5,1.0,1.0,4.0,0.0,1.6094379124341003,lightMedium,brown,combination,black,P393718,Sunday Riley,105.0
5,1.0,1.0,6.0,0.0,1.9459101490553132,light,blue,combination,brown,P393718,Sunday Riley,105.0
1,0.0,0.923076987,13.0,0.6931471805599453,2.5649493574615367,fair,blue,normal,blonde,P393718,Sunday Riley,105.0
5,1.0,1.0,7.0,0.0,2.0794415416798357,mediumTan,brown,dry,brown,P393718,Sunday Riley,105.0
5,1.0,0.947368026,19.0,0.6931471805599453,2.9444389791664403,light,blue,oily,blonde,P393718,Sunday Riley,105.0
5,1.0,1.0,12.0,0.0,2.5649493574615367,lightMedium,blue,oily,blonde,P393718,Sunday Riley,105.0
5,1.0,0.973684013,38.0,0.6931471805599453,3.6375861597263857,light,brown,combination,blonde,P393718,Sunday Riley,105.0
5,1.0,0.857142985,7.0,0.6931471805599453,1.9459101490553132,light,brown,combination,brown,P393718,Sunday Riley,105.0
5,1.0,1.0,8.0,0.0,2.1972245773362196,light,green,combination,brown,P393718,Sunday Riley,105.0
5,1.0,0.333332986,6.0,1.6094379124341003,1.0986122886681098,light,brown,combination,brown,P393718,Sunday Riley,105.0
5,1.0,1.0,12.0,0.0,2.5649493574615367,light,brown,combination,brown,P393718,Sunday Riley,105.0
4,1.0,1.0,10.0,0.0,2.3978952727983707,light,brown,combination,brown,P393718,Sunday Riley,105.0
4,1.0,0.875,8.0,0.6931471805599453,2.0794415416798357,light,brown,combination,brown,P393718,Sunday Riley,105.0
5,1.0,0.939393997,33.0,1.0986122886681098,3.4657359027997265,light,brown,combination,brown,P393718,Sunday Riley,105.0
5,1.0,0.857142985,7.0,0.6931471805599453,1.9459101490553132,light,brown,combination,brown,P393718,Sunday Riley,105.0
3,1.0,0.600000024,5.0,1.0986122886681098,1.3862943611198906,light,brown,combination,brown,P393718,Sunday Riley,105.0
5,1.0,0.928570986,14.0,0.6931471805599453,2.6390573296152584,light,brown,combination,brown,P393718,Sunday Riley,105.0
2,1.0,0.923076987,13.0,0.6931471805599453,2.5649493574615367,light,brown,combination,brown,P393718,Sunday Riley,105.0
5,1.0,0.967742026,31.0,0.6931471805599453,3.4339872044851463,light,brown,combination,brown,P393718,Sunday Riley,105.0
5,1.0,0.25,4.0,1.3862943611198906,0.6931471805599453,light,brown,combination,brown,P393718,Sunday Riley,105.0
5,1.0,0.800000012,5.0,0.6931471805599453,1.6094379124341003,light,brown,combination,brown,P393718,Sunday Riley,105.0
5,1.0,0.888889015,9.0,0.6931471805599453,2.1972245773362196,light,brown,combination,brown,P393718,Sunday Riley,105.0
5,1.0,0.666666985,6.0,1.0986122886681098,1.6094379124341003,light,brown,combination,brown,P393718,Sunday Riley,105.0
3,1.0,0.800000012,5.0,0.6931471805599453,1.6094379124341003,light,brown,combination,brown,P393718,Sunday Riley,105.0
5,1.0,0.897436023,39.0,1.6094379124341003,3.58351893845611,light,brown,combination,brown,P393718,Sunday Riley,105.0
1,1.0,0.517241001,29.0,2.70805020110221,2.772588722239781,light,brown,combination,brown,P393718,Sunday Riley,105.0
2,1.0,0.5,4.0,1.0986122886681098,1.0986122886681098,light,brown,combination,brown,P393718,Sunday Riley,105.0
5,1.0,1.0,6.0,0.0,1.9459101490553132,light,brown,combination,brown,P393718,Sunday Riley,105.0
5,1.0,0.75,4.0,0.6931471805599453,1.3862943611198906,light,brown,combination,brown,P393718,Sunday Riley,105.0
4,1.0,0.625,8.0,1.3862943611198906,1.791759469228055,light,brown,combination,brown,P393718,Sunday Riley,105.0
2,1.0,0.5,4.0,1.0986122886681098,1.0986122886681098,light,brown,combination,brown,P393718,Sunday Riley,105.0
5,1.0,0.916666985,24.0,1.0986122886681098,3.1354942159291497,light,brown,combination,brown,P393718,Sunday Riley,105.0
5,1.0,0.857142985,7.0,0.6931471805599453,1.9459101490553132,light,brown,combination,brown,P393718,Sunday Riley,105.0
5,1.0,0.615384996,13.0,1.791759469228055,2.1972245773362196,light,brown,dry,brown,P42205,Rosebud Perfume Co.,8.0
2,0.0,1.0,5.0,0.0,1.791759469228055,fair,brown,combination,brown,P42205,Rosebud Perfume Co.,8.0
1,1.0,0.949999988,60.0,1.3862943611198906,4.060443010546419,light,brown,combination,brown,P42205,Rosebud Perfume Co.,8.0
5,1.0,0.5,4.0,1.0986122886681098,1.0986122886681098,light,brown,combination,brown,P42205,Rosebud Perfume Co.,8.0
5,1.0,0.200000003,5.0,1.6094379124341003,0.6931471805599453,fair,hazel,combination,brown,P376726,tarte,48.0
5,1.0,1.0,5.0,0.0,1.791759469228055,lightMedium,green,combination,brown,P376726,tarte,48.0
5,1.0,1.0,5.0,0.0,1.791759469228055,fairLight,blue,normal,brown,P376726,tarte,48.0
4,1.0,1.0,10.0,0.0,2.3978952727983707,fair,blue,combination,brown,P376726,tarte,48.0
5,1.0,0.833333015,6.0,0.6931471805599453,1.791759469228055,fair,blue,combination,brown,P376726,tarte,48.0
5,1.0,0.75,4.0,0.6931471805599453,1.3862943611198906,fair,blue,combination,brown,P376726,tarte,48.0
5,1.0,0.941175997,17.0,0.6931471805599453,2.833213344056216,fair,blue,combination,brown,P376726,tarte,48.0
5,1.0,1.0,11.0,0.0,2.4849066497880004,fair,blue,combination,brown,P376726,tarte,48.0
1,1.0,1.0,12.0,0.0,2.5649493574615367,fair,blue,combination,brown,P376726,tarte,48.0
5,1.0,1.0,6.0,0.0,1.9459101490553132,fair,blue,combination,brown,P376726,tarte,48.0
1,1.0,0.5,10.0,1.791759469228055,1.791759469228055,fair,blue,combination,brown,P376726,tarte,48.0
5,1.0,0.800000012,5.0,0.6931471805599453,1.6094379124341003,fair,blue,combination,brown,P376726,tarte,48.0
5,1.0,1.0,4.0,0.0,1.6094379124341003,fair,blue,combination,brown,P376726,tarte,48.0
5,1.0,0.75,4.0,0.6931471805599453,1.3862943611198906,fair,blue,combination,brown,P376726,tarte,48.0
5,1.0,0.833333015,6.0,0.6931471805599453,1.791759469228055,fair,blue,oily,brown,P376726,tarte,48.0
5,1.0,1.0,7.0,0.0,2.0794415416798357,fair,blue,combination,brown,P376726,tarte,48.0
5,1.0,1.0,4.0,0.0,1.6094379124341003,fair,blue,combination,brown,P376726,tarte,48.0
5,1.0,1.0,6.0,0.0,1.9459101490553132,fair,blue,normal,brown,P376726,tarte,48.0
5,1.0,1.0,9.0,0.0,2.302585092994046,fair,blue,dry,brown,P376726,tarte,48.0
5,1.0,1.0,4.0,0.0,1.6094379124341003,fair,blue,combination,brown,P376726,tarte,48.0
5,1.0,0.833333015,6.0,0.6931471805599453,1.791759469228055,fair,blue,combination,brown,P376726,tarte,48.0
3,1.0,0.333332986,6.0,1.6094379124341003,1.0986122886681098,fair,blue,normal,brown,P376726,tarte,48.0
5,1.0,1.0,8.0,0.0,2.1972245773362196,fair,blue,combination,brown,P376726,tarte,48.0
5,1.0,0.75,4.0,0.6931471805599453,1.3862943611198906,fair,blue,combination,brown,P376726,tarte,48.0
5,1.0,0.833333015,6.0,0.6931471805599453,1.791759469228055,fair,green,combination,brown,P12336,fresh,64.0
5,1.0,1.0,16.0,0.0,2.833213344056216,light,brown,combination,brown,P12336,fresh,64.0
5,1.0,0.857142985,7.0,0.6931471805599453,1.9459101490553132,fair,brown,combination,brown,P12336,fresh,64.0
5,1.0,0.857142985,7.0,0.6931471805599453,1.9459101490553132,fair,brown,combination,brown,P12336,fresh,64.0
4,1.0,0.857142985,7.0,0.6931471805599453,1.9459101490553132,fair,brown,combination,brown,P12336,fresh,64.0
5,1.0,1.0,4.0,0.0,1.6094379124341003,fair,brown,combination,brown,P12336,fresh,64.0
2,1.0,0.333332986,15.0,2.3978952727983707,1.791759469228055,fair,brown,combination,brown,P12336,fresh,64.0
5,1.0,0.0,6.0,1.9459101490553132,0.0,fair,brown,combination,brown,P12336,fresh,64.0
4,1.0,1.0,11.0,0.0,2.4849066497880004,fair,brown,combination,brown,P12336,fresh,64.0
1,1.0,0.432431996,37.0,3.091042453358316,2.833213344056216,fair,brown,normal,brown,P12336,fresh,64.0
2,1.0,0.75,4.0,0.6931471805599453,1.3862943611198906,lightMedium,brown,oily,brown,P12336,fresh,64.0
5,1.0,0.363635987,11.0,2.0794415416798357,1.6094379124341003,medium,hazel,combination,brown,P461159,Estée Lauder,115.0
5,1.0,0.800000012,30.0,1.9459101490553132,3.2188758248682006,medium,brown,dry,brown,P461159,Estée Lauder,115.0
5,1.0,0.777778029,9.0,1.0986122886681098,2.0794415416798357,fairLight,blue,combination,blonde,P461159,Estée Lauder,115.0
1,0.0,0.411765009,17.0,2.3978952727983707,2.0794415416798357,fair,green,normal,black,P461159,Estée Lauder,115.0
5,1.0,0.583333015,12.0,1.791759469228055,2.0794415416798357,light,green,combination,blonde,P461159,Estée Lauder,115.0
1,0.0,0.769231021,13.0,1.3862943611198906,2.3978952727983707,fair,brown,combination,black,P461159,Estée Lauder,115.0
3,0.0,1.0,13.0,0.0,2.6390573296152584,medium,green,combination,brown,P461159,Estée Lauder,115.0
5,1.0,0.615384996,39.0,2.772588722239781,3.2188758248682006,lightMedium,brown,combination,black,P461160,Estée Lauder,19.0
5,1.0,0.846153975,13.0,1.0986122886681098,2.4849066497880004,lightMedium,hazel,combination,blonde,P461160,Estée Lauder,19.0
1,0.0,0.756097972,41.0,2.3978952727983707,3.4657359027997265,lightMedium,blue,dry,blonde,P461160,Estée Lauder,19.0
5,1.0,0.976743996,43.0,0.6931471805599453,3.7612001156935624,light,brown,normal,brown,P461160,Estée Lauder,19.0
5,1.0,0.921052992,38.0,1.3862943611198906,3.58351893845611,lightMedium,blue,combination,blonde,P461160,Estée Lauder,19.0
1,0.0,0.5,4.0,1.0986122886681098,1.0986122886681098,fair,blue,normal,blonde,P461160,Estée Lauder,19.0
1,0.0,0.666666985,9.0,1.3862943611198906,1.9459101490553132,fair,blue,combination,blonde,P461933,Estée Lauder,195.0
5,1.0,0.75,4.0,0.6931471805599453,1.3862943611198906,fairLight,brown,combination,brown,P461933,Estée Lauder,195.0
5,1.0,0.947368026,76.0,1.6094379124341003,4.290459441148391,lightMedium,brown,combination,black,P461933,Estée Lauder,195.0
5,1.0,0.809524,21.0,1.6094379124341003,2.8903717578961645,light,brown,combination,black,P461933,Estée Lauder,195.0
4,1.0,0.92156899,51.0,1.6094379124341003,3.871201010907891,lightMedium,brown,dry,brown,P461933,Estée Lauder,195.0
5,1.0,1.0,6.0,0.0,1.9459101490553132,lightMedium,brown,normal,brown,P461933,Estée Lauder,195.0
3,0.0,1.0,5.0,0.0,1.791759469228055,fairLight,blue,combination,blonde,P266126,Rosebud Perfume Co.,7.0
4,1.0,1.0,25.0,0.0,3.258096538021482,light,brown,dry,brown,P266126,Rosebud Perfume Co.,7.0
5,1.0,0.75,4.0,0.6931471805599453,1.3862943611198906,light,brown,normal,brown,P266126,Rosebud Perfume Co.,7.0
5,1.0,0.810000002,100.0,2.995732273553991,4.406719247264253,light,brown,combination,brown,P266126,Rosebud Perfume Co.,7.0
5,0.0,1.0,4.0,0.0,1.6094379124341003,lightMedium,green,combination,blonde,P427536,Tatcha,40.0
3,0.0,0.5,6.0,1.3862943611198906,1.3862943611198906,light,brown,combination,brown,P427536,Tatcha,40.0
5,1.0,1.0,4.0,0.0,1.6094379124341003,tan,brown,combination,auburn,P427536,Tatcha,40.0
4,1.0,1.0,5.0,0.0,1.791759469228055,light,blue,combination,blonde,P427536,Tatcha,40.0
5,1.0,0.600000024,5.0,1.0986122886681098,1.3862943611198906,medium,brown,combination,brown,P427536,Tatcha,40.0
3,1.0,1.0,8.0,0.0,2.1972245773362196,light,brown,combination,blonde,P427536,Tatcha,40.0
2,0.0,0.75,4.0,0.6931471805599453,1.3862943611198906,fair,brown,normal,brown,P427536,Tatcha,40.0
5,1.0,1.0,4.0,0.0,1.6094379124341003,fairLight,brown,combination,black,P427536,Tatcha,40.0
5,1.0,0.862069011,29.0,1.6094379124341003,3.258096538021482,tan,brown,combination,black,P427536,Tatcha,40.0
5,1.0,1.0,4.0,0.0,1.6094379124341003,tan,brown,oily,brown,P427536,Tatcha,40.0
1,0.0,0.333332986,12.0,2.1972245773362196,1.6094379124341003,mediumTan,brown,dry,brown,P427536,Tatcha,40.0
4,1.0,0.800000012,5.0,0.6931471805599453,1.6094379124341003,mediumTan,brown,normal,gray,P427536,Tatcha,40.0
3,1.0,1.0,6.0,0.0,1.9459101490553132,light,brown,normal,blonde,P427536,Tatcha,40.0
1,0.0,0.5,8.0,1.6094379124341003,1.6094379124341003,light,green,normal,brown,P427536,Tatcha,40.0
4,1.0,0.916666985,36.0,1.3862943611198906,3.5263605246161616,fair,Grey,dry,red,P427536,Tatcha,40.0
4,1.0,0.9375,80.0,1.791759469228055,4.330733340286331,fair,blue,dry,brown,P427536,Tatcha,40.0
5,1.0,0.912500024,80.0,2.0794415416798357,4.30406509320417,lightMedium,brown,normal,brown,P427536,Tatcha,40.0
5,1.0,0.905212998,113.72000000000116,3.044522437723423,5.2574953720277815,lightMedium,brown,oily,black,P427536,Tatcha,40.0
5,1.0,0.800000012,5.0,0.6931471805599453,1.6094379124341003,fair,blue,combination,blonde,P504615,Tatcha,18.0
5,1.0,0.714286029,7.0,1.0986122886681098,1.791759469228055,fair,brown,dry,black,P504615,Tatcha,18.0
4,1.0,1.0,6.0,0.0,1.9459101490553132,fair,hazel,dry,brown,P504615,Tatcha,18.0
5,1.0,1.0,9.0,0.0,2.302585092994046,fair,brown,combination,brown,P504615,Tatcha,18.0
4,1.0,1.0,5.0,0.0,1.791759469228055,lightMedium,hazel,combination,blonde,P504615,Tatcha,18.0
1,0.0,0.818181992,11.0,1.0986122886681098,2.302585092994046,lightMedium,brown,oily,blonde,P504615,Tatcha,18.0
4,1.0,1.0,7.0,0.0,2.0794415416798357,fair,green,normal,blonde,P504615,Tatcha,18.0
3,1.0,1.0,4.0,0.0,1.6094379124341003,fair,hazel,combination,blonde,P504615,Tatcha,18.0
5,1.0,1.0,6.0,0.0,1.9459101490553132,lightMedium,brown,normal,brown,P504615,Tatcha,18.0
5,1.0,0.571429014,7.0,1.3862943611198906,1.6094379124341003,medium,hazel,combination,brown,P504615,Tatcha,18.0
3,0.0,0.899999976,20.0,1.0986122886681098,2.9444389791664403,lightMedium,blue,oily,blonde,P504615,Tatcha,18.0
2,0.0,1.0,4.0,0.0,1.6094379124341003,fair,hazel,oily,brown,P504615,Tatcha,18.0
4,1.0,0.909090996,11.0,0.6931471805599453,2.3978952727983707,lightMedium,hazel,combination,brown,P504615,Tatcha,18.0
1,0.0,0.666666985,9.0,1.3862943611198906,1.9459101490553132,medium,brown,oily,black,P504615,Tatcha,18.0
1,0.0,0.375,8.0,1.791759469228055,1.3862943611198906,fair,green,normal,brown,P504615,Tatcha,18.0
4,1.0,0.800000012,5.0,0.6931471805599453,1.6094379124341003,fair,hazel,combination,brown,P504615,Tatcha,18.0
5,1.0,0.75,8.0,1.0986122886681098,1.9459101490553132,lightMedium,blue,normal,blonde,P504615,Tatcha,18.0
5,1.0,0.875,8.0,0.6931471805599453,2.0794415416798357,light,green,combination,blonde,P504615,Tatcha,18.0
5,1.0,0.952381015,21.0,0.6931471805599453,3.044522437723423,lightMedium,green,normal,gray,P504615,Tatcha,18.0
5,1.0,1.0,12.0,0.0,2.5649493574615367,light,brown,combination,brown,P440307,Youth To The People,52.0
5,1.0,0.75,12.0,1.3862943611198906,2.302585092994046,lightMedium,brown,oily,blonde,P440307,Youth To The People,52.0
1,0.0,0.90476203,21.0,1.0986122886681098,2.995732273553991,fair,Grey,normal,brown,P440307,Youth To The People,52.0
5,1.0,0.307691991,13.0,2.302585092994046,1.6094379124341003,light,green,combination,brown,P440307,Youth To The People,52.0
5,1.0,1.0,4.0,0.0,1.6094379124341003,light,green,combination,blonde,P440307,Youth To The People,52.0
5,1.0,0.800000012,5.0,0.6931471805599453,1.6094379124341003,deep,brown,dry,brown,P440307,Youth To The People,52.0
5,1.0,0.954023004,87.0,1.6094379124341003,4.430816798843313,light,brown,combination,brown,P440307,Youth To The People,52.0
2,0.0,0.454544991,11.0,1.9459101490553132,1.791759469228055,fairLight,brown,dry,black,P440307,Youth To The People,52.0
5,1.0,0.800000012,5.0,0.6931471805599453,1.6094379124341003,light,brown,normal,black,P440307,Youth To The People,52.0
1,0.0,0.928570986,14.0,0.6931471805599453,2.6390573296152584,fair,blue,combination,blonde,P440307,Youth To The People,52.0
3,0.0,0.857142985,7.0,0.6931471805599453,1.9459101490553132,medium,brown,dry,brown,P440307,Youth To The People,52.0
2,0.0,1.0,7.0,0.0,2.0794415416798357,medium,brown,combination,brown,P440307,Youth To The People,52.0
1,0.0,0.6875,16.0,1.791759469228055,2.4849066497880004,lightMedium,brown,dry,black,P440307,Youth To The People,52.0
5,1.0,1.0,4.0,0.0,1.6094379124341003,fair,blue,dry,blonde,P440307,Youth To The People,52.0
5,1.0,1.0,42.0,0.0,3.7612001156935624,lightMedium,brown,combination,black,P440307,Youth To The People,52.0
2,0.0,1.0,6.0,0.0,1.9459101490553132,fair,blue,oily,blonde,P440307,Youth To The People,52.0
5,1.0,1.0,8.0,0.0,2.1972245773362196,fair,hazel,combination,blonde,P440307,Youth To The People,52.0
5,1.0,0.666666985,6.0,1.0986122886681098,1.6094379124341003,light,blue,combination,brown,P440307,Youth To The People,52.0
5,1.0,1.0,10.0,0.0,2.3978952727983707,light,blue,dry,brown,P440307,Youth To The People,52.0
5,1.0,0.444444001,9.0,1.791759469228055,1.6094379124341003,light,brown,combination,brown,P440307,Youth To The People,52.0
5,1.0,1.0,5.0,0.0,1.791759469228055,lightMedium,blue,dry,brown,P440307,Youth To The People,52.0
1,0.0,0.875,8.0,0.6931471805599453,2.0794415416798357,fair,green,combination,brown,P440307,Youth To The People,52.0
5,1.0,1.0,6.0,0.0,1.9459101490553132,rich,brown,dry,black,P440307,Youth To The People,52.0
5,1.0,0.916666985,12.0,0.6931471805599453,2.4849066497880004,mediumTan,brown,combination,black,P440307,Youth To The People,52.0
5,1.0,1.0,8.0,0.0,2.1972245773362196,lightMedium,brown,combination,brown,P440307,Youth To The People,52.0
1,0.0,0.375,32.0,3.044522437723423,2.5649493574615367,fair,brown,combination,brown,P440307,Youth To The People,52.0
5,1.0,1.0,5.0,0.0,1.791759469228055,light,brown,dry,blonde,P440307,Youth To The People,52.0
5,1.0,1.0,6.0,0.0,1.9459101490553132,light,brown,normal,brown,P440307,Youth To The People,52.0
5,1.0,1.0,7.0,0.0,2.0794415416798357,light,brown,dry,brown,P440307,Youth To The People,52.0
4,1.0,0.75,4.0,0.6931471805599453,1.3862943611198906,fair,blue,combination,gray,P440307,Youth To The People,52.0
1,0.0,0.611110985,18.0,2.0794415416798357,2.4849066497880004,lightMedium,brown,combination,brown,P440307,Youth To The People,52.0
5,1.0,1.0,10.0,0.0,2.3978952727983707,mediumTan,brown,combination,brown,P440307,Youth To The People,52.0
2,0.0,0.545454979,11.0,1.791759469228055,1.9459101490553132,fair,brown,dry,brown,P440307,Youth To The People,52.0
5,1.0,0.857142985,7.0,0.6931471805599453,1.9459101490553132,fair,blue,dry,blonde,P440307,Youth To The People,52.0
5,1.0,0.928570986,14.0,0.6931471805599453,2.6390573296152584,light,brown,oily,blonde,P440307,Youth To The People,52.0
5,1.0,0.976743996,43.0,0.6931471805599453,3.7612001156935624,fair,brown,combination,blonde,P440307,Youth To The People,52.0
5,1.0,0.916666985,24.0,1.0986122886681098,3.1354942159291497,light,green,combination,blonde,P440307,Youth To The People,52.0
3,0.0,0.492062986,63.0,3.4965075614664802,3.4657359027997265,light,green,combination,red,P461555,Youth To The People,18.0
2,0.0,0.769231021,13.0,1.3862943611198906,2.3978952727983707,fairLight,blue,normal,red,P461555,Youth To The People,18.0
4,1.0,0.800000012,5.0,0.6931471805599453,1.6094379124341003,fair,blue,dry,blonde,P461555,Youth To The People,18.0
5,1.0,1.0,4.0,0.0,1.6094379124341003,mediumTan,hazel,combination,brown,P461555,Youth To The People,18.0
1,0.0,1.0,4.0,0.0,1.6094379124341003,lightMedium,brown,combination,brown,P461555,Youth To The People,18.0
3,0.0,1.0,4.0,0.0,1.6094379124341003,lightMedium,brown,dry,brown,P461555,Youth To The People,18.0
5,1.0,0.0,4.0,1.6094379124341003,0.0,light,brown,oily,black,P461555,Youth To The People,18.0
4,1.0,0.666666985,6.0,1.0986122886681098,1.6094379124341003,fair,brown,oily,brown,P461555,Youth To The People,18.0
5,1.0,0.737704992,61.0,2.833213344056216,3.828641396489095,tan,brown,combination,black,P461555,Youth To The People,18.0
5,1.0,1.0,8.0,0.0,2.1972245773362196,mediumTan,hazel,normal,brown,P461555,Youth To The People,18.0
5,1.0,1.0,4.0,0.0,1.6094379124341003,light,blue,normal,red,P461555,Youth To The People,18.0
4,1.0,1.0,8.0,0.0,2.1972245773362196,fair,blue,dry,blonde,P461555,Youth To The People,18.0
5,1.0,1.0,4.0,0.0,1.6094379124341003,fair,brown,combination,brown,P461555,Youth To The People,18.0
5,1.0,1.0,6.0,0.0,1.9459101490553132,fair,hazel,combination,brown,P461555,Youth To The People,18.0
4,1.0,0.909090996,11.0,0.6931471805599453,2.3978952727983707,fair,green,oily,brown,P461555,Youth To The People,18.0
5,1.0,1.0,7.0,0.0,2.0794415416798357,fair,brown,combination,brown,P461555,Youth To The People,18.0
5,1.0,0.857142985,14.0,1.0986122886681098,2.5649493574615367,light,green,dry,blonde,P461555,Youth To The People,18.0
5,1.0,0.823529005,17.0,1.3862943611198906,2.70805020110221,light,green,combination,brown,P461555,Youth To The People,18.0
4,1.0,0.800000012,5.0,0.6931471805599453,1.6094379124341003,medium,brown,oily,black,P461555,Youth To The People,18.0
2,0.0,0.755101979,49.0,2.5649493574615367,3.6375861597263857,fair,hazel,combination,auburn,P461555,Youth To The People,18.0
2,0.0,0.25,20.0,2.772588722239781,1.791759469228055,fair,blue,normal,blonde,P461555,Youth To The People,18.0
4,1.0,1.0,6.0,0.0,1.9459101490553132,light,brown,dry,black,P461555,Youth To The People,18.0
1,0.0,0.777778029,9.0,1.0986122886681098,2.0794415416798357,light,blue,dry,blonde,P461555,Youth To The People,18.0
5,1.0,0.888889015,9.0,0.6931471805599453,2.1972245773362196,fair,brown,normal,brown,P461555,Youth To The People,18.0
4,1.0,0.972972989,37.0,0.6931471805599453,3.6109179126442243,lightMedium,brown,combination,black,P461555,Youth To The People,18.0
5,1.0,0.833333015,6.0,0.6931471805599453,1.791759469228055,light,hazel,combination,blonde,P461555,Youth To The People,18.0
5,1.0,0.899999976,10.0,0.6931471805599453,2.302585092994046,tan,brown,oily,black,P461555,Youth To The People,18.0
5,1.0,0.93333298,15.0,0.6931471805599453,2.70805020110221,rich,brown,combination,black,P461555,Youth To The People,18.0
1,0.0,0.888889015,9.0,0.6931471805599453,2.1972245773362196,light,blue,combination,brown,P461555,Youth To The People,18.0
1,0.0,0.666666985,9.0,1.3862943611198906,1.9459101490553132,light,green,dry,red,P461555,Youth To The People,18.0
5,0.0,1.0,18.0,0.0,2.9444389791664403,fair,hazel,dry,red,P461555,Youth To The People,18.0
5,1.0,0.888889015,9.0,0.6931471805599453,2.1972245773362196,lightMedium,brown,combination,brown,P461555,Youth To The People,18.0
4,1.0,0.923076987,13.0,0.6931471805599453,2.5649493574615367,light,brown,dry,brown,P461555,Youth To The People,18.0
5,1.0,0.916666985,12.0,0.6931471805599453,2.4849066497880004,fairLight,hazel,oily,blonde,P461555,Youth To The People,18.0
3,1.0,0.5,6.0,1.3862943611198906,1.3862943611198906,mediumTan,brown,combination,black,P422536,Origins,40.0
5,1.0,1.0,4.0,0.0,1.6094379124341003,fair,brown,combination,brown,P422536,Origins,40.0
5,1.0,1.0,8.0,0.0,2.1972245773362196,light,brown,combination,red,P422536,Origins,40.0
5,1.0,0.875,8.0,0.6931471805599453,2.0794415416798357,lightMedium,brown,oily,black,P422536,Origins,40.0
5,1.0,1.0,4.0,0.0,1.6094379124341003,mediumTan,hazel,oily,auburn,P422536,Origins,40.0
5,1.0,1.0,4.0,0.0,1.6094379124341003,fair,Grey,combination,blonde,P422536,Origins,40.0
1,0.0,1.0,5.0,0.0,1.791759469228055,light,blue,combination,blonde,P422536,Origins,40.0
1,0.0,0.82051301,39.0,2.0794415416798357,3.4965075614664802,fairLight,brown,combination,brown,P422536,Origins,40.0
2,0.0,0.79310298,29.0,1.9459101490553132,3.1780538303479458,light,hazel,oily,brown,P422536,Origins,40.0
3,0.0,0.0,8.0,2.1972245773362196,0.0,tan,brown,combination,black,P422536,Origins,40.0
2,0.0,1.0,8.0,0.0,2.1972245773362196,medium,brown,combination,brown,P410400,Sunday Riley,80.0
4,1.0,1.0,6.0,0.0,1.9459101490553132,fair,green,combination,blonde,P410400,Sunday Riley,80.0
5,1.0,0.833333015,12.0,1.0986122886681098,2.3978952727983707,fairLight,brown,combination,blonde,P410400,Sunday Riley,80.0
4,1.0,0.941175997,17.0,0.6931471805599453,2.833213344056216,light,blue,combination,brown,P410400,Sunday Riley,80.0
5,1.0,1.0,7.0,0.0,2.0794415416798357,light,green,combination,brown,P410400,Sunday Riley,80.0
5,1.0,0.899999976,10.0,0.6931471805599453,2.302585092994046,light,blue,combination,blonde,P410400,Sunday Riley,80.0
1,0.0,0.217390999,23.0,2.9444389791664403,1.791759469228055,fairLight,brown,normal,brown,P410400,Sunday Riley,80.0
3,1.0,0.159999996,25.0,3.091042453358316,1.6094379124341003,rich,brown,oily,black,P410400,Sunday Riley,80.0
5,1.0,0.899999976,10.0,0.6931471805599453,2.302585092994046,lightMedium,green,combination,blonde,P410400,Sunday Riley,80.0
5,1.0,1.0,9.0,0.0,2.302585092994046,mediumTan,brown,combination,black,P410400,Sunday Riley,80.0
4,1.0,0.875,8.0,0.6931471805599453,2.0794415416798357,medium,brown,oily,brown,P410400,Sunday Riley,80.0
5,1.0,0.800000012,5.0,0.6931471805599453,1.6094379124341003,fair,brown,dry,brown,P410400,Sunday Riley,80.0
5,1.0,0.941175997,17.0,0.6931471805599453,2.833213344056216,lightMedium,brown,oily,brown,P410400,Sunday Riley,80.0
5,1.0,0.946429014,56.0,1.3862943611198906,3.9889840465642745,light,brown,dry,brown,P410400,Sunday Riley,80.0
5,1.0,0.923076987,13.0,0.6931471805599453,2.5649493574615367,deep,brown,oily,black,P410400,Sunday Riley,80.0
1,0.0,0.961538017,26.0,0.6931471805599453,3.258096538021482,lightMedium,hazel,combination,brown,P410400,Sunday Riley,80.0
1,0.0,0.272727013,11.0,2.1972245773362196,1.3862943611198906,medium,brown,dry,brown,P410400,Sunday Riley,80.0
5,1.0,1.0,21.0,0.0,3.091042453358316,lightMedium,hazel,combination,brown,P410400,Sunday Riley,80.0
4,1.0,0.375,8.0,1.791759469228055,1.3862943611198906,lightMedium,brown,combination,brown,P410400,Sunday Riley,80.0
5,1.0,0.888889015,9.0,0.6931471805599453,2.1972245773362196,lightMedium,brown,combination,brown,P410400,Sunday Riley,80.0
1,1.0,0.285714,7.0,1.791759469228055,1.0986122886681098,lightMedium,brown,combination,brown,P410400,Sunday Riley,80.0
1,1.0,0.75,4.0,0.6931471805599453,1.3862943611198906,lightMedium,brown,combination,brown,P410400,Sunday Riley,80.0
5,1.0,0.916666985,12.0,0.6931471805599453,2.4849066497880004,lightMedium,brown,combination,brown,P410400,Sunday Riley,80.0
5,1.0,0.959999979,25.0,0.6931471805599453,3.2188758248682006,lightMedium,brown,combination,brown,P410400,Sunday Riley,80.0
1,1.0,0.333332986,6.0,1.6094379124341003,1.0986122886681098,lightMedium,brown,combination,brown,P410400,Sunday Riley,80.0
3,1.0,0.5,4.0,1.0986122886681098,1.0986122886681098,lightMedium,brown,combination,brown,P410400,Sunday Riley,80.0
5,1.0,0.961538017,26.0,0.6931471805599453,3.258096538021482,lightMedium,brown,combination,brown,P410400,Sunday Riley,80.0
4,1.0,0.952381015,21.0,0.6931471805599453,3.044522437723423,lightMedium,brown,combination,brown,P410400,Sunday Riley,80.0
5,1.0,0.947368026,19.0,0.6931471805599453,2.9444389791664403,lightMedium,brown,combination,brown,P410400,Sunday Riley,80.0
5,1.0,1.0,12.0,0.0,2.5649493574615367,lightMedium,brown,combination,brown,P410400,Sunday Riley,80.0
5,1.0,0.863636017,22.0,1.3862943611198906,2.995732273553991,lightMedium,brown,combination,brown,P410400,Sunday Riley,80.0
5,1.0,1.0,5.0,0.0,1.791759469228055,fair,brown,dry,brown,P455676,Wishful,39.0
1,0.0,0.600000024,10.0,1.6094379124341003,1.9459101490553132,lightMedium,brown,combination,brown,P455676,Wishful,39.0
2,0.0,0.708333015,24.0,2.0794415416798357,2.8903717578961645,lightMedium,green,oily,brown,P455676,Wishful,39.0
1,0.0,0.666666985,6.0,1.0986122886681098,1.6094379124341003,fair,brown,combination,brown,P455676,Wishful,39.0
2,0.0,0.444444001,9.0,1.791759469228055,1.6094379124341003,fair,brown,combination,black,P455676,Wishful,39.0
2,0.0,0.0,6.0,1.9459101490553132,0.0,lightMedium,brown,normal,black,P455676,Wishful,39.0
5,1.0,0.800000012,5.0,0.6931471805599453,1.6094379124341003,tan,brown,combination,black,P455676,Wishful,39.0
1,0.0,0.444444001,9.0,1.791759469228055,1.6094379124341003,fairLight,green,combination,auburn,P455676,Wishful,39.0
5,1.0,1.0,4.0,0.0,1.6094379124341003,fairLight,brown,combination,brown,P455676,Wishful,39.0
5,1.0,1.0,23.0,0.0,3.1780538303479458,deep,brown,normal,black,P455676,Wishful,39.0
5,1.0,1.0,9.0,0.0,2.302585092994046,light,green,dry,auburn,P455676,Wishful,39.0
5,1.0,1.0,5.0,0.0,1.791759469228055,fair,hazel,combination,brown,P455676,Wishful,39.0
5,1.0,1.0,4.0,0.0,1.6094379124341003,lightMedium,brown,dry,brown,P455676,Wishful,39.0
1,1.0,0.022727299,44.0,3.784189633918261,0.6931471805599453,fair,blue,dry,blonde,P455676,Wishful,39.0
2,0.0,0.953487992,43.0,1.0986122886681098,3.7376696182833684,light,green,combination,brown,P455676,Wishful,39.0
5,1.0,0.5,4.0,1.0986122886681098,1.0986122886681098,light,brown,combination,black,P455676,Wishful,39.0
2,0.0,0.826086998,23.0,1.6094379124341003,2.995732273553991,fairLight,blue,combination,auburn,P455676,Wishful,39.0
2,0.0,0.769231021,13.0,1.3862943611198906,2.3978952727983707,light,green,oily,blonde,P455676,Wishful,39.0
1,0.0,0.823529005,17.0,1.3862943611198906,2.70805020110221,medium,brown,dry,brown,P455676,Wishful,39.0
1,0.0,0.76086998,46.0,2.4849066497880004,3.58351893845611,mediumTan,brown,dry,brown,P455676,Wishful,39.0
5,1.0,0.952381015,21.0,0.6931471805599453,3.044522437723423,lightMedium,brown,combination,black,P455676,Wishful,39.0
3,1.0,1.0,5.0,0.0,1.791759469228055,light,brown,dry,black,P455676,Wishful,39.0
1,0.0,0.679244995,53.0,2.8903717578961645,3.6109179126442243,fairLight,hazel,combination,brown,P455676,Wishful,39.0
5,1.0,0.75,4.0,0.6931471805599453,1.3862943611198906,light,green,normal,black,P458216,Wishful,21.0
2,0.0,0.222222,18.0,2.70805020110221,1.6094379124341003,fair,blue,combination,auburn,P458216,Wishful,21.0
2,0.0,0.5,10.0,1.791759469228055,1.791759469228055,fair,hazel,dry,blonde,P458216,Wishful,21.0
5,1.0,0.833333015,6.0,0.6931471805599453,1.791759469228055,fairLight,hazel,normal,blonde,P458216,Wishful,21.0
5,1.0,0.600000024,5.0,1.0986122886681098,1.3862943611198906,light,brown,combination,brown,P458216,Wishful,21.0
1,0.0,0.571429014,28.0,2.5649493574615367,2.833213344056216,medium,brown,combination,black,P458216,Wishful,21.0
1,0.0,0.5625,16.0,2.0794415416798357,2.302585092994046,lightMedium,brown,combination,black,P458216,Wishful,21.0
5,1.0,0.888889015,9.0,0.6931471805599453,2.1972245773362196,fair,blue,combination,blonde,P458216,Wishful,21.0
1,0.0,0.666666985,45.0,2.772588722239781,3.4339872044851463,lightMedium,brown,combination,black,P458216,Wishful,21.0
4,1.0,0.75,4.0,0.6931471805599453,1.3862943611198906,lightMedium,hazel,combination,blonde,P458216,Wishful,21.0
4,1.0,1.0,6.0,0.0,1.9459101490553132,mediumTan,brown,combination,black,P458216,Wishful,21.0
1,0.0,0.777778029,9.0,1.0986122886681098,2.0794415416798357,tan,brown,normal,black,P458216,Wishful,21.0
3,0.0,0.75,4.0,0.6931471805599453,1.3862943611198906,medium,brown,normal,brown,P458216,Wishful,21.0
2,0.0,0.555555999,27.0,2.5649493574615367,2.772588722239781,fair,hazel,combination,brown,P458216,Wishful,21.0
1,0.0,0.625,8.0,1.3862943611198906,1.791759469228055,lightMedium,brown,combination,blonde,P458216,Wishful,21.0
2,0.0,0.800000012,15.0,1.3862943611198906,2.5649493574615367,light,brown,combination,brown,P458216,Wishful,21.0
5,1.0,1.0,6.0,0.0,1.9459101490553132,medium,brown,combination,black,P458216,Wishful,21.0
5,1.0,1.0,13.0,0.0,2.6390573296152584,tan,brown,oily,brown,P458216,Wishful,21.0
5,1.0,1.0,5.0,0.0,1.791759469228055,lightMedium,hazel,combination,black,P458216,Wishful,21.0
1,0.0,0.379310012,29.0,2.9444389791664403,2.4849066497880004,deep,brown,oily,black,P458216,Wishful,21.0
3,0.0,0.899999976,10.0,0.6931471805599453,2.302585092994046,lightMedium,brown,normal,brown,P458216,Wishful,21.0
5,1.0,0.300000012,10.0,2.0794415416798357,1.3862943611198906,light,blue,normal,blonde,P458216,Wishful,21.0
1,0.0,1.0,6.0,0.0,1.9459101490553132,lightMedium,brown,combination,brown,P458216,Wishful,21.0
5,1.0,1.0,4.0,0.0,1.6094379124341003,fair,green,normal,brown,P458216,Wishful,21.0
2,0.0,0.0,6.0,1.9459101490553132,0.0,fair,blue,normal,brown,P458216,Wishful,21.0
5,1.0,1.0,7.0,0.0,2.0794415416798357,fair,hazel,combination,black,P458216,Wishful,21.0
1,0.0,0.836066008,61.0,2.3978952727983707,3.9512437185814275,lightMedium,brown,dry,brown,P458216,Wishful,21.0
4,1.0,0.0,4.0,1.6094379124341003,0.0,deep,brown,combination,brown,P458216,Wishful,21.0
3,0.0,1.0,5.0,0.0,1.791759469228055,fair,brown,combination,brown,P458216,Wishful,21.0
5,1.0,1.0,4.0,0.0,1.6094379124341003,tan,brown,combination,black,P458216,Wishful,21.0
5,1.0,0.400000006,5.0,1.3862943611198906,1.0986122886681098,light,brown,combination,black,P139000,CLINIQUE,23.5
2,1.0,0.5,4.0,1.0986122886681098,1.0986122886681098,light,brown,dry,blonde,P139000,CLINIQUE,23.5
1,1.0,0.75,4.0,0.6931471805599453,1.3862943611198906,mediumTan,brown,dry,blonde,P139000,CLINIQUE,23.5
5,1.0,0.833333015,6.0,0.6931471805599453,1.791759469228055,light,brown,normal,blonde,P139000,CLINIQUE,23.5
1,0.0,0.400000006,5.0,1.3862943611198906,1.0986122886681098,medium,brown,combination,black,P421243,fresh,19.0
5,1.0,1.0,10.0,0.0,2.3978952727983707,lightMedium,green,normal,brown,P421243,fresh,19.0
5,1.0,0.857142985,7.0,0.6931471805599453,1.9459101490553132,medium,brown,combination,brunette,P421243,fresh,19.0
5,1.0,1.0,5.0,0.0,1.791759469228055,olive,hazel,normal,brunette,P421243,fresh,19.0
1,0.0,0.090909101,22.0,3.044522437723423,1.0986122886681098,medium,brown,combination,brunette,P421243,fresh,19.0
1,0.0,0.800000012,5.0,0.6931471805599453,1.6094379124341003,porcelain,blue,combination,brunette,P421243,fresh,19.0
1,0.0,0.949999988,20.0,0.6931471805599453,2.995732273553991,light,brown,combination,blonde,P421243,fresh,19.0
1,0.0,0.411765009,17.0,2.3978952727983707,2.0794415416798357,mediumTan,brown,combination,brown,P421243,fresh,19.0
4,1.0,1.0,5.0,0.0,1.791759469228055,fair,blue,dry,blonde,P421243,fresh,19.0
2,0.0,0.800000012,5.0,0.6931471805599453,1.6094379124341003,light,green,combination,brunette,P421243,fresh,19.0
5,1.0,1.0,7.0,0.0,2.0794415416798357,fair,brown,dry,brunette,P421243,fresh,19.0
5,1.0,0.684211016,19.0,1.9459101490553132,2.6390573296152584,medium,gray,combination,blonde,P421243,fresh,19.0
1,0.0,0.727272987,11.0,1.3862943611198906,2.1972245773362196,mediumTan,brown,oily,black,P421243,fresh,19.0
5,1.0,0.857142985,7.0,0.6931471805599453,1.9459101490553132,fair,brown,dry,brunette,P421243,fresh,19.0
4,1.0,0.400000006,5.0,1.3862943611198906,1.0986122886681098,fair,brown,combination,brown,P421243,fresh,19.0
1,0.0,0.461537987,13.0,2.0794415416798357,1.9459101490553132,light,brown,oily,brown,P466123,Glow Recipe,35.0
5,1.0,0.75,4.0,0.6931471805599453,1.3862943611198906,notSureST,brown,normal,black,P466123,Glow Recipe,35.0
5,1.0,0.666666985,6.0,1.0986122886681098,1.6094379124341003,light,brown,combination,blonde,P466123,Glow Recipe,35.0
5,1.0,1.0,6.0,0.0,1.9459101490553132,light,blue,dry,auburn,P466123,Glow Recipe,35.0
5,1.0,1.0,4.0,0.0,1.6094379124341003,fair,brown,dry,brown,P466123,Glow Recipe,35.0
3,1.0,1.0,5.0,0.0,1.791759469228055,tan,brown,oily,brown,P466123,Glow Recipe,35.0
2,0.0,0.600000024,5.0,1.0986122886681098,1.3862943611198906,fair,blue,combination,brown,P466123,Glow Recipe,35.0
5,1.0,1.0,5.0,0.0,1.791759469228055,medium,brown,normal,brown,P466123,Glow Recipe,35.0
5,1.0,0.25,4.0,1.3862943611198906,0.6931471805599453,fair,green,oily,blonde,P466123,Glow Recipe,35.0
5,1.0,0.833333015,6.0,0.6931471805599453,1.791759469228055,lightMedium,brown,combination,brown,P466123,Glow Recipe,35.0
5,1.0,1.0,4.0,0.0,1.6094379124341003,fair,hazel,combination,brown,P466123,Glow Recipe,35.0
3,0.0,0.166666999,6.0,1.791759469228055,0.6931471805599453,lightMedium,hazel,normal,red,P466123,Glow Recipe,35.0
4,1.0,1.0,6.0,0.0,1.9459101490553132,light,blue,dry,brown,P466123,Glow Recipe,35.0
5,1.0,0.975610018,41.0,0.6931471805599453,3.713572066704308,light,green,combination,gray,P466123,Glow Recipe,35.0
5,1.0,1.0,6.0,0.0,1.9459101490553132,lightMedium,brown,oily,brown,P466123,Glow Recipe,35.0
1,0.0,0.769231021,13.0,1.3862943611198906,2.3978952727983707,light,blue,normal,blonde,P466123,Glow Recipe,35.0
1,0.0,0.769231021,13.0,1.3862943611198906,2.3978952727983707,medium,brown,combination,black,P466123,Glow Recipe,35.0
5,1.0,1.0,23.0,0.0,3.1780538303479458,tan,brown,combination,black,P466123,Glow Recipe,35.0
1,0.0,0.571429014,7.0,1.3862943611198906,1.6094379124341003,deep,brown,normal,brown,P466123,Glow Recipe,35.0
3,0.0,1.0,8.0,0.0,2.1972245773362196,lightMedium,brown,dry,brown,P466123,Glow Recipe,35.0
2,0.0,0.8125,16.0,1.3862943611198906,2.6390573296152584,medium,brown,combination,black,P466123,Glow Recipe,35.0
3,0.0,0.600000024,5.0,1.0986122886681098,1.3862943611198906,light,brown,dry,auburn,P466123,Glow Recipe,35.0
2,0.0,0.578947008,19.0,2.1972245773362196,2.4849066497880004,fairLight,brown,combination,brown,P466123,Glow Recipe,35.0
5,1.0,1.0,11.0,0.0,2.4849066497880004,fair,blue,oily,brown,P466123,Glow Recipe,35.0
4,1.0,0.800000012,5.0,0.6931471805599453,1.6094379124341003,medium,brown,combination,brown,P466123,Glow Recipe,35.0
5,1.0,0.666666985,9.0,1.3862943611198906,1.9459101490553132,light,brown,combination,brown,P466123,Glow Recipe,35.0
5,1.0,0.538461983,13.0,1.9459101490553132,2.0794415416798357,mediumTan,brown,combination,black,P466123,Glow Recipe,35.0
4,1.0,0.5,4.0,1.0986122886681098,1.0986122886681098,light,brown,oily,brown,P466123,Glow Recipe,35.0
5,1.0,0.444444001,9.0,1.791759469228055,1.6094379124341003,light,brown,combination,brown,P466123,Glow Recipe,35.0
5,1.0,0.166666999,6.0,1.791759469228055,0.6931471805599453,lightMedium,green,combination,brown,P466123,Glow Recipe,35.0
2,0.0,0.833333015,6.0,0.6931471805599453,1.791759469228055,light,blue,oily,blonde,P456213,goop,125.0
5,1.0,0.857142985,7.0,0.6931471805599453,1.9459101490553132,light,hazel,dry,brown,P456213,goop,125.0
1,0.0,1.0,5.0,0.0,1.791759469228055,fair,blue,oily,black,P456213,goop,125.0
1,0.0,0.92592603,27.0,1.0986122886681098,3.258096538021482,medium,hazel,dry,brown,P456213,goop,125.0
5,1.0,0.5,16.0,2.1972245773362196,2.1972245773362196,light,brown,dry,brown,P456213,goop,125.0
3,0.0,0.5,4.0,1.0986122886681098,1.0986122886681098,fair,blue,combination,brown,P456213,goop,125.0
5,1.0,1.0,9.0,0.0,2.302585092994046,lightMedium,blue,dry,blonde,P459299,goop,42.0
5,1.0,0.5,4.0,1.0986122886681098,1.0986122886681098,fair,brown,normal,black,P459299,goop,42.0
5,1.0,0.550000012,20.0,2.302585092994046,2.4849066497880004,lightMedium,brown,normal,brown,P459299,goop,42.0
3,0.0,1.0,4.0,0.0,1.6094379124341003,light,brown,dry,blonde,P459299,goop,42.0
2,0.0,0.666666985,6.0,1.0986122886681098,1.6094379124341003,light,hazel,dry,brown,P459299,goop,42.0
3,0.0,0.5625,16.0,2.0794415416798357,2.302585092994046,light,brown,combination,brown,P381030,CLINIQUE,32.5
4,1.0,1.0,8.0,0.0,2.1972245773362196,lightMedium,brown,dry,black,P381030,CLINIQUE,32.5
2,0.0,0.600000024,5.0,1.0986122886681098,1.3862943611198906,light,green,dry,brown,P381030,CLINIQUE,32.5
1,0.0,1.0,18.0,0.0,2.9444389791664403,fair,blue,combination,auburn,P381030,CLINIQUE,32.5
1,0.0,1.0,5.0,0.0,1.791759469228055,fairLight,blue,normal,brown,P381030,CLINIQUE,32.5
5,1.0,0.75,4.0,0.6931471805599453,1.3862943611198906,light,brown,dry,brown,P381030,CLINIQUE,32.5
5,1.0,1.0,17.0,0.0,2.8903717578961645,light,brown,combination,brown,P381030,CLINIQUE,32.5
1,1.0,0.800000012,5.0,0.6931471805599453,1.6094379124341003,light,brown,combination,brown,P381030,CLINIQUE,32.5
1,1.0,1.0,4.0,0.0,1.6094379124341003,light,brown,dry,brown,P381030,CLINIQUE,32.5
5,1.0,1.0,12.0,0.0,2.5649493574615367,light,brown,combination,brown,P381030,CLINIQUE,32.5
4,1.0,1.0,4.0,0.0,1.6094379124341003,light,brown,dry,brown,P381030,CLINIQUE,32.5
1,0.0,0.714286029,7.0,1.0986122886681098,1.791759469228055,tan,brown,dry,brown,P427416,The Ordinary,8.9
4,1.0,0.777778029,9.0,1.0986122886681098,2.0794415416798357,medium,brown,combination,brown,P427416,The Ordinary,8.9
3,1.0,0.75,4.0,0.6931471805599453,1.3862943611198906,fair,brown,normal,black,P427416,The Ordinary,8.9
3,1.0,0.5,4.0,1.0986122886681098,1.0986122886681098,mediumTan,brown,dry,black,P427416,The Ordinary,8.9
3,1.0,1.0,5.0,0.0,1.791759469228055,fair,blue,combination,brown,P427416,The Ordinary,8.9
4,1.0,0.75,4.0,0.6931471805599453,1.3862943611198906,light,hazel,dry,brown,P427416,The Ordinary,8.9
5,1.0,0.666666985,6.0,1.0986122886681098,1.6094379124341003,light,blue,combination,blonde,P427416,The Ordinary,8.9
2,0.0,1.0,4.0,0.0,1.6094379124341003,fair,blue,combination,blonde,P427416,The Ordinary,8.9
4,1.0,1.0,6.0,0.0,1.9459101490553132,light,brown,combination,brown,P427416,The Ordinary,8.9
4,1.0,0.111111,27.0,3.2188758248682006,1.3862943611198906,fair,blue,dry,blonde,P427416,The Ordinary,8.9
5,1.0,0.926470995,113.72000000000116,2.3978952727983707,4.844187086458591,medium,brown,combination,black,P427416,The Ordinary,8.9
1,0.0,0.800000012,5.0,0.6931471805599453,1.6094379124341003,fair,brown,normal,black,P427416,The Ordinary,8.9
3,0.0,0.888889015,9.0,0.6931471805599453,2.1972245773362196,lightMedium,brown,oily,black,P427416,The Ordinary,8.9
1,0.0,0.200000003,20.0,2.833213344056216,1.6094379124341003,mediumTan,hazel,combination,brown,P427416,The Ordinary,8.9
5,1.0,0.888889015,9.0,0.6931471805599453,2.1972245773362196,tan,brown,normal,black,P427416,The Ordinary,8.9
4,1.0,0.833333015,6.0,0.6931471805599453,1.791759469228055,light,brown,normal,brown,P427416,The Ordinary,8.9
5,1.0,1.0,7.0,0.0,2.0794415416798357,medium,brown,oily,black,P427416,The Ordinary,8.9
3,0.0,1.0,7.0,0.0,2.0794415416798357,light,brown,normal,black,P427416,The Ordinary,8.9
5,1.0,1.0,5.0,0.0,1.791759469228055,fair,hazel,normal,auburn,P427416,The Ordinary,8.9
3,0.0,0.666666985,9.0,1.3862943611198906,1.9459101490553132,fairLight,green,dry,brown,P427416,The Ordinary,8.9
5,1.0,0.954545021,22.0,0.6931471805599453,3.091042453358316,fair,brown,combination,brown,P427416,The Ordinary,8.9
3,1.0,0.920000017,25.0,1.0986122886681098,3.1780538303479458,light,brown,dry,brown,P427416,The Ordinary,8.9
1,0.0,0.740741014,27.0,2.0794415416798357,3.044522437723423,light,brown,combination,black,P427416,The Ordinary,8.9
1,0.0,0.200000003,5.0,1.6094379124341003,0.6931471805599453,lightMedium,hazel,combination,red,P427416,The Ordinary,8.9
5,1.0,0.833333015,18.0,1.3862943611198906,2.772588722239781,light,brown,combination,brown,P427416,The Ordinary,8.9
3,1.0,0.875,8.0,0.6931471805599453,2.0794415416798357,medium,brown,combination,brown,P427416,The Ordinary,8.9
5,1.0,1.0,18.0,0.0,2.9444389791664403,mediumTan,brown,normal,black,P427416,The Ordinary,8.9
5,1.0,0.846153975,13.0,1.0986122886681098,2.4849066497880004,lightMedium,brown,combination,brown,P427416,The Ordinary,8.9
1,0.0,0.857142985,21.0,1.3862943611198906,2.9444389791664403,lightMedium,brown,combination,brown,P427416,The Ordinary,8.9
2,0.0,0.853618026,113.72000000000116,4.499809670330265,6.253828811575473,light,brown,combination,black,P427416,The Ordinary,8.9
5,1.0,0.944444001,90.0,1.791759469228055,4.454347296253507,tan,brown,dry,black,P427416,The Ordinary,8.9
4,1.0,0.75,4.0,0.6931471805599453,1.3862943611198906,fair,blue,normal,black,P427416,The Ordinary,8.9
5,1.0,0.800000012,5.0,0.6931471805599453,1.6094379124341003,light,brown,normal,blonde,P427416,The Ordinary,8.9
2,0.0,0.764706016,17.0,1.6094379124341003,2.6390573296152584,fair,green,combination,blonde,P433887,Biossance,60.0
5,1.0,0.800000012,10.0,1.0986122886681098,2.1972245773362196,light,blue,combination,blonde,P433887,Biossance,60.0
1,0.0,0.75,12.0,1.3862943611198906,2.302585092994046,fairLight,green,dry,blonde,P433887,Biossance,60.0
5,1.0,1.0,4.0,0.0,1.6094379124341003,light,hazel,combination,brown,P433887,Biossance,60.0
5,1.0,1.0,4.0,0.0,1.6094379124341003,light,brown,combination,blonde,P433887,Biossance,60.0
5,1.0,0.75,4.0,0.6931471805599453,1.3862943611198906,lightMedium,brown,dry,brown,P433887,Biossance,60.0
5,1.0,1.0,4.0,0.0,1.6094379124341003,light,brown,combination,brown,P433887,Biossance,60.0
1,0.0,0.083333299,12.0,2.4849066497880004,0.6931471805599453,deep,brown,combination,brown,P433887,Biossance,60.0
5,1.0,1.0,6.0,0.0,1.9459101490553132,deep,brown,oily,brown,P433887,Biossance,60.0
1,0.0,0.642857015,14.0,1.791759469228055,2.302585092994046,fair,green,normal,blonde,P433887,Biossance,60.0
5,1.0,0.909090996,11.0,0.6931471805599453,2.3978952727983707,fairLight,blue,dry,red,P433887,Biossance,60.0
1,0.0,0.533333004,15.0,2.0794415416798357,2.1972245773362196,fairLight,Grey,combination,blonde,P433887,Biossance,60.0
5,1.0,1.0,20.0,0.0,3.044522437723423,light,green,combination,blonde,P433887,Biossance,60.0
5,1.0,1.0,5.0,0.0,1.791759469228055,mediumTan,brown,combination,brown,P433887,Biossance,60.0
5,1.0,0.875,8.0,0.6931471805599453,2.0794415416798357,lightMedium,green,combination,brown,P433887,Biossance,60.0
5,1.0,0.857142985,14.0,1.0986122886681098,2.5649493574615367,mediumTan,brown,combination,black,P433887,Biossance,60.0
5,1.0,1.0,5.0,0.0,1.791759469228055,light,hazel,combination,brown,P433887,Biossance,60.0
3,0.0,1.0,13.0,0.0,2.6390573296152584,light,brown,normal,brown,P433887,Biossance,60.0
5,1.0,0.966102004,113.72000000000116,1.6094379124341003,4.74493212836325,light,brown,dry,auburn,P433887,Biossance,60.0
3,1.0,0.857142985,7.0,0.6931471805599453,1.9459101490553132,light,brown,oily,black,P433887,Biossance,60.0
2,0.0,0.533333004,15.0,2.0794415416798357,2.1972245773362196,light,brown,dry,blonde,P432829,Youth To The People,58.0
5,1.0,1.0,9.0,0.0,2.302585092994046,fair,blue,combination,blonde,P432829,Youth To The People,58.0
3,0.0,0.800000012,5.0,0.6931471805599453,1.6094379124341003,fair,brown,combination,brown,P432829,Youth To The People,58.0
1,0.0,0.600000024,5.0,1.0986122886681098,1.3862943611198906,fair,hazel,normal,brown,P432829,Youth To The People,58.0
5,1.0,0.555555999,9.0,1.6094379124341003,1.791759469228055,medium,hazel,combination,brown,P432829,Youth To The People,58.0
3,0.0,0.857142985,7.0,0.6931471805599453,1.9459101490553132,tan,brown,combination,black,P432829,Youth To The People,58.0
5,1.0,1.0,4.0,0.0,1.6094379124341003,lightMedium,brown,oily,brown,P432829,Youth To The People,58.0
5,1.0,0.875,8.0,0.6931471805599453,2.0794415416798357,fair,hazel,combination,auburn,P432829,Youth To The People,58.0
5,1.0,1.0,39.0,0.0,3.6888794541139363,fair,brown,dry,brown,P432829,Youth To The People,58.0
5,1.0,0.5,4.0,1.0986122886681098,1.0986122886681098,light,blue,normal,brown,P432829,Youth To The People,58.0
5,1.0,1.0,18.0,0.0,2.9444389791664403,fair,blue,combination,brown,P432829,Youth To The People,58.0
5,1.0,0.857142985,7.0,0.6931471805599453,1.9459101490553132,light,hazel,oily,blonde,P432829,Youth To The People,58.0
1,0.0,0.833333015,12.0,1.0986122886681098,2.3978952727983707,fairLight,brown,oily,auburn,P432829,Youth To The People,58.0
5,1.0,1.0,7.0,0.0,2.0794415416798357,light,brown,combination,brown,P432829,Youth To The People,58.0
2,0.0,0.800000012,5.0,0.6931471805599453,1.6094379124341003,lightMedium,brown,dry,black,P432829,Youth To The People,58.0
5,1.0,1.0,7.0,0.0,2.0794415416798357,light,brown,combination,brown,P432829,Youth To The People,58.0
5,1.0,0.875,8.0,0.6931471805599453,2.0794415416798357,fairLight,blue,combination,brown,P432829,Youth To The People,58.0
5,1.0,0.916666985,24.0,1.0986122886681098,3.1354942159291497,fair,hazel,combination,red,P432829,Youth To The People,58.0
5,1.0,0.75,4.0,0.6931471805599453,1.3862943611198906,light,green,combination,brown,P432829,Youth To The People,58.0
3,0.0,0.363635987,11.0,2.0794415416798357,1.6094379124341003,fair,green,normal,brown,P432829,Youth To The People,58.0
2,0.0,0.875,16.0,1.0986122886681098,2.70805020110221,fair,blue,normal,blonde,P432829,Youth To The People,58.0
2,0.0,0.9375,16.0,0.6931471805599453,2.772588722239781,light,blue,combination,blonde,P432829,Youth To The People,58.0
5,1.0,1.0,5.0,0.0,1.791759469228055,fair,green,combination,blonde,P432829,Youth To The People,58.0
2,0.0,0.915129006,113.72000000000116,3.1780538303479458,5.517452896464707,lightMedium,brown,combination,auburn,P432829,Youth To The People,58.0
5,1.0,0.913043022,23.0,1.0986122886681098,3.091042453358316,light,brown,dry,brown,P432829,Youth To The People,58.0
5,1.0,1.0,17.0,0.0,2.8903717578961645,fair,blue,dry,blonde,P432829,Youth To The People,58.0
3,0.0,0.0,32.0,3.4965075614664802,0.0,fair,brown,combination,brown,P432829,Youth To The People,58.0
5,1.0,0.875,8.0,0.6931471805599453,2.0794415416798357,lightMedium,brown,oily,brown,P432829,Youth To The People,58.0
5,1.0,0.909090996,11.0,0.6931471805599453,2.3978952727983707,light,brown,normal,brown,P432829,Youth To The People,58.0
5,1.0,0.833333015,6.0,0.6931471805599453,1.791759469228055,light,brown,combination,brown,P432829,Youth To The People,58.0
5,1.0,0.947368026,38.0,1.0986122886681098,3.6109179126442243,lightMedium,blue,combination,brown,P432829,Youth To The People,58.0
5,1.0,0.888889015,9.0,0.6931471805599453,2.1972245773362196,light,Grey,normal,blonde,P463371,Youth To The People,18.0
2,0.0,0.833333015,6.0,0.6931471805599453,1.791759469228055,fair,brown,normal,brown,P463371,Youth To The People,18.0
4,1.0,1.0,4.0,0.0,1.6094379124341003,lightMedium,brown,combination,blonde,P463371,Youth To The People,18.0
3,0.0,0.727272987,11.0,1.3862943611198906,2.1972245773362196,mediumTan,brown,combination,brown,P463371,Youth To The People,18.0
5,1.0,0.5,4.0,1.0986122886681098,1.0986122886681098,light,brown,combination,brown,P463371,Youth To The People,18.0
4,1.0,1.0,4.0,0.0,1.6094379124341003,mediumTan,brown,dry,brown,P463371,Youth To The People,18.0
5,1.0,1.0,6.0,0.0,1.9459101490553132,light,blue,oily,auburn,P463371,Youth To The People,18.0
5,1.0,0.75,4.0,0.6931471805599453,1.3862943611198906,lightMedium,brown,combination,brown,P463371,Youth To The People,18.0
3,1.0,1.0,5.0,0.0,1.791759469228055,fairLight,green,normal,blonde,P463371,Youth To The People,18.0
5,1.0,0.833333015,6.0,0.6931471805599453,1.791759469228055,rich,brown,dry,brown,P463371,Youth To The People,18.0
5,1.0,0.727272987,11.0,1.3862943611198906,2.1972245773362196,lightMedium,brown,combination,brown,P463371,Youth To The People,18.0
3,1.0,0.600000024,20.0,2.1972245773362196,2.5649493574615367,light,blue,dry,brown,P463371,Youth To The People,18.0
5,1.0,1.0,4.0,0.0,1.6094379124341003,light,green,dry,brown,P463371,Youth To The People,18.0
5,1.0,0.800000012,5.0,0.6931471805599453,1.6094379124341003,fair,green,combination,red,P463371,Youth To The People,18.0
3,1.0,1.0,4.0,0.0,1.6094379124341003,fairLight,blue,combination,brown,P463371,Youth To The People,18.0
5,1.0,0.909090996,11.0,0.6931471805599453,2.3978952727983707,deep,brown,dry,black,P463371,Youth To The People,18.0
5,1.0,1.0,5.0,0.0,1.791759469228055,medium,brown,combination,brown,P463371,Youth To The People,18.0
1,0.0,0.666666985,9.0,1.3862943611198906,1.9459101490553132,fair,blue,dry,brown,P463371,Youth To The People,18.0
1,0.0,0.565217018,23.0,2.3978952727983707,2.6390573296152584,tan,brown,combination,brown,P463371,Youth To The People,18.0
4,1.0,0.75,16.0,1.6094379124341003,2.5649493574615367,fairLight,brown,oily,brown,P463371,Youth To The People,18.0
5,1.0,1.0,9.0,0.0,2.302585092994046,lightMedium,hazel,dry,black,P463371,Youth To The People,18.0
4,1.0,0.857142985,14.0,1.0986122886681098,2.5649493574615367,light,brown,combination,brown,P463371,Youth To The People,18.0
3,0.0,0.954545021,22.0,0.6931471805599453,3.091042453358316,light,brown,combination,brown,P463371,Youth To The People,18.0
4,1.0,0.800000012,5.0,0.6931471805599453,1.6094379124341003,fair,hazel,combination,blonde,P463371,Youth To The People,18.0
4,1.0,0.200000003,5.0,1.6094379124341003,0.6931471805599453,fairLight,hazel,combination,blonde,P463371,Youth To The People,18.0
5,1.0,1.0,5.0,0.0,1.791759469228055,lightMedium,blue,dry,brown,P463371,Youth To The People,18.0
5,1.0,1.0,5.0,0.0,1.791759469228055,lightMedium,brown,dry,brown,P463371,Youth To The People,18.0
2,0.0,0.25,4.0,1.3862943611198906,0.6931471805599453,light,green,combination,brown,P463371,Youth To The People,18.0
5,1.0,0.833333015,6.0,0.6931471805599453,1.791759469228055,lightMedium,brown,dry,brown,P463371,Youth To The People,18.0
5,1.0,1.0,16.0,0.0,2.833213344056216,lightMedium,brown,combination,brown,P463371,Youth To The People,18.0
5,1.0,0.833333015,6.0,0.6931471805599453,1.791759469228055,lightMedium,brown,dry,brown,P463371,Youth To The People,18.0
5,1.0,1.0,7.0,0.0,2.0794415416798357,light,brown,dry,blonde,P463371,Youth To The People,18.0
5,1.0,1.0,6.0,0.0,1.9459101490553132,fair,blue,dry,red,P463371,Youth To The People,18.0
5,1.0,1.0,4.0,0.0,1.6094379124341003,fair,brown,combination,black,P463371,Youth To The People,18.0
5,1.0,0.916666985,24.0,1.0986122886681098,3.1354942159291497,fair,brown,combination,black,P463371,Youth To The People,18.0
5,1.0,0.888889015,9.0,0.6931471805599453,2.1972245773362196,lightMedium,green,normal,auburn,P463371,Youth To The People,18.0
5,1.0,1.0,10.0,0.0,2.3978952727983707,deep,brown,combination,black,P463371,Youth To The People,18.0
1,0.0,1.0,7.0,0.0,2.0794415416798357,fair,brown,combination,brown,P427414,The Ordinary,6.5
5,1.0,0.75,4.0,0.6931471805599453,1.3862943611198906,fair,brown,combination,black,P427414,The Ordinary,6.5
5,1.0,1.0,4.0,0.0,1.6094379124341003,fair,green,oily,blonde,P427414,The Ordinary,6.5
2,0.0,0.400000006,5.0,1.3862943611198906,1.0986122886681098,fair,brown,combination,brown,P427414,The Ordinary,6.5
5,1.0,0.800000012,5.0,0.6931471805599453,1.6094379124341003,light,brown,combination,brown,P427414,The Ordinary,6.5
5,1.0,1.0,4.0,0.0,1.6094379124341003,lightMedium,brown,combination,brown,P427414,The Ordinary,6.5
2,0.0,0.714286029,7.0,1.0986122886681098,1.791759469228055,deep,brown,oily,black,P427414,The Ordinary,6.5
5,1.0,0.5,4.0,1.0986122886681098,1.0986122886681098,rich,brown,combination,black,P427414,The Ordinary,6.5
1,0.0,1.0,4.0,0.0,1.6094379124341003,light,blue,dry,blonde,P427414,The Ordinary,6.5
5,1.0,1.0,7.0,0.0,2.0794415416798357,light,brown,combination,auburn,P427414,The Ordinary,6.5
1,0.0,0.363635987,11.0,2.0794415416798357,1.6094379124341003,fairLight,hazel,normal,black,P427414,The Ordinary,6.5
1,0.0,0.875,8.0,0.6931471805599453,2.0794415416798357,fair,green,dry,brown,P427414,The Ordinary,6.5
5,1.0,0.875,8.0,0.6931471805599453,2.0794415416798357,medium,brown,combination,brown,P427414,The Ordinary,6.5
2,0.0,1.0,5.0,0.0,1.791759469228055,mediumTan,brown,combination,black,P427414,The Ordinary,6.5
2,0.0,0.647059023,17.0,1.9459101490553132,2.4849066497880004,light,brown,dry,brown,P427414,The Ordinary,6.5
5,1.0,1.0,5.0,0.0,1.791759469228055,fair,brown,combination,brown,P427414,The Ordinary,6.5
5,1.0,0.857142985,7.0,0.6931471805599453,1.9459101490553132,fair,blue,combination,brown,P427414,The Ordinary,6.5
3,0.0,0.75,8.0,1.0986122886681098,1.9459101490553132,lightMedium,green,dry,blonde,P427414,The Ordinary,6.5
5,1.0,0.800000012,5.0,0.6931471805599453,1.6094379124341003,light,brown,dry,brown,P427414,The Ordinary,6.5
3,1.0,0.875,8.0,0.6931471805599453,2.0794415416798357,light,blue,oily,blonde,P427414,The Ordinary,6.5
4,1.0,0.857142985,7.0,0.6931471805599453,1.9459101490553132,mediumTan,brown,combination,black,P427414,The Ordinary,6.5
4,1.0,0.400000006,5.0,1.3862943611198906,1.0986122886681098,fair,green,dry,blonde,P427414,The Ordinary,6.5
3,0.0,0.857142985,7.0,0.6931471805599453,1.9459101490553132,light,brown,combination,brown,P427414,The Ordinary,6.5
2,0.0,0.5,8.0,1.6094379124341003,1.6094379124341003,fair,brown,combination,blonde,P427414,The Ordinary,6.5
4,1.0,1.0,5.0,0.0,1.791759469228055,fair,brown,combination,black,P427414,The Ordinary,6.5
3,0.0,0.600000024,5.0,1.0986122886681098,1.3862943611198906,light,hazel,dry,brown,P427414,The Ordinary,6.5
1,0.0,0.809524,21.0,1.6094379124341003,2.8903717578961645,light,brown,combination,brown,P427414,The Ordinary,6.5
1,0.0,0.875,8.0,0.6931471805599453,2.0794415416798357,light,brown,combination,brown,P427414,The Ordinary,6.5
5,1.0,0.857142985,7.0,0.6931471805599453,1.9459101490553132,mediumTan,brown,normal,black,P427414,The Ordinary,6.5
5,1.0,0.908088028,113.72000000000116,3.9318256327243257,6.20455776256869,fair,brown,dry,brown,P427414,The Ordinary,6.5
5,1.0,0.93333298,45.0,1.3862943611198906,3.7612001156935624,fairLight,hazel,combination,brown,P427414,The Ordinary,6.5
5,1.0,0.714286029,7.0,1.0986122886681098,1.791759469228055,fair,hazel,dry,brown,P427414,The Ordinary,6.5
4,1.0,0.888889015,9.0,0.6931471805599453,2.1972245773362196,light,brown,combination,black,P456218,Supergoop!,38.0
1,0.0,0.75,8.0,1.0986122886681098,1.9459101490553132,lightMedium,brown,combination,black,P456218,Supergoop!,38.0
5,1.0,0.428570986,7.0,1.6094379124341003,1.3862943611198906,lightMedium,brown,combination,blonde,P456218,Supergoop!,38.0
2,0.0,0.555555999,9.0,1.6094379124341003,1.791759469228055,fairLight,green,dry,blonde,P456218,Supergoop!,38.0
5,1.0,0.916666985,36.0,1.3862943611198906,3.5263605246161616,medium,brown,combination,brown,P456218,Supergoop!,38.0
5,1.0,0.952381015,42.0,1.0986122886681098,3.713572066704308,lightMedium,brown,dry,blonde,P456218,Supergoop!,38.0
2,0.0,0.280000001,25.0,2.9444389791664403,2.0794415416798357,fairLight,green,dry,brown,P456218,Supergoop!,38.0
4,1.0,0.714286029,7.0,1.0986122886681098,1.791759469228055,light,blue,combination,blonde,P456218,Supergoop!,38.0
5,1.0,0.833333015,6.0,0.6931471805599453,1.791759469228055,light,green,combination,brown,P456218,Supergoop!,38.0
1,0.0,0.899999976,10.0,0.6931471805599453,2.302585092994046,medium,brown,oily,black,P456218,Supergoop!,38.0
5,1.0,1.0,9.0,0.0,2.302585092994046,lightMedium,brown,dry,black,P456218,Supergoop!,38.0
3,0.0,0.774194002,62.0,2.70805020110221,3.8918202981106265,fair,green,combination,brown,P456218,Supergoop!,38.0
4,1.0,1.0,4.0,0.0,1.6094379124341003,light,brown,combination,brown,P456218,Supergoop!,38.0
5,1.0,1.0,4.0,0.0,1.6094379124341003,light,blue,dry,blonde,P456218,Supergoop!,38.0
5,1.0,1.0,4.0,0.0,1.6094379124341003,light,green,dry,auburn,P456218,Supergoop!,38.0
5,1.0,0.5,4.0,1.0986122886681098,1.0986122886681098,lightMedium,blue,combination,brown,P456218,Supergoop!,38.0
1,0.0,0.545454979,11.0,1.791759469228055,1.9459101490553132,fair,blue,combination,brown,P456218,Supergoop!,38.0
5,1.0,0.600000024,10.0,1.6094379124341003,1.9459101490553132,light,green,combination,brown,P456218,Supergoop!,38.0
5,1.0,1.0,5.0,0.0,1.791759469228055,lightMedium,hazel,dry,brown,P456218,Supergoop!,38.0
2,0.0,0.857142985,7.0,0.6931471805599453,1.9459101490553132,mediumTan,brown,combination,black,P456218,Supergoop!,38.0
5,1.0,1.0,5.0,0.0,1.791759469228055,mediumTan,green,combination,brown,P456218,Supergoop!,38.0
5,1.0,1.0,4.0,0.0,1.6094379124341003,medium,blue,combination,auburn,P456218,Supergoop!,38.0
4,1.0,1.0,7.0,0.0,2.0794415416798357,tan,brown,dry,black,P456218,Supergoop!,38.0
1,0.0,0.882353008,17.0,1.0986122886681098,2.772588722239781,fair,blue,combination,blonde,P456218,Supergoop!,38.0
5,1.0,0.945945978,37.0,1.0986122886681098,3.58351893845611,lightMedium,brown,combination,black,P456218,Supergoop!,38.0
5,1.0,0.0,9.0,2.302585092994046,0.0,light,brown,oily,black,P456218,Supergoop!,38.0
5,1.0,1.0,5.0,0.0,1.791759469228055,mediumTan,brown,combination,brown,P399623,Tatcha,49.0
5,1.0,0.875,8.0,0.6931471805599453,2.0794415416798357,lightMedium,brown,combination,brown,P399623,Tatcha,49.0
1,0.0,0.666666985,63.0,3.091042453358316,3.7612001156935624,lightMedium,brown,combination,black,P399623,Tatcha,49.0
3,1.0,0.25,4.0,1.3862943611198906,0.6931471805599453,tan,brown,combination,black,P399623,Tatcha,49.0
5,1.0,0.5,10.0,1.791759469228055,1.791759469228055,light,Grey,normal,blonde,P399623,Tatcha,49.0
1,0.0,1.0,7.0,0.0,2.0794415416798357,fairLight,brown,combination,brown,P399623,Tatcha,49.0
4,1.0,1.0,5.0,0.0,1.791759469228055,light,green,normal,blonde,P399623,Tatcha,49.0
5,1.0,0.75,4.0,0.6931471805599453,1.3862943611198906,tan,brown,dry,brown,P399623,Tatcha,49.0
5,1.0,0.916666985,12.0,0.6931471805599453,2.4849066497880004,lightMedium,brown,dry,brown,P399623,Tatcha,49.0
4,1.0,0.964286029,28.0,0.6931471805599453,3.332204510175204,fair,brown,combination,brown,P399623,Tatcha,49.0
3,1.0,1.0,7.0,0.0,2.0794415416798357,lightMedium,brown,oily,brown,P399623,Tatcha,49.0
5,1.0,0.833333015,6.0,0.6931471805599453,1.791759469228055,fair,brown,dry,blonde,P399623,Tatcha,49.0
5,1.0,1.0,4.0,0.0,1.6094379124341003,deep,brown,dry,black,P399623,Tatcha,49.0
2,1.0,1.0,5.0,0.0,1.791759469228055,lightMedium,brown,combination,brown,P399623,Tatcha,49.0
5,1.0,0.857142985,7.0,0.6931471805599453,1.9459101490553132,lightMedium,brown,combination,brown,P399623,Tatcha,49.0
5,1.0,1.0,4.0,0.0,1.6094379124341003,lightMedium,brown,combination,brown,P399623,Tatcha,49.0
1,1.0,0.176470995,17.0,2.70805020110221,1.3862943611198906,lightMedium,brown,combination,brown,P399623,Tatcha,49.0
4,1.0,0.888889015,9.0,0.6931471805599453,2.1972245773362196,lightMedium,brown,combination,brown,P399623,Tatcha,49.0
3,1.0,0.800000012,5.0,0.6931471805599453,1.6094379124341003,lightMedium,brown,combination,brown,P399623,Tatcha,49.0
4,1.0,0.800000012,5.0,0.6931471805599453,1.6094379124341003,lightMedium,brown,combination,brown,P399623,Tatcha,49.0
5,1.0,0.75,4.0,0.6931471805599453,1.3862943611198906,lightMedium,brown,combination,brown,P399623,Tatcha,49.0
3,1.0,1.0,23.0,0.0,3.1780538303479458,lightMedium,brown,combination,brown,P399623,Tatcha,49.0
2,0.0,0.0,4.0,1.6094379124341003,0.0,lightMedium,brown,dry,brown,P432668,Drunk Elephant,38.0
5,1.0,0.833333015,6.0,0.6931471805599453,1.791759469228055,light,blue,combination,blonde,P432668,Drunk Elephant,38.0
5,1.0,1.0,6.0,0.0,1.9459101490553132,light,blue,normal,blonde,P432668,Drunk Elephant,38.0
5,1.0,0.941175997,17.0,0.6931471805599453,2.833213344056216,medium,brown,combination,brown,P432668,Drunk Elephant,38.0
5,1.0,0.714286029,7.0,1.0986122886681098,1.791759469228055,fair,blue,combination,red,P432668,Drunk Elephant,38.0
5,1.0,0.800000012,10.0,1.0986122886681098,2.1972245773362196,light,blue,dry,blonde,P432668,Drunk Elephant,38.0
3,0.0,0.771429002,35.0,2.1972245773362196,3.332204510175204,medium,hazel,combination,black,P432668,Drunk Elephant,38.0
5,1.0,0.666666985,15.0,1.791759469228055,2.3978952727983707,lightMedium,blue,normal,brown,P432668,Drunk Elephant,38.0
1,0.0,0.666666985,12.0,1.6094379124341003,2.1972245773362196,mediumTan,brown,combination,brown,P432668,Drunk Elephant,38.0
5,1.0,0.833333015,6.0,0.6931471805599453,1.791759469228055,lightMedium,green,normal,brown,P432668,Drunk Elephant,38.0
5,1.0,1.0,4.0,0.0,1.6094379124341003,light,green,combination,brown,P432668,Drunk Elephant,38.0
5,1.0,1.0,6.0,0.0,1.9459101490553132,light,hazel,dry,blonde,P432668,Drunk Elephant,38.0
5,1.0,0.75,4.0,0.6931471805599453,1.3862943611198906,lightMedium,brown,combination,brown,P432668,Drunk Elephant,38.0
5,1.0,0.714286029,7.0,1.0986122886681098,1.791759469228055,fair,hazel,combination,brown,P432668,Drunk Elephant,38.0
5,1.0,0.714286029,7.0,1.0986122886681098,1.791759469228055,fair,green,oily,blonde,P432668,Drunk Elephant,38.0
1,0.0,0.642857015,14.0,1.791759469228055,2.302585092994046,fair,blue,dry,blonde,P432668,Drunk Elephant,38.0
5,1.0,0.833333015,6.0,0.6931471805599453,1.791759469228055,medium,blue,combination,blonde,P432668,Drunk Elephant,38.0
5,1.0,0.928570986,14.0,0.6931471805599453,2.6390573296152584,fair,brown,dry,blonde,P432668,Drunk Elephant,38.0
5,1.0,0.857142985,7.0,0.6931471805599453,1.9459101490553132,medium,green,dry,blonde,P432668,Drunk Elephant,38.0
5,1.0,0.958333015,24.0,0.6931471805599453,3.1780538303479458,light,blue,dry,red,P432668,Drunk Elephant,38.0
5,1.0,0.921052992,76.0,1.9459101490553132,4.2626798770413155,light,blue,oily,blonde,P432668,Drunk Elephant,38.0
2,0.0,0.666666985,15.0,1.791759469228055,2.3978952727983707,light,brown,combination,black,P432668,Drunk Elephant,38.0
5,1.0,0.951219022,41.0,1.0986122886681098,3.6888794541139363,lightMedium,brown,oily,brown,P432668,Drunk Elephant,38.0
1,0.0,0.777778029,9.0,1.0986122886681098,2.0794415416798357,light,brown,dry,blonde,P283501,Josie Maran,36.0
5,1.0,1.0,5.0,0.0,1.791759469228055,lightMedium,brown,combination,black,P283501,Josie Maran,36.0
1,1.0,0.0,4.0,1.6094379124341003,0.0,lightMedium,brown,combination,brown,P283501,Josie Maran,36.0
4,1.0,1.0,7.0,0.0,2.0794415416798357,lightMedium,brown,combination,brown,P283501,Josie Maran,36.0
5,1.0,0.800000012,5.0,0.6931471805599453,1.6094379124341003,lightMedium,brown,combination,brown,P283501,Josie Maran,36.0
2,1.0,0.166666999,6.0,1.791759469228055,0.6931471805599453,lightMedium,brown,combination,brown,P283501,Josie Maran,36.0
1,1.0,0.75,4.0,0.6931471805599453,1.3862943611198906,lightMedium,brown,combination,brown,P283501,Josie Maran,36.0
1,1.0,1.0,6.0,0.0,1.9459101490553132,lightMedium,brown,combination,brown,P283501,Josie Maran,36.0
5,1.0,1.0,9.0,0.0,2.302585092994046,lightMedium,brown,combination,brown,P283501,Josie Maran,36.0
5,1.0,1.0,4.0,0.0,1.6094379124341003,deep,brown,combination,brown,P283501,Josie Maran,36.0
2,0.0,1.0,5.0,0.0,1.791759469228055,lightMedium,brown,combination,auburn,P479734,CLINIQUE,57.0
4,1.0,0.875,8.0,0.6931471805599453,2.0794415416798357,fair,blue,combination,brown,P446938,Drunk Elephant,62.0
5,1.0,0.600000024,5.0,1.0986122886681098,1.3862943611198906,lightMedium,brown,oily,brown,P446938,Drunk Elephant,62.0
5,1.0,1.0,6.0,0.0,1.9459101490553132,lightMedium,brown,dry,brown,P446938,Drunk Elephant,62.0
5,1.0,0.75,4.0,0.6931471805599453,1.3862943611198906,lightMedium,brown,dry,brown,P446938,Drunk Elephant,62.0
4,1.0,1.0,11.0,0.0,2.4849066497880004,fair,green,combination,blonde,P446938,Drunk Elephant,62.0
1,0.0,0.555555999,9.0,1.6094379124341003,1.791759469228055,mediumTan,brown,combination,black,P446938,Drunk Elephant,62.0
4,1.0,0.733332992,15.0,1.6094379124341003,2.4849066497880004,lightMedium,green,combination,brown,P446938,Drunk Elephant,62.0
2,0.0,0.941175997,17.0,0.6931471805599453,2.833213344056216,light,hazel,combination,brown,P446938,Drunk Elephant,62.0
2,0.0,0.666666985,9.0,1.3862943611198906,1.9459101490553132,light,brown,combination,black,P446938,Drunk Elephant,62.0
1,0.0,0.642857015,14.0,1.791759469228055,2.302585092994046,fair,brown,combination,brown,P446938,Drunk Elephant,62.0
2,0.0,0.857142985,7.0,0.6931471805599453,1.9459101490553132,fair,brown,oily,brown,P446938,Drunk Elephant,62.0
2,0.0,0.857142985,7.0,0.6931471805599453,1.9459101490553132,fair,blue,combination,red,P446938,Drunk Elephant,62.0
5,1.0,1.0,10.0,0.0,2.3978952727983707,light,brown,dry,brown,P446938,Drunk Elephant,62.0
5,1.0,1.0,4.0,0.0,1.6094379124341003,fair,brown,combination,blonde,P446938,Drunk Elephant,62.0
3,0.0,1.0,5.0,0.0,1.791759469228055,light,green,dry,brown,P446938,Drunk Elephant,62.0
1,0.0,0.916666985,12.0,0.6931471805599453,2.4849066497880004,light,brown,dry,brown,P446938,Drunk Elephant,62.0
5,1.0,1.0,5.0,0.0,1.791759469228055,fair,hazel,combination,blonde,P446938,Drunk Elephant,62.0
2,1.0,0.909090996,11.0,0.6931471805599453,2.3978952727983707,fairLight,green,oily,blonde,P446938,Drunk Elephant,62.0
5,1.0,0.846153975,13.0,1.0986122886681098,2.4849066497880004,light,brown,combination,brown,P446938,Drunk Elephant,62.0
5,1.0,0.666666985,6.0,1.0986122886681098,1.6094379124341003,medium,brown,combination,brown,P164932,Rosebud Perfume Co.,8.0
1,0.0,0.357143015,14.0,2.302585092994046,1.791759469228055,medium,brown,combination,brown,P164932,Rosebud Perfume Co.,8.0
5,1.0,1.0,6.0,0.0,1.9459101490553132,light,brown,combination,brown,P164932,Rosebud Perfume Co.,8.0
3,1.0,1.0,6.0,0.0,1.9459101490553132,light,brown,combination,brown,P164932,Rosebud Perfume Co.,8.0
1,1.0,0.0,14.0,2.70805020110221,0.0,lightMedium,brown,combination,brown,P164932,Rosebud Perfume Co.,8.0
5,1.0,1.0,4.0,0.0,1.6094379124341003,mediumTan,brown,combination,brown,P164932,Rosebud Perfume Co.,8.0
5,1.0,0.75,4.0,0.6931471805599453,1.3862943611198906,fair,brown,combination,brown,P443845,The INKEY List,9.99
5,1.0,0.75,4.0,0.6931471805599453,1.3862943611198906,fair,green,combination,blonde,P443845,The INKEY List,9.99
5,1.0,1.0,6.0,0.0,1.9459101490553132,medium,hazel,dry,black,P443845,The INKEY List,9.99
5,1.0,0.75,4.0,0.6931471805599453,1.3862943611198906,light,blue,oily,auburn,P443845,The INKEY List,9.99
5,1.0,1.0,5.0,0.0,1.791759469228055,light,green,combination,black,P443845,The INKEY List,9.99
1,0.0,0.25,16.0,2.5649493574615367,1.6094379124341003,medium,green,combination,black,P443845,The INKEY List,9.99
2,1.0,0.238095,21.0,2.833213344056216,1.791759469228055,light,brown,normal,black,P443845,The INKEY List,9.99
1,0.0,0.75,12.0,1.3862943611198906,2.302585092994046,light,brown,dry,brown,P443845,The INKEY List,9.99
5,1.0,1.0,4.0,0.0,1.6094379124341003,light,hazel,combination,brown,P443845,The INKEY List,9.99
4,1.0,0.133332998,15.0,2.6390573296152584,1.0986122886681098,lightMedium,brown,dry,brown,P443845,The INKEY List,9.99
5,1.0,1.0,5.0,0.0,1.791759469228055,medium,brown,combination,brown,P443845,The INKEY List,9.99
5,1.0,0.944444001,18.0,0.6931471805599453,2.8903717578961645,tan,brown,oily,black,P443845,The INKEY List,9.99
5,1.0,0.928570986,14.0,0.6931471805599453,2.6390573296152584,fair,brown,combination,red,P443845,The INKEY List,9.99
3,1.0,0.545454979,11.0,1.791759469228055,1.9459101490553132,fair,green,oily,brown,P443845,The INKEY List,9.99
1,0.0,0.491228014,57.0,3.4011973816621555,3.367295829986474,light,blue,combination,blonde,P443845,The INKEY List,9.99
5,1.0,1.0,7.0,0.0,2.0794415416798357,medium,green,combination,blonde,P443845,The INKEY List,9.99
4,1.0,1.0,9.0,0.0,2.302585092994046,deep,brown,dry,black,P443845,The INKEY List,9.99
5,1.0,1.0,4.0,0.0,1.6094379124341003,lightMedium,brown,combination,black,P475908,belif,22.0
5,1.0,1.0,5.0,0.0,1.791759469228055,fair,green,combination,blonde,P472454,Caudalie,38.0
5,1.0,0.800000012,5.0,0.6931471805599453,1.6094379124341003,fair,blue,combination,blonde,P472454,Caudalie,38.0
5,1.0,1.0,6.0,0.0,1.9459101490553132,tan,brown,normal,black,P472454,Caudalie,38.0
5,1.0,0.800000012,5.0,0.6931471805599453,1.6094379124341003,light,brown,combination,brunette,P472454,Caudalie,38.0
5,1.0,1.0,14.0,0.0,2.70805020110221,light,brown,combination,brunette,P472454,Caudalie,38.0
5,1.0,0.75,4.0,0.6931471805599453,1.3862943611198906,light,brown,combination,brunette,P472454,Caudalie,38.0
5,1.0,1.0,12.0,0.0,2.5649493574615367,light,brown,combination,brunette,P472454,Caudalie,38.0
1,1.0,1.0,8.0,0.0,2.1972245773362196,light,brown,normal,brunette,P472454,Caudalie,38.0
4,1.0,1.0,23.0,0.0,3.1780538303479458,light,brown,dry,brunette,P472454,Caudalie,38.0
5,1.0,0.5,6.0,1.3862943611198906,1.3862943611198906,light,brown,combination,brunette,P472454,Caudalie,38.0
5,1.0,1.0,4.0,0.0,1.6094379124341003,light,blue,combination,brown,P434548,Farmacy,60.0
5,1.0,1.0,4.0,0.0,1.6094379124341003,mediumTan,brown,normal,brown,P434548,Farmacy,60.0
5,1.0,0.916666985,12.0,0.6931471805599453,2.4849066497880004,fairLight,blue,combination,brown,P434548,Farmacy,60.0
5,1.0,0.75,4.0,0.6931471805599453,1.3862943611198906,mediumTan,brown,combination,brown,P434548,Farmacy,60.0
5,1.0,0.800000012,5.0,0.6931471805599453,1.6094379124341003,light,hazel,combination,brown,P434548,Farmacy,60.0
4,1.0,0.5,6.0,1.3862943611198906,1.3862943611198906,light,brown,combination,brown,P434548,Farmacy,60.0
4,1.0,0.857142985,7.0,0.6931471805599453,1.9459101490553132,fair,blue,combination,blonde,P434548,Farmacy,60.0
5,1.0,1.0,9.0,0.0,2.302585092994046,fairLight,brown,combination,blonde,P434548,Farmacy,60.0
5,1.0,1.0,4.0,0.0,1.6094379124341003,light,brown,normal,black,P434548,Farmacy,60.0
5,1.0,1.0,4.0,0.0,1.6094379124341003,medium,brown,oily,black,P434548,Farmacy,60.0
5,1.0,0.923076987,13.0,0.6931471805599453,2.5649493574615367,fair,brown,dry,brown,P434548,Farmacy,60.0
1,0.0,0.875,8.0,0.6931471805599453,2.0794415416798357,fair,brown,dry,auburn,P434548,Farmacy,60.0
4,1.0,0.714286029,7.0,1.0986122886681098,1.791759469228055,tan,brown,combination,black,P434548,Farmacy,60.0
1,0.0,0.333332986,12.0,2.1972245773362196,1.6094379124341003,lightMedium,brown,dry,black,P434548,Farmacy,60.0
5,1.0,0.75,4.0,0.6931471805599453,1.3862943611198906,light,Grey,combination,blonde,P434548,Farmacy,60.0
5,1.0,1.0,4.0,0.0,1.6094379124341003,fair,blue,combination,black,P434548,Farmacy,60.0
5,1.0,0.363635987,11.0,2.0794415416798357,1.6094379124341003,medium,hazel,normal,black,P434548,Farmacy,60.0
5,1.0,0.857142985,7.0,0.6931471805599453,1.9459101490553132,fairLight,hazel,dry,brown,P434548,Farmacy,60.0
1,0.0,0.0,90.0,4.51085950651685,0.0,lightMedium,hazel,combination,blonde,P434548,Farmacy,60.0
5,1.0,1.0,23.0,0.0,3.1780538303479458,mediumTan,brown,normal,black,P434548,Farmacy,60.0
1,0.0,0.857142985,7.0,0.6931471805599453,1.9459101490553132,fair,green,combination,brown,P434548,Farmacy,60.0
1,0.0,0.93333298,15.0,0.6931471805599453,2.70805020110221,lightMedium,brown,combination,brown,P434548,Farmacy,60.0
5,1.0,0.9375,16.0,0.6931471805599453,2.772588722239781,fair,green,combination,blonde,P434548,Farmacy,60.0
2,0.0,0.875,16.0,1.0986122886681098,2.70805020110221,fairLight,brown,combination,black,P434548,Farmacy,60.0
5,1.0,0.945945978,74.0,1.6094379124341003,4.2626798770413155,fairLight,blue,combination,brown,P434548,Farmacy,60.0
4,1.0,0.0,5.0,1.791759469228055,0.0,light,brown,normal,blonde,P434548,Farmacy,60.0
4,1.0,0.909090996,11.0,0.6931471805599453,2.3978952727983707,mediumTan,green,normal,black,P434548,Farmacy,60.0
5,1.0,1.0,4.0,0.0,1.6094379124341003,light,brown,oily,brown,P400207,Herbivore,50.0
5,1.0,1.0,10.0,0.0,2.3978952727983707,lightMedium,brown,normal,black,P400207,Herbivore,50.0
4,1.0,1.0,4.0,0.0,1.6094379124341003,lightMedium,blue,dry,blonde,P400207,Herbivore,50.0
4,1.0,0.400000006,5.0,1.3862943611198906,1.0986122886681098,light,brown,combination,blonde,P400207,Herbivore,50.0
5,1.0,1.0,8.0,0.0,2.1972245773362196,fair,brown,combination,brown,P400207,Herbivore,50.0
1,0.0,0.321429014,28.0,2.995732273553991,2.302585092994046,light,green,normal,brown,P400207,Herbivore,50.0
2,0.0,1.0,4.0,0.0,1.6094379124341003,light,hazel,combination,brown,P400207,Herbivore,50.0
5,1.0,0.947368026,38.0,1.0986122886681098,3.6109179126442243,lightMedium,hazel,oily,brown,P400207,Herbivore,50.0
3,1.0,0.400000006,5.0,1.3862943611198906,1.0986122886681098,tan,brown,oily,brown,P400207,Herbivore,50.0
1,0.0,0.285714,35.0,3.258096538021482,2.3978952727983707,mediumTan,brown,combination,brown,P400207,Herbivore,50.0
1,0.0,0.75,4.0,0.6931471805599453,1.3862943611198906,light,blue,combination,blonde,P400207,Herbivore,50.0
1,0.0,1.0,7.0,0.0,2.0794415416798357,fair,blue,combination,blonde,P400207,Herbivore,50.0
1,0.0,0.75,4.0,0.6931471805599453,1.3862943611198906,fairLight,brown,combination,brown,P400207,Herbivore,50.0
4,1.0,0.875,8.0,0.6931471805599453,2.0794415416798357,fairLight,blue,combination,red,P400207,Herbivore,50.0
5,1.0,0.800000012,5.0,0.6931471805599453,1.6094379124341003,light,brown,combination,brown,P400207,Herbivore,50.0
1,1.0,0.909090996,11.0,0.6931471805599453,2.3978952727983707,light,brown,combination,brown,P400207,Herbivore,50.0
1,1.0,0.75,4.0,0.6931471805599453,1.3862943611198906,light,brown,combination,brown,P400207,Herbivore,50.0
5,1.0,1.0,4.0,0.0,1.6094379124341003,light,brown,combination,brown,P400207,Herbivore,50.0
5,1.0,1.0,4.0,0.0,1.6094379124341003,light,brown,combination,brown,P400207,Herbivore,50.0
5,1.0,0.833333015,6.0,0.6931471805599453,1.791759469228055,light,brown,combination,brown,P400207,Herbivore,50.0
3,1.0,0.571429014,7.0,1.3862943611198906,1.6094379124341003,light,brown,combination,brown,P400207,Herbivore,50.0
2,0.0,0.400000006,5.0,1.3862943611198906,1.0986122886681098,fair,brown,combination,brown,P428819,Glow Recipe,39.0
5,1.0,0.75,12.0,1.3862943611198906,2.302585092994046,light,green,dry,brown,P428819,Glow Recipe,39.0
5,1.0,1.0,6.0,0.0,1.9459101490553132,fair,blue,combination,brown,P428819,Glow Recipe,39.0
1,0.0,0.75,4.0,0.6931471805599453,1.3862943611198906,light,blue,normal,brown,P428819,Glow Recipe,39.0
1,0.0,0.666666985,9.0,1.3862943611198906,1.9459101490553132,light,brown,combination,brown,P428819,Glow Recipe,39.0
1,0.0,0.5,6.0,1.3862943611198906,1.3862943611198906,medium,brown,dry,brown,P428819,Glow Recipe,39.0
5,1.0,1.0,5.0,0.0,1.791759469228055,medium,brown,oily,brown,P428819,Glow Recipe,39.0
4,1.0,1.0,14.0,0.0,2.70805020110221,deep,brown,combination,black,P428819,Glow Recipe,39.0
5,1.0,1.0,4.0,0.0,1.6094379124341003,medium,brown,oily,brown,P428819,Glow Recipe,39.0
3,1.0,1.0,4.0,0.0,1.6094379124341003,medium,brown,combination,black,P428819,Glow Recipe,39.0
4,1.0,0.5,4.0,1.0986122886681098,1.0986122886681098,fairLight,blue,normal,brown,P428819,Glow Recipe,39.0
1,0.0,0.78947401,19.0,1.6094379124341003,2.772588722239781,light,brown,normal,brown,P428819,Glow Recipe,39.0
5,1.0,1.0,4.0,0.0,1.6094379124341003,fair,brown,oily,brown,P428819,Glow Recipe,39.0
4,1.0,0.5,4.0,1.0986122886681098,1.0986122886681098,fair,brown,combination,brown,P428819,Glow Recipe,39.0
1,0.0,1.0,8.0,0.0,2.1972245773362196,lightMedium,hazel,combination,brown,P428819,Glow Recipe,39.0
5,1.0,0.899999976,30.0,1.3862943611198906,3.332204510175204,fair,green,combination,black,P428819,Glow Recipe,39.0
5,1.0,0.75,4.0,0.6931471805599453,1.3862943611198906,mediumTan,brown,oily,brown,P428819,Glow Recipe,39.0
2,0.0,0.875,8.0,0.6931471805599453,2.0794415416798357,mediumTan,brown,combination,black,P428819,Glow Recipe,39.0
5,1.0,0.826086998,23.0,1.6094379124341003,2.995732273553991,fair,blue,combination,blonde,P428819,Glow Recipe,39.0
1,0.0,1.0,8.0,0.0,2.1972245773362196,light,brown,combination,auburn,P462699,Glow Recipe,45.0
5,1.0,0.25,4.0,1.3862943611198906,0.6931471805599453,lightMedium,brown,combination,brown,P462699,Glow Recipe,45.0
3,0.0,0.5,4.0,1.0986122886681098,1.0986122886681098,fair,green,dry,blonde,P462699,Glow Recipe,45.0
4,1.0,1.0,5.0,0.0,1.791759469228055,tan,brown,dry,black,P462699,Glow Recipe,45.0
3,0.0,0.888889015,9.0,0.6931471805599453,2.1972245773362196,lightMedium,brown,combination,black,P462699,Glow Recipe,45.0
1,0.0,0.714286029,7.0,1.0986122886681098,1.791759469228055,fairLight,blue,combination,blonde,P462699,Glow Recipe,45.0
2,0.0,0.400000006,5.0,1.3862943611198906,1.0986122886681098,lightMedium,hazel,combination,brown,P462699,Glow Recipe,45.0
5,1.0,1.0,10.0,0.0,2.3978952727983707,fairLight,blue,combination,blonde,P462699,Glow Recipe,45.0
1,0.0,0.5,26.0,2.6390573296152584,2.6390573296152584,fair,blue,dry,brown,P462699,Glow Recipe,45.0
4,1.0,0.75,4.0,0.6931471805599453,1.3862943611198906,fair,brown,combination,brown,P462699,Glow Recipe,45.0
5,1.0,0.899999976,10.0,0.6931471805599453,2.302585092994046,medium,brown,combination,brown,P462699,Glow Recipe,45.0
3,1.0,1.0,6.0,0.0,1.9459101490553132,lightMedium,brown,combination,black,P462699,Glow Recipe,45.0
2,0.0,0.75,8.0,1.0986122886681098,1.9459101490553132,light,blue,dry,blonde,P462699,Glow Recipe,45.0
5,1.0,1.0,5.0,0.0,1.791759469228055,lightMedium,blue,combination,blonde,P462699,Glow Recipe,45.0
5,1.0,0.0,6.0,1.9459101490553132,0.0,medium,brown,combination,blonde,P462699,Glow Recipe,45.0
1,0.0,0.625,8.0,1.3862943611198906,1.791759469228055,fair,hazel,combination,brown,P403818,Drunk Elephant,18.0
5,1.0,0.875,8.0,0.6931471805599453,2.0794415416798357,medium,brown,combination,brown,P403818,Drunk Elephant,18.0
5,1.0,1.0,5.0,0.0,1.791759469228055,light,blue,dry,gray,P403818,Drunk Elephant,18.0
1,0.0,0.857142985,7.0,0.6931471805599453,1.9459101490553132,light,hazel,normal,blonde,P403818,Drunk Elephant,18.0
4,1.0,1.0,6.0,0.0,1.9459101490553132,light,blue,oily,brown,P403818,Drunk Elephant,18.0
5,1.0,1.0,4.0,0.0,1.6094379124341003,lightMedium,brown,combination,brown,P403818,Drunk Elephant,18.0
4,1.0,1.0,4.0,0.0,1.6094379124341003,fairLight,blue,combination,brown,P403818,Drunk Elephant,18.0
2,1.0,0.666666985,6.0,1.0986122886681098,1.6094379124341003,light,brown,dry,brown,P403818,Drunk Elephant,18.0
5,1.0,0.75,4.0,0.6931471805599453,1.3862943611198906,light,brown,normal,brown,P403818,Drunk Elephant,18.0
5,1.0,0.958333015,24.0,0.6931471805599453,3.1780538303479458,light,brown,combination,brown,P403818,Drunk Elephant,18.0
5,1.0,0.923076987,13.0,0.6931471805599453,2.5649493574615367,light,brown,normal,brown,P403818,Drunk Elephant,18.0
5,1.0,1.0,6.0,0.0,1.9459101490553132,light,brown,combination,brown,P403818,Drunk Elephant,18.0
1,0.0,0.600000024,10.0,1.6094379124341003,1.9459101490553132,light,green,dry,blonde,P447791,Glow Recipe,42.0
3,0.0,0.833333015,18.0,1.3862943611198906,2.772588722239781,fairLight,blue,combination,blonde,P447791,Glow Recipe,42.0
5,1.0,0.600000024,5.0,1.0986122886681098,1.3862943611198906,light,green,combination,brown,P447791,Glow Recipe,42.0
4,0.0,0.5,6.0,1.3862943611198906,1.3862943611198906,fair,green,dry,brown,P447791,Glow Recipe,42.0
5,1.0,1.0,7.0,0.0,2.0794415416798357,lightMedium,brown,combination,black,P447791,Glow Recipe,42.0
5,1.0,0.833333015,6.0,0.6931471805599453,1.791759469228055,lightMedium,hazel,combination,brown,P447791,Glow Recipe,42.0
5,1.0,0.763779998,113.72000000000116,3.4339872044851463,4.584967478670572,mediumTan,brown,combination,black,P447791,Glow Recipe,42.0
5,1.0,0.727272987,11.0,1.3862943611198906,2.1972245773362196,fairLight,Grey,combination,auburn,P447791,Glow Recipe,42.0
1,0.0,0.888889015,9.0,0.6931471805599453,2.1972245773362196,light,hazel,combination,brown,P447791,Glow Recipe,42.0
4,1.0,0.714286029,7.0,1.0986122886681098,1.791759469228055,lightMedium,hazel,combination,auburn,P447791,Glow Recipe,42.0
4,1.0,0.75,4.0,0.6931471805599453,1.3862943611198906,fair,Grey,combination,blonde,P447791,Glow Recipe,42.0
2,0.0,1.0,6.0,0.0,1.9459101490553132,fair,brown,normal,brown,P447791,Glow Recipe,42.0
4,1.0,1.0,5.0,0.0,1.791759469228055,light,brown,combination,brown,P447791,Glow Recipe,42.0
5,1.0,0.75,12.0,1.3862943611198906,2.302585092994046,medium,brown,combination,black,P447791,Glow Recipe,42.0
5,1.0,1.0,6.0,0.0,1.9459101490553132,lightMedium,brown,dry,black,P447791,Glow Recipe,42.0
2,0.0,0.571429014,7.0,1.3862943611198906,1.6094379124341003,lightMedium,brown,combination,brown,P447791,Glow Recipe,42.0
3,0.0,0.846153975,13.0,1.0986122886681098,2.4849066497880004,mediumTan,brown,combination,brown,P447791,Glow Recipe,42.0
5,1.0,0.833333015,6.0,0.6931471805599453,1.791759469228055,fair,brown,combination,black,P447791,Glow Recipe,42.0
5,1.0,1.0,26.0,0.0,3.295836866004329,mediumTan,brown,combination,brown,P447791,Glow Recipe,42.0
5,1.0,0.75,4.0,0.6931471805599453,1.3862943611198906,light,green,combination,brown,P447791,Glow Recipe,42.0
5,1.0,0.727272987,11.0,1.3862943611198906,2.1972245773362196,fair,blue,oily,blonde,P447791,Glow Recipe,42.0
5,1.0,0.772727013,22.0,1.791759469228055,2.8903717578961645,light,blue,combination,blonde,P447791,Glow Recipe,42.0
5,1.0,1.0,5.0,0.0,1.791759469228055,fair,green,combination,blonde,P500633,fresh,80.0
5,1.0,0.571429014,7.0,1.3862943611198906,1.6094379124341003,light,brown,dry,black,P446930,LANEIGE,33.0
5,1.0,0.75,4.0,0.6931471805599453,1.3862943611198906,lightMedium,blue,combination,brown,P446930,LANEIGE,33.0
3,0.0,0.875,16.0,1.0986122886681098,2.70805020110221,fairLight,blue,dry,blonde,P446930,LANEIGE,33.0
1,0.0,0.75,16.0,1.6094379124341003,2.5649493574615367,fairLight,brown,combination,brown,P446930,LANEIGE,33.0
5,1.0,0.75,4.0,0.6931471805599453,1.3862943611198906,fair,blue,combination,blonde,P446930,LANEIGE,33.0
5,1.0,0.857142985,7.0,0.6931471805599453,1.9459101490553132,tan,brown,combination,black,P446930,LANEIGE,33.0
2,0.0,0.0,10.0,2.3978952727983707,0.0,light,blue,normal,blonde,P446930,LANEIGE,33.0
5,1.0,1.0,5.0,0.0,1.791759469228055,fairLight,brown,dry,brown,P446930,LANEIGE,33.0
5,1.0,1.0,4.0,0.0,1.6094379124341003,lightMedium,brown,combination,black,P446930,LANEIGE,33.0
4,1.0,0.75,4.0,0.6931471805599453,1.3862943611198906,light,brown,combination,brown,P446930,LANEIGE,33.0
4,1.0,0.777778029,9.0,1.0986122886681098,2.0794415416798357,medium,brown,combination,black,P446930,LANEIGE,33.0
5,1.0,1.0,6.0,0.0,1.9459101490553132,fair,green,combination,blonde,P446930,LANEIGE,33.0
5,1.0,1.0,5.0,0.0,1.791759469228055,light,brown,dry,brown,P446930,LANEIGE,33.0
2,0.0,0.800000012,5.0,0.6931471805599453,1.6094379124341003,fair,brown,dry,brown,P446930,LANEIGE,33.0
5,1.0,1.0,4.0,0.0,1.6094379124341003,tan,brown,combination,black,P446930,LANEIGE,33.0
5,1.0,0.875,8.0,0.6931471805599453,2.0794415416798357,mediumTan,brown,normal,black,P446930,LANEIGE,33.0
4,1.0,0.5,4.0,1.0986122886681098,1.0986122886681098,lightMedium,brown,dry,brown,P446930,LANEIGE,33.0
4,1.0,1.0,11.0,0.0,2.4849066497880004,medium,brown,dry,black,P446930,LANEIGE,33.0
1,0.0,0.923076987,13.0,0.6931471805599453,2.5649493574615367,fair,blue,oily,brown,P446930,LANEIGE,33.0
1,0.0,0.894737005,38.0,1.6094379124341003,3.5553480614894135,light,brown,combination,black,P392235,Tatcha,50.0
4,1.0,0.600000024,5.0,1.0986122886681098,1.3862943611198906,light,green,combination,blonde,P392235,Tatcha,50.0
3,0.0,1.0,10.0,0.0,2.3978952727983707,lightMedium,blue,combination,red,P392235,Tatcha,50.0
5,1.0,0.818181992,11.0,1.0986122886681098,2.302585092994046,deep,brown,combination,black,P392235,Tatcha,50.0
5,1.0,1.0,4.0,0.0,1.6094379124341003,deep,brown,combination,black,P392235,Tatcha,50.0
5,1.0,1.0,7.0,0.0,2.0794415416798357,mediumTan,brown,combination,black,P392235,Tatcha,50.0
2,0.0,0.782608986,23.0,1.791759469228055,2.9444389791664403,fair,hazel,combination,brown,P392235,Tatcha,50.0
1,0.0,0.75,4.0,0.6931471805599453,1.3862943611198906,light,brown,dry,black,P392235,Tatcha,50.0
2,0.0,0.5,4.0,1.0986122886681098,1.0986122886681098,light,blue,oily,brown,P392235,Tatcha,50.0
5,1.0,0.928570986,14.0,0.6931471805599453,2.6390573296152584,light,brown,combination,brown,P392235,Tatcha,50.0
5,1.0,0.800000012,5.0,0.6931471805599453,1.6094379124341003,light,brown,combination,brown,P392235,Tatcha,50.0
5,1.0,1.0,4.0,0.0,1.6094379124341003,light,brown,combination,brown,P392235,Tatcha,50.0
5,1.0,0.823529005,17.0,1.3862943611198906,2.70805020110221,light,brown,combination,brown,P392235,Tatcha,50.0
5,1.0,1.0,7.0,0.0,2.0794415416798357,light,brown,combination,brown,P392235,Tatcha,50.0
5,1.0,0.75,4.0,0.6931471805599453,1.3862943611198906,light,brown,combination,brown,P392235,Tatcha,50.0
4,1.0,0.833333015,6.0,0.6931471805599453,1.791759469228055,light,brown,combination,brown,P392235,Tatcha,50.0
5,1.0,1.0,6.0,0.0,1.9459101490553132,light,brown,dry,brown,P392235,Tatcha,50.0
5,1.0,1.0,4.0,0.0,1.6094379124341003,light,blue,combination,blonde,P460512,Tatcha,24.0
1,0.0,0.75,4.0,0.6931471805599453,1.3862943611198906,deep,brown,combination,black,P460512,Tatcha,24.0
1,0.0,0.833333015,6.0,0.6931471805599453,1.791759469228055,light,brown,combination,brown,P460512,Tatcha,24.0
4,1.0,0.75,4.0,0.6931471805599453,1.3862943611198906,fairLight,blue,combination,brown,P460512,Tatcha,24.0
4,1.0,0.800000012,5.0,0.6931471805599453,1.6094379124341003,fair,blue,normal,red,P460512,Tatcha,24.0
5,1.0,0.714286029,7.0,1.0986122886681098,1.791759469228055,mediumTan,hazel,dry,gray,P460512,Tatcha,24.0
5,1.0,1.0,10.0,0.0,2.3978952727983707,lightMedium,hazel,combination,black,P460512,Tatcha,24.0
5,1.0,0.714286029,7.0,1.0986122886681098,1.791759469228055,lightMedium,hazel,combination,brown,P460512,Tatcha,24.0
5,1.0,1.0,13.0,0.0,2.6390573296152584,fair,green,oily,brown,P460512,Tatcha,24.0
5,1.0,1.0,11.0,0.0,2.4849066497880004,light,Grey,combination,blonde,P460512,Tatcha,24.0
4,1.0,0.800000012,10.0,1.0986122886681098,2.1972245773362196,light,brown,combination,brown,P460512,Tatcha,24.0
5,1.0,1.0,21.0,0.0,3.091042453358316,fair,hazel,oily,auburn,P460512,Tatcha,24.0
5,1.0,0.800000012,5.0,0.6931471805599453,1.6094379124341003,lightMedium,green,combination,brown,P460512,Tatcha,24.0
5,1.0,1.0,36.0,0.0,3.6109179126442243,rich,brown,oily,auburn,P460512,Tatcha,24.0
5,1.0,0.800000012,15.0,1.3862943611198906,2.5649493574615367,lightMedium,Grey,oily,red,P460512,Tatcha,24.0
5,1.0,1.0,7.0,0.0,2.0794415416798357,mediumTan,brown,normal,brown,P460512,Tatcha,24.0
5,1.0,0.875,16.0,1.0986122886681098,2.70805020110221,light,blue,normal,blonde,P460512,Tatcha,24.0
5,1.0,0.864865005,37.0,1.791759469228055,3.4965075614664802,fair,blue,combination,blonde,P460512,Tatcha,24.0
5,1.0,1.0,10.0,0.0,2.3978952727983707,fair,blue,oily,brown,P460512,Tatcha,24.0
1,0.0,0.791666985,24.0,1.791759469228055,2.995732273553991,light,hazel,oily,brown,P460512,Tatcha,24.0
5,1.0,0.600000024,5.0,1.0986122886681098,1.3862943611198906,light,brown,combination,brown,P460512,Tatcha,24.0
5,1.0,0.844443977,45.0,2.0794415416798357,3.6635616461296463,light,brown,dry,brown,P460512,Tatcha,24.0
5,1.0,1.0,5.0,0.0,1.791759469228055,lightMedium,hazel,dry,brown,P460512,Tatcha,24.0
3,1.0,0.888889015,9.0,0.6931471805599453,2.1972245773362196,fair,blue,combination,blonde,P460512,Tatcha,24.0
5,1.0,0.200000003,5.0,1.6094379124341003,0.6931471805599453,light,blue,normal,brown,P460512,Tatcha,24.0
5,1.0,0.75,4.0,0.6931471805599453,1.3862943611198906,fairLight,green,normal,black,P460512,Tatcha,24.0
3,1.0,0.363635987,11.0,2.0794415416798357,1.6094379124341003,lightMedium,brown,dry,blonde,P415701,Peter Thomas Roth,54.0
3,0.0,0.727272987,11.0,1.3862943611198906,2.1972245773362196,fair,hazel,dry,brown,P415701,Peter Thomas Roth,54.0
3,1.0,0.800000012,10.0,1.0986122886681098,2.1972245773362196,medium,brown,combination,black,P415701,Peter Thomas Roth,54.0
3,0.0,0.400000006,5.0,1.3862943611198906,1.0986122886681098,fair,brown,oily,brown,P415701,Peter Thomas Roth,54.0
5,1.0,0.785713971,14.0,1.3862943611198906,2.4849066497880004,mediumTan,brown,combination,black,P415701,Peter Thomas Roth,54.0
5,1.0,1.0,10.0,0.0,2.3978952727983707,fair,hazel,oily,brown,P415701,Peter Thomas Roth,54.0
4,1.0,0.833333015,6.0,0.6931471805599453,1.791759469228055,medium,brown,combination,black,P415701,Peter Thomas Roth,54.0
5,1.0,0.666666985,6.0,1.0986122886681098,1.6094379124341003,fair,green,combination,black,P415701,Peter Thomas Roth,54.0
5,1.0,1.0,5.0,0.0,1.791759469228055,light,brown,dry,brown,P415701,Peter Thomas Roth,54.0
5,1.0,0.800000012,5.0,0.6931471805599453,1.6094379124341003,light,blue,combination,brown,P415701,Peter Thomas Roth,54.0
5,1.0,1.0,16.0,0.0,2.833213344056216,light,brown,combination,black,P415701,Peter Thomas Roth,54.0
5,1.0,0.714286029,7.0,1.0986122886681098,1.791759469228055,light,brown,combination,black,P415701,Peter Thomas Roth,54.0
5,1.0,0.818181992,11.0,1.0986122886681098,2.302585092994046,light,brown,dry,black,P415701,Peter Thomas Roth,54.0
5,1.0,0.666666985,12.0,1.6094379124341003,2.1972245773362196,light,brown,dry,black,P415701,Peter Thomas Roth,54.0
5,1.0,0.333332986,9.0,1.9459101490553132,1.3862943611198906,light,brown,combination,black,P415701,Peter Thomas Roth,54.0
5,1.0,1.0,8.0,0.0,2.1972245773362196,light,brown,combination,black,P415701,Peter Thomas Roth,54.0
2,0.0,1.0,5.0,0.0,1.791759469228055,fair,blue,combination,blonde,P415237,First Aid Beauty,32.0
5,1.0,1.0,4.0,0.0,1.6094379124341003,fair,green,combination,red,P415237,First Aid Beauty,32.0
4,1.0,0.961538017,26.0,0.6931471805599453,3.258096538021482,light,blue,oily,blonde,P415237,First Aid Beauty,32.0
5,1.0,1.0,4.0,0.0,1.6094379124341003,fair,green,dry,brown,P415237,First Aid Beauty,32.0
5,1.0,1.0,4.0,0.0,1.6094379124341003,light,brown,combination,brown,P415237,First Aid Beauty,32.0
5,1.0,0.947368026,19.0,0.6931471805599453,2.9444389791664403,light,brown,combination,brown,P415237,First Aid Beauty,32.0
5,1.0,0.975000024,40.0,0.6931471805599453,3.6888794541139363,light,brown,combination,brown,P415237,First Aid Beauty,32.0
3,1.0,0.894737005,19.0,1.0986122886681098,2.8903717578961645,light,brown,combination,brown,P415237,First Aid Beauty,32.0
5,1.0,1.0,8.0,0.0,2.1972245773362196,medium,brown,combination,brown,P471237,fresh,46.0
1,0.0,0.833333015,6.0,0.6931471805599453,1.791759469228055,fair,brown,dry,brown,P471237,fresh,46.0
1,0.0,1.0,4.0,0.0,1.6094379124341003,lightMedium,brown,normal,black,P471237,fresh,46.0
1,0.0,0.75,4.0,0.6931471805599453,1.3862943611198906,lightMedium,brown,normal,brown,P471237,fresh,46.0
3,0.0,0.666666985,9.0,1.3862943611198906,1.9459101490553132,mediumTan,brown,combination,brown,P471237,fresh,46.0
5,1.0,1.0,9.0,0.0,2.302585092994046,medium,brown,combination,brown,P418346,Sunday Riley,85.0
5,1.0,1.0,13.0,0.0,2.6390573296152584,fair,blue,combination,blonde,P418346,Sunday Riley,85.0
5,1.0,1.0,9.0,0.0,2.302585092994046,fair,blue,combination,auburn,P418346,Sunday Riley,85.0
5,1.0,0.625,16.0,1.9459101490553132,2.3978952727983707,light,brown,combination,blonde,P418346,Sunday Riley,85.0
5,1.0,1.0,4.0,0.0,1.6094379124341003,lightMedium,hazel,dry,blonde,P418346,Sunday Riley,85.0
3,0.0,0.714286029,7.0,1.0986122886681098,1.791759469228055,light,green,combination,brown,P418346,Sunday Riley,85.0
2,0.0,1.0,7.0,0.0,2.0794415416798357,fair,blue,dry,blonde,P418346,Sunday Riley,85.0
4,1.0,1.0,10.0,0.0,2.3978952727983707,fair,green,combination,blonde,P418346,Sunday Riley,85.0
4,1.0,0.866666973,15.0,1.0986122886681098,2.6390573296152584,lightMedium,brown,combination,brown,P418346,Sunday Riley,85.0
5,1.0,1.0,5.0,0.0,1.791759469228055,light,green,combination,brown,P418346,Sunday Riley,85.0
1,0.0,0.200000003,5.0,1.6094379124341003,0.6931471805599453,light,brown,normal,brown,P418346,Sunday Riley,85.0
3,0.0,0.833333015,12.0,1.0986122886681098,2.3978952727983707,light,blue,combination,brown,P418346,Sunday Riley,85.0
5,1.0,0.875,8.0,0.6931471805599453,2.0794415416798357,lightMedium,hazel,combination,blonde,P418346,Sunday Riley,85.0
5,1.0,0.875,8.0,0.6931471805599453,2.0794415416798357,light,blue,normal,blonde,P418346,Sunday Riley,85.0
5,1.0,0.9375,16.0,0.6931471805599453,2.772588722239781,light,blue,dry,brown,P418346,Sunday Riley,85.0
1,0.0,0.285714,7.0,1.791759469228055,1.0986122886681098,fair,brown,dry,brown,P418346,Sunday Riley,85.0
5,1.0,0.916666985,84.0,2.0794415416798357,4.356708826689592,deep,brown,oily,black,P418346,Sunday Riley,85.0
5,1.0,0.666666985,6.0,1.0986122886681098,1.6094379124341003,deep,brown,combination,brown,P418346,Sunday Riley,85.0
5,1.0,1.0,18.0,0.0,2.9444389791664403,fair,green,normal,brown,P418346,Sunday Riley,85.0
1,1.0,0.809955001,113.72000000000116,3.7612001156935624,5.19295685089021,light,brown,dry,brown,P418346,Sunday Riley,85.0
5,1.0,0.846153975,13.0,1.0986122886681098,2.4849066497880004,fair,blue,combination,blonde,P448207,OLEHENRIKSEN,52.0
5,1.0,1.0,9.0,0.0,2.302585092994046,fair,blue,dry,brown,P448207,OLEHENRIKSEN,52.0
5,1.0,1.0,5.0,0.0,1.791759469228055,light,blue,dry,brown,P448207,OLEHENRIKSEN,52.0
3,0.0,0.400000006,5.0,1.3862943611198906,1.0986122886681098,medium,brown,combination,black,P448207,OLEHENRIKSEN,52.0
5,1.0,0.75,4.0,0.6931471805599453,1.3862943611198906,lightMedium,brown,combination,brown,P448207,OLEHENRIKSEN,52.0
1,0.0,0.75,16.0,1.6094379124341003,2.5649493574615367,mediumTan,brown,dry,brown,P448207,OLEHENRIKSEN,52.0
4,1.0,0.5,4.0,1.0986122886681098,1.0986122886681098,fair,brown,combination,blonde,P448207,OLEHENRIKSEN,52.0
5,1.0,1.0,4.0,0.0,1.6094379124341003,mediumTan,blue,combination,blonde,P397890,Origins,32.0
5,1.0,1.0,4.0,0.0,1.6094379124341003,lightMedium,green,normal,blonde,P397890,Origins,32.0
3,0.0,0.916666985,12.0,0.6931471805599453,2.4849066497880004,medium,brown,oily,brown,P397890,Origins,32.0
5,1.0,1.0,4.0,0.0,1.6094379124341003,fair,hazel,oily,red,P397890,Origins,32.0
5,1.0,0.75,4.0,0.6931471805599453,1.3862943611198906,fair,brown,combination,brown,P397890,Origins,32.0
5,1.0,0.898733974,79.0,2.1972245773362196,4.276666119016055,fair,brown,combination,brown,P397890,Origins,32.0
5,1.0,1.0,15.0,0.0,2.772588722239781,fair,brown,combination,brown,P397890,Origins,32.0
3,0.0,1.0,11.0,0.0,2.4849066497880004,lightMedium,brown,combination,brown,P405599,tarte,39.0
1,0.0,0.714286029,7.0,1.0986122886681098,1.791759469228055,light,brown,combination,brown,P405599,tarte,39.0
5,1.0,1.0,4.0,0.0,1.6094379124341003,mediumTan,brown,combination,brown,P405599,tarte,39.0
1,0.0,0.833333015,6.0,0.6931471805599453,1.791759469228055,lightMedium,brown,combination,brown,P405599,tarte,39.0
1,1.0,0.818181992,11.0,1.0986122886681098,2.302585092994046,light,brown,combination,brown,P405599,tarte,39.0
5,1.0,1.0,4.0,0.0,1.6094379124341003,light,brown,combination,brown,P405599,tarte,39.0
5,1.0,0.875,8.0,0.6931471805599453,2.0794415416798357,light,brown,combination,brown,P405599,tarte,39.0
5,1.0,0.888889015,18.0,1.0986122886681098,2.833213344056216,light,brown,combination,brown,P405599,tarte,39.0
5,1.0,1.0,5.0,0.0,1.791759469228055,light,brown,combination,brown,P405599,tarte,39.0
5,1.0,0.875,8.0,0.6931471805599453,2.0794415416798357,light,hazel,combination,blonde,P468351,CLINIQUE,82.0
5,1.0,0.571429014,7.0,1.3862943611198906,1.6094379124341003,fair,blue,combination,auburn,P468351,CLINIQUE,82.0
5,1.0,1.0,7.0,0.0,2.0794415416798357,light,green,dry,blonde,P468351,CLINIQUE,82.0
5,1.0,0.5,4.0,1.0986122886681098,1.0986122886681098,medium,brown,combination,brown,P468351,CLINIQUE,82.0
5,1.0,1.0,7.0,0.0,2.0794415416798357,mediumTan,brown,dry,black,P468351,CLINIQUE,82.0
5,1.0,1.0,5.0,0.0,1.791759469228055,fair,blue,oily,brown,P468351,CLINIQUE,82.0
5,1.0,0.666666985,6.0,1.0986122886681098,1.6094379124341003,lightMedium,brown,dry,brown,P468351,CLINIQUE,82.0
5,1.0,1.0,11.0,0.0,2.4849066497880004,fair,hazel,combination,brown,P426340,Tatcha,68.0
4,1.0,1.0,30.0,0.0,3.4339872044851463,light,hazel,combination,brown,P426340,Tatcha,68.0
4,1.0,0.888889015,9.0,0.6931471805599453,2.1972245773362196,rich,brown,oily,black,P426340,Tatcha,68.0
5,1.0,0.958333015,24.0,0.6931471805599453,3.1780538303479458,tan,brown,combination,brown,P426340,Tatcha,68.0
5,1.0,1.0,13.0,0.0,2.6390573296152584,lightMedium,blue,combination,blonde,P426340,Tatcha,68.0
5,1.0,1.0,17.0,0.0,2.8903717578961645,fairLight,hazel,combination,blonde,P426340,Tatcha,68.0
5,1.0,1.0,9.0,0.0,2.302585092994046,lightMedium,brown,combination,brown,P426340,Tatcha,68.0
2,0.0,0.083333299,24.0,3.1354942159291497,1.0986122886681098,fair,blue,combination,blonde,P426340,Tatcha,68.0
5,1.0,0.909090996,11.0,0.6931471805599453,2.3978952727983707,fair,green,combination,blonde,P426340,Tatcha,68.0
1,0.0,0.5,4.0,1.0986122886681098,1.0986122886681098,mediumTan,brown,combination,brown,P426340,Tatcha,68.0
5,1.0,0.949999988,20.0,0.6931471805599453,2.995732273553991,light,blue,normal,blonde,P426340,Tatcha,68.0
1,0.0,0.307691991,13.0,2.302585092994046,1.6094379124341003,porcelain,brown,dry,brunette,P426340,Tatcha,68.0
5,1.0,0.166666999,6.0,1.791759469228055,0.6931471805599453,fair,brown,combination,brown,P426340,Tatcha,68.0
3,1.0,0.538461983,13.0,1.9459101490553132,2.0794415416798357,fair,brown,combination,brown,P426340,Tatcha,68.0
4,1.0,0.880952001,42.0,1.791759469228055,3.6375861597263857,fair,brown,combination,brown,P426340,Tatcha,68.0
1,1.0,0.151515007,33.0,3.367295829986474,1.791759469228055,fair,brown,combination,brown,P426340,Tatcha,68.0
5,1.0,0.833333015,6.0,0.6931471805599453,1.791759469228055,fair,brown,combination,brown,P426340,Tatcha,68.0
5,1.0,0.75,4.0,0.6931471805599453,1.3862943611198906,fair,brown,combination,brown,P426340,Tatcha,68.0
5,1.0,1.0,5.0,0.0,1.791759469228055,fair,brown,combination,brown,P426340,Tatcha,68.0
3,1.0,0.600000024,5.0,1.0986122886681098,1.3862943611198906,fair,brown,combination,brown,P426340,Tatcha,68.0
5,1.0,1.0,6.0,0.0,1.9459101490553132,fair,brown,combination,brown,P426340,Tatcha,68.0
2,1.0,0.368420988,19.0,2.5649493574615367,2.0794415416798357,fair,brown,combination,brown,P426340,Tatcha,68.0
5,1.0,0.958333015,24.0,0.6931471805599453,3.1780538303479458,fair,brown,combination,brown,P426340,Tatcha,68.0
5,1.0,0.5,12.0,1.9459101490553132,1.9459101490553132,fair,brown,combination,brown,P426340,Tatcha,68.0
5,1.0,0.5,4.0,1.0986122886681098,1.0986122886681098,lightMedium,brown,combination,black,P476414,Sunday Riley,65.0
5,1.0,0.714286029,7.0,1.0986122886681098,1.791759469228055,mediumTan,brown,oily,black,P476414,Sunday Riley,65.0
1,0.0,0.523810029,21.0,2.3978952727983707,2.4849066497880004,medium,brown,combination,brown,P476414,Sunday Riley,65.0
3,0.0,0.538461983,13.0,1.9459101490553132,2.0794415416798357,lightMedium,green,combination,blonde,P476414,Sunday Riley,65.0
5,1.0,0.5,8.0,1.6094379124341003,1.6094379124341003,light,brown,oily,brown,P476414,Sunday Riley,65.0
5,1.0,0.777778029,9.0,1.0986122886681098,2.0794415416798357,light,brown,combination,blonde,P297517,Origins,20.0
4,1.0,1.0,5.0,0.0,1.791759469228055,fair,brown,combination,brown,P297517,Origins,20.0
4,1.0,1.0,4.0,0.0,1.6094379124341003,lightMedium,brown,oily,brown,P297517,Origins,20.0
1,0.0,0.5,6.0,1.3862943611198906,1.3862943611198906,lightMedium,hazel,combination,brown,P297517,Origins,20.0
3,0.0,1.0,10.0,0.0,2.3978952727983707,light,brown,combination,black,P297517,Origins,20.0
1,1.0,0.400000006,5.0,1.3862943611198906,1.0986122886681098,light,brown,combination,brown,P297517,Origins,20.0
4,1.0,0.709091008,55.0,2.833213344056216,3.6888794541139363,light,brown,combination,brown,P297517,Origins,20.0
5,1.0,0.75,4.0,0.6931471805599453,1.3862943611198906,light,brown,oily,brown,P297517,Origins,20.0
5,1.0,1.0,29.0,0.0,3.4011973816621555,light,brown,combination,brown,P297517,Origins,20.0
3,1.0,0.571429014,7.0,1.3862943611198906,1.6094379124341003,lightMedium,hazel,combination,brown,P440312,fresh,56.0
3,0.0,0.545454979,11.0,1.791759469228055,1.9459101490553132,light,blue,combination,brown,P440312,fresh,56.0
3,0.0,1.0,4.0,0.0,1.6094379124341003,medium,brown,combination,black,P440312,fresh,56.0
5,1.0,1.0,6.0,0.0,1.9459101490553132,lightMedium,green,normal,brown,P440312,fresh,56.0
5,1.0,1.0,4.0,0.0,1.6094379124341003,light,brown,dry,brown,P440312,fresh,56.0
3,0.0,0.228570998,35.0,3.332204510175204,2.1972245773362196,light,brown,dry,brown,P440312,fresh,56.0
5,1.0,1.0,4.0,0.0,1.6094379124341003,lightMedium,brown,combination,brown,P440312,fresh,56.0
5,1.0,1.0,5.0,0.0,1.791759469228055,light,brown,oily,brown,P440312,fresh,56.0
2,0.0,0.400000006,15.0,2.302585092994046,1.9459101490553132,light,brown,combination,black,P440312,fresh,56.0
3,0.0,1.0,8.0,0.0,2.1972245773362196,fairLight,brown,normal,brown,P440312,fresh,56.0
1,0.0,0.714286029,7.0,1.0986122886681098,1.791759469228055,light,brown,combination,black,P440312,fresh,56.0
1,0.0,1.0,10.0,0.0,2.3978952727983707,light,hazel,combination,brown,P440312,fresh,56.0
1,0.0,0.813952982,43.0,2.1972245773362196,3.58351893845611,mediumTan,brown,oily,blonde,P440312,fresh,56.0
5,1.0,0.642336011,113.72000000000116,3.912023005428146,4.48863636973214,fair,brown,dry,brown,P440312,fresh,56.0
3,0.0,0.857142985,14.0,1.0986122886681098,2.5649493574615367,fair,hazel,dry,brown,P12045,Caudalie,12.0
5,1.0,1.0,4.0,0.0,1.6094379124341003,medium,brown,combination,brown,P12045,Caudalie,12.0
5,1.0,1.0,5.0,0.0,1.791759469228055,deep,brown,combination,black,P12045,Caudalie,12.0
1,0.0,0.555555999,9.0,1.6094379124341003,1.791759469228055,deep,brown,dry,black,P12045,Caudalie,12.0
1,0.0,0.833333015,12.0,1.0986122886681098,2.3978952727983707,fairLight,green,combination,blonde,P12045,Caudalie,12.0
1,1.0,0.333332986,6.0,1.6094379124341003,1.0986122886681098,light,brown,combination,brown,P12045,Caudalie,12.0
1,1.0,0.200000003,5.0,1.6094379124341003,0.6931471805599453,light,brown,combination,brown,P12045,Caudalie,12.0
5,1.0,1.0,4.0,0.0,1.6094379124341003,light,brown,combination,brown,P12045,Caudalie,12.0
5,1.0,0.833333015,6.0,0.6931471805599453,1.791759469228055,light,brown,combination,brown,P12045,Caudalie,12.0
5,1.0,1.0,7.0,0.0,2.0794415416798357,mediumTan,brown,dry,black,P377561,Peter Thomas Roth,49.0
5,1.0,0.899999976,10.0,0.6931471805599453,2.302585092994046,lightMedium,blue,dry,brown,P377561,Peter Thomas Roth,49.0
5,1.0,1.0,4.0,0.0,1.6094379124341003,mediumTan,brown,normal,brown,P377561,Peter Thomas Roth,49.0
5,1.0,0.850000024,20.0,1.3862943611198906,2.8903717578961645,medium,brown,combination,black,P377561,Peter Thomas Roth,49.0
3,0.0,0.875,8.0,0.6931471805599453,2.0794415416798357,light,brown,normal,brown,P377561,Peter Thomas Roth,49.0
5,1.0,1.0,4.0,0.0,1.6094379124341003,light,brown,combination,brown,P377561,Peter Thomas Roth,49.0
5,1.0,0.800000012,5.0,0.6931471805599453,1.6094379124341003,tan,brown,combination,black,P377561,Peter Thomas Roth,49.0
5,1.0,1.0,6.0,0.0,1.9459101490553132,fair,brown,combination,brown,P377561,Peter Thomas Roth,49.0
5,1.0,1.0,4.0,0.0,1.6094379124341003,tan,brown,combination,brown,P377561,Peter Thomas Roth,49.0
5,1.0,0.857142985,7.0,0.6931471805599453,1.9459101490553132,fair,brown,combination,brown,P377561,Peter Thomas Roth,49.0
5,1.0,0.75,4.0,0.6931471805599453,1.3862943611198906,fair,brown,combination,brown,P377561,Peter Thomas Roth,49.0
5,1.0,0.833333015,6.0,0.6931471805599453,1.791759469228055,fair,brown,combination,brown,P377561,Peter Thomas Roth,49.0
5,1.0,0.928570986,14.0,0.6931471805599453,2.6390573296152584,fair,brown,combination,brown,P377561,Peter Thomas Roth,49.0
5,1.0,1.0,4.0,0.0,1.6094379124341003,fair,brown,combination,brown,P377561,Peter Thomas Roth,49.0
5,1.0,0.9375,16.0,0.6931471805599453,2.772588722239781,fair,brown,combination,brown,P377561,Peter Thomas Roth,49.0
4,1.0,0.857142985,7.0,0.6931471805599453,1.9459101490553132,fair,brown,combination,brown,P377561,Peter Thomas Roth,49.0
5,1.0,0.666666985,9.0,1.3862943611198906,1.9459101490553132,light,brown,combination,auburn,P450917,Peter Thomas Roth,16.0
3,0.0,0.809524,21.0,1.6094379124341003,2.8903717578961645,lightMedium,brown,combination,brown,P450917,Peter Thomas Roth,16.0
4,1.0,0.769231021,13.0,1.3862943611198906,2.3978952727983707,light,blue,combination,brown,P450917,Peter Thomas Roth,16.0
5,1.0,0.266667008,15.0,2.4849066497880004,1.6094379124341003,light,hazel,oily,brown,P450917,Peter Thomas Roth,16.0
1,0.0,0.842104971,57.0,2.302585092994046,3.8918202981106265,mediumTan,hazel,dry,brown,P450917,Peter Thomas Roth,16.0
1,0.0,0.610168993,59.0,3.1780538303479458,3.6109179126442243,fairLight,blue,normal,blonde,P450917,Peter Thomas Roth,16.0
5,1.0,0.800000012,5.0,0.6931471805599453,1.6094379124341003,fair,blue,combination,auburn,P450917,Peter Thomas Roth,16.0
5,1.0,1.0,14.0,0.0,2.70805020110221,lightMedium,green,combination,brown,P450917,Peter Thomas Roth,16.0
5,1.0,0.916666985,12.0,0.6931471805599453,2.4849066497880004,light,brown,combination,brown,P450917,Peter Thomas Roth,16.0
5,1.0,0.875,8.0,0.6931471805599453,2.0794415416798357,light,brown,combination,brown,P450917,Peter Thomas Roth,16.0
5,1.0,0.937008023,113.72000000000116,2.1972245773362196,4.787491742782046,light,brown,combination,brown,P450917,Peter Thomas Roth,16.0
5,1.0,0.75,4.0,0.6931471805599453,1.3862943611198906,light,brown,combination,brown,P450917,Peter Thomas Roth,16.0
5,1.0,1.0,4.0,0.0,1.6094379124341003,light,brown,combination,brown,P450917,Peter Thomas Roth,16.0
5,1.0,0.833333015,6.0,0.6931471805599453,1.791759469228055,light,brown,combination,brown,P450917,Peter Thomas Roth,16.0
5,1.0,1.0,4.0,0.0,1.6094379124341003,light,brown,combination,brown,P450917,Peter Thomas Roth,16.0
1,1.0,0.472727001,55.0,3.4011973816621555,3.295836866004329,light,brown,combination,brown,P450917,Peter Thomas Roth,16.0
5,1.0,0.666666985,12.0,1.6094379124341003,2.1972245773362196,light,brown,combination,brown,P424948,Sunday Riley,65.0
1,0.0,0.857142985,14.0,1.0986122886681098,2.5649493574615367,lightMedium,brown,combination,black,P424948,Sunday Riley,65.0
3,1.0,0.5,6.0,1.3862943611198906,1.3862943611198906,fair,green,dry,red,P424948,Sunday Riley,65.0
4,1.0,0.5,4.0,1.0986122886681098,1.0986122886681098,lightMedium,green,combination,brown,P424948,Sunday Riley,65.0
1,0.0,0.833333015,6.0,0.6931471805599453,1.791759469228055,light,brown,dry,brown,P424948,Sunday Riley,65.0
1,0.0,0.857142985,14.0,1.0986122886681098,2.5649493574615367,fair,green,combination,brown,P424948,Sunday Riley,65.0
3,0.0,0.875,8.0,0.6931471805599453,2.0794415416798357,lightMedium,hazel,oily,brown,P416816,OLEHENRIKSEN,35.0
5,1.0,0.400000006,5.0,1.3862943611198906,1.0986122886681098,lightMedium,brown,oily,brown,P416816,OLEHENRIKSEN,35.0
1,0.0,0.307691991,13.0,2.302585092994046,1.6094379124341003,mediumTan,brown,combination,brown,P416816,OLEHENRIKSEN,35.0
1,0.0,0.400000006,5.0,1.3862943611198906,1.0986122886681098,medium,brown,combination,black,P416816,OLEHENRIKSEN,35.0
1,0.0,0.0,6.0,1.9459101490553132,0.0,mediumTan,brown,normal,black,P416816,OLEHENRIKSEN,35.0
5,1.0,0.857142985,7.0,0.6931471805599453,1.9459101490553132,lightMedium,green,oily,blonde,P416816,OLEHENRIKSEN,35.0
2,0.0,0.8125,16.0,1.3862943611198906,2.6390573296152584,mediumTan,brown,combination,black,P416816,OLEHENRIKSEN,35.0
5,1.0,0.833333015,12.0,1.0986122886681098,2.3978952727983707,light,hazel,combination,blonde,P453253,MILK MAKEUP,38.0
5,1.0,1.0,5.0,0.0,1.791759469228055,light,green,dry,brown,P453253,MILK MAKEUP,38.0
3,1.0,0.0,5.0,1.791759469228055,0.0,lightMedium,brown,dry,brown,P453253,MILK MAKEUP,38.0
4,1.0,0.833333015,6.0,0.6931471805599453,1.791759469228055,mediumTan,brown,dry,brown,P453253,MILK MAKEUP,38.0
1,0.0,0.142857,21.0,2.9444389791664403,1.3862943611198906,light,brown,combination,blonde,P453253,MILK MAKEUP,38.0
5,1.0,0.857142985,7.0,0.6931471805599453,1.9459101490553132,mediumTan,brown,combination,brown,P453253,MILK MAKEUP,38.0
5,1.0,0.5,4.0,1.0986122886681098,1.0986122886681098,lightMedium,green,combination,black,P453253,MILK MAKEUP,38.0
5,1.0,1.0,5.0,0.0,1.791759469228055,medium,brown,combination,black,P411388,Youth To The People,48.0
5,1.0,0.666666985,6.0,1.0986122886681098,1.6094379124341003,fair,brown,combination,brown,P411388,Youth To The People,48.0
2,0.0,0.5,8.0,1.6094379124341003,1.6094379124341003,lightMedium,green,combination,black,P411388,Youth To The People,48.0
1,0.0,0.666666985,9.0,1.3862943611198906,1.9459101490553132,light,brown,combination,blonde,P411388,Youth To The People,48.0
3,0.0,0.25,4.0,1.3862943611198906,0.6931471805599453,deep,brown,normal,black,P411388,Youth To The People,48.0
3,0.0,0.666666985,6.0,1.0986122886681098,1.6094379124341003,mediumTan,brown,dry,black,P411388,Youth To The People,48.0
5,1.0,1.0,4.0,0.0,1.6094379124341003,light,brown,oily,black,P411388,Youth To The People,48.0
5,1.0,1.0,4.0,0.0,1.6094379124341003,fairLight,blue,combination,blonde,P411388,Youth To The People,48.0
1,0.0,0.375,8.0,1.791759469228055,1.3862943611198906,lightMedium,brown,combination,black,P411388,Youth To The People,48.0
3,1.0,0.25,4.0,1.3862943611198906,0.6931471805599453,lightMedium,brown,normal,brown,P411388,Youth To The People,48.0
1,0.0,0.800000012,5.0,0.6931471805599453,1.6094379124341003,lightMedium,blue,dry,blonde,P411388,Youth To The People,48.0
2,0.0,0.0,8.0,2.1972245773362196,0.0,fair,brown,dry,black,P411388,Youth To The People,48.0
3,0.0,1.0,12.0,0.0,2.5649493574615367,deep,brown,combination,black,P411388,Youth To The People,48.0
2,0.0,1.0,6.0,0.0,1.9459101490553132,mediumTan,brown,dry,black,P411388,Youth To The People,48.0
3,1.0,1.0,4.0,0.0,1.6094379124341003,lightMedium,brown,combination,brown,P411388,Youth To The People,48.0
4,1.0,0.92592603,27.0,1.0986122886681098,3.258096538021482,lightMedium,brown,combination,brown,P411388,Youth To The People,48.0
5,1.0,1.0,42.0,0.0,3.7612001156935624,lightMedium,brown,combination,brown,P411388,Youth To The People,48.0
5,1.0,1.0,4.0,0.0,1.6094379124341003,lightMedium,hazel,combination,black,P473267,CLINIQUE,71.0
2,1.0,0.166666999,6.0,1.791759469228055,0.6931471805599453,light,hazel,combination,brown,P473267,CLINIQUE,71.0
5,1.0,0.75999999,25.0,1.9459101490553132,2.995732273553991,lightMedium,green,combination,blonde,P422000,Kiehl's Since 1851,36.0
3,0.0,0.75,8.0,1.0986122886681098,1.9459101490553132,lightMedium,hazel,combination,blonde,P422000,Kiehl's Since 1851,36.0
5,1.0,0.5,4.0,1.0986122886681098,1.0986122886681098,fair,green,dry,brown,P422000,Kiehl's Since 1851,36.0
3,0.0,0.600000024,5.0,1.0986122886681098,1.3862943611198906,fairLight,blue,combination,blonde,P422000,Kiehl's Since 1851,36.0
4,1.0,0.941175997,17.0,0.6931471805599453,2.833213344056216,lightMedium,brown,combination,brown,P422000,Kiehl's Since 1851,36.0
5,1.0,1.0,19.0,0.0,2.995732273553991,light,brown,combination,brown,P422000,Kiehl's Since 1851,36.0
1,0.0,0.84375,64.0,2.3978952727983707,4.007333185232471,mediumTan,brown,normal,brown,P422000,Kiehl's Since 1851,36.0
5,1.0,1.0,10.0,0.0,2.3978952727983707,light,brown,combination,brown,P422000,Kiehl's Since 1851,36.0
5,1.0,0.807691991,26.0,1.791759469228055,3.091042453358316,lightMedium,brown,combination,brown,P422000,Kiehl's Since 1851,36.0
5,1.0,1.0,6.0,0.0,1.9459101490553132,light,blue,combination,brown,P422000,Kiehl's Since 1851,36.0
4,1.0,0.864865005,37.0,1.791759469228055,3.4965075614664802,tan,brown,combination,brown,P422000,Kiehl's Since 1851,36.0
2,0.0,0.855931997,113.72000000000116,2.8903717578961645,4.624972813284271,lightMedium,green,dry,brown,P422000,Kiehl's Since 1851,36.0
5,1.0,0.714286029,7.0,1.0986122886681098,1.791759469228055,lightMedium,brown,normal,brown,P392245,Drunk Elephant,68.0
5,1.0,0.833333015,6.0,0.6931471805599453,1.791759469228055,mediumTan,hazel,combination,brown,P392245,Drunk Elephant,68.0
1,0.0,1.0,8.0,0.0,2.1972245773362196,medium,brown,combination,black,P392245,Drunk Elephant,68.0
5,1.0,0.0,5.0,1.791759469228055,0.0,light,brown,combination,brown,P392245,Drunk Elephant,68.0
5,1.0,0.800000012,5.0,0.6931471805599453,1.6094379124341003,fair,green,combination,blonde,P392245,Drunk Elephant,68.0
5,1.0,1.0,8.0,0.0,2.1972245773362196,light,blue,dry,blonde,P392245,Drunk Elephant,68.0
1,0.0,0.800000012,15.0,1.3862943611198906,2.5649493574615367,mediumTan,brown,combination,brown,P392245,Drunk Elephant,68.0
1,0.0,0.800000012,5.0,0.6931471805599453,1.6094379124341003,lightMedium,brown,oily,brown,P392245,Drunk Elephant,68.0
5,1.0,0.75,4.0,0.6931471805599453,1.3862943611198906,lightMedium,brown,oily,brown,P392245,Drunk Elephant,68.0
1,0.0,0.25,4.0,1.3862943611198906,0.6931471805599453,light,brown,combination,brown,P392245,Drunk Elephant,68.0
5,1.0,1.0,4.0,0.0,1.6094379124341003,lightMedium,brown,oily,brown,P392245,Drunk Elephant,68.0
5,1.0,0.899999976,10.0,0.6931471805599453,2.302585092994046,fair,blue,combination,brown,P392245,Drunk Elephant,68.0
1,0.0,0.899999976,30.0,1.3862943611198906,3.332204510175204,light,brown,combination,brown,P392245,Drunk Elephant,68.0
1,0.0,0.5,48.0,3.2188758248682006,3.2188758248682006,fair,green,combination,red,P392245,Drunk Elephant,68.0
4,1.0,0.833333015,6.0,0.6931471805599453,1.791759469228055,light,brown,combination,brown,P392245,Drunk Elephant,68.0
5,1.0,0.923076987,13.0,0.6931471805599453,2.5649493574615367,light,brown,combination,brown,P392245,Drunk Elephant,68.0
5,1.0,0.777778029,9.0,1.0986122886681098,2.0794415416798357,light,brown,combination,brown,P392245,Drunk Elephant,68.0
5,1.0,0.956521988,23.0,0.6931471805599453,3.1354942159291497,light,brown,combination,brown,P392245,Drunk Elephant,68.0
5,1.0,1.0,18.0,0.0,2.9444389791664403,light,brown,combination,brown,P392245,Drunk Elephant,68.0
5,1.0,1.0,5.0,0.0,1.791759469228055,tan,brown,combination,brown,P440925,Origins,32.0
5,1.0,1.0,8.0,0.0,2.1972245773362196,fair,brown,combination,blonde,P440925,Origins,32.0
4,1.0,1.0,5.0,0.0,1.791759469228055,mediumTan,brown,combination,black,P440925,Origins,32.0
5,1.0,0.875,8.0,0.6931471805599453,2.0794415416798357,light,green,combination,blonde,P440925,Origins,32.0
1,0.0,0.899999976,10.0,0.6931471805599453,2.302585092994046,light,brown,combination,brown,P440925,Origins,32.0
1,0.0,0.619047999,21.0,2.1972245773362196,2.6390573296152584,fair,green,dry,blonde,P440925,Origins,32.0
3,1.0,0.714286029,7.0,1.0986122886681098,1.791759469228055,light,brown,combination,blonde,P440925,Origins,32.0
5,1.0,0.947368026,19.0,0.6931471805599453,2.9444389791664403,light,brown,combination,blonde,P440925,Origins,32.0
5,1.0,0.800000012,5.0,0.6931471805599453,1.6094379124341003,light,brown,combination,blonde,P440925,Origins,32.0
5,1.0,1.0,10.0,0.0,2.3978952727983707,light,brown,combination,blonde,P440925,Origins,32.0
5,1.0,0.200000003,5.0,1.6094379124341003,0.6931471805599453,light,brown,combination,blonde,P440925,Origins,32.0
5,1.0,1.0,5.0,0.0,1.791759469228055,fair,blue,combination,brown,P122774,CLINIQUE,37.0
5,1.0,1.0,9.0,0.0,2.302585092994046,lightMedium,blue,dry,blonde,P122774,CLINIQUE,37.0
1,1.0,0.0,4.0,1.6094379124341003,0.0,lightMedium,blue,combination,blonde,P122774,CLINIQUE,37.0
3,1.0,1.0,4.0,0.0,1.6094379124341003,lightMedium,blue,combination,blonde,P122774,CLINIQUE,37.0
5,1.0,1.0,13.0,0.0,2.6390573296152584,light,blue,dry,blonde,P122774,CLINIQUE,37.0
4,1.0,1.0,4.0,0.0,1.6094379124341003,lightMedium,blue,oily,blonde,P122774,CLINIQUE,37.0
5,1.0,0.375,8.0,1.791759469228055,1.3862943611198906,fair,blue,normal,blonde,P122774,CLINIQUE,37.0
4,1.0,0.8125,16.0,1.3862943611198906,2.6390573296152584,lightMedium,blue,combination,blonde,P122774,CLINIQUE,37.0
5,1.0,1.0,4.0,0.0,1.6094379124341003,lightMedium,brown,combination,brown,P386197,Origins,27.0
1,1.0,0.828571022,113.72000000000116,3.6109179126442243,5.1647859739235145,light,brown,combination,brown,P386197,Origins,27.0
5,1.0,0.956521988,23.0,0.6931471805599453,3.1354942159291497,light,brown,combination,brown,P386197,Origins,27.0
5,1.0,0.75,4.0,0.6931471805599453,1.3862943611198906,medium,brown,oily,black,P427415,The Ordinary,10.9
5,1.0,0.666666985,6.0,1.0986122886681098,1.6094379124341003,lightMedium,brown,combination,brown,P427415,The Ordinary,10.9
5,1.0,0.800000012,10.0,1.0986122886681098,2.1972245773362196,fair,hazel,combination,blonde,P427415,The Ordinary,10.9
5,1.0,0.833333015,6.0,0.6931471805599453,1.791759469228055,light,green,combination,blonde,P427415,The Ordinary,10.9
5,1.0,0.888889015,9.0,0.6931471805599453,2.1972245773362196,mediumTan,brown,normal,black,P427415,The Ordinary,10.9
5,1.0,0.833333015,12.0,1.0986122886681098,2.3978952727983707,lightMedium,brown,oily,brown,P427415,The Ordinary,10.9
4,1.0,0.714286029,7.0,1.0986122886681098,1.791759469228055,deep,brown,dry,black,P427415,The Ordinary,10.9
3,0.0,0.307691991,13.0,2.302585092994046,1.6094379124341003,fair,hazel,dry,blonde,P427415,The Ordinary,10.9
5,1.0,1.0,15.0,0.0,2.772588722239781,fair,blue,combination,brown,P427415,The Ordinary,10.9
5,1.0,0.888889015,9.0,0.6931471805599453,2.1972245773362196,fair,brown,combination,brown,P427415,The Ordinary,10.9
5,1.0,0.888889015,9.0,0.6931471805599453,2.1972245773362196,light,brown,combination,blonde,P427415,The Ordinary,10.9
4,1.0,0.923076987,13.0,0.6931471805599453,2.5649493574615367,lightMedium,brown,dry,brown,P427415,The Ordinary,10.9
4,1.0,0.846153975,13.0,1.0986122886681098,2.4849066497880004,fairLight,blue,oily,brown,P427415,The Ordinary,10.9
5,1.0,0.740741014,27.0,2.0794415416798357,3.044522437723423,fair,blue,combination,red,P427415,The Ordinary,10.9
5,1.0,1.0,6.0,0.0,1.9459101490553132,light,green,normal,blonde,P427415,The Ordinary,10.9
4,1.0,0.93333298,15.0,0.6931471805599453,2.70805020110221,fair,hazel,combination,brown,P427415,The Ordinary,10.9
4,1.0,0.384615004,13.0,2.1972245773362196,1.791759469228055,light,brown,dry,blonde,P427415,The Ordinary,10.9
5,1.0,0.944444001,18.0,0.6931471805599453,2.8903717578961645,light,blue,combination,blonde,P427415,The Ordinary,10.9
1,0.0,0.800000012,5.0,0.6931471805599453,1.6094379124341003,light,brown,dry,brown,P427415,The Ordinary,10.9
5,1.0,0.857142985,7.0,0.6931471805599453,1.9459101490553132,fair,blue,normal,blonde,P427415,The Ordinary,10.9
5,1.0,0.75,4.0,0.6931471805599453,1.3862943611198906,light,brown,oily,black,P427415,The Ordinary,10.9
1,0.0,0.600000024,15.0,1.9459101490553132,2.302585092994046,lightMedium,brown,dry,brown,P427415,The Ordinary,10.9
5,1.0,0.743589997,39.0,2.3978952727983707,3.4011973816621555,light,brown,combination,brown,P427415,The Ordinary,10.9
5,1.0,0.800000012,10.0,1.0986122886681098,2.1972245773362196,lightMedium,green,combination,brown,P174502,CLINIQUE,37.0
5,1.0,0.769231021,13.0,1.3862943611198906,2.3978952727983707,light,blue,combination,blonde,P174502,CLINIQUE,37.0
2,0.0,1.0,17.0,0.0,2.8903717578961645,lightMedium,brown,oily,brown,P174502,CLINIQUE,37.0
1,0.0,1.0,17.0,0.0,2.8903717578961645,light,brown,combination,brown,P174502,CLINIQUE,37.0
3,1.0,0.5,4.0,1.0986122886681098,1.0986122886681098,fair,brown,combination,brown,P174502,CLINIQUE,37.0
5,1.0,1.0,7.0,0.0,2.0794415416798357,fair,brown,combination,brown,P174502,CLINIQUE,37.0
4,1.0,0.600000024,5.0,1.0986122886681098,1.3862943611198906,fair,Grey,combination,brown,P439058,Tatcha,89.0
1,0.0,0.5,14.0,2.0794415416798357,2.0794415416798357,lightMedium,brown,normal,black,P439058,Tatcha,89.0
5,1.0,1.0,5.0,0.0,1.791759469228055,deep,brown,dry,brown,P439058,Tatcha,89.0
2,0.0,0.666666985,6.0,1.0986122886681098,1.6094379124341003,lightMedium,brown,combination,blonde,P439058,Tatcha,89.0
5,1.0,1.0,5.0,0.0,1.791759469228055,lightMedium,hazel,oily,brown,P439058,Tatcha,89.0
5,1.0,0.909090996,11.0,0.6931471805599453,2.3978952727983707,fairLight,hazel,normal,brown,P439058,Tatcha,89.0
5,1.0,0.875,80.0,2.3978952727983707,4.2626798770413155,fairLight,hazel,combination,brown,P439058,Tatcha,89.0
3,1.0,0.899999976,10.0,0.6931471805599453,2.302585092994046,fair,green,combination,black,P439058,Tatcha,89.0
5,1.0,0.928570986,14.0,0.6931471805599453,2.6390573296152584,light,brown,dry,brown,P439058,Tatcha,89.0
1,0.0,0.428570986,7.0,1.6094379124341003,1.3862943611198906,mediumTan,brown,normal,black,P439058,Tatcha,89.0
5,1.0,0.952381015,21.0,0.6931471805599453,3.044522437723423,fair,brown,dry,blonde,P439058,Tatcha,89.0
4,1.0,0.777778029,18.0,1.6094379124341003,2.70805020110221,light,hazel,combination,brown,P439058,Tatcha,89.0
5,1.0,0.25,4.0,1.3862943611198906,0.6931471805599453,medium,brown,combination,black,P439058,Tatcha,89.0
3,0.0,0.928570986,14.0,0.6931471805599453,2.6390573296152584,fairLight,brown,oily,auburn,P439058,Tatcha,89.0
5,1.0,0.666666985,9.0,1.3862943611198906,1.9459101490553132,lightMedium,brown,oily,black,P439058,Tatcha,89.0
1,0.0,0.882353008,34.0,1.6094379124341003,3.4339872044851463,mediumTan,brown,dry,black,P439058,Tatcha,89.0
4,1.0,0.942028999,69.0,1.6094379124341003,4.189654742026425,light,blue,normal,brown,P439058,Tatcha,89.0
5,1.0,0.096774198,31.0,3.367295829986474,1.3862943611198906,lightMedium,brown,combination,black,P439058,Tatcha,89.0
5,1.0,0.400000006,5.0,1.3862943611198906,1.0986122886681098,mediumTan,green,dry,brown,P439058,Tatcha,89.0
5,1.0,0.805555999,36.0,2.0794415416798357,3.4011973816621555,fair,blue,normal,blonde,P427420,The Ordinary,30.8
4,1.0,1.0,4.0,0.0,1.6094379124341003,lightMedium,brown,combination,blonde,P427420,The Ordinary,30.8
1,0.0,0.285714,7.0,1.791759469228055,1.0986122886681098,light,brown,combination,brown,P427420,The Ordinary,30.8
4,1.0,0.75,4.0,0.6931471805599453,1.3862943611198906,light,brown,oily,brown,P427420,The Ordinary,30.8
5,1.0,0.5,10.0,1.791759469228055,1.791759469228055,fair,brown,combination,brown,P427420,The Ordinary,30.8
5,1.0,1.0,6.0,0.0,1.9459101490553132,fair,blue,combination,blonde,P427420,The Ordinary,30.8
5,1.0,1.0,5.0,0.0,1.791759469228055,light,hazel,normal,blonde,P427420,The Ordinary,30.8
5,1.0,1.0,16.0,0.0,2.833213344056216,light,green,normal,blonde,P427420,The Ordinary,30.8
5,1.0,0.800000012,10.0,1.0986122886681098,2.1972245773362196,fair,brown,dry,blonde,P427420,The Ordinary,30.8
5,1.0,0.400000006,5.0,1.3862943611198906,1.0986122886681098,medium,brown,combination,brown,P427420,The Ordinary,30.8
5,1.0,0.176470995,17.0,2.70805020110221,1.3862943611198906,lightMedium,brown,combination,black,P427420,The Ordinary,30.8
3,0.0,0.78947401,19.0,1.6094379124341003,2.772588722239781,light,brown,combination,brown,P427420,The Ordinary,30.8
5,1.0,0.800000012,5.0,0.6931471805599453,1.6094379124341003,lightMedium,brown,combination,brown,P427420,The Ordinary,30.8
5,1.0,1.0,10.0,0.0,2.3978952727983707,lightMedium,brown,combination,brown,P427420,The Ordinary,30.8
3,1.0,0.375,24.0,2.772588722239781,2.302585092994046,light,brown,combination,brown,P427420,The Ordinary,30.8
5,1.0,0.818181992,11.0,1.0986122886681098,2.302585092994046,lightMedium,brown,dry,brown,P427420,The Ordinary,30.8
5,1.0,0.5,6.0,1.3862943611198906,1.3862943611198906,fair,brown,dry,brown,P427420,The Ordinary,30.8
2,0.0,0.800000012,5.0,0.6931471805599453,1.6094379124341003,lightMedium,brown,oily,brown,P427420,The Ordinary,30.8
1,0.0,0.8125,16.0,1.3862943611198906,2.6390573296152584,medium,brown,combination,black,P427420,The Ordinary,30.8
4,1.0,1.0,13.0,0.0,2.6390573296152584,light,blue,combination,brown,P427420,The Ordinary,30.8
5,1.0,1.0,6.0,0.0,1.9459101490553132,light,blue,normal,blonde,P427420,The Ordinary,30.8
2,0.0,0.571429014,35.0,2.772588722239781,3.044522437723423,fair,blue,normal,brown,P427420,The Ordinary,30.8
4,1.0,0.875,8.0,0.6931471805599453,2.0794415416798357,fairLight,hazel,dry,brown,P427420,The Ordinary,30.8
1,0.0,1.0,8.0,0.0,2.1972245773362196,lightMedium,brown,combination,brown,P427420,The Ordinary,30.8
5,1.0,1.0,9.0,0.0,2.302585092994046,fair,blue,combination,brown,P427420,The Ordinary,30.8
5,1.0,1.0,6.0,0.0,1.9459101490553132,mediumTan,hazel,combination,brown,P427420,The Ordinary,30.8
5,1.0,0.888889015,27.0,1.3862943611198906,3.2188758248682006,fair,blue,dry,brown,P427420,The Ordinary,30.8
1,0.0,0.600000024,5.0,1.0986122886681098,1.3862943611198906,fair,blue,normal,brown,P427420,The Ordinary,30.8
1,0.0,0.826086998,23.0,1.6094379124341003,2.995732273553991,light,brown,combination,brown,P427420,The Ordinary,30.8
5,1.0,0.823529005,17.0,1.3862943611198906,2.70805020110221,mediumTan,brown,combination,black,P427420,The Ordinary,30.8
4,1.0,0.0,5.0,1.791759469228055,0.0,lightMedium,green,combination,brown,P427420,The Ordinary,30.8
5,1.0,0.777778029,9.0,1.0986122886681098,2.0794415416798357,lightMedium,brown,normal,black,P39274,Peter Thomas Roth,39.0
5,1.0,1.0,12.0,0.0,2.5649493574615367,light,blue,combination,gray,P39274,Peter Thomas Roth,39.0
5,1.0,1.0,10.0,0.0,2.3978952727983707,deep,brown,oily,black,P39274,Peter Thomas Roth,39.0
1,1.0,0.800000012,5.0,0.6931471805599453,1.6094379124341003,light,brown,combination,black,P39274,Peter Thomas Roth,39.0
5,1.0,1.0,4.0,0.0,1.6094379124341003,light,brown,combination,black,P39274,Peter Thomas Roth,39.0
5,1.0,1.0,6.0,0.0,1.9459101490553132,light,brown,combination,black,P39274,Peter Thomas Roth,39.0
5,1.0,1.0,4.0,0.0,1.6094379124341003,lightMedium,brown,oily,black,P39274,Peter Thomas Roth,39.0
5,1.0,1.0,6.0,0.0,1.9459101490553132,mediumTan,brown,combination,black,P39274,Peter Thomas Roth,39.0
5,1.0,1.0,12.0,0.0,2.5649493574615367,medium,brown,normal,brown,P449599,Peter Thomas Roth,12.0
5,1.0,1.0,7.0,0.0,2.0794415416798357,fair,blue,normal,blonde,P449599,Peter Thomas Roth,12.0
5,1.0,1.0,8.0,0.0,2.1972245773362196,tan,brown,dry,brown,P449599,Peter Thomas Roth,12.0
5,1.0,1.0,5.0,0.0,1.791759469228055,fair,brown,combination,brown,P449599,Peter Thomas Roth,12.0
1,1.0,0.0,26.0,3.295836866004329,0.0,fair,brown,combination,brown,P449599,Peter Thomas Roth,12.0
3,1.0,1.0,5.0,0.0,1.791759469228055,fair,brown,oily,brown,P449599,Peter Thomas Roth,12.0
1,1.0,1.0,8.0,0.0,2.1972245773362196,fair,brown,combination,brown,P449599,Peter Thomas Roth,12.0
5,1.0,1.0,5.0,0.0,1.791759469228055,fair,brown,combination,brown,P449599,Peter Thomas Roth,12.0
5,1.0,1.0,6.0,0.0,1.9459101490553132,fair,brown,combination,brown,P449599,Peter Thomas Roth,12.0
5,1.0,0.954545021,22.0,0.6931471805599453,3.091042453358316,fair,brown,combination,brown,P449599,Peter Thomas Roth,12.0
5,1.0,1.0,6.0,0.0,1.9459101490553132,fair,brown,oily,brown,P449599,Peter Thomas Roth,12.0
1,1.0,0.800000012,5.0,0.6931471805599453,1.6094379124341003,mediumTan,brown,combination,brown,P449599,Peter Thomas Roth,12.0
5,1.0,0.600000024,5.0,1.0986122886681098,1.3862943611198906,fair,brown,combination,brown,P449599,Peter Thomas Roth,12.0
1,0.0,0.642857015,14.0,1.791759469228055,2.302585092994046,light,brown,combination,black,P400259,Drunk Elephant,78.0
1,0.0,0.5,4.0,1.0986122886681098,1.0986122886681098,light,blue,combination,brown,P400259,Drunk Elephant,78.0
1,0.0,1.0,8.0,0.0,2.1972245773362196,light,blue,dry,blonde,P400259,Drunk Elephant,78.0
1,0.0,0.863636017,22.0,1.3862943611198906,2.995732273553991,fair,blue,combination,blonde,P400259,Drunk Elephant,78.0
4,1.0,0.899999976,10.0,0.6931471805599453,2.302585092994046,tan,brown,normal,black,P400259,Drunk Elephant,78.0
4,1.0,0.166666999,6.0,1.791759469228055,0.6931471805599453,lightMedium,brown,combination,brown,P400259,Drunk Elephant,78.0
1,0.0,0.375,8.0,1.791759469228055,1.3862943611198906,lightMedium,brown,oily,brown,P400259,Drunk Elephant,78.0
4,1.0,1.0,4.0,0.0,1.6094379124341003,medium,brown,oily,black,P400259,Drunk Elephant,78.0
5,1.0,0.625,8.0,1.3862943611198906,1.791759469228055,lightMedium,brown,combination,brown,P379510,Lancôme,132.0
5,1.0,0.888889015,9.0,0.6931471805599453,2.1972245773362196,lightMedium,brown,normal,brown,P379510,Lancôme,132.0
1,0.0,0.813952982,113.72000000000116,3.2188758248682006,4.663439094112067,lightMedium,brown,normal,brown,P379510,Lancôme,132.0
5,1.0,0.857142985,14.0,1.0986122886681098,2.5649493574615367,light,brown,combination,black,P379510,Lancôme,132.0
3,0.0,0.649999976,20.0,2.0794415416798357,2.6390573296152584,lightMedium,brown,combination,black,P379510,Lancôme,132.0
4,1.0,0.5,6.0,1.3862943611198906,1.3862943611198906,lightMedium,brown,dry,brown,P379510,Lancôme,132.0
1,0.0,0.75,12.0,1.3862943611198906,2.302585092994046,mediumTan,brown,combination,black,P379510,Lancôme,132.0
5,1.0,0.93333298,15.0,0.6931471805599453,2.70805020110221,medium,brown,dry,black,P379510,Lancôme,132.0
5,1.0,0.833333015,6.0,0.6931471805599453,1.791759469228055,lightMedium,hazel,oily,brown,P379510,Lancôme,132.0
4,1.0,1.0,9.0,0.0,2.302585092994046,light,blue,combination,blonde,P379510,Lancôme,132.0
5,1.0,0.25,4.0,1.3862943611198906,0.6931471805599453,fair,brown,combination,brown,P379510,Lancôme,132.0
5,1.0,0.75,4.0,0.6931471805599453,1.3862943611198906,fair,brown,dry,brown,P379510,Lancôme,132.0
5,1.0,0.800000012,5.0,0.6931471805599453,1.6094379124341003,fair,brown,combination,brown,P379510,Lancôme,132.0
5,1.0,0.857142985,7.0,0.6931471805599453,1.9459101490553132,fair,brown,combination,brown,P379510,Lancôme,132.0
5,1.0,0.916666985,12.0,0.6931471805599453,2.4849066497880004,fair,brown,combination,brown,P379510,Lancôme,132.0
5,1.0,0.9375,16.0,0.6931471805599453,2.772588722239781,fair,brown,normal,brown,P379510,Lancôme,132.0
5,1.0,0.5,8.0,1.6094379124341003,1.6094379124341003,fair,brown,combination,brown,P379510,Lancôme,132.0
4,1.0,0.714286029,7.0,1.0986122886681098,1.791759469228055,fair,brown,combination,brown,P379510,Lancôme,132.0
3,1.0,0.600000024,15.0,1.9459101490553132,2.302585092994046,fair,brown,dry,brown,P379510,Lancôme,132.0
4,1.0,0.586206973,29.0,2.5649493574615367,2.8903717578961645,fair,brown,combination,brown,P379510,Lancôme,132.0
4,1.0,1.0,5.0,0.0,1.791759469228055,light,hazel,combination,blonde,P443840,The INKEY List,10.99
5,1.0,0.5,4.0,1.0986122886681098,1.0986122886681098,light,green,oily,blonde,P443840,The INKEY List,10.99
5,1.0,1.0,5.0,0.0,1.791759469228055,mediumTan,green,combination,black,P443840,The INKEY List,10.99
1,0.0,0.411765009,17.0,2.3978952727983707,2.0794415416798357,light,blue,normal,blonde,P443840,The INKEY List,10.99
4,1.0,0.636363983,11.0,1.6094379124341003,2.0794415416798357,deep,brown,combination,blonde,P443840,The INKEY List,10.99
5,1.0,1.0,10.0,0.0,2.3978952727983707,rich,brown,combination,black,P443840,The INKEY List,10.99
5,1.0,1.0,6.0,0.0,1.9459101490553132,light,green,combination,brown,P443840,The INKEY List,10.99
5,1.0,0.800000012,15.0,1.3862943611198906,2.5649493574615367,lightMedium,blue,normal,blonde,P443840,The INKEY List,10.99
4,1.0,0.833333015,6.0,0.6931471805599453,1.791759469228055,light,brown,dry,blonde,P443840,The INKEY List,10.99
4,1.0,0.857142985,7.0,0.6931471805599453,1.9459101490553132,mediumTan,brown,combination,brown,P443840,The INKEY List,10.99
5,1.0,0.666666985,6.0,1.0986122886681098,1.6094379124341003,mediumTan,hazel,oily,black,P443840,The INKEY List,10.99
1,0.0,0.25,4.0,1.3862943611198906,0.6931471805599453,fair,brown,dry,brown,P443840,The INKEY List,10.99
2,0.0,1.0,5.0,0.0,1.791759469228055,fair,blue,dry,blonde,P443840,The INKEY List,10.99
5,1.0,0.9375,16.0,0.6931471805599453,2.772588722239781,fairLight,blue,combination,blonde,P443840,The INKEY List,10.99
2,0.0,0.714286029,7.0,1.0986122886681098,1.791759469228055,mediumTan,brown,oily,brown,P443840,The INKEY List,10.99
5,1.0,0.909090996,11.0,0.6931471805599453,2.3978952727983707,light,green,combination,blonde,P54509,Lancôme,39.0
5,1.0,1.0,8.0,0.0,2.1972245773362196,lightMedium,brown,dry,brown,P54509,Lancôme,39.0
5,1.0,0.785713971,14.0,1.3862943611198906,2.4849066497880004,fairLight,blue,oily,blonde,P54509,Lancôme,39.0
2,0.0,0.400000006,5.0,1.3862943611198906,1.0986122886681098,fair,hazel,combination,brown,P54509,Lancôme,39.0
1,1.0,0.0,6.0,1.9459101490553132,0.0,lightMedium,brown,dry,brown,P54509,Lancôme,39.0
5,1.0,1.0,5.0,0.0,1.791759469228055,fairLight,brown,combination,auburn,P428250,Peace Out,19.0
5,1.0,1.0,5.0,0.0,1.791759469228055,fairLight,blue,normal,blonde,P428250,Peace Out,19.0
3,0.0,0.285714,7.0,1.791759469228055,1.0986122886681098,fair,hazel,combination,black,P428250,Peace Out,19.0
5,1.0,1.0,7.0,0.0,2.0794415416798357,light,brown,combination,brown,P428250,Peace Out,19.0
5,1.0,1.0,19.0,0.0,2.995732273553991,fair,brown,combination,black,P428250,Peace Out,19.0
5,1.0,1.0,6.0,0.0,1.9459101490553132,light,blue,combination,blonde,P428250,Peace Out,19.0
5,1.0,1.0,11.0,0.0,2.4849066497880004,light,brown,dry,brown,P428250,Peace Out,19.0
2,0.0,0.5,10.0,1.791759469228055,1.791759469228055,fairLight,blue,oily,blonde,P428250,Peace Out,19.0
5,1.0,0.928570986,14.0,0.6931471805599453,2.6390573296152584,lightMedium,brown,dry,brown,P428250,Peace Out,19.0
5,1.0,1.0,47.0,0.0,3.871201010907891,fair,green,oily,brown,P428250,Peace Out,19.0
2,1.0,0.190476,21.0,2.8903717578961645,1.6094379124341003,lightMedium,brown,combination,black,P428250,Peace Out,19.0
5,1.0,1.0,9.0,0.0,2.302585092994046,light,blue,oily,brown,P428250,Peace Out,19.0
3,1.0,0.78947401,19.0,1.6094379124341003,2.772588722239781,fair,blue,combination,blonde,P428250,Peace Out,19.0
1,0.0,0.25,4.0,1.3862943611198906,0.6931471805599453,lightMedium,blue,combination,blonde,P428250,Peace Out,19.0
4,1.0,1.0,4.0,0.0,1.6094379124341003,light,green,oily,brown,P428250,Peace Out,19.0
5,1.0,0.972221971,72.0,1.0986122886681098,4.2626798770413155,fair,blue,combination,brown,P428250,Peace Out,19.0
5,1.0,0.833333015,6.0,0.6931471805599453,1.791759469228055,light,hazel,combination,brown,P428250,Peace Out,19.0
5,1.0,0.90476203,21.0,1.0986122886681098,2.995732273553991,light,green,combination,blonde,P428250,Peace Out,19.0
1,0.0,0.875,8.0,0.6931471805599453,2.0794415416798357,fair,brown,combination,brown,P447780,Tatcha,62.0
5,1.0,0.184211001,38.0,3.4657359027997265,2.0794415416798357,lightMedium,brown,dry,brown,P447780,Tatcha,62.0
1,0.0,0.928570986,14.0,0.6931471805599453,2.6390573296152584,fair,brown,combination,brown,P447780,Tatcha,62.0
5,1.0,0.962962985,27.0,0.6931471805599453,3.295836866004329,fair,brown,normal,brown,P447780,Tatcha,62.0
5,1.0,0.777778029,9.0,1.0986122886681098,2.0794415416798357,fair,brown,combination,blonde,P447780,Tatcha,62.0
5,1.0,1.0,13.0,0.0,2.6390573296152584,light,brown,combination,brown,P447780,Tatcha,62.0
1,0.0,1.0,15.0,0.0,2.772588722239781,light,brown,normal,blonde,P447780,Tatcha,62.0
1,0.0,0.692308009,13.0,1.6094379124341003,2.302585092994046,lightMedium,brown,oily,blonde,P447780,Tatcha,62.0
3,1.0,0.899999976,10.0,0.6931471805599453,2.302585092994046,lightMedium,brown,dry,black,P447780,Tatcha,62.0
5,1.0,1.0,5.0,0.0,1.791759469228055,lightMedium,hazel,combination,brown,P447780,Tatcha,62.0
2,0.0,0.75,12.0,1.3862943611198906,2.302585092994046,lightMedium,brown,dry,brown,P447780,Tatcha,62.0
5,1.0,0.857142985,7.0,0.6931471805599453,1.9459101490553132,fairLight,blue,combination,red,P447780,Tatcha,62.0
4,1.0,0.909090996,22.0,1.0986122886681098,3.044522437723423,fair,brown,oily,auburn,P447780,Tatcha,62.0
4,1.0,0.888889015,9.0,0.6931471805599453,2.1972245773362196,fair,green,dry,blonde,P447780,Tatcha,62.0
5,1.0,0.666666985,9.0,1.3862943611198906,1.9459101490553132,lightMedium,brown,combination,brown,P447780,Tatcha,62.0
1,1.0,0.384615004,13.0,2.1972245773362196,1.791759469228055,lightMedium,green,combination,blonde,P230538,Evian,17.0
5,1.0,0.75,4.0,0.6931471805599453,1.3862943611198906,light,hazel,combination,blonde,P443833,The INKEY List,11.99
5,1.0,0.75,4.0,0.6931471805599453,1.3862943611198906,lightMedium,brown,combination,black,P443833,The INKEY List,11.99
3,1.0,0.333332986,12.0,2.1972245773362196,1.6094379124341003,mediumTan,brown,combination,black,P443833,The INKEY List,11.99
2,0.0,0.5,6.0,1.3862943611198906,1.3862943611198906,lightMedium,brown,combination,black,P443833,The INKEY List,11.99
4,1.0,0.75,4.0,0.6931471805599453,1.3862943611198906,fair,green,combination,brown,P443833,The INKEY List,11.99
5,1.0,0.25,4.0,1.3862943611198906,0.6931471805599453,medium,hazel,normal,brown,P443833,The INKEY List,11.99
1,0.0,0.800000012,5.0,0.6931471805599453,1.6094379124341003,deep,brown,oily,brown,P443833,The INKEY List,11.99
5,1.0,1.0,4.0,0.0,1.6094379124341003,lightMedium,brown,oily,brown,P443833,The INKEY List,11.99
5,1.0,0.800000012,5.0,0.6931471805599453,1.6094379124341003,tan,brown,combination,black,P443833,The INKEY List,11.99
5,1.0,0.75,8.0,1.0986122886681098,1.9459101490553132,fairLight,brown,combination,black,P443833,The INKEY List,11.99
5,1.0,1.0,7.0,0.0,2.0794415416798357,fair,green,normal,blonde,P443833,The INKEY List,11.99
5,1.0,0.25,8.0,1.9459101490553132,1.0986122886681098,light,green,oily,blonde,P443833,The INKEY List,11.99
5,1.0,0.777778029,27.0,1.9459101490553132,3.091042453358316,fair,hazel,dry,brown,P443833,The INKEY List,11.99
5,1.0,0.272727013,11.0,2.1972245773362196,1.3862943611198906,light,brown,oily,brown,P443833,The INKEY List,11.99
5,1.0,1.0,33.0,0.0,3.5263605246161616,fair,brown,dry,red,P443833,The INKEY List,11.99
5,1.0,1.0,7.0,0.0,2.0794415416798357,light,brown,combination,black,P443833,The INKEY List,11.99
5,1.0,0.857142985,7.0,0.6931471805599453,1.9459101490553132,fair,blue,dry,brown,P443833,The INKEY List,11.99
5,1.0,0.75,4.0,0.6931471805599453,1.3862943611198906,fair,brown,combination,black,P443833,The INKEY List,11.99
5,1.0,0.666666985,9.0,1.3862943611198906,1.9459101490553132,lightMedium,Grey,normal,brown,P443833,The INKEY List,11.99
5,1.0,0.581817985,55.0,3.1780538303479458,3.4965075614664802,mediumTan,brown,dry,brown,P443833,The INKEY List,11.99
4,1.0,0.458332986,24.0,2.6390573296152584,2.4849066497880004,lightMedium,brown,combination,brown,P429242,Shiseido,30.0
5,1.0,1.0,8.0,0.0,2.1972245773362196,light,green,combination,brown,P429242,Shiseido,30.0
5,1.0,0.5,10.0,1.791759469228055,1.791759469228055,lightMedium,brown,combination,brown,P429242,Shiseido,30.0
5,1.0,0.928570986,14.0,0.6931471805599453,2.6390573296152584,deep,brown,oily,black,P429242,Shiseido,30.0
5,1.0,0.807691991,26.0,1.791759469228055,3.091042453358316,light,brown,combination,black,P429242,Shiseido,30.0
4,1.0,0.9375,16.0,0.6931471805599453,2.772588722239781,fairLight,hazel,oily,auburn,P114902,Peter Thomas Roth,48.0
5,1.0,0.800000012,5.0,0.6931471805599453,1.6094379124341003,tan,brown,dry,brown,P114902,Peter Thomas Roth,48.0
3,1.0,0.375,24.0,2.772588722239781,2.302585092994046,tan,brown,combination,brown,P114902,Peter Thomas Roth,48.0
3,0.0,1.0,7.0,0.0,2.0794415416798357,lightMedium,hazel,combination,brown,P114902,Peter Thomas Roth,48.0
5,1.0,1.0,5.0,0.0,1.791759469228055,medium,brown,oily,brown,P114902,Peter Thomas Roth,48.0
3,1.0,1.0,6.0,0.0,1.9459101490553132,fair,brown,combination,brown,P114902,Peter Thomas Roth,48.0
5,1.0,1.0,11.0,0.0,2.4849066497880004,fair,brown,combination,brown,P114902,Peter Thomas Roth,48.0
5,1.0,1.0,7.0,0.0,2.0794415416798357,fair,brown,combination,brown,P114902,Peter Thomas Roth,48.0
4,1.0,1.0,4.0,0.0,1.6094379124341003,fair,brown,combination,brown,P114902,Peter Thomas Roth,48.0
5,1.0,0.800000012,5.0,0.6931471805599453,1.6094379124341003,fair,brown,oily,brown,P114902,Peter Thomas Roth,48.0
1,1.0,0.0,6.0,1.9459101490553132,0.0,lightMedium,brown,combination,brown,P114902,Peter Thomas Roth,48.0
4,1.0,0.899999976,10.0,0.6931471805599453,2.302585092994046,fair,brown,combination,brown,P114902,Peter Thomas Roth,48.0
5,1.0,0.800000012,5.0,0.6931471805599453,1.6094379124341003,light,brown,dry,black,P442566,Drunk Elephant,36.0
1,0.0,0.25,4.0,1.3862943611198906,0.6931471805599453,light,green,combination,blonde,P442566,Drunk Elephant,36.0
3,1.0,0.75,4.0,0.6931471805599453,1.3862943611198906,light,brown,oily,brown,P442566,Drunk Elephant,36.0
3,0.0,1.0,6.0,0.0,1.9459101490553132,medium,brown,combination,black,P442566,Drunk Elephant,36.0
5,1.0,1.0,5.0,0.0,1.791759469228055,light,green,combination,blonde,P442566,Drunk Elephant,36.0
3,0.0,0.0,7.0,2.0794415416798357,0.0,fair,blue,normal,brown,P442566,Drunk Elephant,36.0
2,0.0,0.888889015,9.0,0.6931471805599453,2.1972245773362196,mediumTan,brown,dry,brown,P442566,Drunk Elephant,36.0
4,1.0,1.0,11.0,0.0,2.4849066497880004,lightMedium,brown,combination,brown,P442566,Drunk Elephant,36.0
5,1.0,1.0,4.0,0.0,1.6094379124341003,fair,blue,normal,brown,P442566,Drunk Elephant,36.0
2,0.0,0.75,4.0,0.6931471805599453,1.3862943611198906,medium,brown,combination,brown,P442566,Drunk Elephant,36.0
2,0.0,0.833333015,12.0,1.0986122886681098,2.3978952727983707,deep,brown,combination,black,P442566,Drunk Elephant,36.0
5,1.0,0.986110985,72.0,0.6931471805599453,4.276666119016055,lightMedium,brown,oily,black,P431848,OLEHENRIKSEN,41.0
5,1.0,0.833333015,6.0,0.6931471805599453,1.791759469228055,light,brown,dry,brown,P431848,OLEHENRIKSEN,41.0
5,1.0,1.0,4.0,0.0,1.6094379124341003,fairLight,blue,combination,red,P431848,OLEHENRIKSEN,41.0
5,1.0,1.0,4.0,0.0,1.6094379124341003,lightMedium,brown,dry,brown,P431848,OLEHENRIKSEN,41.0
5,1.0,1.0,4.0,0.0,1.6094379124341003,fair,Grey,normal,auburn,P431848,OLEHENRIKSEN,41.0
5,1.0,0.461537987,13.0,2.0794415416798357,1.9459101490553132,fair,green,combination,brown,P431848,OLEHENRIKSEN,41.0
3,0.0,0.5,10.0,1.791759469228055,1.791759469228055,fair,brown,combination,brown,P453825,Lancôme,54.0
5,1.0,1.0,4.0,0.0,1.6094379124341003,light,green,normal,brown,P453825,Lancôme,54.0
5,1.0,0.857142985,7.0,0.6931471805599453,1.9459101490553132,mediumTan,brown,normal,brown,P402718,Sunday Riley,72.0
5,1.0,0.958333015,24.0,0.6931471805599453,3.1780538303479458,light,hazel,combination,brown,P402718,Sunday Riley,72.0
1,0.0,0.9375,32.0,1.0986122886681098,3.4339872044851463,light,hazel,combination,brown,P402718,Sunday Riley,72.0
4,1.0,0.916666985,12.0,0.6931471805599453,2.4849066497880004,light,hazel,combination,brown,P402718,Sunday Riley,72.0
5,1.0,1.0,4.0,0.0,1.6094379124341003,light,brown,combination,brown,P402718,Sunday Riley,72.0
5,1.0,0.800000012,5.0,0.6931471805599453,1.6094379124341003,light,brown,combination,brown,P402718,Sunday Riley,72.0
5,1.0,0.947368026,19.0,0.6931471805599453,2.9444389791664403,light,brown,combination,brown,P402718,Sunday Riley,72.0
5,1.0,0.888889015,9.0,0.6931471805599453,2.1972245773362196,light,brown,combination,brown,P402718,Sunday Riley,72.0
5,1.0,0.916666985,12.0,0.6931471805599453,2.4849066497880004,light,brown,combination,brown,P402718,Sunday Riley,72.0
4,1.0,0.952381015,21.0,0.6931471805599453,3.044522437723423,light,brown,oily,brown,P402718,Sunday Riley,72.0
5,1.0,0.25,4.0,1.3862943611198906,0.6931471805599453,light,brown,combination,brown,P402718,Sunday Riley,72.0
5,1.0,0.857142985,7.0,0.6931471805599453,1.9459101490553132,light,brown,combination,brown,P402718,Sunday Riley,72.0
3,1.0,0.93333298,15.0,0.6931471805599453,2.70805020110221,light,brown,combination,brown,P402718,Sunday Riley,72.0
5,1.0,0.800000012,10.0,1.0986122886681098,2.1972245773362196,light,brown,dry,brown,P402718,Sunday Riley,72.0
5,1.0,0.75,4.0,0.6931471805599453,1.3862943611198906,light,brown,dry,brown,P402718,Sunday Riley,72.0
5,1.0,1.0,7.0,0.0,2.0794415416798357,light,blue,dry,black,P447592,Dr. Dennis Gross Skincare,68.0
5,1.0,0.92592603,27.0,1.0986122886681098,3.258096538021482,lightMedium,hazel,combination,brown,P447592,Dr. Dennis Gross Skincare,68.0
5,1.0,1.0,9.0,0.0,2.302585092994046,lightMedium,hazel,normal,auburn,P447592,Dr. Dennis Gross Skincare,68.0
5,1.0,0.714286029,7.0,1.0986122886681098,1.791759469228055,medium,brown,dry,brown,P442594,SEPHORA COLLECTION,20.0
2,0.0,1.0,4.0,0.0,1.6094379124341003,fair,brown,combination,blonde,P442594,SEPHORA COLLECTION,20.0
5,1.0,1.0,8.0,0.0,2.1972245773362196,lightMedium,green,normal,brown,P442594,SEPHORA COLLECTION,20.0
5,1.0,0.800000012,5.0,0.6931471805599453,1.6094379124341003,light,brown,combination,brown,P442594,SEPHORA COLLECTION,20.0
5,1.0,0.666666985,6.0,1.0986122886681098,1.6094379124341003,mediumTan,brown,oily,black,P442594,SEPHORA COLLECTION,20.0
1,0.0,0.642857015,14.0,1.791759469228055,2.302585092994046,tan,brown,dry,black,P442594,SEPHORA COLLECTION,20.0
3,0.0,0.666666985,9.0,1.3862943611198906,1.9459101490553132,light,hazel,normal,blonde,P442594,SEPHORA COLLECTION,20.0
5,1.0,0.833333015,6.0,0.6931471805599453,1.791759469228055,light,blue,normal,blonde,P442594,SEPHORA COLLECTION,20.0
4,1.0,0.800000012,5.0,0.6931471805599453,1.6094379124341003,light,brown,combination,brown,P442594,SEPHORA COLLECTION,20.0
3,0.0,1.0,18.0,0.0,2.9444389791664403,fair,green,combination,blonde,P442594,SEPHORA COLLECTION,20.0
2,0.0,1.0,8.0,0.0,2.1972245773362196,light,blue,combination,blonde,P442594,SEPHORA COLLECTION,20.0
4,1.0,1.0,5.0,0.0,1.791759469228055,light,brown,oily,brown,P442594,SEPHORA COLLECTION,20.0
5,1.0,1.0,4.0,0.0,1.6094379124341003,fair,blue,oily,brown,P442594,SEPHORA COLLECTION,20.0
5,1.0,0.5,16.0,2.1972245773362196,2.1972245773362196,rich,brown,combination,black,P442594,SEPHORA COLLECTION,20.0
3,1.0,1.0,17.0,0.0,2.8903717578961645,light,green,normal,blonde,P442594,SEPHORA COLLECTION,20.0
1,0.0,0.8125,16.0,1.3862943611198906,2.6390573296152584,lightMedium,green,oily,brown,P442594,SEPHORA COLLECTION,20.0
5,1.0,1.0,5.0,0.0,1.791759469228055,fair,brown,dry,black,P442594,SEPHORA COLLECTION,20.0
5,1.0,0.625,8.0,1.3862943611198906,1.791759469228055,light,green,combination,blonde,P442594,SEPHORA COLLECTION,20.0
1,0.0,0.625,8.0,1.3862943611198906,1.791759469228055,fair,blue,normal,brown,P429515,Drunk Elephant,64.0
1,0.0,0.814814985,27.0,1.791759469228055,3.1354942159291497,lightMedium,hazel,combination,brown,P429515,Drunk Elephant,64.0
5,1.0,1.0,5.0,0.0,1.791759469228055,fair,blue,normal,red,P429515,Drunk Elephant,64.0
5,1.0,0.0238095,42.0,3.7376696182833684,0.6931471805599453,fair,brown,normal,black,P429515,Drunk Elephant,64.0
1,0.0,0.857142985,7.0,0.6931471805599453,1.9459101490553132,light,brown,combination,brown,P429515,Drunk Elephant,64.0
1,0.0,0.75,12.0,1.3862943611198906,2.302585092994046,lightMedium,blue,combination,brown,P429515,Drunk Elephant,64.0
4,1.0,1.0,7.0,0.0,2.0794415416798357,light,hazel,normal,brown,P429515,Drunk Elephant,64.0
4,0.0,0.5,6.0,1.3862943611198906,1.3862943611198906,light,brown,combination,brown,P429515,Drunk Elephant,64.0
2,0.0,1.0,11.0,0.0,2.4849066497880004,light,brown,dry,blonde,P429515,Drunk Elephant,64.0
1,0.0,0.75,8.0,1.0986122886681098,1.9459101490553132,fair,brown,combination,brown,P429515,Drunk Elephant,64.0
3,0.0,1.0,5.0,0.0,1.791759469228055,mediumTan,brown,oily,black,P429515,Drunk Elephant,64.0
4,1.0,0.727272987,11.0,1.3862943611198906,2.1972245773362196,lightMedium,brown,combination,brown,P429515,Drunk Elephant,64.0
4,1.0,0.75,4.0,0.6931471805599453,1.3862943611198906,tan,brown,dry,brown,P429515,Drunk Elephant,64.0
5,1.0,1.0,14.0,0.0,2.70805020110221,light,brown,oily,brown,P429515,Drunk Elephant,64.0
4,1.0,0.714286029,7.0,1.0986122886681098,1.791759469228055,light,brown,dry,brown,P429515,Drunk Elephant,64.0
5,1.0,0.826923013,52.0,2.302585092994046,3.784189633918261,fair,hazel,combination,brown,P429515,Drunk Elephant,64.0
5,1.0,1.0,11.0,0.0,2.4849066497880004,light,green,dry,auburn,P416563,Biossance,74.0
5,1.0,1.0,5.0,0.0,1.791759469228055,mediumTan,brown,oily,brown,P416563,Biossance,74.0
3,1.0,0.666666985,6.0,1.0986122886681098,1.6094379124341003,light,hazel,combination,brunette,P416563,Biossance,74.0
5,1.0,0.75,4.0,0.6931471805599453,1.3862943611198906,light,brown,combination,black,P416563,Biossance,74.0
3,0.0,0.166666999,24.0,3.044522437723423,1.6094379124341003,light,blue,combination,brunette,P416563,Biossance,74.0
5,1.0,1.0,6.0,0.0,1.9459101490553132,light,brown,normal,blonde,P416563,Biossance,74.0
5,1.0,1.0,6.0,0.0,1.9459101490553132,olive,brown,dry,black,P416563,Biossance,74.0
5,1.0,0.857142985,7.0,0.6931471805599453,1.9459101490553132,light,blue,dry,blonde,P416563,Biossance,74.0
3,0.0,0.6875,16.0,1.791759469228055,2.4849066497880004,deep,brown,normal,black,P416563,Biossance,74.0
5,1.0,0.916666985,12.0,0.6931471805599453,2.4849066497880004,tan,brown,combination,black,P416563,Biossance,74.0
5,1.0,1.0,5.0,0.0,1.791759469228055,medium,brown,dry,blonde,P416563,Biossance,74.0
4,1.0,0.9375,16.0,0.6931471805599453,2.772588722239781,medium,hazel,combination,gray,P416563,Biossance,74.0
5,1.0,1.0,6.0,0.0,1.9459101490553132,tan,brown,normal,brunette,P416563,Biossance,74.0
5,1.0,1.0,4.0,0.0,1.6094379124341003,medium,brown,combination,black,P416563,Biossance,74.0
4,1.0,0.703704,27.0,2.1972245773362196,2.995732273553991,light,green,dry,brunette,P416563,Biossance,74.0
5,1.0,0.5,4.0,1.0986122886681098,1.0986122886681098,olive,green,dry,brunette,P416563,Biossance,74.0
2,0.0,0.666666985,12.0,1.6094379124341003,2.1972245773362196,fair,hazel,dry,blonde,P416563,Biossance,74.0
5,1.0,1.0,4.0,0.0,1.6094379124341003,medium,brown,oily,black,P416563,Biossance,74.0
5,1.0,0.909090996,11.0,0.6931471805599453,2.3978952727983707,porcelain,hazel,combination,brunette,P416563,Biossance,74.0
1,0.0,0.777778029,9.0,1.0986122886681098,2.0794415416798357,light,green,combination,brunette,P416563,Biossance,74.0
5,1.0,0.92592603,27.0,1.0986122886681098,3.258096538021482,tan,brown,dry,black,P416563,Biossance,74.0
5,1.0,0.666666985,6.0,1.0986122886681098,1.6094379124341003,fairLight,brown,dry,red,P416563,Biossance,74.0
5,1.0,0.892857015,56.0,1.9459101490553132,3.9318256327243257,light,brown,combination,blonde,P416563,Biossance,74.0
5,1.0,0.878787994,33.0,1.6094379124341003,3.4011973816621555,light,brown,combination,blonde,P416563,Biossance,74.0
5,1.0,0.444444001,9.0,1.791759469228055,1.6094379124341003,light,blue,normal,brown,P473322,OLEHENRIKSEN,60.0
1,0.0,0.666666985,15.0,1.791759469228055,2.3978952727983707,mediumTan,brown,oily,brown,P473322,OLEHENRIKSEN,60.0
5,1.0,0.833333015,6.0,0.6931471805599453,1.791759469228055,lightMedium,brown,dry,brown,P473322,OLEHENRIKSEN,60.0
4,1.0,0.857142985,7.0,0.6931471805599453,1.9459101490553132,deep,brown,oily,brown,P473322,OLEHENRIKSEN,60.0
4,1.0,0.5,4.0,1.0986122886681098,1.0986122886681098,fair,blue,combination,brown,P473322,OLEHENRIKSEN,60.0
1,0.0,0.666666985,6.0,1.0986122886681098,1.6094379124341003,mediumTan,brown,combination,black,P473322,OLEHENRIKSEN,60.0
3,0.0,0.25,4.0,1.3862943611198906,0.6931471805599453,light,green,combination,brown,P473322,OLEHENRIKSEN,60.0
5,1.0,1.0,17.0,0.0,2.8903717578961645,light,brown,oily,red,P415619,Dior,130.0
5,1.0,0.909090996,11.0,0.6931471805599453,2.3978952727983707,fair,blue,combination,blonde,P415619,Dior,130.0
5,1.0,0.6875,16.0,1.791759469228055,2.4849066497880004,fair,brown,normal,blonde,P415619,Dior,130.0
5,1.0,0.75,4.0,0.6931471805599453,1.3862943611198906,lightMedium,brown,combination,black,P415619,Dior,130.0
3,1.0,0.0,4.0,1.6094379124341003,0.0,lightMedium,blue,combination,auburn,P415619,Dior,130.0
1,0.0,0.931818008,44.0,1.3862943611198906,3.7376696182833684,light,hazel,normal,brown,P415619,Dior,130.0
5,1.0,1.0,10.0,0.0,2.3978952727983707,fair,brown,dry,blonde,P415619,Dior,130.0
1,0.0,0.692308009,13.0,1.6094379124341003,2.302585092994046,fair,brown,oily,brown,P415619,Dior,130.0
5,1.0,0.923076987,13.0,0.6931471805599453,2.5649493574615367,light,brown,dry,brown,P415619,Dior,130.0
3,0.0,0.5,4.0,1.0986122886681098,1.0986122886681098,light,brown,oily,black,P456392,innisfree,16.0
5,1.0,1.0,4.0,0.0,1.6094379124341003,lightMedium,brown,combination,brown,P456392,innisfree,16.0
5,1.0,0.846153975,13.0,1.0986122886681098,2.4849066497880004,lightMedium,brown,combination,brown,P456392,innisfree,16.0
5,1.0,1.0,5.0,0.0,1.791759469228055,deep,brown,normal,black,P456392,innisfree,16.0
5,1.0,1.0,6.0,0.0,1.9459101490553132,medium,brown,dry,black,P456392,innisfree,16.0
5,1.0,0.5,4.0,1.0986122886681098,1.0986122886681098,lightMedium,brown,combination,brown,P456392,innisfree,16.0
5,1.0,0.666666985,6.0,1.0986122886681098,1.6094379124341003,fairLight,brown,combination,red,P456392,innisfree,16.0
5,1.0,0.923076987,13.0,0.6931471805599453,2.5649493574615367,fair,brown,combination,brown,P456392,innisfree,16.0
4,1.0,0.818181992,11.0,1.0986122886681098,2.302585092994046,fair,blue,combination,blonde,P456392,innisfree,16.0
5,1.0,0.75,4.0,0.6931471805599453,1.3862943611198906,light,hazel,combination,brown,P456392,innisfree,16.0
4,1.0,0.9375,16.0,0.6931471805599453,2.772588722239781,deep,brown,oily,brown,P456392,innisfree,16.0
2,0.0,1.0,6.0,0.0,1.9459101490553132,lightMedium,blue,combination,brown,P456392,innisfree,16.0
5,1.0,0.965516984,58.0,1.0986122886681098,4.04305126783455,tan,brown,oily,black,P456392,innisfree,16.0
5,1.0,1.0,9.0,0.0,2.302585092994046,tan,brown,normal,brown,P456392,innisfree,16.0
3,1.0,0.586206973,29.0,2.5649493574615367,2.8903717578961645,light,green,combination,blonde,P479327,Glow Recipe,39.0
3,0.0,0.833333015,6.0,0.6931471805599453,1.791759469228055,lightMedium,brown,oily,brown,P479327,Glow Recipe,39.0
1,0.0,1.0,8.0,0.0,2.1972245773362196,tan,brown,dry,brown,P479327,Glow Recipe,39.0
5,1.0,1.0,6.0,0.0,1.9459101490553132,light,brown,combination,brown,P479327,Glow Recipe,39.0
5,1.0,0.818181992,11.0,1.0986122886681098,2.302585092994046,mediumTan,hazel,dry,brown,P479327,Glow Recipe,39.0
5,1.0,0.909090996,11.0,0.6931471805599453,2.3978952727983707,light,brown,oily,black,P500472,Glow Recipe,21.0
1,0.0,1.0,6.0,0.0,1.9459101490553132,fair,hazel,combination,red,P500472,Glow Recipe,21.0
2,0.0,0.333332986,9.0,1.9459101490553132,1.3862943611198906,medium,brown,dry,black,P500472,Glow Recipe,21.0
3,0.0,0.636363983,11.0,1.6094379124341003,2.0794415416798357,tan,brown,normal,brown,P500472,Glow Recipe,21.0
1,0.0,0.708333015,24.0,2.0794415416798357,2.8903717578961645,light,blue,combination,blonde,P500472,Glow Recipe,21.0
5,1.0,0.800000012,10.0,1.0986122886681098,2.1972245773362196,lightMedium,brown,normal,brown,P500472,Glow Recipe,21.0
5,1.0,1.0,5.0,0.0,1.791759469228055,fair,brown,combination,black,P500472,Glow Recipe,21.0
3,0.0,0.471154004,104.0,4.02535169073515,3.912023005428146,lightMedium,hazel,combination,brown,P500472,Glow Recipe,21.0
5,1.0,1.0,8.0,0.0,2.1972245773362196,fair,green,combination,brown,P416815,OLEHENRIKSEN,33.0
3,0.0,1.0,5.0,0.0,1.791759469228055,lightMedium,brown,oily,brown,P416815,OLEHENRIKSEN,33.0
5,1.0,0.166666999,6.0,1.791759469228055,0.6931471805599453,deep,brown,oily,auburn,P416815,OLEHENRIKSEN,33.0
5,1.0,0.899999976,10.0,0.6931471805599453,2.302585092994046,lightMedium,brown,combination,brown,P416815,OLEHENRIKSEN,33.0
5,1.0,0.848484993,33.0,1.791759469228055,3.367295829986474,lightMedium,brown,oily,brown,P416815,OLEHENRIKSEN,33.0
5,1.0,1.0,9.0,0.0,2.302585092994046,lightMedium,brown,combination,brown,P482320,Supergoop!,22.0
1,0.0,0.833333015,6.0,0.6931471805599453,1.791759469228055,lightMedium,brown,dry,brown,P482320,Supergoop!,22.0
5,1.0,0.800000012,5.0,0.6931471805599453,1.6094379124341003,medium,blue,normal,blonde,P482320,Supergoop!,22.0
5,1.0,1.0,6.0,0.0,1.9459101490553132,fair,blue,oily,brown,P482320,Supergoop!,22.0
4,1.0,0.400000006,5.0,1.3862943611198906,1.0986122886681098,light,green,normal,brown,P482320,Supergoop!,22.0
5,1.0,0.75,4.0,0.6931471805599453,1.3862943611198906,light,blue,combination,brown,P482320,Supergoop!,22.0
3,1.0,0.800000012,5.0,0.6931471805599453,1.6094379124341003,fairLight,brown,dry,brown,P482320,Supergoop!,22.0
2,0.0,1.0,9.0,0.0,2.302585092994046,tan,brown,normal,black,P482320,Supergoop!,22.0
3,0.0,1.0,9.0,0.0,2.302585092994046,fair,brown,combination,brown,P482320,Supergoop!,22.0
2,0.0,1.0,7.0,0.0,2.0794415416798357,medium,brown,normal,brown,P482320,Supergoop!,22.0
4,1.0,1.0,5.0,0.0,1.791759469228055,light,brown,combination,brown,P482320,Supergoop!,22.0
5,1.0,1.0,5.0,0.0,1.791759469228055,light,blue,combination,brown,P482320,Supergoop!,22.0
2,0.0,0.571429014,7.0,1.3862943611198906,1.6094379124341003,light,hazel,dry,brown,P482320,Supergoop!,22.0
5,1.0,1.0,23.0,0.0,3.1780538303479458,fair,blue,dry,blonde,P482320,Supergoop!,22.0
1,0.0,1.0,6.0,0.0,1.9459101490553132,fair,brown,oily,brown,P482320,Supergoop!,22.0
4,1.0,0.833333015,6.0,0.6931471805599453,1.791759469228055,fair,hazel,dry,blonde,P482320,Supergoop!,22.0
1,0.0,1.0,10.0,0.0,2.3978952727983707,lightMedium,brown,combination,brown,P482320,Supergoop!,22.0
5,1.0,1.0,4.0,0.0,1.6094379124341003,lightMedium,hazel,dry,blonde,P482320,Supergoop!,22.0
5,1.0,0.93333298,15.0,0.6931471805599453,2.70805020110221,fairLight,blue,combination,blonde,P482320,Supergoop!,22.0
1,0.0,0.720000029,25.0,2.0794415416798357,2.9444389791664403,lightMedium,green,normal,brown,P482320,Supergoop!,22.0
3,0.0,1.0,4.0,0.0,1.6094379124341003,fairLight,hazel,combination,brown,P482320,Supergoop!,22.0
4,1.0,0.857142985,7.0,0.6931471805599453,1.9459101490553132,light,brown,oily,brown,P482320,Supergoop!,22.0
1,0.0,0.568750024,113.72000000000116,4.248495242049359,4.5217885770490405,light,green,oily,blonde,P482320,Supergoop!,22.0
5,1.0,0.857142985,7.0,0.6931471805599453,1.9459101490553132,light,brown,combination,brown,P482320,Supergoop!,22.0
2,0.0,0.363635987,11.0,2.0794415416798357,1.6094379124341003,fair,green,normal,blonde,P460516,Glow Recipe,32.0
5,1.0,0.899999976,10.0,0.6931471805599453,2.302585092994046,light,brown,combination,blonde,P460516,Glow Recipe,32.0
2,1.0,0.600000024,5.0,1.0986122886681098,1.3862943611198906,lightMedium,green,normal,blonde,P460516,Glow Recipe,32.0
3,0.0,1.0,4.0,0.0,1.6094379124341003,lightMedium,brown,oily,black,P460516,Glow Recipe,32.0
5,1.0,1.0,7.0,0.0,2.0794415416798357,lightMedium,brown,normal,brown,P460516,Glow Recipe,32.0
5,1.0,1.0,4.0,0.0,1.6094379124341003,fair,hazel,combination,blonde,P460516,Glow Recipe,32.0
5,1.0,0.333332986,6.0,1.6094379124341003,1.0986122886681098,medium,brown,oily,brown,P460516,Glow Recipe,32.0
5,1.0,0.400000006,5.0,1.3862943611198906,1.0986122886681098,lightMedium,brown,combination,black,P460516,Glow Recipe,32.0
5,1.0,0.8125,16.0,1.3862943611198906,2.6390573296152584,lightMedium,brown,combination,brown,P460516,Glow Recipe,32.0
4,1.0,0.899999976,10.0,0.6931471805599453,2.302585092994046,tan,brown,oily,black,P456418,KORRES,50.0
3,1.0,0.75,12.0,1.3862943611198906,2.302585092994046,fair,brown,oily,brown,P456418,KORRES,50.0
5,1.0,0.5,4.0,1.0986122886681098,1.0986122886681098,porcelain,blue,combination,brunette,P456418,KORRES,50.0
1,0.0,0.934782982,113.72000000000116,2.302585092994046,4.867534450455582,light,brown,normal,brunette,P456418,KORRES,50.0
1,0.0,0.600000024,5.0,1.0986122886681098,1.3862943611198906,light,green,combination,blonde,P456418,KORRES,50.0
5,1.0,1.0,7.0,0.0,2.0794415416798357,light,brown,combination,brunette,P456418,KORRES,50.0
5,1.0,1.0,4.0,0.0,1.6094379124341003,light,brown,combination,brunette,P456418,KORRES,50.0
5,1.0,1.0,6.0,0.0,1.9459101490553132,light,brown,combination,brunette,P456418,KORRES,50.0
5,1.0,0.833333015,6.0,0.6931471805599453,1.791759469228055,light,brown,combination,brunette,P456418,KORRES,50.0
5,1.0,0.75,8.0,1.0986122886681098,1.9459101490553132,light,brown,combination,brunette,P456418,KORRES,50.0
5,1.0,1.0,5.0,0.0,1.791759469228055,light,brown,combination,brunette,P456418,KORRES,50.0
5,1.0,1.0,17.0,0.0,2.8903717578961645,light,brown,combination,brunette,P456418,KORRES,50.0
5,1.0,0.833333015,6.0,0.6931471805599453,1.791759469228055,light,brown,combination,brunette,P456418,KORRES,50.0
4,1.0,0.800000012,5.0,0.6931471805599453,1.6094379124341003,light,brown,combination,brunette,P456418,KORRES,50.0
5,1.0,0.958333015,24.0,0.6931471805599453,3.1780538303479458,dark,brown,oily,brunette,P456418,KORRES,50.0
5,1.0,0.833333015,6.0,0.6931471805599453,1.791759469228055,light,brown,combination,brunette,P456418,KORRES,50.0
5,1.0,0.75,4.0,0.6931471805599453,1.3862943611198906,lightMedium,brown,combination,brown,P433435,IT Cosmetics,44.0
4,1.0,0.75,4.0,0.6931471805599453,1.3862943611198906,lightMedium,brown,combination,brown,P433435,IT Cosmetics,44.0
3,0.0,0.75,4.0,0.6931471805599453,1.3862943611198906,medium,green,combination,black,P433435,IT Cosmetics,44.0
1,0.0,0.892857015,28.0,1.3862943611198906,3.258096538021482,light,brown,combination,black,P433435,IT Cosmetics,44.0
5,1.0,0.928570986,14.0,0.6931471805599453,2.6390573296152584,lightMedium,hazel,oily,blonde,P433435,IT Cosmetics,44.0
5,1.0,0.75,4.0,0.6931471805599453,1.3862943611198906,lightMedium,brown,oily,black,P433435,IT Cosmetics,44.0
2,0.0,0.857142985,7.0,0.6931471805599453,1.9459101490553132,mediumTan,brown,oily,black,P433435,IT Cosmetics,44.0
5,1.0,0.857142985,14.0,1.0986122886681098,2.5649493574615367,light,brown,combination,brown,P433435,IT Cosmetics,44.0
1,0.0,0.892857015,28.0,1.3862943611198906,3.258096538021482,light,blue,combination,blonde,P433435,IT Cosmetics,44.0
3,0.0,0.375,8.0,1.791759469228055,1.3862943611198906,tan,brown,combination,black,P433435,IT Cosmetics,44.0
4,1.0,0.833333015,6.0,0.6931471805599453,1.791759469228055,lightMedium,hazel,dry,blonde,P448203,Shiseido,64.0
5,1.0,1.0,5.0,0.0,1.791759469228055,light,green,combination,brown,P448203,Shiseido,64.0
1,0.0,0.166666999,12.0,2.3978952727983707,1.0986122886681098,lightMedium,brown,combination,brown,P448203,Shiseido,64.0
5,1.0,1.0,8.0,0.0,2.1972245773362196,light,blue,combination,blonde,P448203,Shiseido,64.0
5,1.0,0.944444001,18.0,0.6931471805599453,2.8903717578961645,light,blue,dry,blonde,P448203,Shiseido,64.0
5,1.0,1.0,12.0,0.0,2.5649493574615367,light,brown,combination,brown,P448203,Shiseido,64.0
5,1.0,0.705882013,17.0,1.791759469228055,2.5649493574615367,medium,green,combination,brown,P448203,Shiseido,64.0
1,0.0,0.90476203,42.0,1.6094379124341003,3.6635616461296463,mediumTan,brown,combination,blonde,P448203,Shiseido,64.0
4,1.0,1.0,4.0,0.0,1.6094379124341003,lightMedium,brown,dry,gray,P448203,Shiseido,64.0
5,1.0,0.600000024,5.0,1.0986122886681098,1.3862943611198906,lightMedium,brown,combination,brown,P448203,Shiseido,64.0
5,1.0,0.666666985,6.0,1.0986122886681098,1.6094379124341003,fair,blue,oily,auburn,P448203,Shiseido,64.0
5,1.0,0.875,8.0,0.6931471805599453,2.0794415416798357,lightMedium,brown,dry,brown,P448203,Shiseido,64.0
5,1.0,1.0,4.0,0.0,1.6094379124341003,fair,brown,combination,brown,P470529,Glow Recipe,45.0
4,1.0,0.714286029,7.0,1.0986122886681098,1.791759469228055,fair,green,combination,red,P470529,Glow Recipe,45.0
3,0.0,0.800000012,10.0,1.0986122886681098,2.1972245773362196,fair,blue,normal,blonde,P470529,Glow Recipe,45.0
5,1.0,0.75,4.0,0.6931471805599453,1.3862943611198906,deep,brown,dry,black,P470529,Glow Recipe,45.0
4,1.0,1.0,11.0,0.0,2.4849066497880004,lightMedium,blue,dry,brown,P470529,Glow Recipe,45.0
5,1.0,0.666666985,6.0,1.0986122886681098,1.6094379124341003,lightMedium,brown,dry,brown,P470529,Glow Recipe,45.0
5,1.0,0.857142985,7.0,0.6931471805599453,1.9459101490553132,lightMedium,brown,combination,black,P470529,Glow Recipe,45.0
5,1.0,0.833333015,12.0,1.0986122886681098,2.3978952727983707,fair,brown,dry,black,P470529,Glow Recipe,45.0
5,1.0,0.888889015,9.0,0.6931471805599453,2.1972245773362196,fair,brown,normal,blonde,P470529,Glow Recipe,45.0
5,1.0,0.5,4.0,1.0986122886681098,1.0986122886681098,light,blue,dry,brown,P470529,Glow Recipe,45.0
5,1.0,0.5,4.0,1.0986122886681098,1.0986122886681098,lightMedium,brown,dry,black,P470529,Glow Recipe,45.0
3,0.0,0.428570986,7.0,1.6094379124341003,1.3862943611198906,light,brown,combination,black,P470529,Glow Recipe,45.0
5,1.0,0.777778029,9.0,1.0986122886681098,2.0794415416798357,light,hazel,normal,brown,P404338,Josie Maran,45.0
5,1.0,1.0,9.0,0.0,2.302585092994046,light,blue,combination,blonde,P404338,Josie Maran,45.0
3,1.0,0.5,6.0,1.3862943611198906,1.3862943611198906,fair,brown,combination,brown,P404338,Josie Maran,45.0
4,1.0,0.800000012,5.0,0.6931471805599453,1.6094379124341003,mediumTan,green,combination,black,P404338,Josie Maran,45.0
3,0.0,0.238095,42.0,3.4965075614664802,2.3978952727983707,light,brown,combination,brown,P404338,Josie Maran,45.0
5,1.0,1.0,5.0,0.0,1.791759469228055,light,brown,combination,brown,P404338,Josie Maran,45.0
1,1.0,0.846153975,13.0,1.0986122886681098,2.4849066497880004,light,brown,dry,brown,P404338,Josie Maran,45.0
5,1.0,1.0,4.0,0.0,1.6094379124341003,lightMedium,hazel,normal,brown,P466155,Tatcha,89.0
5,1.0,0.939393997,33.0,1.0986122886681098,3.4657359027997265,light,hazel,dry,black,P466155,Tatcha,89.0
5,1.0,0.800000012,5.0,0.6931471805599453,1.6094379124341003,mediumTan,brown,dry,brown,P466155,Tatcha,89.0
4,1.0,0.96875,32.0,0.6931471805599453,3.4657359027997265,mediumTan,brown,combination,brown,P466155,Tatcha,89.0
5,1.0,0.875,8.0,0.6931471805599453,2.0794415416798357,lightMedium,brown,oily,auburn,P466155,Tatcha,89.0
5,1.0,1.0,8.0,0.0,2.1972245773362196,light,blue,combination,red,P466155,Tatcha,89.0
5,1.0,0.818181992,11.0,1.0986122886681098,2.302585092994046,light,blue,combination,brown,P377533,Dr. Dennis Gross Skincare,92.0
5,1.0,1.0,10.0,0.0,2.3978952727983707,lightMedium,brown,combination,black,P377533,Dr. Dennis Gross Skincare,92.0
5,1.0,0.857142985,7.0,0.6931471805599453,1.9459101490553132,lightMedium,brown,combination,brown,P377533,Dr. Dennis Gross Skincare,92.0
5,1.0,0.888889015,9.0,0.6931471805599453,2.1972245773362196,mediumTan,brown,oily,black,P377533,Dr. Dennis Gross Skincare,92.0
5,1.0,1.0,26.0,0.0,3.295836866004329,lightMedium,green,combination,blonde,P377533,Dr. Dennis Gross Skincare,92.0
5,1.0,0.833333015,6.0,0.6931471805599453,1.791759469228055,fair,blue,combination,brown,P377533,Dr. Dennis Gross Skincare,92.0
5,1.0,0.947368026,19.0,0.6931471805599453,2.9444389791664403,fair,blue,combination,red,P377533,Dr. Dennis Gross Skincare,92.0
5,1.0,1.0,4.0,0.0,1.6094379124341003,fair,brown,combination,brown,P377533,Dr. Dennis Gross Skincare,92.0
1,1.0,0.785713971,14.0,1.3862943611198906,2.4849066497880004,lightMedium,brown,combination,brown,P377533,Dr. Dennis Gross Skincare,92.0
5,1.0,0.941175997,17.0,0.6931471805599453,2.833213344056216,lightMedium,brown,combination,brown,P377533,Dr. Dennis Gross Skincare,92.0
5,1.0,0.285714,7.0,1.791759469228055,1.0986122886681098,lightMedium,brown,combination,brown,P377533,Dr. Dennis Gross Skincare,92.0
5,1.0,1.0,20.0,0.0,3.044522437723423,lightMedium,brown,combination,brown,P377533,Dr. Dennis Gross Skincare,92.0
5,1.0,1.0,5.0,0.0,1.791759469228055,lightMedium,brown,combination,brown,P377533,Dr. Dennis Gross Skincare,92.0
5,1.0,1.0,4.0,0.0,1.6094379124341003,lightMedium,brown,combination,brown,P377533,Dr. Dennis Gross Skincare,92.0
5,1.0,1.0,7.0,0.0,2.0794415416798357,lightMedium,brown,combination,brown,P377533,Dr. Dennis Gross Skincare,92.0
5,1.0,0.916666985,12.0,0.6931471805599453,2.4849066497880004,fair,brown,combination,red,P416341,La Mer,245.0
2,0.0,0.5,16.0,2.1972245773362196,2.1972245773362196,lightMedium,green,combination,brown,P416341,La Mer,245.0
5,1.0,0.666666985,30.0,2.3978952727983707,3.044522437723423,deep,brown,dry,black,P416341,La Mer,245.0
3,0.0,0.777778029,18.0,1.6094379124341003,2.70805020110221,medium,brown,combination,black,P416341,La Mer,245.0
5,1.0,0.636363983,11.0,1.6094379124341003,2.0794415416798357,light,brown,combination,brown,P416341,La Mer,245.0
1,0.0,0.727272987,66.0,2.9444389791664403,3.8918202981106265,lightMedium,blue,combination,brown,P416341,La Mer,245.0
1,0.0,0.571429014,14.0,1.9459101490553132,2.1972245773362196,fair,brown,oily,blonde,P416341,La Mer,245.0
5,1.0,0.804347992,46.0,2.302585092994046,3.6375861597263857,light,brown,combination,brown,P416341,La Mer,245.0
2,0.0,0.857142985,14.0,1.0986122886681098,2.5649493574615367,mediumTan,brown,combination,black,P416341,La Mer,245.0
1,0.0,0.769231021,13.0,1.3862943611198906,2.3978952727983707,light,brown,dry,black,P416341,La Mer,245.0
5,1.0,0.909090996,11.0,0.6931471805599453,2.3978952727983707,light,green,dry,blonde,P416341,La Mer,245.0
5,1.0,0.899999976,10.0,0.6931471805599453,2.302585092994046,light,hazel,dry,brown,P416341,La Mer,245.0
4,1.0,0.4375,16.0,2.302585092994046,2.0794415416798357,deep,brown,combination,brown,P416341,La Mer,245.0
1,0.0,0.5,8.0,1.6094379124341003,1.6094379124341003,fair,brown,normal,black,P416341,La Mer,245.0
5,1.0,0.571429014,7.0,1.3862943611198906,1.6094379124341003,fairLight,blue,dry,brown,P416341,La Mer,245.0
5,1.0,0.75,4.0,0.6931471805599453,1.3862943611198906,lightMedium,green,oily,blonde,P416341,La Mer,245.0
1,0.0,0.866666973,75.0,2.3978952727983707,4.189654742026425,light,green,combination,blonde,P416341,La Mer,245.0
5,1.0,0.900843978,113.72000000000116,3.871201010907891,6.059123195581797,lightMedium,brown,combination,brown,P416341,La Mer,245.0
5,1.0,0.859649003,57.0,2.1972245773362196,3.912023005428146,light,brown,normal,brown,P416341,La Mer,245.0
5,1.0,0.847221971,72.0,2.4849066497880004,4.127134385045092,fair,brown,combination,brown,P416341,La Mer,245.0
1,0.0,0.777778029,27.0,1.9459101490553132,3.091042453358316,fair,hazel,combination,brown,P416341,La Mer,245.0
5,1.0,0.859375,64.0,2.302585092994046,4.02535169073515,tan,brown,combination,black,P416341,La Mer,245.0
1,0.0,0.850000024,40.0,1.9459101490553132,3.5553480614894135,fair,hazel,dry,blonde,P416341,La Mer,245.0
5,1.0,0.877192974,113.72000000000116,3.367295829986474,5.303304908059076,mediumTan,brown,oily,black,P416341,La Mer,245.0
3,1.0,0.600000024,5.0,1.0986122886681098,1.3862943611198906,light,brown,combination,brown,P416341,La Mer,245.0
5,1.0,0.5,6.0,1.3862943611198906,1.3862943611198906,light,brown,combination,brown,P416341,La Mer,245.0
5,1.0,0.733332992,15.0,1.6094379124341003,2.4849066497880004,light,brown,combination,brown,P416341,La Mer,245.0
5,1.0,0.600000024,15.0,1.9459101490553132,2.302585092994046,light,brown,combination,brown,P416341,La Mer,245.0
5,1.0,0.982758999,58.0,0.6931471805599453,4.060443010546419,lightMedium,brown,combination,brown,P426501,La Mer,100.0
1,0.0,0.600000024,15.0,1.9459101490553132,2.302585092994046,medium,brown,combination,black,P426501,La Mer,100.0
5,1.0,0.877551019,49.0,1.9459101490553132,3.784189633918261,lightMedium,brown,dry,brown,P426501,La Mer,100.0
5,1.0,0.800000012,15.0,1.3862943611198906,2.5649493574615367,light,brown,oily,brown,P426501,La Mer,100.0
5,1.0,0.5,10.0,1.791759469228055,1.791759469228055,lightMedium,brown,combination,black,P426501,La Mer,100.0
1,0.0,0.576923013,26.0,2.4849066497880004,2.772588722239781,light,brown,dry,brown,P426501,La Mer,100.0
5,1.0,0.666666985,9.0,1.3862943611198906,1.9459101490553132,lightMedium,brown,combination,black,P426501,La Mer,100.0
5,1.0,0.93333298,30.0,1.0986122886681098,3.367295829986474,fairLight,blue,normal,blonde,P426501,La Mer,100.0
4,1.0,0.888889015,45.0,1.791759469228055,3.713572066704308,fairLight,hazel,dry,blonde,P426501,La Mer,100.0
3,0.0,1.0,5.0,0.0,1.791759469228055,light,brown,combination,black,P426501,La Mer,100.0
5,1.0,0.86956501,113.72000000000116,2.772588722239781,4.61512051684126,mediumTan,brown,combination,gray,P426501,La Mer,100.0
3,0.0,0.5,4.0,1.0986122886681098,1.0986122886681098,fair,brown,combination,brown,P426501,La Mer,100.0
1,0.0,0.868421018,76.0,2.3978952727983707,4.204692619390966,fair,blue,combination,brown,P426501,La Mer,100.0
5,1.0,0.857142985,14.0,1.0986122886681098,2.5649493574615367,mediumTan,hazel,normal,brown,P426501,La Mer,100.0
5,1.0,0.857142985,35.0,1.791759469228055,3.4339872044851463,light,hazel,dry,auburn,P426501,La Mer,100.0
5,1.0,0.888889015,18.0,1.0986122886681098,2.833213344056216,deep,brown,dry,black,P426501,La Mer,100.0
5,1.0,0.833333015,6.0,0.6931471805599453,1.791759469228055,fair,blue,oily,blonde,P426501,La Mer,100.0
3,1.0,0.842104971,19.0,1.3862943611198906,2.833213344056216,lightMedium,brown,combination,brown,P426501,La Mer,100.0
5,1.0,0.076923102,13.0,2.5649493574615367,0.6931471805599453,lightMedium,brown,combination,brown,P426501,La Mer,100.0
5,1.0,0.800000012,15.0,1.3862943611198906,2.5649493574615367,lightMedium,brown,combination,brown,P426501,La Mer,100.0
3,0.0,0.75,4.0,0.6931471805599453,1.3862943611198906,light,hazel,dry,brown,P122882,CLINIQUE,20.0
1,1.0,0.615384996,13.0,1.791759469228055,2.1972245773362196,light,brown,normal,black,P122882,CLINIQUE,20.0
5,1.0,0.75,4.0,0.6931471805599453,1.3862943611198906,light,blue,oily,blonde,P411539,Dr. Jart+,49.0
5,1.0,1.0,13.0,0.0,2.6390573296152584,lightMedium,brown,combination,blonde,P411539,Dr. Jart+,49.0
3,0.0,0.400000006,5.0,1.3862943611198906,1.0986122886681098,light,brown,combination,brown,P411539,Dr. Jart+,49.0
3,0.0,1.0,5.0,0.0,1.791759469228055,medium,brown,combination,brown,P411539,Dr. Jart+,49.0
3,1.0,0.888889015,36.0,1.6094379124341003,3.4965075614664802,lightMedium,brown,normal,black,P411539,Dr. Jart+,49.0
4,1.0,0.899999976,10.0,0.6931471805599453,2.302585092994046,lightMedium,brown,combination,black,P411539,Dr. Jart+,49.0
5,1.0,0.899999976,10.0,0.6931471805599453,2.302585092994046,light,brown,dry,brown,P411539,Dr. Jart+,49.0
5,1.0,0.75,4.0,0.6931471805599453,1.3862943611198906,fair,brown,combination,blonde,P411539,Dr. Jart+,49.0
5,1.0,0.90625,32.0,1.3862943611198906,3.4011973816621555,fair,blue,combination,brown,P411539,Dr. Jart+,49.0
4,1.0,0.75,4.0,0.6931471805599453,1.3862943611198906,fairLight,blue,combination,brown,P411539,Dr. Jart+,49.0
4,1.0,0.5,6.0,1.3862943611198906,1.3862943611198906,lightMedium,brown,combination,brown,P411539,Dr. Jart+,49.0
5,1.0,0.75,4.0,0.6931471805599453,1.3862943611198906,fair,brown,dry,brown,P411539,Dr. Jart+,49.0
5,1.0,0.899999976,20.0,1.0986122886681098,2.9444389791664403,fair,brown,combination,brown,P411539,Dr. Jart+,49.0
5,1.0,0.875,8.0,0.6931471805599453,2.0794415416798357,fair,hazel,normal,brown,P419222,Drunk Elephant,34.0
2,0.0,0.800000012,5.0,0.6931471805599453,1.6094379124341003,fair,blue,combination,blonde,P419222,Drunk Elephant,34.0
2,0.0,0.899999976,10.0,0.6931471805599453,2.302585092994046,fair,brown,combination,brown,P419222,Drunk Elephant,34.0
1,0.0,1.0,4.0,0.0,1.6094379124341003,fair,green,dry,brown,P419222,Drunk Elephant,34.0
1,0.0,1.0,8.0,0.0,2.1972245773362196,lightMedium,green,normal,brown,P419222,Drunk Elephant,34.0
5,1.0,1.0,21.0,0.0,3.091042453358316,lightMedium,brown,combination,brown,P419222,Drunk Elephant,34.0
2,0.0,1.0,5.0,0.0,1.791759469228055,lightMedium,hazel,normal,brown,P419222,Drunk Elephant,34.0
5,1.0,0.875,8.0,0.6931471805599453,2.0794415416798357,lightMedium,blue,combination,brown,P419222,Drunk Elephant,34.0
4,1.0,0.875,8.0,0.6931471805599453,2.0794415416798357,light,brown,combination,brown,P419222,Drunk Elephant,34.0
1,0.0,0.428570986,7.0,1.6094379124341003,1.3862943611198906,tan,brown,combination,black,P419222,Drunk Elephant,34.0
3,1.0,0.823529005,17.0,1.3862943611198906,2.70805020110221,fair,brown,combination,brown,P419222,Drunk Elephant,34.0
1,0.0,0.5,10.0,1.791759469228055,1.791759469228055,lightMedium,brown,dry,black,P474938,Caudalie,52.0
5,1.0,1.0,7.0,0.0,2.0794415416798357,fair,green,combination,brown,P474938,Caudalie,52.0
5,1.0,1.0,4.0,0.0,1.6094379124341003,light,blue,combination,brown,P474938,Caudalie,52.0
3,0.0,0.75,4.0,0.6931471805599453,1.3862943611198906,light,brown,combination,black,P474938,Caudalie,52.0
3,0.0,0.125,24.0,3.091042453358316,1.3862943611198906,fair,brown,combination,brunette,P474938,Caudalie,52.0
2,0.0,1.0,5.0,0.0,1.791759469228055,olive,brown,combination,brunette,P474938,Caudalie,52.0
5,1.0,1.0,6.0,0.0,1.9459101490553132,light,brown,combination,brunette,P474938,Caudalie,52.0
3,0.0,0.785713971,14.0,1.3862943611198906,2.4849066497880004,light,brown,oily,brunette,P474938,Caudalie,52.0
2,0.0,1.0,14.0,0.0,2.70805020110221,tan,brown,combination,black,P458209,Farmacy,42.0
4,1.0,0.5,6.0,1.3862943611198906,1.3862943611198906,mediumTan,brown,combination,black,P458209,Farmacy,42.0
1,0.0,0.428570986,7.0,1.6094379124341003,1.3862943611198906,fairLight,blue,combination,auburn,P458209,Farmacy,42.0
3,0.0,0.222222,9.0,2.0794415416798357,1.0986122886681098,fair,hazel,combination,auburn,P458209,Farmacy,42.0
1,0.0,0.75,4.0,0.6931471805599453,1.3862943611198906,light,brown,oily,brown,P458209,Farmacy,42.0
5,1.0,0.75,4.0,0.6931471805599453,1.3862943611198906,lightMedium,brown,dry,brown,P458209,Farmacy,42.0
3,0.0,1.0,7.0,0.0,2.0794415416798357,fair,brown,combination,black,P458209,Farmacy,42.0
5,1.0,1.0,12.0,0.0,2.5649493574615367,medium,brown,combination,black,P458209,Farmacy,42.0
5,1.0,0.800000012,5.0,0.6931471805599453,1.6094379124341003,lightMedium,hazel,dry,brown,P458209,Farmacy,42.0
5,1.0,1.0,5.0,0.0,1.791759469228055,fair,green,combination,blonde,P458209,Farmacy,42.0
2,0.0,0.800000012,10.0,1.0986122886681098,2.1972245773362196,light,brown,combination,brown,P458209,Farmacy,42.0
4,1.0,1.0,5.0,0.0,1.791759469228055,fair,blue,oily,blonde,P458209,Farmacy,42.0
5,1.0,1.0,6.0,0.0,1.9459101490553132,lightMedium,brown,dry,brown,P458209,Farmacy,42.0
5,1.0,0.571429014,7.0,1.3862943611198906,1.6094379124341003,fair,green,combination,brown,P458209,Farmacy,42.0
5,1.0,0.200000003,10.0,2.1972245773362196,1.0986122886681098,fair,green,combination,brown,P458209,Farmacy,42.0
2,0.0,0.732142985,56.0,2.772588722239781,3.7376696182833684,light,brown,combination,brown,P458209,Farmacy,42.0
4,1.0,1.0,4.0,0.0,1.6094379124341003,deep,brown,oily,black,P417936,fresh,46.0
1,0.0,0.800000012,20.0,1.6094379124341003,2.833213344056216,lightMedium,brown,dry,brown,P417936,fresh,46.0
2,0.0,0.666666985,12.0,1.6094379124341003,2.1972245773362196,lightMedium,brown,combination,black,P417936,fresh,46.0
5,1.0,0.888889015,9.0,0.6931471805599453,2.1972245773362196,medium,brown,combination,brown,P417936,fresh,46.0
4,1.0,0.918919027,37.0,1.3862943611198906,3.5553480614894135,light,blue,combination,blonde,P417936,fresh,46.0
3,1.0,0.899999976,40.0,1.6094379124341003,3.6109179126442243,fair,hazel,oily,brown,P417936,fresh,46.0
2,1.0,0.899999976,30.0,1.3862943611198906,3.332204510175204,fair,brown,combination,brown,P417936,fresh,46.0
1,0.0,0.159999996,25.0,3.091042453358316,1.6094379124341003,light,brown,dry,brown,P415747,Sol de Janeiro,18.0
2,0.0,0.666666985,6.0,1.0986122886681098,1.6094379124341003,mediumTan,brown,oily,brown,P415747,Sol de Janeiro,18.0
3,0.0,0.200000003,5.0,1.6094379124341003,0.6931471805599453,fair,hazel,normal,red,P415747,Sol de Janeiro,18.0
5,1.0,1.0,5.0,0.0,1.791759469228055,light,green,combination,brown,P415747,Sol de Janeiro,18.0
4,0.0,0.961538017,26.0,0.6931471805599453,3.258096538021482,tan,brown,combination,black,P415747,Sol de Janeiro,18.0
3,0.0,0.428570986,7.0,1.6094379124341003,1.3862943611198906,light,blue,normal,brown,P415747,Sol de Janeiro,18.0
4,1.0,1.0,16.0,0.0,2.833213344056216,fair,green,combination,brown,P415747,Sol de Janeiro,18.0
2,0.0,0.833333015,6.0,0.6931471805599453,1.791759469228055,fair,hazel,dry,brown,P415747,Sol de Janeiro,18.0
5,1.0,0.909090996,11.0,0.6931471805599453,2.3978952727983707,light,brown,oily,brown,P415747,Sol de Janeiro,18.0
3,1.0,0.947368026,19.0,0.6931471805599453,2.9444389791664403,light,brown,combination,brown,P415747,Sol de Janeiro,18.0
1,0.0,0.83871001,31.0,1.791759469228055,3.295836866004329,fairLight,green,dry,auburn,P454018,Tatcha,49.0
5,1.0,0.857142985,7.0,0.6931471805599453,1.9459101490553132,lightMedium,brown,dry,black,P454018,Tatcha,49.0
5,1.0,1.0,4.0,0.0,1.6094379124341003,light,brown,combination,brown,P454018,Tatcha,49.0
5,1.0,1.0,7.0,0.0,2.0794415416798357,light,brown,combination,brown,P454018,Tatcha,49.0
3,0.0,0.428570986,7.0,1.6094379124341003,1.3862943611198906,light,brown,dry,black,P454018,Tatcha,49.0
2,0.0,0.75,4.0,0.6931471805599453,1.3862943611198906,lightMedium,blue,combination,brown,P454018,Tatcha,49.0
5,1.0,0.857142985,7.0,0.6931471805599453,1.9459101490553132,lightMedium,brown,combination,black,P454018,Tatcha,49.0
1,0.0,1.0,15.0,0.0,2.772588722239781,light,blue,dry,blonde,P454018,Tatcha,49.0
5,1.0,0.5,6.0,1.3862943611198906,1.3862943611198906,fair,hazel,combination,brown,P454018,Tatcha,49.0
4,1.0,0.0,4.0,1.6094379124341003,0.0,light,green,combination,brown,P454018,Tatcha,49.0
1,0.0,1.0,4.0,0.0,1.6094379124341003,light,brown,oily,black,P482739,Shiseido,50.0
1,0.0,1.0,9.0,0.0,2.302585092994046,light,blue,combination,brown,P434360,Origins,52.0
5,1.0,0.75,4.0,0.6931471805599453,1.3862943611198906,light,brown,combination,black,P434360,Origins,52.0
5,1.0,1.0,4.0,0.0,1.6094379124341003,light,brown,oily,black,P434360,Origins,52.0
1,1.0,0.800000012,10.0,1.0986122886681098,2.1972245773362196,light,brown,oily,black,P434360,Origins,52.0
5,1.0,1.0,8.0,0.0,2.1972245773362196,light,brown,combination,black,P434360,Origins,52.0
5,1.0,1.0,5.0,0.0,1.791759469228055,light,brown,combination,black,P434360,Origins,52.0
4,1.0,1.0,4.0,0.0,1.6094379124341003,light,brown,combination,black,P434360,Origins,52.0
5,1.0,1.0,4.0,0.0,1.6094379124341003,light,brown,combination,black,P434360,Origins,52.0
5,1.0,1.0,4.0,0.0,1.6094379124341003,light,brown,combination,black,P434360,Origins,52.0
4,1.0,0.5,4.0,1.0986122886681098,1.0986122886681098,light,brown,combination,black,P434360,Origins,52.0
2,0.0,0.5,8.0,1.6094379124341003,1.6094379124341003,fair,brown,dry,brown,P462336,belif,38.0
5,1.0,1.0,7.0,0.0,2.0794415416798357,lightMedium,brown,normal,auburn,P467038,Peace Out,28.0
5,1.0,0.875,8.0,0.6931471805599453,2.0794415416798357,light,blue,dry,blonde,P467038,Peace Out,28.0
1,0.0,0.222222,18.0,2.70805020110221,1.6094379124341003,light,brown,combination,black,P467038,Peace Out,28.0
5,1.0,0.857142985,7.0,0.6931471805599453,1.9459101490553132,mediumTan,green,combination,brown,P467038,Peace Out,28.0
2,0.0,0.800000012,5.0,0.6931471805599453,1.6094379124341003,lightMedium,brown,normal,brown,P467038,Peace Out,28.0
5,1.0,0.5,4.0,1.0986122886681098,1.0986122886681098,lightMedium,green,dry,blonde,P467038,Peace Out,28.0
5,1.0,0.800000012,5.0,0.6931471805599453,1.6094379124341003,light,blue,dry,auburn,P467038,Peace Out,28.0
5,1.0,0.777778029,9.0,1.0986122886681098,2.0794415416798357,light,green,oily,brown,P467038,Peace Out,28.0
5,1.0,1.0,6.0,0.0,1.9459101490553132,fair,blue,oily,blonde,P467038,Peace Out,28.0
5,1.0,0.75,4.0,0.6931471805599453,1.3862943611198906,fair,hazel,combination,brown,P467038,Peace Out,28.0
5,1.0,1.0,5.0,0.0,1.791759469228055,medium,brown,combination,black,P467038,Peace Out,28.0
1,0.0,0.600000024,10.0,1.6094379124341003,1.9459101490553132,medium,hazel,oily,brown,P467038,Peace Out,28.0
1,0.0,0.800000012,15.0,1.3862943611198906,2.5649493574615367,fair,brown,dry,brown,P467038,Peace Out,28.0
5,1.0,0.400000006,5.0,1.3862943611198906,1.0986122886681098,lightMedium,green,combination,blonde,P467038,Peace Out,28.0
5,1.0,1.0,4.0,0.0,1.6094379124341003,lightMedium,brown,combination,black,P467038,Peace Out,28.0
5,1.0,1.0,4.0,0.0,1.6094379124341003,fair,brown,dry,blonde,P467038,Peace Out,28.0
5,1.0,1.0,5.0,0.0,1.791759469228055,light,brown,combination,brown,P467038,Peace Out,28.0
5,1.0,1.0,7.0,0.0,2.0794415416798357,lightMedium,brown,combination,black,P467038,Peace Out,28.0
2,0.0,0.625,8.0,1.3862943611198906,1.791759469228055,lightMedium,hazel,dry,red,P467038,Peace Out,28.0
3,0.0,0.363635987,11.0,2.0794415416798357,1.6094379124341003,fair,brown,oily,brown,P467038,Peace Out,28.0
3,0.0,0.5,14.0,2.0794415416798357,2.0794415416798357,light,brown,dry,brown,P467038,Peace Out,28.0
5,1.0,0.777778029,18.0,1.6094379124341003,2.70805020110221,lightMedium,brown,combination,brown,P467038,Peace Out,28.0
4,1.0,0.880952001,42.0,1.791759469228055,3.6375861597263857,fair,blue,combination,brown,P467038,Peace Out,28.0
5,1.0,0.9375,16.0,0.6931471805599453,2.772588722239781,medium,green,combination,brown,P467038,Peace Out,28.0
5,1.0,0.846153975,13.0,1.0986122886681098,2.4849066497880004,fair,green,dry,blonde,P467038,Peace Out,28.0
3,0.0,0.5,26.0,2.6390573296152584,2.6390573296152584,medium,hazel,normal,brown,P467038,Peace Out,28.0
5,1.0,0.75,4.0,0.6931471805599453,1.3862943611198906,light,brown,dry,black,P467038,Peace Out,28.0
4,1.0,0.93333298,15.0,0.6931471805599453,2.70805020110221,lightMedium,brown,combination,black,P467038,Peace Out,28.0
5,1.0,1.0,16.0,0.0,2.833213344056216,medium,hazel,oily,brown,P467038,Peace Out,28.0
5,1.0,0.800000012,5.0,0.6931471805599453,1.6094379124341003,fair,hazel,combination,blonde,P467038,Peace Out,28.0
5,1.0,0.75,4.0,0.6931471805599453,1.3862943611198906,lightMedium,blue,normal,brown,P467038,Peace Out,28.0
5,1.0,1.0,7.0,0.0,2.0794415416798357,fair,blue,combination,gray,P463036,Farmacy,48.0
5,1.0,0.875,8.0,0.6931471805599453,2.0794415416798357,light,brown,combination,black,P463036,Farmacy,48.0
5,1.0,0.800000012,5.0,0.6931471805599453,1.6094379124341003,light,green,dry,blonde,P463036,Farmacy,48.0
5,1.0,0.800000012,5.0,0.6931471805599453,1.6094379124341003,light,brown,combination,brown,P463036,Farmacy,48.0
2,0.0,0.5,6.0,1.3862943611198906,1.3862943611198906,mediumTan,brown,combination,brown,P463036,Farmacy,48.0
3,0.0,0.899999976,10.0,0.6931471805599453,2.302585092994046,fair,hazel,combination,brown,P463036,Farmacy,48.0
3,1.0,1.0,5.0,0.0,1.791759469228055,tan,brown,dry,black,P463036,Farmacy,48.0
5,1.0,1.0,9.0,0.0,2.302585092994046,mediumTan,brown,dry,brown,P463036,Farmacy,48.0
5,1.0,1.0,6.0,0.0,1.9459101490553132,light,blue,combination,blonde,P463036,Farmacy,48.0
5,1.0,1.0,6.0,0.0,1.9459101490553132,fair,brown,dry,brown,P463036,Farmacy,48.0
5,1.0,0.899999976,10.0,0.6931471805599453,2.302585092994046,light,hazel,combination,brown,P463036,Farmacy,48.0
5,1.0,1.0,6.0,0.0,1.9459101490553132,tan,brown,combination,brown,P463036,Farmacy,48.0
4,1.0,1.0,5.0,0.0,1.791759469228055,light,blue,combination,brown,P463036,Farmacy,48.0
2,0.0,0.625,8.0,1.3862943611198906,1.791759469228055,fairLight,green,dry,auburn,P463036,Farmacy,48.0
1,0.0,0.349999994,40.0,3.295836866004329,2.70805020110221,lightMedium,brown,combination,black,P463036,Farmacy,48.0
5,1.0,0.699999988,10.0,1.3862943611198906,2.0794415416798357,fair,brown,dry,brown,P463036,Farmacy,48.0
4,0.0,1.0,8.0,0.0,2.1972245773362196,mediumTan,brown,dry,brown,P463036,Farmacy,48.0
2,0.0,0.75,4.0,0.6931471805599453,1.3862943611198906,lightMedium,hazel,combination,brown,P404795,MILK MAKEUP,28.0
3,0.0,0.666666985,6.0,1.0986122886681098,1.6094379124341003,light,blue,dry,blonde,P404795,MILK MAKEUP,28.0
4,1.0,1.0,7.0,0.0,2.0794415416798357,light,green,combination,blonde,P404795,MILK MAKEUP,28.0
5,1.0,0.333332986,9.0,1.9459101490553132,1.3862943611198906,mediumTan,brown,dry,brown,P404795,MILK MAKEUP,28.0
1,0.0,1.0,16.0,0.0,2.833213344056216,medium,brown,dry,brown,P404795,MILK MAKEUP,28.0
4,1.0,1.0,4.0,0.0,1.6094379124341003,light,green,dry,blonde,P404795,MILK MAKEUP,28.0
4,1.0,1.0,4.0,0.0,1.6094379124341003,lightMedium,blue,combination,brown,P404795,MILK MAKEUP,28.0
5,1.0,0.25,4.0,1.3862943611198906,0.6931471805599453,fairLight,blue,dry,blonde,P404795,MILK MAKEUP,28.0
1,1.0,0.714286029,7.0,1.0986122886681098,1.791759469228055,fair,brown,combination,brown,P404795,MILK MAKEUP,28.0
2,1.0,0.666666985,6.0,1.0986122886681098,1.6094379124341003,fair,brown,combination,brown,P404795,MILK MAKEUP,28.0
5,1.0,0.899999976,10.0,0.6931471805599453,2.302585092994046,fair,brown,oily,brown,P404795,MILK MAKEUP,28.0
2,1.0,0.714286029,7.0,1.0986122886681098,1.791759469228055,fair,brown,dry,brown,P404795,MILK MAKEUP,28.0
5,1.0,0.875,8.0,0.6931471805599453,2.0794415416798357,fair,brown,oily,brown,P404795,MILK MAKEUP,28.0
5,1.0,0.800000012,10.0,1.0986122886681098,2.1972245773362196,fair,brown,dry,brown,P404795,MILK MAKEUP,28.0
5,1.0,1.0,7.0,0.0,2.0794415416798357,fair,blue,combination,blonde,P439055,Algenist,98.0
5,1.0,1.0,8.0,0.0,2.1972245773362196,light,blue,normal,brown,P439055,Algenist,98.0
5,1.0,0.722221971,18.0,1.791759469228055,2.6390573296152584,lightMedium,brown,combination,brown,P439055,Algenist,98.0
5,1.0,1.0,6.0,0.0,1.9459101490553132,rich,brown,oily,black,P439055,Algenist,98.0
5,1.0,0.666666985,6.0,1.0986122886681098,1.6094379124341003,light,brown,combination,brown,P439055,Algenist,98.0
3,1.0,0.899999976,10.0,0.6931471805599453,2.302585092994046,fair,blue,dry,brown,P439055,Algenist,98.0
5,1.0,1.0,6.0,0.0,1.9459101490553132,lightMedium,green,combination,blonde,P439055,Algenist,98.0
4,1.0,0.928570986,14.0,0.6931471805599453,2.6390573296152584,fairLight,blue,combination,blonde,P439055,Algenist,98.0
1,0.0,0.75,8.0,1.0986122886681098,1.9459101490553132,fair,hazel,normal,gray,P481989,Glow Recipe,35.0
1,0.0,0.352941006,17.0,2.4849066497880004,1.9459101490553132,light,green,combination,blonde,P481989,Glow Recipe,35.0
1,0.0,0.818181992,22.0,1.6094379124341003,2.9444389791664403,fair,blue,normal,blonde,P481989,Glow Recipe,35.0
2,0.0,0.800000012,5.0,0.6931471805599453,1.6094379124341003,fair,blue,combination,auburn,P481989,Glow Recipe,35.0
1,0.0,1.0,4.0,0.0,1.6094379124341003,fair,brown,combination,brown,P481989,Glow Recipe,35.0
2,0.0,0.875,8.0,0.6931471805599453,2.0794415416798357,lightMedium,hazel,oily,blonde,P481989,Glow Recipe,35.0
1,0.0,1.0,48.0,0.0,3.8918202981106265,deep,brown,combination,brown,P481989,Glow Recipe,35.0
4,1.0,0.75,4.0,0.6931471805599453,1.3862943611198906,light,green,oily,blonde,P427413,The Ordinary,8.9
5,1.0,0.785713971,14.0,1.3862943611198906,2.4849066497880004,lightMedium,brown,dry,brown,P427413,The Ordinary,8.9
5,1.0,0.411765009,17.0,2.3978952727983707,2.0794415416798357,lightMedium,brown,combination,brown,P427413,The Ordinary,8.9
4,1.0,0.666666985,6.0,1.0986122886681098,1.6094379124341003,light,blue,dry,blonde,P427413,The Ordinary,8.9
5,1.0,0.833333015,6.0,0.6931471805599453,1.791759469228055,lightMedium,brown,combination,brown,P427413,The Ordinary,8.9
1,0.0,1.0,6.0,0.0,1.9459101490553132,light,green,normal,brown,P427413,The Ordinary,8.9
5,1.0,0.75,4.0,0.6931471805599453,1.3862943611198906,lightMedium,brown,normal,black,P427413,The Ordinary,8.9
5,1.0,0.75,8.0,1.0986122886681098,1.9459101490553132,lightMedium,brown,combination,brown,P427413,The Ordinary,8.9
4,1.0,0.920000017,25.0,1.0986122886681098,3.1780538303479458,lightMedium,hazel,combination,brown,P427413,The Ordinary,8.9
5,1.0,0.888889015,9.0,0.6931471805599453,2.1972245773362196,lightMedium,brown,combination,brown,P427413,The Ordinary,8.9
5,1.0,0.0,4.0,1.6094379124341003,0.0,fair,green,combination,auburn,P427413,The Ordinary,8.9
5,1.0,0.888889015,18.0,1.0986122886681098,2.833213344056216,fair,brown,normal,blonde,P427413,The Ordinary,8.9
5,1.0,0.772727013,22.0,1.791759469228055,2.8903717578961645,mediumTan,brown,dry,brown,P427413,The Ordinary,8.9
5,1.0,0.833333015,6.0,0.6931471805599453,1.791759469228055,light,brown,dry,brown,P427413,The Ordinary,8.9
4,1.0,0.692308009,26.0,2.1972245773362196,2.9444389791664403,lightMedium,hazel,dry,blonde,P427413,The Ordinary,8.9
2,0.0,0.615384996,13.0,1.791759469228055,2.1972245773362196,lightMedium,hazel,combination,brown,P427413,The Ordinary,8.9
5,1.0,1.0,7.0,0.0,2.0794415416798357,fairLight,green,dry,brown,P427413,The Ordinary,8.9
5,1.0,0.727272987,22.0,1.9459101490553132,2.833213344056216,fairLight,brown,dry,brown,P427413,The Ordinary,8.9
5,1.0,1.0,17.0,0.0,2.8903717578961645,medium,brown,combination,black,P427413,The Ordinary,8.9
5,1.0,0.649999976,20.0,2.0794415416798357,2.6390573296152584,lightMedium,brown,oily,brown,P427413,The Ordinary,8.9
5,1.0,1.0,4.0,0.0,1.6094379124341003,fair,brown,combination,brown,P427413,The Ordinary,8.9
1,0.0,0.595745027,94.0,3.6635616461296463,4.04305126783455,light,brown,combination,black,P427413,The Ordinary,8.9
5,1.0,1.0,35.0,0.0,3.58351893845611,mediumTan,brown,combination,black,P427413,The Ordinary,8.9
5,1.0,0.75,16.0,1.6094379124341003,2.5649493574615367,fair,blue,dry,brown,P427413,The Ordinary,8.9
5,1.0,0.6875,16.0,1.791759469228055,2.4849066497880004,fair,blue,dry,blonde,P427413,The Ordinary,8.9
4,1.0,0.666666985,12.0,1.6094379124341003,2.1972245773362196,lightMedium,hazel,normal,brown,P427413,The Ordinary,8.9
5,1.0,1.0,7.0,0.0,2.0794415416798357,lightMedium,hazel,combination,brown,P427413,The Ordinary,8.9
5,1.0,0.956521988,23.0,0.6931471805599453,3.1354942159291497,lightMedium,brown,oily,brown,P427413,The Ordinary,8.9
4,1.0,0.923076987,13.0,0.6931471805599453,2.5649493574615367,tan,brown,oily,black,P427413,The Ordinary,8.9
5,1.0,0.923076987,13.0,0.6931471805599453,2.5649493574615367,fair,brown,combination,brown,P427413,The Ordinary,8.9
5,1.0,0.75,4.0,0.6931471805599453,1.3862943611198906,lightMedium,brown,combination,brown,P427413,The Ordinary,8.9
5,1.0,0.866666973,15.0,1.0986122886681098,2.6390573296152584,mediumTan,brown,combination,black,P427413,The Ordinary,8.9
5,1.0,0.961538017,52.0,1.0986122886681098,3.9318256327243257,lightMedium,brown,combination,black,P427413,The Ordinary,8.9
5,1.0,0.709676981,31.0,2.302585092994046,3.1354942159291497,tan,brown,combination,black,P427413,The Ordinary,8.9
5,1.0,0.833333015,6.0,0.6931471805599453,1.791759469228055,fair,blue,combination,brown,P427413,The Ordinary,8.9
5,1.0,1.0,4.0,0.0,1.6094379124341003,light,brown,combination,brown,P203616,REN Clean Skincare,58.0
5,1.0,0.941175997,34.0,1.0986122886681098,3.4965075614664802,light,blue,normal,blonde,P203616,REN Clean Skincare,58.0
1,1.0,0.75,4.0,0.6931471805599453,1.3862943611198906,light,blue,combination,brown,P203616,REN Clean Skincare,58.0
5,1.0,0.833333015,6.0,0.6931471805599453,1.791759469228055,light,blue,combination,brown,P203616,REN Clean Skincare,58.0
5,1.0,1.0,4.0,0.0,1.6094379124341003,light,blue,combination,brown,P203616,REN Clean Skincare,58.0
5,1.0,1.0,9.0,0.0,2.302585092994046,light,blue,combination,brown,P203616,REN Clean Skincare,58.0
1,1.0,0.899999976,10.0,0.6931471805599453,2.302585092994046,light,blue,combination,brown,P203616,REN Clean Skincare,58.0
5,1.0,1.0,6.0,0.0,1.9459101490553132,light,blue,combination,brown,P203616,REN Clean Skincare,58.0
4,1.0,0.75,4.0,0.6931471805599453,1.3862943611198906,tan,blue,combination,brown,P203616,REN Clean Skincare,58.0
5,1.0,1.0,7.0,0.0,2.0794415416798357,light,blue,combination,brown,P203616,REN Clean Skincare,58.0
5,1.0,1.0,11.0,0.0,2.4849066497880004,deep,blue,combination,brown,P203616,REN Clean Skincare,58.0
5,1.0,1.0,8.0,0.0,2.1972245773362196,mediumTan,blue,combination,brown,P203616,REN Clean Skincare,58.0
5,1.0,0.800000012,5.0,0.6931471805599453,1.6094379124341003,lightMedium,green,dry,brown,P466142,OLEHENRIKSEN,35.0
5,1.0,1.0,5.0,0.0,1.791759469228055,light,blue,normal,blonde,P466142,OLEHENRIKSEN,35.0
4,1.0,1.0,6.0,0.0,1.9459101490553132,tan,brown,combination,brown,P466142,OLEHENRIKSEN,35.0
5,1.0,0.0,4.0,1.6094379124341003,0.0,medium,brown,oily,brown,P466142,OLEHENRIKSEN,35.0
3,0.0,0.875,8.0,0.6931471805599453,2.0794415416798357,light,brown,combination,brown,P446421,Origins,40.0
5,1.0,0.400000006,5.0,1.3862943611198906,1.0986122886681098,lightMedium,brown,combination,blonde,P446421,Origins,40.0
4,1.0,0.857142985,7.0,0.6931471805599453,1.9459101490553132,lightMedium,hazel,combination,brown,P439926,Drunk Elephant,74.0
5,1.0,0.888889015,18.0,1.0986122886681098,2.833213344056216,medium,brown,normal,brown,P439926,Drunk Elephant,74.0
5,1.0,0.909090996,11.0,0.6931471805599453,2.3978952727983707,fair,hazel,dry,brown,P439926,Drunk Elephant,74.0
2,0.0,0.523810029,21.0,2.3978952727983707,2.4849066497880004,light,brown,combination,brown,P439926,Drunk Elephant,74.0
5,1.0,0.888889015,9.0,0.6931471805599453,2.1972245773362196,fair,brown,combination,brown,P439926,Drunk Elephant,74.0
5,1.0,1.0,5.0,0.0,1.791759469228055,light,brown,combination,brown,P439926,Drunk Elephant,74.0
2,0.0,0.222222,9.0,2.0794415416798357,1.0986122886681098,tan,brown,dry,black,P439926,Drunk Elephant,74.0
1,0.0,0.466666996,15.0,2.1972245773362196,2.0794415416798357,mediumTan,hazel,combination,brown,P439926,Drunk Elephant,74.0
5,1.0,0.75,4.0,0.6931471805599453,1.3862943611198906,lightMedium,green,normal,black,P439926,Drunk Elephant,74.0
5,1.0,0.909090996,11.0,0.6931471805599453,2.3978952727983707,lightMedium,brown,normal,brown,P439926,Drunk Elephant,74.0
5,1.0,1.0,4.0,0.0,1.6094379124341003,fair,hazel,combination,brown,P439926,Drunk Elephant,74.0
5,1.0,0.888889015,9.0,0.6931471805599453,2.1972245773362196,lightMedium,brown,combination,black,P439926,Drunk Elephant,74.0
5,1.0,1.0,6.0,0.0,1.9459101490553132,fair,green,dry,gray,P439926,Drunk Elephant,74.0
1,0.0,0.227273002,22.0,2.8903717578961645,1.791759469228055,rich,brown,oily,black,P439926,Drunk Elephant,74.0
1,0.0,0.536231995,69.0,3.4965075614664802,3.6375861597263857,lightMedium,brown,normal,brown,P439926,Drunk Elephant,74.0
1,0.0,0.394737005,38.0,3.1780538303479458,2.772588722239781,fair,green,oily,blonde,P439926,Drunk Elephant,74.0
5,1.0,1.0,5.0,0.0,1.791759469228055,light,hazel,dry,brown,P439926,Drunk Elephant,74.0
1,0.0,0.473684013,19.0,2.3978952727983707,2.302585092994046,light,blue,combination,blonde,P439926,Drunk Elephant,74.0
5,1.0,1.0,13.0,0.0,2.6390573296152584,mediumTan,brown,oily,black,P439926,Drunk Elephant,74.0
5,1.0,0.945455015,55.0,1.3862943611198906,3.970291913552122,medium,brown,combination,brown,P439926,Drunk Elephant,74.0
1,0.0,0.966666996,60.0,1.0986122886681098,4.07753744390572,light,blue,combination,brown,P439926,Drunk Elephant,74.0
2,0.0,0.894737005,19.0,1.0986122886681098,2.8903717578961645,light,brown,combination,blonde,P439926,Drunk Elephant,74.0
5,1.0,0.949999988,20.0,0.6931471805599453,2.995732273553991,medium,hazel,combination,blonde,P439926,Drunk Elephant,74.0
1,0.0,0.391303986,23.0,2.70805020110221,2.302585092994046,light,brown,combination,auburn,P439926,Drunk Elephant,74.0
1,0.0,0.600000024,30.0,2.5649493574615367,2.9444389791664403,medium,hazel,combination,brown,P439926,Drunk Elephant,74.0
1,0.0,0.684211016,19.0,1.9459101490553132,2.6390573296152584,medium,brown,combination,brown,P439926,Drunk Elephant,74.0
4,1.0,0.892857015,28.0,1.3862943611198906,3.258096538021482,mediumTan,brown,combination,brown,P439926,Drunk Elephant,74.0
5,1.0,0.600000024,5.0,1.0986122886681098,1.3862943611198906,lightMedium,brown,dry,brown,P439926,Drunk Elephant,74.0
5,1.0,0.899999976,110.0,2.4849066497880004,4.605170185988092,light,brown,combination,black,P439926,Drunk Elephant,74.0
5,1.0,0.625,16.0,1.9459101490553132,2.3978952727983707,light,blue,dry,brown,P439926,Drunk Elephant,74.0
5,1.0,0.71559602,109.0,3.4657359027997265,4.3694478524670215,medium,brown,oily,brown,P439926,Drunk Elephant,74.0
3,1.0,1.0,4.0,0.0,1.6094379124341003,mediumTan,brown,dry,brown,P445827,fresh,33.0
5,1.0,1.0,4.0,0.0,1.6094379124341003,fairLight,brown,dry,brown,P445827,fresh,33.0
4,1.0,0.464286,28.0,2.772588722239781,2.6390573296152584,lightMedium,hazel,combination,brown,P445827,fresh,33.0
5,1.0,0.800000012,5.0,0.6931471805599453,1.6094379124341003,mediumTan,brown,combination,brown,P422430,Lancôme,48.0
5,1.0,0.833333015,6.0,0.6931471805599453,1.791759469228055,fair,hazel,dry,blonde,P422430,Lancôme,48.0
1,0.0,0.264705986,34.0,3.258096538021482,2.302585092994046,medium,brown,combination,black,P422430,Lancôme,48.0
5,1.0,1.0,4.0,0.0,1.6094379124341003,light,brown,dry,brown,P434545,OLEHENRIKSEN,60.0
1,0.0,0.722221971,18.0,1.791759469228055,2.6390573296152584,lightMedium,brown,combination,blonde,P434545,OLEHENRIKSEN,60.0
1,0.0,0.236842006,38.0,3.4011973816621555,2.302585092994046,deep,brown,normal,black,P434545,OLEHENRIKSEN,60.0
5,1.0,1.0,6.0,0.0,1.9459101490553132,lightMedium,blue,combination,blonde,P434545,OLEHENRIKSEN,60.0
4,1.0,0.5,10.0,1.791759469228055,1.791759469228055,lightMedium,brown,oily,blonde,P434545,OLEHENRIKSEN,60.0
5,1.0,0.857142985,7.0,0.6931471805599453,1.9459101490553132,light,hazel,dry,blonde,P428095,REN Clean Skincare,40.0
1,0.0,0.333332986,9.0,1.9459101490553132,1.3862943611198906,lightMedium,brown,combination,black,P428095,REN Clean Skincare,40.0
4,1.0,0.888889015,9.0,0.6931471805599453,2.1972245773362196,light,blue,combination,brown,P428095,REN Clean Skincare,40.0
3,0.0,0.25,4.0,1.3862943611198906,0.6931471805599453,lightMedium,hazel,combination,brown,P428095,REN Clean Skincare,40.0
5,1.0,1.0,4.0,0.0,1.6094379124341003,fair,brown,normal,brown,P428095,REN Clean Skincare,40.0
3,1.0,0.75,8.0,1.0986122886681098,1.9459101490553132,light,brown,combination,brown,P428095,REN Clean Skincare,40.0
5,1.0,1.0,6.0,0.0,1.9459101490553132,mediumTan,hazel,dry,brown,P428095,REN Clean Skincare,40.0
4,1.0,0.923076987,13.0,0.6931471805599453,2.5649493574615367,lightMedium,brown,combination,brown,P428095,REN Clean Skincare,40.0
5,1.0,1.0,9.0,0.0,2.302585092994046,light,hazel,dry,blonde,P428095,REN Clean Skincare,40.0
5,1.0,1.0,7.0,0.0,2.0794415416798357,light,brown,combination,black,P428095,REN Clean Skincare,40.0
5,1.0,1.0,4.0,0.0,1.6094379124341003,fair,brown,combination,brown,P428095,REN Clean Skincare,40.0
5,1.0,0.800000012,5.0,0.6931471805599453,1.6094379124341003,light,brown,oily,brown,P428095,REN Clean Skincare,40.0
1,0.0,0.833333015,18.0,1.3862943611198906,2.772588722239781,fair,green,combination,brown,P428095,REN Clean Skincare,40.0
5,1.0,0.952381015,21.0,0.6931471805599453,3.044522437723423,mediumTan,brown,normal,auburn,P428095,REN Clean Skincare,40.0
5,1.0,0.857142985,14.0,1.0986122886681098,2.5649493574615367,lightMedium,brown,normal,brown,P428095,REN Clean Skincare,40.0
5,1.0,0.952381015,21.0,0.6931471805599453,3.044522437723423,light,brown,oily,black,P428095,REN Clean Skincare,40.0
1,0.0,0.545454979,11.0,1.791759469228055,1.9459101490553132,lightMedium,brown,combination,brown,P465368,REN Clean Skincare,22.0
3,0.0,0.833333015,6.0,0.6931471805599453,1.791759469228055,lightMedium,brown,oily,brown,P465368,REN Clean Skincare,22.0
5,1.0,0.75,8.0,1.0986122886681098,1.9459101490553132,light,brown,combination,brown,P465368,REN Clean Skincare,22.0
5,1.0,1.0,5.0,0.0,1.791759469228055,tan,brown,normal,black,P465368,REN Clean Skincare,22.0
5,1.0,0.909090996,11.0,0.6931471805599453,2.3978952727983707,deep,brown,combination,black,P465368,REN Clean Skincare,22.0
5,1.0,1.0,4.0,0.0,1.6094379124341003,light,green,normal,blonde,P465368,REN Clean Skincare,22.0
5,1.0,0.899999976,10.0,0.6931471805599453,2.302585092994046,fair,brown,combination,auburn,P465368,REN Clean Skincare,22.0
1,0.0,0.882353008,17.0,1.0986122886681098,2.772588722239781,light,hazel,dry,blonde,P465368,REN Clean Skincare,22.0
5,1.0,1.0,5.0,0.0,1.791759469228055,fairLight,blue,combination,blonde,P465368,REN Clean Skincare,22.0
4,1.0,1.0,6.0,0.0,1.9459101490553132,fair,brown,combination,brown,P465368,REN Clean Skincare,22.0
3,0.0,0.800000012,10.0,1.0986122886681098,2.1972245773362196,tan,brown,combination,black,P465368,REN Clean Skincare,22.0
5,1.0,0.860000014,100.0,2.70805020110221,4.465908118654584,fair,brown,combination,black,P465368,REN Clean Skincare,22.0
1,0.0,0.5,14.0,2.0794415416798357,2.0794415416798357,lightMedium,brown,normal,black,P465368,REN Clean Skincare,22.0
1,0.0,0.537312984,67.0,3.4657359027997265,3.6109179126442243,mediumTan,brown,combination,black,P465368,REN Clean Skincare,22.0
2,0.0,0.800000012,5.0,0.6931471805599453,1.6094379124341003,fair,green,oily,brunette,P442858,fresh,29.0
4,1.0,1.0,7.0,0.0,2.0794415416798357,lightMedium,brown,dry,brown,P442858,fresh,29.0
3,0.0,0.666666985,6.0,1.0986122886681098,1.6094379124341003,fair,hazel,combination,brown,P442858,fresh,29.0
4,1.0,0.400000006,5.0,1.3862943611198906,1.0986122886681098,lightMedium,brown,oily,brown,P442858,fresh,29.0
3,0.0,0.375,16.0,2.3978952727983707,1.9459101490553132,lightMedium,hazel,combination,blonde,P442858,fresh,29.0
2,0.0,0.5,6.0,1.3862943611198906,1.3862943611198906,mediumTan,brown,combination,brown,P442858,fresh,29.0
5,1.0,0.222222,9.0,2.0794415416798357,1.0986122886681098,fair,blue,combination,brown,P442858,fresh,29.0
5,1.0,1.0,6.0,0.0,1.9459101490553132,fair,hazel,combination,auburn,P423148,Dermalogica,49.0
5,1.0,0.400000006,5.0,1.3862943611198906,1.0986122886681098,lightMedium,brown,oily,brown,P423148,Dermalogica,49.0
5,1.0,1.0,4.0,0.0,1.6094379124341003,light,brown,dry,blonde,P423148,Dermalogica,49.0
5,1.0,1.0,4.0,0.0,1.6094379124341003,light,blue,combination,brown,P423148,Dermalogica,49.0
5,1.0,1.0,4.0,0.0,1.6094379124341003,mediumTan,brown,combination,brown,P423148,Dermalogica,49.0
4,1.0,0.899999976,10.0,0.6931471805599453,2.302585092994046,mediumTan,brown,oily,brown,P423148,Dermalogica,49.0
2,1.0,1.0,4.0,0.0,1.6094379124341003,fair,blue,combination,brown,P423148,Dermalogica,49.0
5,1.0,0.93442601,61.0,1.6094379124341003,4.060443010546419,fair,brown,oily,brown,P423148,Dermalogica,49.0
5,1.0,0.941175997,17.0,0.6931471805599453,2.833213344056216,tan,brown,oily,black,P423148,Dermalogica,49.0
5,1.0,1.0,6.0,0.0,1.9459101490553132,fair,hazel,combination,auburn,P443350,Dermalogica,15.0
5,1.0,0.400000006,5.0,1.3862943611198906,1.0986122886681098,lightMedium,brown,oily,brown,P443350,Dermalogica,15.0
5,1.0,1.0,4.0,0.0,1.6094379124341003,light,brown,dry,blonde,P443350,Dermalogica,15.0
5,1.0,1.0,4.0,0.0,1.6094379124341003,light,blue,combination,brown,P443350,Dermalogica,15.0
5,1.0,1.0,4.0,0.0,1.6094379124341003,mediumTan,brown,combination,brown,P443350,Dermalogica,15.0
4,1.0,0.899999976,10.0,0.6931471805599453,2.302585092994046,mediumTan,brown,oily,brown,P443350,Dermalogica,15.0
2,1.0,1.0,4.0,0.0,1.6094379124341003,fair,blue,combination,brown,P443350,Dermalogica,15.0
5,1.0,0.93442601,61.0,1.6094379124341003,4.060443010546419,fair,brown,oily,brown,P443350,Dermalogica,15.0
5,1.0,0.941175997,17.0,0.6931471805599453,2.833213344056216,tan,brown,oily,black,P443350,Dermalogica,15.0
5,1.0,0.75,4.0,0.6931471805599453,1.3862943611198906,medium,brown,oily,auburn,P453225,Tatcha,29.0
1,0.0,0.333332986,6.0,1.6094379124341003,1.0986122886681098,fair,green,normal,blonde,P453225,Tatcha,29.0
5,1.0,1.0,11.0,0.0,2.4849066497880004,light,green,combination,brown,P453225,Tatcha,29.0
5,1.0,0.800000012,5.0,0.6931471805599453,1.6094379124341003,medium,green,combination,brunette,P453225,Tatcha,29.0
5,1.0,0.600000024,5.0,1.0986122886681098,1.3862943611198906,light,blue,dry,brown,P453225,Tatcha,29.0
1,0.0,0.222222,27.0,3.091042453358316,1.9459101490553132,lightMedium,hazel,combination,brown,P453225,Tatcha,29.0
5,1.0,1.0,4.0,0.0,1.6094379124341003,lightMedium,brown,normal,brown,P453225,Tatcha,29.0
1,0.0,0.75,12.0,1.3862943611198906,2.302585092994046,tan,brown,normal,black,P453225,Tatcha,29.0
5,1.0,0.833333015,6.0,0.6931471805599453,1.791759469228055,fairLight,hazel,combination,blonde,P453225,Tatcha,29.0
2,0.0,0.818181992,11.0,1.0986122886681098,2.302585092994046,lightMedium,brown,combination,brown,P453225,Tatcha,29.0
2,0.0,0.777778029,9.0,1.0986122886681098,2.0794415416798357,fair,brown,combination,black,P453225,Tatcha,29.0
1,0.0,0.875,8.0,0.6931471805599453,2.0794415416798357,light,blue,dry,blonde,P453225,Tatcha,29.0
5,1.0,0.714286029,7.0,1.0986122886681098,1.791759469228055,tan,brown,combination,brown,P453225,Tatcha,29.0
1,0.0,1.0,13.0,0.0,2.6390573296152584,light,green,oily,brown,P453225,Tatcha,29.0
3,0.0,1.0,8.0,0.0,2.1972245773362196,fair,brown,combination,brown,P453225,Tatcha,29.0
1,0.0,0.166666999,18.0,2.772588722239781,1.3862943611198906,light,blue,oily,brown,P453225,Tatcha,29.0
5,1.0,1.0,8.0,0.0,2.1972245773362196,rich,brown,oily,brown,P453225,Tatcha,29.0
2,0.0,0.714286029,7.0,1.0986122886681098,1.791759469228055,fair,hazel,combination,red,P453225,Tatcha,29.0
1,0.0,0.727272987,11.0,1.3862943611198906,2.1972245773362196,lightMedium,brown,combination,black,P453225,Tatcha,29.0
2,0.0,0.777778029,9.0,1.0986122886681098,2.0794415416798357,fairLight,blue,dry,blonde,P453225,Tatcha,29.0
1,0.0,0.75,20.0,1.791759469228055,2.772588722239781,fair,blue,dry,brown,P453225,Tatcha,29.0
1,0.0,0.230768993,26.0,3.044522437723423,1.9459101490553132,mediumTan,brown,dry,blonde,P3617,Peter Thomas Roth,52.0
3,0.0,0.600000024,20.0,2.1972245773362196,2.5649493574615367,fair,green,combination,brown,P3617,Peter Thomas Roth,52.0
3,1.0,0.571429014,7.0,1.3862943611198906,1.6094379124341003,fairLight,hazel,oily,black,P3617,Peter Thomas Roth,52.0
5,1.0,0.954545021,22.0,0.6931471805599453,3.091042453358316,light,brown,combination,brown,P3617,Peter Thomas Roth,52.0
4,1.0,0.857142985,7.0,0.6931471805599453,1.9459101490553132,light,brown,combination,brown,P3617,Peter Thomas Roth,52.0
1,1.0,0.600000024,5.0,1.0986122886681098,1.3862943611198906,light,brown,combination,black,P3617,Peter Thomas Roth,52.0
5,1.0,1.0,4.0,0.0,1.6094379124341003,light,brown,combination,black,P3617,Peter Thomas Roth,52.0
5,1.0,0.899999976,10.0,0.6931471805599453,2.302585092994046,light,brown,combination,black,P3617,Peter Thomas Roth,52.0
5,1.0,0.800000012,5.0,0.6931471805599453,1.6094379124341003,light,brown,combination,black,P3617,Peter Thomas Roth,52.0
5,1.0,0.75,4.0,0.6931471805599453,1.3862943611198906,light,brown,combination,black,P3617,Peter Thomas Roth,52.0
5,1.0,1.0,6.0,0.0,1.9459101490553132,light,brown,combination,black,P3617,Peter Thomas Roth,52.0
4,1.0,0.983332992,60.0,0.6931471805599453,4.0943445622221,fair,brown,oily,black,P3617,Peter Thomas Roth,52.0
5,1.0,0.875,8.0,0.6931471805599453,2.0794415416798357,light,brown,combination,black,P3617,Peter Thomas Roth,52.0
5,1.0,1.0,4.0,0.0,1.6094379124341003,medium,brown,combination,black,P474953,GUERLAIN,145.0
3,0.0,1.0,6.0,0.0,1.9459101490553132,fairLight,hazel,combination,auburn,P474953,GUERLAIN,145.0
5,1.0,0.600000024,5.0,1.0986122886681098,1.3862943611198906,deep,brown,combination,black,P476513,GUERLAIN,55.0
5,1.0,0.75,4.0,0.6931471805599453,1.3862943611198906,lightMedium,brown,combination,black,P476513,GUERLAIN,55.0
5,1.0,0.75,4.0,0.6931471805599453,1.3862943611198906,fair,brown,normal,brown,P476513,GUERLAIN,55.0
3,0.0,0.461537987,13.0,2.0794415416798357,1.9459101490553132,light,brown,combination,brown,P468658,innisfree,16.0
1,0.0,0.285714,28.0,3.044522437723423,2.1972245773362196,lightMedium,brown,oily,auburn,P468658,innisfree,16.0
2,0.0,0.666666985,9.0,1.3862943611198906,1.9459101490553132,light,brown,normal,brown,P468658,innisfree,16.0
5,1.0,0.75,4.0,0.6931471805599453,1.3862943611198906,light,brown,oily,brown,P468658,innisfree,16.0
5,1.0,0.800000012,5.0,0.6931471805599453,1.6094379124341003,fair,brown,normal,brown,P468658,innisfree,16.0
5,1.0,0.875,24.0,1.3862943611198906,3.091042453358316,light,blue,oily,blonde,P468658,innisfree,16.0
5,1.0,1.0,4.0,0.0,1.6094379124341003,light,hazel,normal,blonde,P468658,innisfree,16.0
5,1.0,0.75,4.0,0.6931471805599453,1.3862943611198906,rich,brown,combination,black,P468658,innisfree,16.0
5,1.0,0.875,8.0,0.6931471805599453,2.0794415416798357,fair,brown,combination,brown,P468658,innisfree,16.0
5,1.0,0.666666985,6.0,1.0986122886681098,1.6094379124341003,lightMedium,brown,normal,brown,P468658,innisfree,16.0
5,1.0,0.800000012,5.0,0.6931471805599453,1.6094379124341003,lightMedium,brown,normal,brown,P377570,Josie Maran,28.0
1,0.0,0.600000024,15.0,1.9459101490553132,2.302585092994046,light,blue,dry,brown,P377570,Josie Maran,28.0
4,1.0,0.857142985,7.0,0.6931471805599453,1.9459101490553132,light,green,normal,auburn,P377570,Josie Maran,28.0
5,1.0,1.0,6.0,0.0,1.9459101490553132,light,blue,combination,brown,P377570,Josie Maran,28.0
5,1.0,0.800000012,5.0,0.6931471805599453,1.6094379124341003,light,blue,combination,brown,P377570,Josie Maran,28.0
5,1.0,1.0,4.0,0.0,1.6094379124341003,light,blue,combination,brown,P377570,Josie Maran,28.0
1,1.0,0.5,4.0,1.0986122886681098,1.0986122886681098,light,blue,combination,brown,P377570,Josie Maran,28.0
5,1.0,0.75,4.0,0.6931471805599453,1.3862943611198906,light,blue,combination,brown,P377570,Josie Maran,28.0
5,1.0,0.857142985,7.0,0.6931471805599453,1.9459101490553132,light,blue,combination,brown,P377570,Josie Maran,28.0
3,1.0,1.0,4.0,0.0,1.6094379124341003,rich,brown,combination,black,P456208,goop,125.0
1,0.0,0.0,4.0,1.6094379124341003,0.0,light,green,combination,brown,P122718,CLINIQUE,26.0
5,1.0,1.0,6.0,0.0,1.9459101490553132,mediumTan,brown,combination,brown,P122718,CLINIQUE,26.0
2,1.0,0.785713971,14.0,1.3862943611198906,2.4849066497880004,fair,blue,combination,brown,P122718,CLINIQUE,26.0
5,1.0,1.0,6.0,0.0,1.9459101490553132,fair,blue,oily,brown,P122718,CLINIQUE,26.0
3,0.0,0.5,4.0,1.0986122886681098,1.0986122886681098,fair,brown,combination,black,P427397,Dr. Brandt Skincare,54.0
5,1.0,0.875,8.0,0.6931471805599453,2.0794415416798357,fair,green,combination,brown,P427397,Dr. Brandt Skincare,54.0
4,1.0,0.400000006,5.0,1.3862943611198906,1.0986122886681098,fairLight,Grey,dry,brown,P427397,Dr. Brandt Skincare,54.0
3,0.0,0.780488014,41.0,2.302585092994046,3.4965075614664802,light,blue,oily,blonde,P427397,Dr. Brandt Skincare,54.0
3,0.0,0.785713971,14.0,1.3862943611198906,2.4849066497880004,fair,brown,combination,auburn,P427397,Dr. Brandt Skincare,54.0
1,0.0,0.349999994,20.0,2.6390573296152584,2.0794415416798357,fair,blue,combination,blonde,P469502,Paula's Choice,34.0
3,1.0,0.217390999,23.0,2.9444389791664403,1.791759469228055,light,hazel,combination,brown,P469502,Paula's Choice,34.0
5,1.0,1.0,13.0,0.0,2.6390573296152584,tan,brown,combination,black,P469502,Paula's Choice,34.0
5,1.0,0.888889015,9.0,0.6931471805599453,2.1972245773362196,light,brown,combination,black,P469502,Paula's Choice,34.0
2,1.0,0.0,4.0,1.6094379124341003,0.0,light,brown,combination,gray,P469502,Paula's Choice,34.0
4,1.0,0.857142985,7.0,0.6931471805599453,1.9459101490553132,mediumTan,brown,oily,blonde,P469502,Paula's Choice,34.0
4,1.0,0.75,4.0,0.6931471805599453,1.3862943611198906,fair,hazel,dry,brown,P469502,Paula's Choice,34.0
5,1.0,0.916666985,24.0,1.0986122886681098,3.1354942159291497,rich,brown,oily,black,P469502,Paula's Choice,34.0
1,0.0,0.434783012,23.0,2.6390573296152584,2.3978952727983707,medium,brown,combination,black,P469502,Paula's Choice,34.0
1,0.0,0.428570986,21.0,2.5649493574615367,2.302585092994046,light,blue,combination,blonde,P469502,Paula's Choice,34.0
5,1.0,1.0,6.0,0.0,1.9459101490553132,fair,brown,oily,blonde,P469502,Paula's Choice,34.0
5,1.0,1.0,6.0,0.0,1.9459101490553132,deep,brown,combination,black,P469502,Paula's Choice,34.0
5,1.0,1.0,4.0,0.0,1.6094379124341003,fair,blue,dry,blonde,P469502,Paula's Choice,34.0
5,1.0,1.0,6.0,0.0,1.9459101490553132,light,brown,combination,brown,P469502,Paula's Choice,34.0
5,1.0,1.0,8.0,0.0,2.1972245773362196,mediumTan,brown,oily,black,P469502,Paula's Choice,34.0
4,1.0,0.833333015,12.0,1.0986122886681098,2.3978952727983707,lightMedium,brown,oily,black,P469502,Paula's Choice,34.0
5,1.0,0.857142985,7.0,0.6931471805599453,1.9459101490553132,mediumTan,brown,dry,brown,P469502,Paula's Choice,34.0
5,1.0,0.666666985,12.0,1.6094379124341003,2.1972245773362196,fair,hazel,combination,blonde,P469502,Paula's Choice,34.0
5,1.0,1.0,5.0,0.0,1.791759469228055,lightMedium,brown,oily,black,P469502,Paula's Choice,34.0
2,0.0,0.200000003,10.0,2.1972245773362196,1.0986122886681098,fairLight,green,normal,brown,P448937,Sunday Riley,65.0
1,0.0,1.0,4.0,0.0,1.6094379124341003,light,brown,combination,brown,P448937,Sunday Riley,65.0
5,1.0,0.666666985,6.0,1.0986122886681098,1.6094379124341003,light,blue,combination,brown,P448937,Sunday Riley,65.0
5,1.0,0.857142985,7.0,0.6931471805599453,1.9459101490553132,light,green,oily,brown,P448937,Sunday Riley,65.0
2,0.0,0.400000006,5.0,1.3862943611198906,1.0986122886681098,fair,brown,combination,brown,P448937,Sunday Riley,65.0
4,1.0,0.625,16.0,1.9459101490553132,2.3978952727983707,mediumTan,blue,dry,brown,P448937,Sunday Riley,65.0
3,1.0,0.800000012,5.0,0.6931471805599453,1.6094379124341003,light,brown,combination,brown,P421998,Kiehl's Since 1851,56.0
5,1.0,0.857142985,14.0,1.0986122886681098,2.5649493574615367,lightMedium,green,combination,blonde,P421998,Kiehl's Since 1851,56.0
1,0.0,0.785713971,14.0,1.3862943611198906,2.4849066497880004,fairLight,green,oily,red,P421998,Kiehl's Since 1851,56.0
1,0.0,0.600000024,5.0,1.0986122886681098,1.3862943611198906,fair,brown,combination,brown,P421998,Kiehl's Since 1851,56.0
1,0.0,1.0,7.0,0.0,2.0794415416798357,light,hazel,combination,blonde,P421998,Kiehl's Since 1851,56.0
3,1.0,0.121950999,41.0,3.6109179126442243,1.791759469228055,mediumTan,brown,normal,brown,P421998,Kiehl's Since 1851,56.0
5,1.0,0.888889015,27.0,1.3862943611198906,3.2188758248682006,fair,hazel,normal,brown,P421998,Kiehl's Since 1851,56.0
5,1.0,0.857142985,42.0,1.9459101490553132,3.6109179126442243,fair,brown,combination,brown,P421998,Kiehl's Since 1851,56.0
2,1.0,0.800000012,5.0,0.6931471805599453,1.6094379124341003,deep,brown,combination,black,P421998,Kiehl's Since 1851,56.0
5,1.0,0.833333015,6.0,0.6931471805599453,1.791759469228055,fair,brown,combination,brown,P421998,Kiehl's Since 1851,56.0
1,0.0,0.375,8.0,1.791759469228055,1.3862943611198906,light,green,combination,blonde,P445951,Kiehl's Since 1851,30.0
2,0.0,0.727272987,11.0,1.3862943611198906,2.1972245773362196,lightMedium,brown,oily,black,P445951,Kiehl's Since 1851,30.0
5,1.0,0.75,4.0,0.6931471805599453,1.3862943611198906,medium,brown,combination,black,P445951,Kiehl's Since 1851,30.0
1,0.0,0.636363983,11.0,1.6094379124341003,2.0794415416798357,light,blue,combination,brown,P445951,Kiehl's Since 1851,30.0
1,0.0,0.714286029,7.0,1.0986122886681098,1.791759469228055,lightMedium,brown,combination,black,P445951,Kiehl's Since 1851,30.0
5,1.0,1.0,9.0,0.0,2.302585092994046,light,brown,combination,black,P445951,Kiehl's Since 1851,30.0
1,0.0,0.800000012,20.0,1.6094379124341003,2.833213344056216,fair,green,combination,blonde,P445951,Kiehl's Since 1851,30.0
1,0.0,0.342465997,73.0,3.8918202981106265,3.258096538021482,lightMedium,brown,oily,brown,P445951,Kiehl's Since 1851,30.0
5,1.0,0.857142985,7.0,0.6931471805599453,1.9459101490553132,lightMedium,green,oily,black,P445951,Kiehl's Since 1851,30.0
1,0.0,0.833333015,12.0,1.0986122886681098,2.3978952727983707,mediumTan,brown,combination,black,P445951,Kiehl's Since 1851,30.0
5,1.0,0.727272987,11.0,1.3862943611198906,2.1972245773362196,lightMedium,brown,dry,black,P445951,Kiehl's Since 1851,30.0
5,1.0,1.0,4.0,0.0,1.6094379124341003,fairLight,blue,combination,brown,P434336,KORA Organics,28.0
5,1.0,0.875,8.0,0.6931471805599453,2.0794415416798357,fair,blue,combination,brown,P434336,KORA Organics,28.0
5,1.0,1.0,6.0,0.0,1.9459101490553132,deep,brown,combination,black,P434336,KORA Organics,28.0
5,1.0,0.909090996,11.0,0.6931471805599453,2.3978952727983707,mediumTan,brown,dry,brown,P434336,KORA Organics,28.0
5,1.0,0.909090996,11.0,0.6931471805599453,2.3978952727983707,fair,hazel,combination,blonde,P434336,KORA Organics,28.0
4,1.0,0.350876987,57.0,3.6375861597263857,3.044522437723423,light,brown,combination,black,P434336,KORA Organics,28.0
1,0.0,1.0,4.0,0.0,1.6094379124341003,medium,brown,dry,brunette,P434336,KORA Organics,28.0
5,1.0,0.954545021,22.0,0.6931471805599453,3.091042453358316,fairLight,brown,dry,blonde,P434336,KORA Organics,28.0
4,1.0,0.142857,7.0,1.9459101490553132,0.6931471805599453,light,brown,combination,blonde,P434336,KORA Organics,28.0
5,1.0,0.965516984,29.0,0.6931471805599453,3.367295829986474,fair,blue,combination,brown,P434336,KORA Organics,28.0
4,1.0,0.600000024,10.0,1.6094379124341003,1.9459101490553132,fair,hazel,dry,blonde,P421277,Algenist,115.0
4,1.0,1.0,10.0,0.0,2.3978952727983707,tan,brown,combination,black,P421277,Algenist,115.0
1,0.0,0.4375,16.0,2.302585092994046,2.0794415416798357,fair,blue,dry,brown,P421277,Algenist,115.0
4,1.0,1.0,7.0,0.0,2.0794415416798357,light,brown,dry,black,P421277,Algenist,115.0
4,1.0,1.0,6.0,0.0,1.9459101490553132,fair,blue,dry,auburn,P421277,Algenist,115.0
3,0.0,1.0,6.0,0.0,1.9459101490553132,fair,brown,combination,brown,P421277,Algenist,115.0
3,0.0,1.0,11.0,0.0,2.4849066497880004,mediumTan,brown,normal,brown,P421277,Algenist,115.0
5,1.0,1.0,9.0,0.0,2.302585092994046,mediumTan,brown,dry,brown,P421277,Algenist,115.0
1,0.0,0.888889015,9.0,0.6931471805599453,2.1972245773362196,fair,brown,combination,brown,P421277,Algenist,115.0
4,1.0,0.818181992,11.0,1.0986122886681098,2.302585092994046,fair,blue,combination,brown,P421277,Algenist,115.0
5,1.0,1.0,11.0,0.0,2.4849066497880004,fair,blue,combination,blonde,P421277,Algenist,115.0
2,0.0,0.833333015,18.0,1.3862943611198906,2.772588722239781,mediumTan,brown,normal,brown,P421277,Algenist,115.0
2,0.0,0.893616974,47.0,1.791759469228055,3.7612001156935624,fairLight,green,dry,red,P421277,Algenist,115.0
5,1.0,0.690322995,113.72000000000116,4.574710978503383,5.3706380281276624,fairLight,hazel,dry,red,P421277,Algenist,115.0
3,1.0,0.25,32.0,3.2188758248682006,2.1972245773362196,fair,brown,combination,brown,P421277,Algenist,115.0
5,1.0,1.0,5.0,0.0,1.791759469228055,fair,green,dry,brown,P455936,Summer Fridays,24.0
3,0.0,0.5,4.0,1.0986122886681098,1.0986122886681098,light,hazel,dry,red,P455936,Summer Fridays,24.0
4,1.0,0.470587999,17.0,2.302585092994046,2.1972245773362196,lightMedium,green,combination,blonde,P455936,Summer Fridays,24.0
5,1.0,0.5,4.0,1.0986122886681098,1.0986122886681098,fairLight,gray,oily,blonde,P455936,Summer Fridays,24.0
5,1.0,0.92682898,41.0,1.3862943611198906,3.6635616461296463,fair,brown,dry,blonde,P455936,Summer Fridays,24.0
2,0.0,1.0,5.0,0.0,1.791759469228055,mediumTan,brown,dry,black,P455936,Summer Fridays,24.0
5,1.0,1.0,9.0,0.0,2.302585092994046,mediumTan,hazel,combination,brown,P455936,Summer Fridays,24.0
5,1.0,1.0,4.0,0.0,1.6094379124341003,lightMedium,brown,normal,brown,P455936,Summer Fridays,24.0
5,1.0,0.833333015,6.0,0.6931471805599453,1.791759469228055,light,brown,combination,blonde,P455936,Summer Fridays,24.0
3,1.0,0.777778029,9.0,1.0986122886681098,2.0794415416798357,lightMedium,brown,dry,blonde,P455936,Summer Fridays,24.0
5,1.0,0.777778029,9.0,1.0986122886681098,2.0794415416798357,lightMedium,brown,combination,brown,P455936,Summer Fridays,24.0
5,1.0,1.0,20.0,0.0,3.044522437723423,light,brown,combination,brown,P405096,tarte,12.0
5,1.0,0.800000012,5.0,0.6931471805599453,1.6094379124341003,light,brown,combination,brown,P405096,tarte,12.0
1,0.0,1.0,7.0,0.0,2.0794415416798357,fair,blue,normal,blonde,P500777,fresh,25.0
1,0.0,1.0,45.0,0.0,3.828641396489095,light,blue,combination,blonde,P500777,fresh,25.0
2,0.0,0.928570986,14.0,0.6931471805599453,2.6390573296152584,light,blue,oily,blonde,P500777,fresh,25.0
5,1.0,0.714286029,7.0,1.0986122886681098,1.791759469228055,light,blue,dry,blonde,P467602,Algenist,68.0
3,0.0,0.857142985,7.0,0.6931471805599453,1.9459101490553132,mediumTan,brown,combination,black,P467602,Algenist,68.0
5,1.0,0.400000006,5.0,1.3862943611198906,1.0986122886681098,fair,hazel,oily,brown,P467602,Algenist,68.0
5,1.0,0.75,4.0,0.6931471805599453,1.3862943611198906,deep,brown,combination,brown,P467602,Algenist,68.0
4,1.0,1.0,8.0,0.0,2.1972245773362196,light,blue,oily,auburn,P467602,Algenist,68.0
5,1.0,0.941175997,17.0,0.6931471805599453,2.833213344056216,light,brown,combination,auburn,P443842,The INKEY List,12.99
5,1.0,0.800000012,15.0,1.3862943611198906,2.5649493574615367,mediumTan,brown,dry,brown,P443842,The INKEY List,12.99
5,1.0,1.0,5.0,0.0,1.791759469228055,mediumTan,brown,combination,brown,P443842,The INKEY List,12.99
5,1.0,0.714286029,7.0,1.0986122886681098,1.791759469228055,mediumTan,brown,combination,black,P443842,The INKEY List,12.99
3,0.0,0.916666985,12.0,0.6931471805599453,2.4849066497880004,light,blue,normal,blonde,P443842,The INKEY List,12.99
5,1.0,0.833333015,12.0,1.0986122886681098,2.3978952727983707,light,blue,combination,blonde,P443842,The INKEY List,12.99
5,1.0,0.699999988,10.0,1.3862943611198906,2.0794415416798357,medium,brown,combination,brown,P443842,The INKEY List,12.99
5,1.0,1.0,12.0,0.0,2.5649493574615367,light,blue,normal,brown,P443842,The INKEY List,12.99
4,1.0,0.555555999,9.0,1.6094379124341003,1.791759469228055,lightMedium,brown,normal,black,P443842,The INKEY List,12.99
1,0.0,0.5,6.0,1.3862943611198906,1.3862943611198906,fair,hazel,combination,brown,P443842,The INKEY List,12.99
5,1.0,1.0,62.0,0.0,4.143134726391533,fair,green,combination,blonde,P443842,The INKEY List,12.99
3,1.0,0.576923013,26.0,2.4849066497880004,2.772588722239781,fair,blue,oily,brown,P443842,The INKEY List,12.99
5,1.0,1.0,17.0,0.0,2.8903717578961645,light,brown,combination,brown,P443842,The INKEY List,12.99
1,0.0,0.481480986,54.0,3.367295829986474,3.295836866004329,lightMedium,green,combination,brown,P443842,The INKEY List,12.99
1,0.0,0.236842006,76.0,4.07753744390572,2.9444389791664403,rich,brown,oily,black,P443842,The INKEY List,12.99
3,1.0,0.0,4.0,1.6094379124341003,0.0,light,brown,combination,brown,P443842,The INKEY List,12.99
5,1.0,0.600000024,10.0,1.6094379124341003,1.9459101490553132,fairLight,green,combination,red,P443842,The INKEY List,12.99
5,1.0,0.785713971,14.0,1.3862943611198906,2.4849066497880004,light,brown,oily,brown,P443842,The INKEY List,12.99
2,0.0,1.0,5.0,0.0,1.791759469228055,lightMedium,brown,normal,black,P448802,The INKEY List,12.99
5,1.0,0.777778029,9.0,1.0986122886681098,2.0794415416798357,medium,Grey,normal,black,P448802,The INKEY List,12.99
5,1.0,1.0,4.0,0.0,1.6094379124341003,lightMedium,brown,combination,brown,P448802,The INKEY List,12.99
1,0.0,0.785713971,14.0,1.3862943611198906,2.4849066497880004,fair,brown,oily,brown,P448802,The INKEY List,12.99
4,1.0,0.800000012,5.0,0.6931471805599453,1.6094379124341003,light,green,combination,brown,P448802,The INKEY List,12.99
1,0.0,0.777778029,9.0,1.0986122886681098,2.0794415416798357,fairLight,brown,normal,auburn,P448802,The INKEY List,12.99
5,1.0,0.857142985,28.0,1.6094379124341003,3.2188758248682006,light,brown,dry,brown,P448802,The INKEY List,12.99
5,1.0,1.0,12.0,0.0,2.5649493574615367,light,brown,combination,brown,P448802,The INKEY List,12.99
5,1.0,0.0,5.0,1.791759469228055,0.0,light,brown,combination,brown,P448802,The INKEY List,12.99
1,0.0,0.899999976,10.0,0.6931471805599453,2.302585092994046,lightMedium,brown,combination,brown,P448802,The INKEY List,12.99
4,1.0,0.921347976,89.0,2.0794415416798357,4.418840607796598,light,hazel,dry,blonde,P448802,The INKEY List,12.99
1,0.0,0.466666996,15.0,2.1972245773362196,2.0794415416798357,light,green,combination,brown,P479841,fresh,69.0
5,1.0,0.25,12.0,2.302585092994046,1.3862943611198906,fair,brown,dry,brown,P479841,fresh,69.0
1,0.0,0.461537987,13.0,2.0794415416798357,1.9459101490553132,medium,brown,combination,black,P500757,Peace Out,24.0
3,0.0,1.0,4.0,0.0,1.6094379124341003,medium,brown,combination,black,P500757,Peace Out,24.0
1,0.0,0.714286029,7.0,1.0986122886681098,1.791759469228055,fair,blue,dry,red,P500757,Peace Out,24.0
1,0.0,0.714286029,7.0,1.0986122886681098,1.791759469228055,fair,hazel,normal,brunette,P500757,Peace Out,24.0
1,0.0,0.666666985,12.0,1.6094379124341003,2.1972245773362196,fair,blue,combination,auburn,P500757,Peace Out,24.0
4,1.0,0.714286029,7.0,1.0986122886681098,1.791759469228055,light,blue,combination,brunette,P500757,Peace Out,24.0
1,0.0,0.411765009,17.0,2.3978952727983707,2.0794415416798357,light,blue,oily,brunette,P500757,Peace Out,24.0
5,1.0,1.0,5.0,0.0,1.791759469228055,fair,brown,combination,auburn,P500757,Peace Out,24.0
1,0.0,0.5,4.0,1.0986122886681098,1.0986122886681098,porcelain,blue,normal,blonde,P500757,Peace Out,24.0
1,0.0,0.0,4.0,1.6094379124341003,0.0,fair,brown,combination,brunette,P500757,Peace Out,24.0
4,1.0,1.0,4.0,0.0,1.6094379124341003,fair,brown,combination,black,P500757,Peace Out,24.0
5,1.0,0.666666985,15.0,1.791759469228055,2.3978952727983707,olive,green,oily,blonde,P500757,Peace Out,24.0
2,0.0,0.772727013,22.0,1.791759469228055,2.8903717578961645,medium,brown,combination,brunette,P500757,Peace Out,24.0
1,0.0,0.75,8.0,1.0986122886681098,1.9459101490553132,light,brown,normal,red,P500757,Peace Out,24.0
5,1.0,0.833333015,6.0,0.6931471805599453,1.791759469228055,tan,brown,normal,brunette,P500757,Peace Out,24.0
3,0.0,0.368420988,19.0,2.5649493574615367,2.0794415416798357,medium,green,normal,blonde,P500757,Peace Out,24.0
5,1.0,0.975610018,41.0,0.6931471805599453,3.713572066704308,olive,brown,combination,brunette,P500757,Peace Out,24.0
5,1.0,1.0,5.0,0.0,1.791759469228055,medium,hazel,oily,brunette,P500757,Peace Out,24.0
4,1.0,1.0,12.0,0.0,2.5649493574615367,fair,brown,dry,blonde,P500757,Peace Out,24.0
5,1.0,0.857142985,7.0,0.6931471805599453,1.9459101490553132,fair,green,dry,blonde,P500757,Peace Out,24.0
5,1.0,0.857142985,14.0,1.0986122886681098,2.5649493574615367,fair,hazel,combination,brunette,P500757,Peace Out,24.0
3,0.0,0.0,4.0,1.6094379124341003,0.0,tan,brown,combination,brunette,P500757,Peace Out,24.0
1,0.0,0.5,26.0,2.6390573296152584,2.6390573296152584,deep,brown,combination,black,P500757,Peace Out,24.0
5,1.0,0.909090996,11.0,0.6931471805599453,2.3978952727983707,light,blue,dry,blonde,P500757,Peace Out,24.0
5,1.0,0.833333015,6.0,0.6931471805599453,1.791759469228055,fair,hazel,combination,brown,P418624,KORA Organics,72.0
4,1.0,1.0,4.0,0.0,1.6094379124341003,fair,brown,normal,blonde,P418624,KORA Organics,72.0
5,1.0,1.0,5.0,0.0,1.791759469228055,tan,brown,combination,black,P418624,KORA Organics,72.0
5,1.0,0.642857015,14.0,1.791759469228055,2.302585092994046,fairLight,brown,combination,brown,P418624,KORA Organics,72.0
1,0.0,0.571429014,7.0,1.3862943611198906,1.6094379124341003,light,brown,combination,black,P418624,KORA Organics,72.0
5,1.0,0.899999976,10.0,0.6931471805599453,2.302585092994046,medium,brown,combination,black,P418624,KORA Organics,72.0
2,0.0,0.75,8.0,1.0986122886681098,1.9459101490553132,lightMedium,brown,combination,brown,P418624,KORA Organics,72.0
5,1.0,0.855768979,104.0,2.772588722239781,4.499809670330265,fairLight,brown,oily,brown,P418624,KORA Organics,72.0
5,1.0,0.981131971,53.0,0.6931471805599453,3.970291913552122,fair,blue,combination,blonde,P418624,KORA Organics,72.0
5,1.0,0.909090996,11.0,0.6931471805599453,2.3978952727983707,lightMedium,brown,combination,brown,P418624,KORA Organics,72.0
5,1.0,0.944444001,18.0,0.6931471805599453,2.8903717578961645,lightMedium,blue,combination,blonde,P456211,goop,60.0
1,0.0,1.0,6.0,0.0,1.9459101490553132,light,brown,combination,brown,P456211,goop,60.0
1,0.0,1.0,7.0,0.0,2.0794415416798357,fair,blue,combination,auburn,P456211,goop,60.0
5,1.0,0.944444001,18.0,0.6931471805599453,2.8903717578961645,lightMedium,blue,combination,blonde,P459300,goop,12.0
1,0.0,1.0,6.0,0.0,1.9459101490553132,light,brown,combination,brown,P459300,goop,12.0
1,0.0,1.0,7.0,0.0,2.0794415416798357,fair,blue,combination,auburn,P459300,goop,12.0
5,1.0,1.0,18.0,0.0,2.9444389791664403,fair,hazel,combination,brown,P427410,The Ordinary,7.8
3,0.0,0.428570986,14.0,2.1972245773362196,1.9459101490553132,lightMedium,brown,combination,black,P427410,The Ordinary,7.8
4,1.0,0.851064026,47.0,2.0794415416798357,3.713572066704308,fairLight,blue,combination,blonde,P427410,The Ordinary,7.8
1,0.0,0.5,6.0,1.3862943611198906,1.3862943611198906,fairLight,hazel,dry,black,P427410,The Ordinary,7.8
5,1.0,1.0,9.0,0.0,2.302585092994046,light,brown,combination,brown,P427410,The Ordinary,7.8
4,1.0,1.0,8.0,0.0,2.1972245773362196,fairLight,hazel,combination,black,P427410,The Ordinary,7.8
4,1.0,0.875,8.0,0.6931471805599453,2.0794415416798357,tan,brown,combination,black,P427410,The Ordinary,7.8
1,0.0,0.625,8.0,1.3862943611198906,1.791759469228055,light,brown,normal,brown,P427410,The Ordinary,7.8
5,1.0,0.703125,64.0,2.995732273553991,3.828641396489095,light,brown,combination,brown,P427410,The Ordinary,7.8
4,1.0,1.0,7.0,0.0,2.0794415416798357,fairLight,blue,combination,blonde,P427410,The Ordinary,7.8
3,0.0,1.0,4.0,0.0,1.6094379124341003,light,brown,combination,brown,P427410,The Ordinary,7.8
5,1.0,1.0,7.0,0.0,2.0794415416798357,light,brown,combination,brown,P427410,The Ordinary,7.8
5,1.0,0.980000019,50.0,0.6931471805599453,3.912023005428146,lightMedium,brown,combination,black,P427410,The Ordinary,7.8
5,1.0,0.891892016,74.0,2.1972245773362196,4.204692619390966,light,brown,dry,gray,P427410,The Ordinary,7.8
4,1.0,1.0,7.0,0.0,2.0794415416798357,fair,blue,combination,blonde,P427410,The Ordinary,7.8
5,1.0,0.980768979,52.0,0.6931471805599453,3.9512437185814275,medium,brown,dry,black,P427410,The Ordinary,7.8
2,0.0,0.111111,9.0,2.1972245773362196,0.6931471805599453,light,brown,combination,brown,P427410,The Ordinary,7.8
5,1.0,0.888889015,9.0,0.6931471805599453,2.1972245773362196,light,brown,normal,brown,P427410,The Ordinary,7.8
5,1.0,1.0,4.0,0.0,1.6094379124341003,light,brown,combination,brown,P427410,The Ordinary,7.8
3,0.0,0.909090996,11.0,0.6931471805599453,2.3978952727983707,light,brown,oily,brown,P427410,The Ordinary,7.8
5,1.0,0.833333015,6.0,0.6931471805599453,1.791759469228055,fair,green,combination,brown,P427410,The Ordinary,7.8
5,1.0,0.90476203,21.0,1.0986122886681098,2.995732273553991,lightMedium,hazel,combination,blonde,P427410,The Ordinary,7.8
5,1.0,0.981131971,53.0,0.6931471805599453,3.970291913552122,tan,brown,combination,black,P427410,The Ordinary,7.8
5,1.0,1.0,4.0,0.0,1.6094379124341003,light,hazel,combination,brown,P454120,Drunk Elephant,54.0
3,0.0,0.571429014,7.0,1.3862943611198906,1.6094379124341003,medium,brown,dry,black,P454120,Drunk Elephant,54.0
5,1.0,0.800000012,15.0,1.3862943611198906,2.5649493574615367,fair,blue,combination,blonde,P454120,Drunk Elephant,54.0
1,0.0,0.761905015,21.0,1.791759469228055,2.833213344056216,fair,hazel,oily,blonde,P454120,Drunk Elephant,54.0
2,0.0,0.625,8.0,1.3862943611198906,1.791759469228055,light,brown,combination,brown,P454120,Drunk Elephant,54.0
4,0.0,0.200000003,5.0,1.6094379124341003,0.6931471805599453,light,brown,combination,brown,P454120,Drunk Elephant,54.0
2,0.0,1.0,8.0,0.0,2.1972245773362196,lightMedium,hazel,combination,brown,P454120,Drunk Elephant,54.0
5,1.0,1.0,5.0,0.0,1.791759469228055,fair,green,dry,blonde,P454120,Drunk Elephant,54.0
5,1.0,1.0,9.0,0.0,2.302585092994046,fair,brown,combination,brown,P454120,Drunk Elephant,54.0
5,1.0,1.0,4.0,0.0,1.6094379124341003,light,green,combination,blonde,P454120,Drunk Elephant,54.0
5,1.0,0.0,36.0,3.6109179126442243,0.0,fair,brown,combination,brown,P454120,Drunk Elephant,54.0
5,1.0,1.0,4.0,0.0,1.6094379124341003,light,hazel,normal,brown,P454120,Drunk Elephant,54.0
5,1.0,0.800000012,5.0,0.6931471805599453,1.6094379124341003,lightMedium,green,combination,blonde,P454120,Drunk Elephant,54.0
3,0.0,1.0,17.0,0.0,2.8903717578961645,light,green,combination,blonde,P454120,Drunk Elephant,54.0
1,0.0,0.763158023,38.0,2.302585092994046,3.4011973816621555,light,blue,dry,brown,P454120,Drunk Elephant,54.0
5,1.0,0.714286029,7.0,1.0986122886681098,1.791759469228055,light,brown,combination,auburn,P418629,Sunday Riley,22.0
1,0.0,0.25,16.0,2.5649493574615367,1.6094379124341003,lightMedium,hazel,normal,blonde,P418629,Sunday Riley,22.0
5,1.0,1.0,15.0,0.0,2.772588722239781,lightMedium,brown,normal,black,P418629,Sunday Riley,22.0
4,1.0,0.285714,7.0,1.791759469228055,1.0986122886681098,light,brown,combination,brown,P418629,Sunday Riley,22.0
3,0.0,0.875,8.0,0.6931471805599453,2.0794415416798357,light,hazel,combination,red,P418629,Sunday Riley,22.0
5,1.0,0.833333015,24.0,1.6094379124341003,3.044522437723423,fair,green,combination,blonde,P418629,Sunday Riley,22.0
5,1.0,0.75,4.0,0.6931471805599453,1.3862943611198906,fair,green,combination,brown,P418629,Sunday Riley,22.0
4,1.0,1.0,16.0,0.0,2.833213344056216,fair,blue,combination,brown,P418629,Sunday Riley,22.0
5,1.0,1.0,10.0,0.0,2.3978952727983707,light,brown,combination,black,P418629,Sunday Riley,22.0
1,1.0,0.809524,21.0,1.6094379124341003,2.8903717578961645,fair,brown,combination,blonde,P418629,Sunday Riley,22.0
1,1.0,0.75,8.0,1.0986122886681098,1.9459101490553132,fair,brown,combination,blonde,P418629,Sunday Riley,22.0
5,1.0,0.959999979,25.0,0.6931471805599453,3.2188758248682006,fair,brown,combination,blonde,P418629,Sunday Riley,22.0
5,1.0,0.333332986,9.0,1.9459101490553132,1.3862943611198906,fair,brown,combination,blonde,P418629,Sunday Riley,22.0
3,0.0,0.75999999,25.0,1.9459101490553132,2.995732273553991,fair,brown,normal,red,P474377,Tatcha,92.0
2,0.0,0.777778029,9.0,1.0986122886681098,2.0794415416798357,light,blue,oily,brown,P474377,Tatcha,92.0
5,1.0,0.800000012,5.0,0.6931471805599453,1.6094379124341003,light,blue,normal,blonde,P474377,Tatcha,92.0
5,1.0,1.0,15.0,0.0,2.772588722239781,fair,green,dry,brown,P474377,Tatcha,92.0
1,0.0,0.314285994,35.0,3.2188758248682006,2.4849066497880004,light,brown,combination,black,P474377,Tatcha,92.0
5,1.0,0.846153975,13.0,1.0986122886681098,2.4849066497880004,light,brown,combination,black,P474377,Tatcha,92.0
3,0.0,0.75,8.0,1.0986122886681098,1.9459101490553132,fairLight,blue,combination,brown,P474377,Tatcha,92.0
4,1.0,0.0,5.0,1.791759469228055,0.0,fair,green,normal,blonde,P474377,Tatcha,92.0
3,0.0,1.0,6.0,0.0,1.9459101490553132,light,hazel,normal,auburn,P474377,Tatcha,92.0
5,1.0,0.8125,16.0,1.3862943611198906,2.6390573296152584,lightMedium,brown,oily,black,P474377,Tatcha,92.0
2,0.0,0.171428993,35.0,3.4011973816621555,1.9459101490553132,light,hazel,oily,brunette,P503191,Tatcha,22.0
5,1.0,0.899999976,30.0,1.3862943611198906,3.332204510175204,lightMedium,brown,dry,black,P503191,Tatcha,22.0
5,1.0,0.942857027,35.0,1.0986122886681098,3.5263605246161616,fair,hazel,normal,brown,P503191,Tatcha,22.0
5,1.0,0.800000012,5.0,0.6931471805599453,1.6094379124341003,light,blue,combination,blonde,P503191,Tatcha,22.0
1,0.0,0.736841977,19.0,1.791759469228055,2.70805020110221,light,green,dry,brown,P503191,Tatcha,22.0
2,0.0,1.0,11.0,0.0,2.4849066497880004,fair,hazel,dry,brown,P503191,Tatcha,22.0
5,1.0,0.892857015,28.0,1.3862943611198906,3.258096538021482,light,green,dry,blonde,P503191,Tatcha,22.0
5,1.0,0.777778029,9.0,1.0986122886681098,2.0794415416798357,light,blue,dry,blonde,P473820,Estée Lauder,82.0
4,1.0,0.666666985,6.0,1.0986122886681098,1.6094379124341003,rich,brown,combination,black,P473820,Estée Lauder,82.0
5,1.0,0.666666985,6.0,1.0986122886681098,1.6094379124341003,fair,blue,combination,brown,P473820,Estée Lauder,82.0
5,1.0,1.0,5.0,0.0,1.791759469228055,fair,blue,oily,brown,P384780,Josie Maran,56.0
3,0.0,1.0,11.0,0.0,2.4849066497880004,medium,brown,dry,black,P384780,Josie Maran,56.0
5,1.0,0.615384996,13.0,1.791759469228055,2.1972245773362196,light,blue,dry,blonde,P384780,Josie Maran,56.0
1,1.0,0.600000024,5.0,1.0986122886681098,1.3862943611198906,light,blue,combination,brown,P384780,Josie Maran,56.0
5,1.0,1.0,6.0,0.0,1.9459101490553132,light,blue,combination,brown,P384780,Josie Maran,56.0
5,1.0,1.0,5.0,0.0,1.791759469228055,light,blue,combination,brown,P384780,Josie Maran,56.0
2,1.0,0.400000006,5.0,1.3862943611198906,1.0986122886681098,light,blue,combination,brown,P384780,Josie Maran,56.0
5,1.0,1.0,24.0,0.0,3.2188758248682006,light,blue,dry,brown,P384780,Josie Maran,56.0
1,1.0,0.177778006,45.0,3.6375861597263857,2.1972245773362196,light,blue,dry,brown,P384780,Josie Maran,56.0
5,1.0,1.0,4.0,0.0,1.6094379124341003,light,blue,normal,brown,P384780,Josie Maran,56.0
3,1.0,0.833333015,6.0,0.6931471805599453,1.791759469228055,light,blue,combination,brown,P384780,Josie Maran,56.0
5,1.0,1.0,4.0,0.0,1.6094379124341003,light,blue,combination,brown,P384780,Josie Maran,56.0
5,1.0,1.0,6.0,0.0,1.9459101490553132,lightMedium,green,normal,brown,P423259,Dr. Jart+,52.0
5,1.0,1.0,22.0,0.0,3.1354942159291497,light,brown,combination,brown,P423259,Dr. Jart+,52.0
5,1.0,0.875,8.0,0.6931471805599453,2.0794415416798357,lightMedium,brown,combination,brown,P423259,Dr. Jart+,52.0
1,0.0,0.400000006,15.0,2.302585092994046,1.9459101490553132,lightMedium,brown,combination,brown,P423259,Dr. Jart+,52.0
5,1.0,0.875,16.0,1.0986122886681098,2.70805020110221,fair,blue,dry,blonde,P423259,Dr. Jart+,52.0
5,1.0,0.714286029,7.0,1.0986122886681098,1.791759469228055,light,brown,combination,black,P385432,CLINIQUE,32.0
5,1.0,0.800000012,5.0,0.6931471805599453,1.6094379124341003,lightMedium,brown,dry,black,P385432,CLINIQUE,32.0
5,1.0,1.0,25.0,0.0,3.258096538021482,lightMedium,green,normal,brown,P385432,CLINIQUE,32.0
5,1.0,1.0,8.0,0.0,2.1972245773362196,lightMedium,blue,combination,blonde,P385432,CLINIQUE,32.0
1,0.0,0.800000012,5.0,0.6931471805599453,1.6094379124341003,lightMedium,brown,dry,black,P385432,CLINIQUE,32.0
5,1.0,0.916666985,12.0,0.6931471805599453,2.4849066497880004,lightMedium,brown,combination,brown,P385432,CLINIQUE,32.0
1,1.0,0.333332986,12.0,2.1972245773362196,1.6094379124341003,lightMedium,brown,combination,brown,P385432,CLINIQUE,32.0
5,1.0,0.836066008,61.0,2.3978952727983707,3.9512437185814275,lightMedium,brown,combination,brown,P385432,CLINIQUE,32.0
5,1.0,0.875,8.0,0.6931471805599453,2.0794415416798357,fair,green,combination,brown,P433444,Origins,37.0
5,1.0,1.0,11.0,0.0,2.4849066497880004,light,blue,combination,blonde,P433444,Origins,37.0
5,1.0,1.0,6.0,0.0,1.9459101490553132,tan,brown,dry,brown,P433444,Origins,37.0
5,1.0,0.857142985,7.0,0.6931471805599453,1.9459101490553132,fair,brown,combination,auburn,P431181,Isle of Paradise,32.0
3,1.0,1.0,22.0,0.0,3.1354942159291497,light,green,combination,brown,P431181,Isle of Paradise,32.0
4,1.0,0.666666985,6.0,1.0986122886681098,1.6094379124341003,fairLight,blue,dry,blonde,P431181,Isle of Paradise,32.0
1,0.0,0.75,4.0,0.6931471805599453,1.3862943611198906,light,green,normal,blonde,P431181,Isle of Paradise,32.0
5,1.0,1.0,4.0,0.0,1.6094379124341003,fair,green,oily,brown,P431181,Isle of Paradise,32.0
3,0.0,1.0,9.0,0.0,2.302585092994046,fairLight,brown,oily,brown,P431181,Isle of Paradise,32.0
5,1.0,1.0,5.0,0.0,1.791759469228055,light,blue,normal,black,P431181,Isle of Paradise,32.0
4,1.0,0.571429014,7.0,1.3862943611198906,1.6094379124341003,light,brown,normal,brown,P431181,Isle of Paradise,32.0
5,1.0,0.800000012,5.0,0.6931471805599453,1.6094379124341003,light,brown,oily,blonde,P431181,Isle of Paradise,32.0
3,1.0,0.680000007,25.0,2.1972245773362196,2.8903717578961645,fair,blue,combination,blonde,P431181,Isle of Paradise,32.0
4,1.0,0.938776016,49.0,1.3862943611198906,3.8501476017100584,lightMedium,green,combination,black,P431181,Isle of Paradise,32.0
5,1.0,0.727272987,11.0,1.3862943611198906,2.1972245773362196,light,hazel,normal,brown,P431181,Isle of Paradise,32.0
1,0.0,1.0,6.0,0.0,1.9459101490553132,fair,brown,combination,blonde,P431181,Isle of Paradise,32.0
1,0.0,0.571429014,7.0,1.3862943611198906,1.6094379124341003,fair,brown,combination,brown,P431181,Isle of Paradise,32.0
4,1.0,0.846153975,13.0,1.0986122886681098,2.4849066497880004,fair,green,combination,red,P431181,Isle of Paradise,32.0
1,0.0,0.734375,113.72000000000116,3.5553480614894135,4.553876891600541,light,blue,oily,blonde,P431181,Isle of Paradise,32.0
5,1.0,0.895833015,96.0,2.3978952727983707,4.465908118654584,lightMedium,green,combination,blonde,P431181,Isle of Paradise,32.0
5,1.0,0.86956501,23.0,1.3862943611198906,3.044522437723423,light,brown,combination,brown,P431181,Isle of Paradise,32.0
2,0.0,0.5,4.0,1.0986122886681098,1.0986122886681098,light,brown,combination,brown,P426707,First Aid Beauty,36.0
3,0.0,0.857142985,7.0,0.6931471805599453,1.9459101490553132,fair,green,oily,brown,P426707,First Aid Beauty,36.0
5,1.0,1.0,4.0,0.0,1.6094379124341003,light,brown,combination,brown,P426707,First Aid Beauty,36.0
2,0.0,0.0,11.0,2.4849066497880004,0.0,medium,brown,combination,black,P426707,First Aid Beauty,36.0
4,1.0,1.0,6.0,0.0,1.9459101490553132,lightMedium,brown,combination,black,P426707,First Aid Beauty,36.0
1,0.0,0.384615004,13.0,2.1972245773362196,1.791759469228055,lightMedium,hazel,dry,black,P426707,First Aid Beauty,36.0
5,1.0,1.0,6.0,0.0,1.9459101490553132,fairLight,green,oily,blonde,P426707,First Aid Beauty,36.0
1,0.0,0.217390999,23.0,2.9444389791664403,1.791759469228055,medium,brown,oily,black,P426707,First Aid Beauty,36.0
5,1.0,0.800000012,5.0,0.6931471805599453,1.6094379124341003,fair,brown,oily,black,P426707,First Aid Beauty,36.0
5,1.0,0.75,4.0,0.6931471805599453,1.3862943611198906,mediumTan,brown,normal,brown,P426707,First Aid Beauty,36.0
5,1.0,0.931034982,29.0,1.0986122886681098,3.332204510175204,fair,green,dry,brown,P426707,First Aid Beauty,36.0
2,0.0,0.461537987,13.0,2.0794415416798357,1.9459101490553132,mediumTan,brown,combination,black,P12295,fresh,64.0
5,1.0,1.0,11.0,0.0,2.4849066497880004,light,brown,combination,brown,P12295,fresh,64.0
5,1.0,0.833333015,6.0,0.6931471805599453,1.791759469228055,fair,brown,combination,brown,P12295,fresh,64.0
1,0.0,0.647059023,34.0,2.5649493574615367,3.1354942159291497,lightMedium,brown,dry,brown,P419223,Drunk Elephant,60.0
5,1.0,0.899999976,10.0,0.6931471805599453,2.302585092994046,light,hazel,combination,brown,P419223,Drunk Elephant,60.0
3,0.0,0.899999976,20.0,1.0986122886681098,2.9444389791664403,light,brown,oily,brown,P419223,Drunk Elephant,60.0
5,1.0,0.833333015,12.0,1.0986122886681098,2.3978952727983707,fair,brown,combination,blonde,P419223,Drunk Elephant,60.0
1,0.0,0.0,5.0,1.791759469228055,0.0,fair,blue,oily,brunette,P419223,Drunk Elephant,60.0
1,0.0,1.0,15.0,0.0,2.772588722239781,light,brown,combination,brown,P419223,Drunk Elephant,60.0
5,1.0,0.833333015,6.0,0.6931471805599453,1.791759469228055,fair,green,normal,red,P419223,Drunk Elephant,60.0
1,0.0,0.777778029,9.0,1.0986122886681098,2.0794415416798357,lightMedium,brown,combination,brown,P419223,Drunk Elephant,60.0
1,0.0,0.75,4.0,0.6931471805599453,1.3862943611198906,light,brown,combination,black,P419223,Drunk Elephant,60.0
5,1.0,0.800000012,5.0,0.6931471805599453,1.6094379124341003,fair,brown,combination,brown,P419223,Drunk Elephant,60.0
5,1.0,0.857142985,7.0,0.6931471805599453,1.9459101490553132,fair,brown,combination,brown,P419223,Drunk Elephant,60.0
4,1.0,0.769231021,13.0,1.3862943611198906,2.3978952727983707,fair,brown,combination,brown,P419223,Drunk Elephant,60.0
1,0.0,0.75,8.0,1.0986122886681098,1.9459101490553132,light,brown,dry,brown,P454378,fresh,54.0
5,1.0,0.800000012,5.0,0.6931471805599453,1.6094379124341003,lightMedium,brown,oily,brown,P454378,fresh,54.0
5,1.0,1.0,15.0,0.0,2.772588722239781,lightMedium,green,oily,brown,P454378,fresh,54.0
4,1.0,1.0,5.0,0.0,1.791759469228055,mediumTan,green,combination,brown,P454378,fresh,54.0
4,1.0,0.088235296,34.0,3.4657359027997265,1.3862943611198906,medium,brown,normal,brown,P454378,fresh,54.0
4,1.0,0.833333015,6.0,0.6931471805599453,1.791759469228055,fair,green,oily,blonde,P436359,Glow Recipe,34.0
2,0.0,0.285714,7.0,1.791759469228055,1.0986122886681098,fair,green,combination,brown,P436359,Glow Recipe,34.0
5,1.0,0.857142985,7.0,0.6931471805599453,1.9459101490553132,medium,brown,normal,brown,P436359,Glow Recipe,34.0
1,0.0,0.333332986,6.0,1.6094379124341003,1.0986122886681098,lightMedium,hazel,combination,brown,P436359,Glow Recipe,34.0
4,0.0,1.0,4.0,0.0,1.6094379124341003,light,brown,combination,brown,P436359,Glow Recipe,34.0
2,0.0,0.888889015,9.0,0.6931471805599453,2.1972245773362196,mediumTan,brown,combination,brown,P436359,Glow Recipe,34.0
2,0.0,0.899999976,10.0,0.6931471805599453,2.302585092994046,fairLight,blue,dry,brown,P436359,Glow Recipe,34.0
3,0.0,0.400000006,5.0,1.3862943611198906,1.0986122886681098,light,brown,oily,auburn,P436359,Glow Recipe,34.0
5,1.0,1.0,4.0,0.0,1.6094379124341003,medium,hazel,combination,brown,P436359,Glow Recipe,34.0
3,0.0,0.75,4.0,0.6931471805599453,1.3862943611198906,fair,blue,combination,blonde,P436359,Glow Recipe,34.0
2,0.0,0.879999995,25.0,1.3862943611198906,3.1354942159291497,mediumTan,brown,dry,brown,P436359,Glow Recipe,34.0
5,1.0,0.875,24.0,1.3862943611198906,3.091042453358316,light,brown,combination,brown,P436359,Glow Recipe,34.0
3,1.0,0.916666985,24.0,1.0986122886681098,3.1354942159291497,fair,brown,combination,brown,P436359,Glow Recipe,34.0
4,0.0,1.0,9.0,0.0,2.302585092994046,fairLight,blue,oily,blonde,P430146,Youth To The People,48.0
5,1.0,1.0,4.0,0.0,1.6094379124341003,fairLight,green,normal,brown,P430146,Youth To The People,48.0
5,1.0,0.975610018,41.0,0.6931471805599453,3.713572066704308,light,blue,combination,brown,P430146,Youth To The People,48.0
5,1.0,0.944444001,18.0,0.6931471805599453,2.8903717578961645,light,brown,dry,brown,P430146,Youth To The People,48.0
2,0.0,0.400000006,5.0,1.3862943611198906,1.0986122886681098,light,brown,dry,brown,P430146,Youth To The People,48.0
4,1.0,0.75,4.0,0.6931471805599453,1.3862943611198906,lightMedium,brown,combination,brown,P430146,Youth To The People,48.0
5,1.0,1.0,4.0,0.0,1.6094379124341003,light,brown,combination,brown,P430146,Youth To The People,48.0
4,1.0,1.0,8.0,0.0,2.1972245773362196,fair,brown,combination,brown,P430146,Youth To The People,48.0
5,1.0,0.93333298,15.0,0.6931471805599453,2.70805020110221,fair,brown,dry,brown,P430146,Youth To The People,48.0
5,1.0,0.875,32.0,1.6094379124341003,3.367295829986474,mediumTan,brown,dry,black,P430146,Youth To The People,48.0
4,1.0,0.949999988,20.0,0.6931471805599453,2.995732273553991,light,green,dry,blonde,P430146,Youth To The People,48.0
4,1.0,0.888889015,9.0,0.6931471805599453,2.1972245773362196,fair,brown,combination,red,P430146,Youth To The People,48.0
5,1.0,1.0,5.0,0.0,1.791759469228055,medium,brown,oily,black,P384539,First Aid Beauty,24.0
5,1.0,1.0,8.0,0.0,2.1972245773362196,fair,blue,combination,brown,P384539,First Aid Beauty,24.0
5,1.0,1.0,5.0,0.0,1.791759469228055,fair,blue,oily,brown,P384539,First Aid Beauty,24.0
4,1.0,1.0,7.0,0.0,2.0794415416798357,light,brown,dry,black,P454383,Supergoop!,34.0
5,1.0,1.0,13.0,0.0,2.6390573296152584,lightMedium,hazel,dry,brown,P454383,Supergoop!,34.0
3,0.0,1.0,7.0,0.0,2.0794415416798357,medium,brown,dry,black,P454383,Supergoop!,34.0
4,1.0,0.75,4.0,0.6931471805599453,1.3862943611198906,light,hazel,combination,brown,P454383,Supergoop!,34.0
1,0.0,1.0,5.0,0.0,1.791759469228055,lightMedium,brown,combination,brown,P454383,Supergoop!,34.0
1,0.0,0.25,4.0,1.3862943611198906,0.6931471805599453,light,brown,dry,blonde,P454383,Supergoop!,34.0
5,1.0,1.0,12.0,0.0,2.5649493574615367,light,hazel,combination,blonde,P454383,Supergoop!,34.0
1,0.0,0.230768993,13.0,2.3978952727983707,1.3862943611198906,fairLight,brown,combination,brown,P454383,Supergoop!,34.0
5,1.0,0.571429014,7.0,1.3862943611198906,1.6094379124341003,fairLight,brown,dry,black,P454383,Supergoop!,34.0
4,1.0,0.952381015,21.0,0.6931471805599453,3.044522437723423,lightMedium,brown,combination,black,P454383,Supergoop!,34.0
4,1.0,0.899999976,10.0,0.6931471805599453,2.302585092994046,light,brown,combination,brown,P454383,Supergoop!,34.0
5,1.0,0.800000012,5.0,0.6931471805599453,1.6094379124341003,light,brown,oily,brown,P454383,Supergoop!,34.0
5,1.0,0.833333015,6.0,0.6931471805599453,1.791759469228055,light,brown,combination,brown,P454383,Supergoop!,34.0
5,1.0,0.727272987,113.72000000000116,3.7612001156935624,4.727387818712341,light,brown,dry,brown,P454383,Supergoop!,34.0
5,1.0,0.181817994,11.0,2.302585092994046,1.0986122886681098,light,blue,combination,brown,P454384,Supergoop!,22.0
1,0.0,1.0,4.0,0.0,1.6094379124341003,fairLight,brown,combination,brown,P454384,Supergoop!,22.0
5,1.0,1.0,5.0,0.0,1.791759469228055,light,green,normal,brown,P454384,Supergoop!,22.0
3,0.0,0.800000012,20.0,1.6094379124341003,2.833213344056216,tan,brown,oily,brown,P454384,Supergoop!,22.0
4,1.0,1.0,9.0,0.0,2.302585092994046,light,blue,combination,gray,P454384,Supergoop!,22.0
2,0.0,0.846153975,13.0,1.0986122886681098,2.4849066497880004,light,blue,oily,brown,P454384,Supergoop!,22.0
4,1.0,1.0,4.0,0.0,1.6094379124341003,fair,hazel,normal,auburn,P454384,Supergoop!,22.0
5,1.0,1.0,15.0,0.0,2.772588722239781,lightMedium,brown,normal,black,P454384,Supergoop!,22.0
5,1.0,1.0,4.0,0.0,1.6094379124341003,mediumTan,brown,combination,black,P454384,Supergoop!,22.0
4,0.0,1.0,4.0,0.0,1.6094379124341003,light,brown,combination,brown,P454384,Supergoop!,22.0
5,1.0,0.857142985,7.0,0.6931471805599453,1.9459101490553132,deep,brown,oily,black,P454384,Supergoop!,22.0
5,1.0,0.86956501,23.0,1.3862943611198906,3.044522437723423,light,brown,combination,brown,P454384,Supergoop!,22.0
5,1.0,0.909090996,11.0,0.6931471805599453,2.3978952727983707,light,brown,combination,brown,P454384,Supergoop!,22.0
5,1.0,0.916666985,24.0,1.0986122886681098,3.1354942159291497,light,brown,dry,brown,P454384,Supergoop!,22.0
5,1.0,1.0,7.0,0.0,2.0794415416798357,fair,blue,combination,blonde,P481831,St. Tropez,42.0
1,0.0,0.666666985,9.0,1.3862943611198906,1.9459101490553132,mediumTan,brown,combination,black,P449175,belif,30.0
4,1.0,1.0,10.0,0.0,2.3978952727983707,tan,brown,dry,black,P449175,belif,30.0
1,0.0,0.743589997,39.0,2.3978952727983707,3.4011973816621555,fair,brown,dry,brown,P449175,belif,30.0
3,0.0,0.611110985,18.0,2.0794415416798357,2.4849066497880004,mediumTan,hazel,normal,brown,P449175,belif,30.0
4,1.0,0.333332986,6.0,1.6094379124341003,1.0986122886681098,light,brown,dry,blonde,P449175,belif,30.0
5,1.0,1.0,5.0,0.0,1.791759469228055,medium,brown,normal,black,P455236,Glow Recipe,22.0
1,0.0,0.375,8.0,1.791759469228055,1.3862943611198906,fair,brown,normal,brown,P455236,Glow Recipe,22.0
3,0.0,0.25,4.0,1.3862943611198906,0.6931471805599453,fair,brown,combination,black,P470041,Lancôme,65.0
3,0.0,0.800000012,5.0,0.6931471805599453,1.6094379124341003,fairLight,blue,combination,red,P470041,Lancôme,65.0
5,1.0,1.0,5.0,0.0,1.791759469228055,fair,blue,combination,blonde,P470041,Lancôme,65.0
4,1.0,0.899999976,10.0,0.6931471805599453,2.302585092994046,light,brown,dry,brown,P470041,Lancôme,65.0
1,0.0,0.571429014,14.0,1.9459101490553132,2.1972245773362196,lightMedium,brown,dry,brown,P470041,Lancôme,65.0
5,1.0,0.75,4.0,0.6931471805599453,1.3862943611198906,fair,green,dry,auburn,P470041,Lancôme,65.0
5,1.0,0.846153975,13.0,1.0986122886681098,2.4849066497880004,lightMedium,green,oily,brown,P470041,Lancôme,65.0
2,0.0,1.0,6.0,0.0,1.9459101490553132,light,hazel,combination,brown,P456566,OLEHENRIKSEN,71.0
5,1.0,1.0,8.0,0.0,2.1972245773362196,fair,hazel,combination,brown,P456566,OLEHENRIKSEN,71.0
5,1.0,0.625,8.0,1.3862943611198906,1.791759469228055,lightMedium,brown,combination,black,P456566,OLEHENRIKSEN,71.0
5,1.0,1.0,5.0,0.0,1.791759469228055,medium,brown,combination,black,P456566,OLEHENRIKSEN,71.0
5,1.0,1.0,6.0,0.0,1.9459101490553132,lightMedium,brown,dry,brown,P456566,OLEHENRIKSEN,71.0
3,0.0,0.78787899,33.0,2.0794415416798357,3.295836866004329,mediumTan,brown,combination,blonde,P456566,OLEHENRIKSEN,71.0
5,1.0,1.0,6.0,0.0,1.9459101490553132,light,hazel,combination,brown,P456566,OLEHENRIKSEN,71.0
5,1.0,1.0,5.0,0.0,1.791759469228055,light,blue,combination,brown,P456566,OLEHENRIKSEN,71.0
4,1.0,0.833333015,6.0,0.6931471805599453,1.791759469228055,lightMedium,brown,normal,brown,P456566,OLEHENRIKSEN,71.0
5,1.0,0.800000012,5.0,0.6931471805599453,1.6094379124341003,light,brown,combination,brown,P456566,OLEHENRIKSEN,71.0
5,1.0,1.0,7.0,0.0,2.0794415416798357,mediumTan,brown,oily,black,P456566,OLEHENRIKSEN,71.0
5,1.0,1.0,7.0,0.0,2.0794415416798357,light,green,combination,auburn,P456566,OLEHENRIKSEN,71.0
3,0.0,0.529411972,17.0,2.1972245773362196,2.302585092994046,fair,brown,combination,blonde,P456566,OLEHENRIKSEN,71.0
3,0.0,1.0,4.0,0.0,1.6094379124341003,medium,brown,normal,brown,P456566,OLEHENRIKSEN,71.0
5,1.0,0.800000012,5.0,0.6931471805599453,1.6094379124341003,lightMedium,blue,normal,brown,P456566,OLEHENRIKSEN,71.0
4,1.0,0.5,4.0,1.0986122886681098,1.0986122886681098,fairLight,brown,dry,red,P456566,OLEHENRIKSEN,71.0
3,0.0,0.600000024,5.0,1.0986122886681098,1.3862943611198906,mediumTan,brown,normal,brown,P456566,OLEHENRIKSEN,71.0
4,1.0,1.0,4.0,0.0,1.6094379124341003,light,brown,dry,brown,P456566,OLEHENRIKSEN,71.0
2,0.0,0.321678013,113.72000000000116,4.584967478670572,3.8501476017100584,light,blue,combination,blonde,P456566,OLEHENRIKSEN,71.0
1,0.0,0.75,4.0,0.6931471805599453,1.3862943611198906,fair,blue,combination,brown,P454838,Kiehl's Since 1851,55.0
1,0.0,0.949999988,20.0,0.6931471805599453,2.995732273553991,deep,brown,combination,black,P454838,Kiehl's Since 1851,55.0
5,1.0,0.400000006,5.0,1.3862943611198906,1.0986122886681098,medium,blue,combination,brown,P454838,Kiehl's Since 1851,55.0
5,1.0,0.857142985,7.0,0.6931471805599453,1.9459101490553132,mediumTan,brown,combination,brown,P454838,Kiehl's Since 1851,55.0
1,0.0,0.934782982,46.0,1.3862943611198906,3.784189633918261,deep,brown,combination,brown,P454838,Kiehl's Since 1851,55.0
1,0.0,1.0,8.0,0.0,2.1972245773362196,light,green,combination,brown,P454838,Kiehl's Since 1851,55.0
1,0.0,0.850000024,20.0,1.3862943611198906,2.8903717578961645,lightMedium,brown,combination,brown,P454838,Kiehl's Since 1851,55.0
3,1.0,0.926470995,113.72000000000116,2.3978952727983707,4.844187086458591,fairLight,blue,dry,brown,P454838,Kiehl's Since 1851,55.0
5,1.0,0.384615004,26.0,2.833213344056216,2.3978952727983707,mediumTan,brown,combination,brown,P454838,Kiehl's Since 1851,55.0
3,1.0,0.5,16.0,2.1972245773362196,2.1972245773362196,fair,hazel,combination,brown,P454838,Kiehl's Since 1851,55.0
4,1.0,0.0,4.0,1.6094379124341003,0.0,lightMedium,brown,normal,black,P454838,Kiehl's Since 1851,55.0
4,1.0,0.666666985,6.0,1.0986122886681098,1.6094379124341003,medium,brown,combination,black,P454838,Kiehl's Since 1851,55.0
5,1.0,0.699999988,10.0,1.3862943611198906,2.0794415416798357,medium,brown,oily,brown,P421276,Kate Somerville,76.0
4,1.0,1.0,8.0,0.0,2.1972245773362196,light,blue,dry,blonde,P421276,Kate Somerville,76.0
1,0.0,0.857142985,21.0,1.3862943611198906,2.9444389791664403,light,blue,normal,brown,P421276,Kate Somerville,76.0
5,1.0,0.75,4.0,0.6931471805599453,1.3862943611198906,lightMedium,brown,combination,black,P188309,CLINIQUE,23.5
5,1.0,1.0,4.0,0.0,1.6094379124341003,light,hazel,combination,brown,P188309,CLINIQUE,23.5
4,1.0,1.0,5.0,0.0,1.791759469228055,fair,brown,dry,black,P188309,CLINIQUE,23.5
2,1.0,0.923076987,13.0,0.6931471805599453,2.5649493574615367,light,brown,oily,black,P188309,CLINIQUE,23.5
3,0.0,0.833333015,6.0,0.6931471805599453,1.791759469228055,tan,brown,combination,black,P472050,OLEHENRIKSEN,51.0
5,1.0,0.5,4.0,1.0986122886681098,1.0986122886681098,light,blue,combination,blonde,P411365,Murad,92.0
2,0.0,0.592593014,27.0,2.4849066497880004,2.833213344056216,mediumTan,brown,combination,brown,P411365,Murad,92.0
2,0.0,0.720000029,25.0,2.0794415416798357,2.9444389791664403,tan,brown,combination,brown,P411365,Murad,92.0
5,1.0,1.0,14.0,0.0,2.70805020110221,lightMedium,blue,combination,blonde,P411365,Murad,92.0
4,1.0,0.833333015,6.0,0.6931471805599453,1.791759469228055,fair,blue,combination,auburn,P411365,Murad,92.0
5,1.0,0.875,8.0,0.6931471805599453,2.0794415416798357,light,blue,dry,blonde,P411365,Murad,92.0
1,1.0,0.714286029,28.0,2.1972245773362196,3.044522437723423,light,brown,combination,brown,P411365,Murad,92.0
5,1.0,1.0,5.0,0.0,1.791759469228055,light,brown,dry,brown,P214002,REN Clean Skincare,52.0
2,0.0,0.666666985,6.0,1.0986122886681098,1.6094379124341003,fair,blue,combination,blonde,P214002,REN Clean Skincare,52.0
1,1.0,0.6875,16.0,1.791759469228055,2.4849066497880004,fair,brown,normal,brown,P214002,REN Clean Skincare,52.0
3,1.0,0.25,4.0,1.3862943611198906,0.6931471805599453,fair,brown,combination,brown,P214002,REN Clean Skincare,52.0
4,1.0,0.75,4.0,0.6931471805599453,1.3862943611198906,fair,brown,combination,brown,P214002,REN Clean Skincare,52.0
4,1.0,1.0,4.0,0.0,1.6094379124341003,fair,brown,normal,brown,P214002,REN Clean Skincare,52.0
5,1.0,1.0,12.0,0.0,2.5649493574615367,fair,brown,combination,brown,P214002,REN Clean Skincare,52.0
5,1.0,1.0,10.0,0.0,2.3978952727983707,fair,brown,combination,brown,P214002,REN Clean Skincare,52.0
1,1.0,0.944444001,18.0,0.6931471805599453,2.8903717578961645,fair,brown,dry,brown,P214002,REN Clean Skincare,52.0
5,1.0,0.428570986,7.0,1.6094379124341003,1.3862943611198906,fair,blue,normal,brown,P395615,Caudalie,42.0
5,1.0,0.800000012,5.0,0.6931471805599453,1.6094379124341003,light,brown,oily,brown,P395615,Caudalie,42.0
5,1.0,0.833333015,6.0,0.6931471805599453,1.791759469228055,medium,brown,combination,red,P395615,Caudalie,42.0
5,1.0,0.888889015,9.0,0.6931471805599453,2.1972245773362196,lightMedium,brown,combination,black,P395615,Caudalie,42.0
5,1.0,1.0,8.0,0.0,2.1972245773362196,light,brown,combination,brown,P395615,Caudalie,42.0
3,0.0,0.888889015,9.0,0.6931471805599453,2.1972245773362196,fair,blue,combination,brown,P395615,Caudalie,42.0
5,1.0,1.0,5.0,0.0,1.791759469228055,deep,brown,normal,black,P395615,Caudalie,42.0
5,1.0,1.0,6.0,0.0,1.9459101490553132,fair,blue,combination,blonde,P395615,Caudalie,42.0
1,0.0,0.419355005,62.0,3.6109179126442243,3.295836866004329,lightMedium,hazel,combination,brown,P395615,Caudalie,42.0
5,1.0,1.0,26.0,0.0,3.295836866004329,light,brown,combination,brown,P395615,Caudalie,42.0
5,1.0,0.75,4.0,0.6931471805599453,1.3862943611198906,light,brown,combination,brown,P395615,Caudalie,42.0
5,1.0,1.0,31.0,0.0,3.4657359027997265,light,brown,combination,brown,P395615,Caudalie,42.0
5,1.0,1.0,6.0,0.0,1.9459101490553132,light,brown,combination,brown,P395615,Caudalie,42.0
5,1.0,0.93333298,15.0,0.6931471805599453,2.70805020110221,light,brown,combination,brown,P395615,Caudalie,42.0
5,1.0,0.875,8.0,0.6931471805599453,2.0794415416798357,lightMedium,brown,oily,auburn,P482535,Glow Recipe,42.0
1,0.0,0.875,8.0,0.6931471805599453,2.0794415416798357,fair,blue,normal,blonde,P482535,Glow Recipe,42.0
2,0.0,0.625,8.0,1.3862943611198906,1.791759469228055,light,blue,normal,blonde,P482535,Glow Recipe,42.0
1,0.0,0.676470995,34.0,2.4849066497880004,3.1780538303479458,mediumTan,brown,oily,brown,P482535,Glow Recipe,42.0
5,1.0,0.600000024,5.0,1.0986122886681098,1.3862943611198906,light,green,combination,brown,P482535,Glow Recipe,42.0
1,0.0,0.777778029,27.0,1.9459101490553132,3.091042453358316,light,green,combination,brown,P482535,Glow Recipe,42.0
5,1.0,1.0,10.0,0.0,2.3978952727983707,lightMedium,brown,oily,brown,P482535,Glow Recipe,42.0
4,1.0,1.0,7.0,0.0,2.0794415416798357,fair,hazel,oily,blonde,P411401,IT Cosmetics,49.5
5,1.0,1.0,7.0,0.0,2.0794415416798357,medium,brown,dry,black,P411401,IT Cosmetics,49.5
5,1.0,1.0,15.0,0.0,2.772588722239781,light,brown,combination,auburn,P411401,IT Cosmetics,49.5
1,0.0,0.285714,7.0,1.791759469228055,1.0986122886681098,mediumTan,hazel,combination,brown,P411401,IT Cosmetics,49.5
5,1.0,1.0,4.0,0.0,1.6094379124341003,medium,brown,dry,brown,P411401,IT Cosmetics,49.5
1,1.0,0.842104971,19.0,1.3862943611198906,2.833213344056216,light,brown,combination,blonde,P411401,IT Cosmetics,49.5
4,1.0,0.899999976,20.0,1.0986122886681098,2.9444389791664403,light,brown,normal,blonde,P411401,IT Cosmetics,49.5
5,1.0,0.982142985,56.0,0.6931471805599453,4.02535169073515,light,brown,combination,blonde,P411401,IT Cosmetics,49.5
1,1.0,0.466666996,15.0,2.1972245773362196,2.0794415416798357,light,brown,combination,blonde,P411401,IT Cosmetics,49.5
5,1.0,0.888889015,9.0,0.6931471805599453,2.1972245773362196,light,brown,combination,blonde,P411401,IT Cosmetics,49.5
5,1.0,1.0,4.0,0.0,1.6094379124341003,fairLight,brown,dry,brown,P460515,Drunk Elephant,14.0
4,1.0,0.600000024,5.0,1.0986122886681098,1.3862943611198906,fair,green,oily,blonde,P460515,Drunk Elephant,14.0
4,1.0,1.0,7.0,0.0,2.0794415416798357,light,hazel,combination,brown,P460515,Drunk Elephant,14.0
3,0.0,0.0,5.0,1.791759469228055,0.0,light,blue,combination,blonde,P460515,Drunk Elephant,14.0
3,1.0,0.428570986,7.0,1.6094379124341003,1.3862943611198906,lightMedium,brown,oily,brown,P460515,Drunk Elephant,14.0
2,0.0,0.800000012,10.0,1.0986122886681098,2.1972245773362196,medium,brown,combination,black,P460515,Drunk Elephant,14.0
3,0.0,1.0,6.0,0.0,1.9459101490553132,lightMedium,hazel,combination,brown,P460515,Drunk Elephant,14.0
5,1.0,0.899999976,10.0,0.6931471805599453,2.302585092994046,fair,blue,normal,blonde,P460515,Drunk Elephant,14.0
5,1.0,0.75,4.0,0.6931471805599453,1.3862943611198906,tan,brown,combination,black,P462347,Drunk Elephant,14.0
3,0.0,1.0,6.0,0.0,1.9459101490553132,light,brown,combination,black,P462347,Drunk Elephant,14.0
5,1.0,0.75,4.0,0.6931471805599453,1.3862943611198906,lightMedium,brown,oily,brown,P462347,Drunk Elephant,14.0
5,1.0,0.727272987,11.0,1.3862943611198906,2.1972245773362196,light,hazel,combination,brown,P462347,Drunk Elephant,14.0
5,1.0,1.0,4.0,0.0,1.6094379124341003,fairLight,blue,combination,blonde,P462347,Drunk Elephant,14.0
3,1.0,0.75,4.0,0.6931471805599453,1.3862943611198906,medium,blue,oily,blonde,P462347,Drunk Elephant,14.0
5,1.0,1.0,4.0,0.0,1.6094379124341003,lightMedium,hazel,combination,brown,P462347,Drunk Elephant,14.0
5,1.0,0.777778029,18.0,1.6094379124341003,2.70805020110221,medium,blue,normal,blonde,P462347,Drunk Elephant,14.0
5,1.0,1.0,5.0,0.0,1.791759469228055,mediumTan,brown,combination,black,P462347,Drunk Elephant,14.0
5,1.0,1.0,7.0,0.0,2.0794415416798357,mediumTan,brown,dry,brown,P471046,KORA Organics,62.0
3,1.0,0.714286029,7.0,1.0986122886681098,1.791759469228055,lightMedium,brown,normal,brown,P471046,KORA Organics,62.0
5,1.0,1.0,4.0,0.0,1.6094379124341003,medium,brown,combination,black,P455926,Shani Darden Skin Care,88.0
1,0.0,0.833333015,6.0,0.6931471805599453,1.791759469228055,light,brown,combination,brown,P455926,Shani Darden Skin Care,88.0
2,0.0,0.428570986,7.0,1.6094379124341003,1.3862943611198906,medium,brown,combination,brown,P455926,Shani Darden Skin Care,88.0
1,0.0,0.592593014,27.0,2.4849066497880004,2.833213344056216,fair,blue,oily,blonde,P455926,Shani Darden Skin Care,88.0
5,1.0,0.0625,32.0,3.4339872044851463,1.0986122886681098,lightMedium,hazel,normal,black,P455926,Shani Darden Skin Care,88.0
4,1.0,1.0,10.0,0.0,2.3978952727983707,tan,brown,combination,black,P455926,Shani Darden Skin Care,88.0
5,1.0,0.600000024,5.0,1.0986122886681098,1.3862943611198906,fairLight,brown,combination,brown,P455926,Shani Darden Skin Care,88.0
5,1.0,0.9375,16.0,0.6931471805599453,2.772588722239781,light,brown,normal,brown,P455926,Shani Darden Skin Care,88.0
5,1.0,0.916666985,12.0,0.6931471805599453,2.4849066497880004,light,blue,combination,blonde,P455926,Shani Darden Skin Care,88.0
5,1.0,0.800000012,15.0,1.3862943611198906,2.5649493574615367,light,blue,combination,blonde,P455926,Shani Darden Skin Care,88.0
5,1.0,1.0,8.0,0.0,2.1972245773362196,tan,brown,combination,black,P455926,Shani Darden Skin Care,88.0
3,1.0,0.966666996,30.0,0.6931471805599453,3.4011973816621555,light,hazel,dry,blonde,P455926,Shani Darden Skin Care,88.0
1,0.0,1.0,29.0,0.0,3.4011973816621555,mediumTan,brown,combination,black,P455926,Shani Darden Skin Care,88.0
2,0.0,0.473684013,19.0,2.3978952727983707,2.302585092994046,light,blue,oily,brown,P455926,Shani Darden Skin Care,88.0
5,1.0,0.823529005,17.0,1.3862943611198906,2.70805020110221,lightMedium,blue,normal,blonde,P455926,Shani Darden Skin Care,88.0
1,0.0,0.625,8.0,1.3862943611198906,1.791759469228055,light,brown,dry,black,P455927,Shani Darden Skin Care,30.0
3,0.0,0.75,8.0,1.0986122886681098,1.9459101490553132,tan,brown,dry,black,P455927,Shani Darden Skin Care,30.0
1,0.0,0.484847993,33.0,2.8903717578961645,2.833213344056216,light,blue,combination,blonde,P455927,Shani Darden Skin Care,30.0
5,1.0,0.9375,16.0,0.6931471805599453,2.772588722239781,deep,brown,combination,black,P455927,Shani Darden Skin Care,30.0
4,1.0,0.857142985,7.0,0.6931471805599453,1.9459101490553132,fair,brown,dry,brown,P455927,Shani Darden Skin Care,30.0
1,0.0,0.714286029,7.0,1.0986122886681098,1.791759469228055,mediumTan,brown,dry,black,P455927,Shani Darden Skin Care,30.0
5,1.0,1.0,4.0,0.0,1.6094379124341003,fair,hazel,combination,brown,P455927,Shani Darden Skin Care,30.0
5,1.0,0.800000012,5.0,0.6931471805599453,1.6094379124341003,light,green,combination,blonde,P455927,Shani Darden Skin Care,30.0
5,1.0,0.969582021,113.72000000000116,2.1972245773362196,5.545177444479562,tan,brown,combination,black,P455927,Shani Darden Skin Care,30.0
5,1.0,0.866666973,15.0,1.0986122886681098,2.6390573296152584,light,brown,combination,brown,P455927,Shani Darden Skin Care,30.0
5,1.0,0.777778029,9.0,1.0986122886681098,2.0794415416798357,light,blue,dry,brown,P455927,Shani Darden Skin Care,30.0
5,1.0,0.75,8.0,1.0986122886681098,1.9459101490553132,lightMedium,brown,combination,brown,P455927,Shani Darden Skin Care,30.0
4,1.0,0.800000012,10.0,1.0986122886681098,2.1972245773362196,lightMedium,brown,combination,brown,P455927,Shani Darden Skin Care,30.0
1,0.0,0.87786299,113.72000000000116,2.833213344056216,4.7535901911063645,fairLight,green,oily,blonde,P455927,Shani Darden Skin Care,30.0
5,1.0,0.800000012,5.0,0.6931471805599453,1.6094379124341003,light,blue,combination,brown,P455927,Shani Darden Skin Care,30.0
5,1.0,0.777778029,9.0,1.0986122886681098,2.0794415416798357,light,green,normal,brown,P447210,Biossance,56.0
2,0.0,0.625,8.0,1.3862943611198906,1.791759469228055,fairLight,blue,normal,blonde,P447210,Biossance,56.0
5,1.0,1.0,5.0,0.0,1.791759469228055,fairLight,blue,normal,blonde,P447210,Biossance,56.0
2,0.0,0.586206973,29.0,2.5649493574615367,2.8903717578961645,lightMedium,brown,combination,brown,P447210,Biossance,56.0
5,1.0,0.714286029,7.0,1.0986122886681098,1.791759469228055,lightMedium,hazel,dry,brown,P447210,Biossance,56.0
5,1.0,0.5,24.0,2.5649493574615367,2.5649493574615367,fair,blue,combination,red,P447210,Biossance,56.0
5,1.0,0.733332992,15.0,1.6094379124341003,2.4849066497880004,tan,brown,combination,black,P447210,Biossance,56.0
5,1.0,1.0,11.0,0.0,2.4849066497880004,fair,hazel,dry,brown,P447210,Biossance,56.0
5,1.0,0.818181992,11.0,1.0986122886681098,2.302585092994046,fair,brown,normal,brown,P447210,Biossance,56.0
1,0.0,0.923076987,13.0,0.6931471805599453,2.5649493574615367,fair,green,dry,brown,P447210,Biossance,56.0
5,1.0,0.75,4.0,0.6931471805599453,1.3862943611198906,light,green,dry,brown,P447210,Biossance,56.0
5,1.0,0.400000006,10.0,1.9459101490553132,1.6094379124341003,fair,blue,combination,brown,P447210,Biossance,56.0
2,1.0,0.560000002,25.0,2.4849066497880004,2.70805020110221,fair,blue,dry,blonde,P447210,Biossance,56.0
5,1.0,1.0,7.0,0.0,2.0794415416798357,medium,brown,combination,brown,P447210,Biossance,56.0
5,1.0,1.0,20.0,0.0,3.044522437723423,light,hazel,combination,red,P447210,Biossance,56.0
2,0.0,0.800000012,10.0,1.0986122886681098,2.1972245773362196,light,brown,combination,brown,P447210,Biossance,56.0
5,1.0,0.986841977,76.0,0.6931471805599453,4.330733340286331,tan,brown,combination,brown,P447210,Biossance,56.0
4,1.0,0.545454979,11.0,1.791759469228055,1.9459101490553132,fair,green,oily,brown,P447210,Biossance,56.0
1,0.0,0.733332992,15.0,1.6094379124341003,2.4849066497880004,fair,brown,combination,brown,P188307,CLINIQUE,20.0
5,1.0,1.0,4.0,0.0,1.6094379124341003,light,brown,combination,brown,P188307,CLINIQUE,20.0
4,1.0,1.0,8.0,0.0,2.1972245773362196,light,brown,oily,brown,P188307,CLINIQUE,20.0
5,1.0,1.0,8.0,0.0,2.1972245773362196,lightMedium,brown,oily,brown,P188307,CLINIQUE,20.0
1,0.0,1.0,4.0,0.0,1.6094379124341003,fair,blue,normal,blonde,P403817,CLINIQUE,32.0
1,0.0,0.0,4.0,1.6094379124341003,0.0,light,green,normal,blonde,P403817,CLINIQUE,32.0
5,1.0,1.0,5.0,0.0,1.791759469228055,light,blue,combination,brown,P403817,CLINIQUE,32.0
4,1.0,0.875,8.0,0.6931471805599453,2.0794415416798357,fair,blue,combination,brown,P403817,CLINIQUE,32.0
2,1.0,0.75,4.0,0.6931471805599453,1.3862943611198906,fair,blue,dry,brown,P403817,CLINIQUE,32.0
1,1.0,0.875,8.0,0.6931471805599453,2.0794415416798357,fair,blue,combination,brown,P403817,CLINIQUE,32.0
5,1.0,1.0,13.0,0.0,2.6390573296152584,fair,blue,combination,brown,P403817,CLINIQUE,32.0
5,1.0,0.4375,16.0,2.302585092994046,2.0794415416798357,fair,brown,dry,black,P375841,Lancôme,80.0
5,1.0,0.888889015,9.0,0.6931471805599453,2.1972245773362196,light,brown,combination,brown,P375841,Lancôme,80.0
2,1.0,1.0,4.0,0.0,1.6094379124341003,light,brown,combination,brown,P375841,Lancôme,80.0
1,1.0,0.258064985,31.0,3.1780538303479458,2.1972245773362196,light,brown,combination,brown,P375841,Lancôme,80.0
4,1.0,0.574999988,40.0,2.8903717578961645,3.1780538303479458,lightMedium,brown,combination,black,P375853,SK-II,80.0
5,1.0,1.0,10.0,0.0,2.3978952727983707,fair,brown,combination,brown,P375853,SK-II,80.0
1,1.0,1.0,4.0,0.0,1.6094379124341003,fair,brown,combination,brown,P375853,SK-II,80.0
5,1.0,1.0,16.0,0.0,2.833213344056216,fair,brown,combination,brown,P375853,SK-II,80.0
1,0.0,0.296296,27.0,2.995732273553991,2.1972245773362196,mediumTan,brown,combination,black,P297551,Origins,32.0
5,1.0,0.888889015,9.0,0.6931471805599453,2.1972245773362196,deep,brown,combination,black,P297551,Origins,32.0
5,1.0,1.0,6.0,0.0,1.9459101490553132,medium,brown,combination,black,P297551,Origins,32.0
5,1.0,1.0,6.0,0.0,1.9459101490553132,fairLight,green,combination,blonde,P297551,Origins,32.0
5,1.0,1.0,4.0,0.0,1.6094379124341003,fair,brown,combination,blonde,P297551,Origins,32.0
4,1.0,0.909090996,11.0,0.6931471805599453,2.3978952727983707,fair,brown,combination,blonde,P297551,Origins,32.0
4,1.0,1.0,4.0,0.0,1.6094379124341003,fair,brown,combination,blonde,P297551,Origins,32.0
5,1.0,0.75,4.0,0.6931471805599453,1.3862943611198906,fair,brown,combination,blonde,P297551,Origins,32.0
1,0.0,0.666666985,12.0,1.6094379124341003,2.1972245773362196,light,brown,dry,blonde,P442836,Skinfix,30.0
5,1.0,0.5,4.0,1.0986122886681098,1.0986122886681098,light,brown,combination,brown,P442836,Skinfix,30.0
5,1.0,1.0,4.0,0.0,1.6094379124341003,fair,green,combination,brown,P442836,Skinfix,30.0
5,1.0,1.0,8.0,0.0,2.1972245773362196,medium,brown,combination,blonde,P442836,Skinfix,30.0
4,1.0,1.0,4.0,0.0,1.6094379124341003,fair,brown,normal,auburn,P442836,Skinfix,30.0
4,0.0,0.666666985,6.0,1.0986122886681098,1.6094379124341003,fair,green,combination,brown,P442836,Skinfix,30.0
5,1.0,0.636363983,11.0,1.6094379124341003,2.0794415416798357,deep,brown,dry,black,P442836,Skinfix,30.0
5,1.0,1.0,8.0,0.0,2.1972245773362196,fair,blue,combination,blonde,P442836,Skinfix,30.0
3,0.0,0.888889015,9.0,0.6931471805599453,2.1972245773362196,light,blue,dry,blonde,P442836,Skinfix,30.0
3,1.0,0.75,4.0,0.6931471805599453,1.3862943611198906,fair,blue,combination,brown,P442836,Skinfix,30.0
2,0.0,0.714286029,7.0,1.0986122886681098,1.791759469228055,light,brown,combination,brown,P442744,Glow Recipe,29.0
5,1.0,0.833333015,6.0,0.6931471805599453,1.791759469228055,lightMedium,brown,combination,brown,P442744,Glow Recipe,29.0
5,1.0,1.0,7.0,0.0,2.0794415416798357,medium,brown,combination,black,P442744,Glow Recipe,29.0
2,0.0,0.416667014,12.0,2.0794415416798357,1.791759469228055,medium,brown,combination,brown,P442744,Glow Recipe,29.0
5,1.0,1.0,5.0,0.0,1.791759469228055,rich,brown,oily,auburn,P442744,Glow Recipe,29.0
5,1.0,0.888889015,9.0,0.6931471805599453,2.1972245773362196,rich,brown,oily,black,P442744,Glow Recipe,29.0
1,0.0,0.555555999,72.0,3.4965075614664802,3.713572066704308,fairLight,green,normal,blonde,P442744,Glow Recipe,29.0
5,1.0,0.827585995,29.0,1.791759469228055,3.2188758248682006,light,brown,dry,brown,P442744,Glow Recipe,29.0
3,0.0,0.555555999,9.0,1.6094379124341003,1.791759469228055,tan,brown,combination,black,P466164,Youth To The People,69.0
2,0.0,1.0,7.0,0.0,2.0794415416798357,fair,hazel,normal,blonde,P466164,Youth To The People,69.0
2,0.0,0.25,4.0,1.3862943611198906,0.6931471805599453,light,green,dry,red,P466164,Youth To The People,69.0
3,0.0,0.600000024,5.0,1.0986122886681098,1.3862943611198906,light,green,combination,blonde,P466164,Youth To The People,69.0
2,0.0,0.368420988,19.0,2.5649493574615367,2.0794415416798357,fair,brown,dry,brown,P466164,Youth To The People,69.0
3,0.0,1.0,6.0,0.0,1.9459101490553132,light,blue,dry,blonde,P466164,Youth To The People,69.0
5,1.0,1.0,9.0,0.0,2.302585092994046,light,brown,combination,brown,P466164,Youth To The People,69.0
4,1.0,0.666666985,6.0,1.0986122886681098,1.6094379124341003,light,brown,normal,brown,P466164,Youth To The People,69.0
4,1.0,0.800000012,5.0,0.6931471805599453,1.6094379124341003,lightMedium,brown,combination,black,P466164,Youth To The People,69.0
1,0.0,0.846153975,13.0,1.0986122886681098,2.4849066497880004,light,green,combination,brown,P466164,Youth To The People,69.0
5,1.0,0.666666985,12.0,1.6094379124341003,2.1972245773362196,tan,brown,combination,brown,P466164,Youth To The People,69.0
4,1.0,0.909090996,11.0,0.6931471805599453,2.3978952727983707,fairLight,green,dry,auburn,P466164,Youth To The People,69.0
5,1.0,1.0,8.0,0.0,2.1972245773362196,fair,green,dry,brown,P466164,Youth To The People,69.0
5,1.0,0.833333015,6.0,0.6931471805599453,1.791759469228055,deep,brown,normal,brown,P466164,Youth To The People,69.0
5,1.0,1.0,17.0,0.0,2.8903717578961645,light,blue,dry,blonde,P375534,First Aid Beauty,28.0
5,1.0,0.75,4.0,0.6931471805599453,1.3862943611198906,lightMedium,brown,combination,brown,P375534,First Aid Beauty,28.0
1,1.0,0.25,12.0,2.302585092994046,1.3862943611198906,light,brown,combination,brown,P375534,First Aid Beauty,28.0
5,1.0,0.454544991,11.0,1.9459101490553132,1.791759469228055,light,hazel,oily,brown,P440650,Murad,32.0
4,1.0,0.857142985,21.0,1.3862943611198906,2.9444389791664403,fairLight,blue,dry,brown,P440650,Murad,32.0
4,1.0,0.888889015,9.0,0.6931471805599453,2.1972245773362196,light,blue,dry,blonde,P440650,Murad,32.0
5,1.0,1.0,8.0,0.0,2.1972245773362196,lightMedium,brown,combination,brown,P440650,Murad,32.0
1,0.0,0.400000006,20.0,2.5649493574615367,2.1972245773362196,lightMedium,brown,dry,brown,P440650,Murad,32.0
5,1.0,0.857142985,7.0,0.6931471805599453,1.9459101490553132,fair,blue,normal,brown,P440650,Murad,32.0
5,1.0,1.0,15.0,0.0,2.772588722239781,light,green,combination,brown,P446942,The INKEY List,9.99
5,1.0,0.666666985,6.0,1.0986122886681098,1.6094379124341003,fair,blue,combination,blonde,P446942,The INKEY List,9.99
4,1.0,0.625,8.0,1.3862943611198906,1.791759469228055,medium,brown,combination,brown,P446942,The INKEY List,9.99
5,1.0,0.25,4.0,1.3862943611198906,0.6931471805599453,lightMedium,brown,dry,brown,P446942,The INKEY List,9.99
5,1.0,1.0,4.0,0.0,1.6094379124341003,light,brown,combination,brown,P446942,The INKEY List,9.99
2,0.0,1.0,5.0,0.0,1.791759469228055,deep,brown,oily,black,P446942,The INKEY List,9.99
4,1.0,1.0,6.0,0.0,1.9459101490553132,light,brown,combination,brown,P446942,The INKEY List,9.99
5,1.0,0.800000012,5.0,0.6931471805599453,1.6094379124341003,light,blue,normal,brown,P446942,The INKEY List,9.99
4,1.0,1.0,9.0,0.0,2.302585092994046,fair,hazel,combination,brown,P446942,The INKEY List,9.99
4,1.0,0.92592603,27.0,1.0986122886681098,3.258096538021482,mediumTan,brown,oily,black,P446942,The INKEY List,9.99
5,1.0,0.93333298,15.0,0.6931471805599453,2.70805020110221,deep,brown,oily,black,P446942,The INKEY List,9.99
3,0.0,1.0,4.0,0.0,1.6094379124341003,lightMedium,brown,combination,black,P433443,belif,38.0
5,1.0,0.75,4.0,0.6931471805599453,1.3862943611198906,fair,brown,normal,black,P433443,belif,38.0
5,1.0,0.666666985,6.0,1.0986122886681098,1.6094379124341003,mediumTan,brown,combination,brown,P472468,Glow Recipe,40.0
5,1.0,1.0,4.0,0.0,1.6094379124341003,deep,brown,combination,black,P472468,Glow Recipe,40.0
5,1.0,0.5,4.0,1.0986122886681098,1.0986122886681098,fair,blue,dry,blonde,P472468,Glow Recipe,40.0
4,1.0,1.0,11.0,0.0,2.4849066497880004,light,hazel,combination,auburn,P472468,Glow Recipe,40.0
5,1.0,0.857142985,14.0,1.0986122886681098,2.5649493574615367,light,green,dry,blonde,P457005,fresh,60.0
5,1.0,0.875,24.0,1.3862943611198906,3.091042453358316,fair,hazel,dry,blonde,P457005,fresh,60.0
3,0.0,1.0,7.0,0.0,2.0794415416798357,light,blue,dry,brown,P457005,fresh,60.0
2,0.0,1.0,20.0,0.0,3.044522437723423,mediumTan,brown,combination,black,P457005,fresh,60.0
5,1.0,0.800000012,5.0,0.6931471805599453,1.6094379124341003,light,brown,oily,brown,P457005,fresh,60.0
3,1.0,0.75,4.0,0.6931471805599453,1.3862943611198906,light,green,dry,brown,P457005,fresh,60.0
5,1.0,1.0,4.0,0.0,1.6094379124341003,fair,brown,normal,blonde,P416139,Sunday Riley,65.0
5,1.0,0.75,4.0,0.6931471805599453,1.3862943611198906,light,brown,dry,brown,P416139,Sunday Riley,65.0
5,1.0,0.785713971,14.0,1.3862943611198906,2.4849066497880004,mediumTan,green,combination,brown,P416139,Sunday Riley,65.0
5,1.0,0.90476203,21.0,1.0986122886681098,2.995732273553991,lightMedium,brown,combination,brown,P416139,Sunday Riley,65.0
1,0.0,0.941175997,17.0,0.6931471805599453,2.833213344056216,fair,brown,combination,red,P416139,Sunday Riley,65.0
5,1.0,1.0,4.0,0.0,1.6094379124341003,light,brown,combination,black,P416139,Sunday Riley,65.0
5,1.0,1.0,13.0,0.0,2.6390573296152584,light,blue,oily,gray,P416139,Sunday Riley,65.0
4,1.0,0.909090996,22.0,1.0986122886681098,3.044522437723423,tan,brown,combination,black,P416139,Sunday Riley,65.0
3,1.0,0.800000012,5.0,0.6931471805599453,1.6094379124341003,fair,brown,dry,brown,P416139,Sunday Riley,65.0
5,1.0,0.942857027,35.0,1.0986122886681098,3.5263605246161616,fair,brown,oily,brown,P416139,Sunday Riley,65.0
3,1.0,0.666666985,6.0,1.0986122886681098,1.6094379124341003,fair,brown,combination,brown,P416139,Sunday Riley,65.0
5,1.0,0.75,4.0,0.6931471805599453,1.3862943611198906,fair,brown,combination,brown,P416139,Sunday Riley,65.0
5,1.0,0.454544991,11.0,1.9459101490553132,1.791759469228055,fair,hazel,combination,blonde,P469538,Sulwhasoo,89.0
4,1.0,0.400000006,5.0,1.3862943611198906,1.0986122886681098,fair,green,combination,auburn,P476729,Sulwhasoo,25.0
5,1.0,0.416667014,12.0,2.0794415416798357,1.791759469228055,fairLight,blue,combination,blonde,P476729,Sulwhasoo,25.0
2,0.0,1.0,11.0,0.0,2.4849066497880004,light,brown,normal,brown,P476729,Sulwhasoo,25.0
1,0.0,0.821429014,56.0,2.3978952727983707,3.8501476017100584,medium,brown,combination,black,P476729,Sulwhasoo,25.0
5,1.0,0.200000003,5.0,1.6094379124341003,0.6931471805599453,light,green,oily,brown,P476729,Sulwhasoo,25.0
5,1.0,0.857142985,7.0,0.6931471805599453,1.9459101490553132,medium,brown,dry,black,P454313,LANEIGE,34.0
5,1.0,0.923076987,13.0,0.6931471805599453,2.5649493574615367,medium,brown,dry,brown,P454313,LANEIGE,34.0
5,1.0,1.0,11.0,0.0,2.4849066497880004,fair,blue,dry,brown,P454313,LANEIGE,34.0
4,1.0,1.0,7.0,0.0,2.0794415416798357,light,blue,combination,red,P454313,LANEIGE,34.0
5,1.0,1.0,7.0,0.0,2.0794415416798357,fair,brown,normal,brown,P454313,LANEIGE,34.0
5,1.0,0.833333015,6.0,0.6931471805599453,1.791759469228055,light,brown,combination,brown,P454313,LANEIGE,34.0
5,1.0,0.899999976,10.0,0.6931471805599453,2.302585092994046,mediumTan,brown,combination,black,P454313,LANEIGE,34.0
5,1.0,0.5,4.0,1.0986122886681098,1.0986122886681098,mediumTan,brown,combination,black,P454313,LANEIGE,34.0
1,0.0,0.318181992,22.0,2.772588722239781,2.0794415416798357,lightMedium,brown,dry,brown,P454313,LANEIGE,34.0
3,0.0,0.333332986,9.0,1.9459101490553132,1.3862943611198906,lightMedium,brown,combination,brown,P454313,LANEIGE,34.0
5,1.0,0.833333015,12.0,1.0986122886681098,2.3978952727983707,fairLight,blue,oily,blonde,P454313,LANEIGE,34.0
5,1.0,1.0,7.0,0.0,2.0794415416798357,lightMedium,brown,combination,brown,P454313,LANEIGE,34.0
5,1.0,1.0,5.0,0.0,1.791759469228055,fair,blue,combination,blonde,P454313,LANEIGE,34.0
3,0.0,0.800000012,5.0,0.6931471805599453,1.6094379124341003,light,hazel,combination,auburn,P409631,tarte,22.0
5,1.0,1.0,4.0,0.0,1.6094379124341003,fair,blue,normal,brown,P409631,tarte,22.0
5,1.0,1.0,6.0,0.0,1.9459101490553132,fair,brown,combination,brown,P409631,tarte,22.0
4,1.0,0.800000012,5.0,0.6931471805599453,1.6094379124341003,fair,brown,combination,brown,P409631,tarte,22.0
4,1.0,0.583333015,12.0,1.791759469228055,2.0794415416798357,mediumTan,brown,normal,black,P453224,Biossance,65.0
2,0.0,1.0,5.0,0.0,1.791759469228055,mediumTan,brown,combination,black,P453224,Biossance,65.0
5,1.0,0.800000012,10.0,1.0986122886681098,2.1972245773362196,lightMedium,hazel,normal,brown,P453224,Biossance,65.0
2,0.0,0.5,10.0,1.791759469228055,1.791759469228055,light,green,combination,black,P453224,Biossance,65.0
5,1.0,1.0,5.0,0.0,1.791759469228055,light,blue,combination,blonde,P453224,Biossance,65.0
2,0.0,0.913043022,23.0,1.0986122886681098,3.091042453358316,medium,brown,combination,brown,P453224,Biossance,65.0
3,0.0,0.666666985,15.0,1.791759469228055,2.3978952727983707,fairLight,green,dry,brown,P453224,Biossance,65.0
5,1.0,1.0,11.0,0.0,2.4849066497880004,light,green,dry,blonde,P453224,Biossance,65.0
5,1.0,0.899999976,10.0,0.6931471805599453,2.302585092994046,mediumTan,hazel,dry,brown,P453224,Biossance,65.0
4,1.0,1.0,4.0,0.0,1.6094379124341003,fairLight,green,combination,blonde,P453224,Biossance,65.0
5,1.0,0.780668974,113.72000000000116,4.0943445622221,5.351858133476067,fair,brown,combination,brown,P453224,Biossance,65.0
5,1.0,1.0,4.0,0.0,1.6094379124341003,fair,green,dry,blonde,P453224,Biossance,65.0
4,1.0,0.0,4.0,1.6094379124341003,0.0,mediumTan,brown,combination,black,P453224,Biossance,65.0
4,1.0,0.800000012,10.0,1.0986122886681098,2.1972245773362196,medium,hazel,combination,gray,P475589,Origins,37.0
5,1.0,1.0,5.0,0.0,1.791759469228055,medium,brown,combination,brown,P475589,Origins,37.0
5,1.0,1.0,8.0,0.0,2.1972245773362196,tan,brown,combination,black,P475589,Origins,37.0
4,1.0,0.75,4.0,0.6931471805599453,1.3862943611198906,medium,brown,combination,brown,P475589,Origins,37.0
2,0.0,0.571429014,7.0,1.3862943611198906,1.6094379124341003,fairLight,green,combination,red,P443830,The INKEY List,14.99
5,1.0,1.0,27.0,0.0,3.332204510175204,lightMedium,brown,combination,brown,P443830,The INKEY List,14.99
4,1.0,1.0,5.0,0.0,1.791759469228055,tan,brown,normal,brown,P443830,The INKEY List,14.99
5,1.0,0.75,8.0,1.0986122886681098,1.9459101490553132,fair,brown,combination,brown,P443830,The INKEY List,14.99
3,1.0,0.75,4.0,0.6931471805599453,1.3862943611198906,light,brown,normal,brown,P443830,The INKEY List,14.99
5,1.0,0.888889015,18.0,1.0986122886681098,2.833213344056216,medium,brown,dry,black,P443830,The INKEY List,14.99
4,1.0,0.75,4.0,0.6931471805599453,1.3862943611198906,medium,brown,combination,blonde,P443830,The INKEY List,14.99
5,1.0,1.0,17.0,0.0,2.8903717578961645,deep,brown,oily,brown,P443830,The INKEY List,14.99
5,1.0,1.0,4.0,0.0,1.6094379124341003,light,green,combination,auburn,P400203,Herbivore,74.0
5,1.0,0.888889015,54.0,1.9459101490553132,3.8918202981106265,lightMedium,hazel,normal,brown,P400203,Herbivore,74.0
5,1.0,1.0,8.0,0.0,2.1972245773362196,light,hazel,combination,brown,P400203,Herbivore,74.0
4,1.0,0.875,8.0,0.6931471805599453,2.0794415416798357,lightMedium,brown,combination,black,P400203,Herbivore,74.0
2,0.0,0.857142985,7.0,0.6931471805599453,1.9459101490553132,lightMedium,brown,combination,brown,P400203,Herbivore,74.0
4,1.0,0.833333015,6.0,0.6931471805599453,1.791759469228055,light,brown,combination,black,P400203,Herbivore,74.0
5,1.0,0.800000012,5.0,0.6931471805599453,1.6094379124341003,lightMedium,green,oily,brown,P400203,Herbivore,74.0
1,0.0,0.845528007,113.72000000000116,2.995732273553991,4.653960350157523,fair,hazel,combination,blonde,P400203,Herbivore,74.0
5,1.0,0.9375,16.0,0.6931471805599453,2.772588722239781,light,brown,combination,brown,P400203,Herbivore,74.0
5,1.0,0.800000012,5.0,0.6931471805599453,1.6094379124341003,light,brown,combination,brown,P400203,Herbivore,74.0
4,1.0,0.875,24.0,1.3862943611198906,3.091042453358316,light,brown,combination,brown,P400203,Herbivore,74.0
5,1.0,1.0,4.0,0.0,1.6094379124341003,light,green,combination,auburn,P479904,Herbivore,15.0
5,1.0,0.888889015,54.0,1.9459101490553132,3.8918202981106265,lightMedium,hazel,normal,brown,P479904,Herbivore,15.0
5,1.0,1.0,8.0,0.0,2.1972245773362196,light,hazel,combination,brown,P479904,Herbivore,15.0
4,1.0,0.875,8.0,0.6931471805599453,2.0794415416798357,lightMedium,brown,combination,black,P479904,Herbivore,15.0
2,0.0,0.857142985,7.0,0.6931471805599453,1.9459101490553132,lightMedium,brown,combination,brown,P479904,Herbivore,15.0
4,1.0,0.833333015,6.0,0.6931471805599453,1.791759469228055,light,brown,combination,black,P479904,Herbivore,15.0
5,1.0,0.800000012,5.0,0.6931471805599453,1.6094379124341003,lightMedium,green,oily,brown,P479904,Herbivore,15.0
1,0.0,0.845528007,113.72000000000116,2.995732273553991,4.653960350157523,fair,hazel,combination,blonde,P479904,Herbivore,15.0
5,1.0,0.9375,16.0,0.6931471805599453,2.772588722239781,light,brown,combination,brown,P479904,Herbivore,15.0
5,1.0,0.800000012,5.0,0.6931471805599453,1.6094379124341003,light,brown,combination,brown,P479904,Herbivore,15.0
4,1.0,0.875,24.0,1.3862943611198906,3.091042453358316,light,brown,combination,brown,P479904,Herbivore,15.0
2,0.0,0.875,16.0,1.0986122886681098,2.70805020110221,mediumTan,brown,oily,black,P505346,Sulwhasoo,110.0
5,1.0,0.600000024,5.0,1.0986122886681098,1.3862943611198906,lightMedium,brown,combination,brown,P505346,Sulwhasoo,110.0
5,1.0,0.625,8.0,1.3862943611198906,1.791759469228055,light,green,normal,blonde,P505346,Sulwhasoo,110.0
5,1.0,0.9375,16.0,0.6931471805599453,2.772588722239781,fair,blue,combination,blonde,P505346,Sulwhasoo,110.0
3,0.0,0.200000003,25.0,3.044522437723423,1.791759469228055,fairLight,green,dry,brown,P505346,Sulwhasoo,110.0
3,0.0,0.125,40.0,3.58351893845611,1.791759469228055,light,brown,combination,auburn,P505346,Sulwhasoo,110.0
5,1.0,1.0,12.0,0.0,2.5649493574615367,fair,hazel,dry,brown,P427411,The Ordinary,11.1
5,1.0,1.0,11.0,0.0,2.4849066497880004,fair,brown,dry,brown,P427411,The Ordinary,11.1
3,1.0,0.363635987,22.0,2.70805020110221,2.1972245773362196,light,brown,dry,brown,P427411,The Ordinary,11.1
3,1.0,0.888889015,9.0,0.6931471805599453,2.1972245773362196,fairLight,green,dry,blonde,P427411,The Ordinary,11.1
5,1.0,0.75,8.0,1.0986122886681098,1.9459101490553132,fair,hazel,dry,brown,P427411,The Ordinary,11.1
5,1.0,0.896552026,29.0,1.3862943611198906,3.295836866004329,light,brown,combination,brown,P427411,The Ordinary,11.1
5,1.0,1.0,4.0,0.0,1.6094379124341003,fairLight,blue,combination,blonde,P427411,The Ordinary,11.1
5,1.0,0.916666985,12.0,0.6931471805599453,2.4849066497880004,fairLight,blue,dry,blonde,P427411,The Ordinary,11.1
5,1.0,0.545454979,11.0,1.791759469228055,1.9459101490553132,medium,brown,combination,brown,P427411,The Ordinary,11.1
5,1.0,0.75,8.0,1.0986122886681098,1.9459101490553132,lightMedium,brown,combination,black,P427411,The Ordinary,11.1
4,1.0,0.875,8.0,0.6931471805599453,2.0794415416798357,light,brown,normal,black,P427411,The Ordinary,11.1
5,1.0,0.84375,32.0,1.791759469228055,3.332204510175204,mediumTan,brown,oily,black,P427411,The Ordinary,11.1
5,1.0,1.0,12.0,0.0,2.5649493574615367,fair,hazel,dry,brown,P427411,The Ordinary,11.1
5,1.0,1.0,7.0,0.0,2.0794415416798357,fair,blue,combination,red,P427411,The Ordinary,11.1
5,1.0,0.941175997,17.0,0.6931471805599453,2.833213344056216,lightMedium,hazel,dry,brown,P427411,The Ordinary,11.1
5,1.0,0.866666973,15.0,1.0986122886681098,2.6390573296152584,mediumTan,brown,oily,brown,P427411,The Ordinary,11.1
5,1.0,1.0,14.0,0.0,2.70805020110221,fair,blue,combination,red,P427411,The Ordinary,11.1
4,1.0,0.714286029,14.0,1.6094379124341003,2.3978952727983707,fair,brown,dry,brown,P427411,The Ordinary,11.1
2,0.0,0.25,4.0,1.3862943611198906,0.6931471805599453,lightMedium,hazel,combination,brown,P427411,The Ordinary,11.1
1,0.0,0.839827001,113.72000000000116,3.6375861597263857,5.272999558563747,tan,brown,oily,black,P427411,The Ordinary,11.1
5,1.0,1.0,7.0,0.0,2.0794415416798357,light,hazel,combination,brown,P427411,The Ordinary,11.1
5,1.0,0.75,4.0,0.6931471805599453,1.3862943611198906,light,blue,combination,blonde,P427411,The Ordinary,11.1
4,1.0,0.947368026,38.0,1.0986122886681098,3.6109179126442243,fair,blue,combination,blonde,P427411,The Ordinary,11.1
1,0.0,0.636363983,11.0,1.6094379124341003,2.0794415416798357,medium,brown,normal,black,P458755,Charlotte Tilbury,85.0
2,0.0,0.888889015,18.0,1.0986122886681098,2.833213344056216,lightMedium,brown,dry,black,P458755,Charlotte Tilbury,85.0
5,1.0,0.600000024,5.0,1.0986122886681098,1.3862943611198906,lightMedium,brown,dry,brown,P458755,Charlotte Tilbury,85.0
2,0.0,1.0,8.0,0.0,2.1972245773362196,light,blue,combination,blonde,P458755,Charlotte Tilbury,85.0
5,1.0,0.300000012,10.0,2.0794415416798357,1.3862943611198906,fair,hazel,combination,black,P458755,Charlotte Tilbury,85.0
2,0.0,0.769231021,13.0,1.3862943611198906,2.3978952727983707,lightMedium,green,combination,brown,P309310,Sunday Riley,35.0
1,0.0,1.0,5.0,0.0,1.791759469228055,light,green,combination,gray,P309310,Sunday Riley,35.0
1,0.0,0.714286029,7.0,1.0986122886681098,1.791759469228055,tan,brown,combination,brown,P309310,Sunday Riley,35.0
1,0.0,0.833333015,6.0,0.6931471805599453,1.791759469228055,fair,green,combination,blonde,P309310,Sunday Riley,35.0
2,0.0,0.981684983,113.72000000000116,1.791759469228055,5.594711379601839,light,green,combination,brown,P309310,Sunday Riley,35.0
5,1.0,0.600000024,5.0,1.0986122886681098,1.3862943611198906,lightMedium,brown,combination,black,P309310,Sunday Riley,35.0
4,0.0,1.0,7.0,0.0,2.0794415416798357,light,green,oily,blonde,P474937,Caudalie,30.0
5,1.0,1.0,4.0,0.0,1.6094379124341003,porcelain,blue,combination,blonde,P474937,Caudalie,30.0
5,1.0,0.866666973,15.0,1.0986122886681098,2.6390573296152584,deep,brown,combination,black,P474937,Caudalie,30.0
5,1.0,0.894737005,19.0,1.0986122886681098,2.8903717578961645,fair,blue,combination,brunette,P474937,Caudalie,30.0
5,1.0,0.600000024,5.0,1.0986122886681098,1.3862943611198906,medium,brown,combination,brunette,P474937,Caudalie,30.0
1,0.0,0.400000006,45.0,3.332204510175204,2.9444389791664403,fair,brown,normal,brown,P404322,Kate Somerville,44.0
5,1.0,0.833333015,6.0,0.6931471805599453,1.791759469228055,mediumTan,green,combination,black,P404322,Kate Somerville,44.0
1,0.0,0.4375,48.0,3.332204510175204,3.091042453358316,lightMedium,brown,combination,black,P404322,Kate Somerville,44.0
5,1.0,1.0,5.0,0.0,1.791759469228055,fair,green,dry,brown,P404322,Kate Somerville,44.0
1,0.0,0.769231021,13.0,1.3862943611198906,2.3978952727983707,fair,blue,combination,brown,P404322,Kate Somerville,44.0
5,1.0,1.0,4.0,0.0,1.6094379124341003,fair,brown,combination,brown,P404322,Kate Somerville,44.0
5,1.0,0.766667008,60.0,2.70805020110221,3.8501476017100584,fair,brown,combination,brown,P404322,Kate Somerville,44.0
5,1.0,1.0,6.0,0.0,1.9459101490553132,fair,brown,combination,brown,P404322,Kate Somerville,44.0
2,0.0,0.666666985,9.0,1.3862943611198906,1.9459101490553132,light,brown,dry,blonde,P448202,Shiseido,75.0
4,1.0,0.83871001,31.0,1.791759469228055,3.295836866004329,light,blue,normal,blonde,P453930,Dermalogica,74.0
1,0.0,0.600000024,30.0,2.5649493574615367,2.9444389791664403,rich,brown,combination,brown,P453930,Dermalogica,74.0
5,1.0,1.0,12.0,0.0,2.5649493574615367,fair,hazel,combination,auburn,P39970,fresh,15.0
4,1.0,0.9375,16.0,0.6931471805599453,2.772588722239781,lightMedium,brown,combination,brown,P39970,fresh,15.0
3,1.0,0.75,4.0,0.6931471805599453,1.3862943611198906,lightMedium,brown,combination,brown,P39970,fresh,15.0
3,0.0,0.777778029,9.0,1.0986122886681098,2.0794415416798357,lightMedium,brown,combination,black,P463105,Shiseido,75.0
2,0.0,0.666666985,9.0,1.3862943611198906,1.9459101490553132,light,blue,combination,blonde,P442838,Skinfix,44.0
2,0.0,0.384615004,13.0,2.1972245773362196,1.791759469228055,fair,hazel,combination,brown,P442838,Skinfix,44.0
3,0.0,0.75,12.0,1.3862943611198906,2.302585092994046,light,brown,dry,brown,P442838,Skinfix,44.0
5,1.0,1.0,6.0,0.0,1.9459101490553132,fair,hazel,dry,brown,P442838,Skinfix,44.0
5,1.0,1.0,11.0,0.0,2.4849066497880004,lightMedium,brown,dry,brown,P442838,Skinfix,44.0
4,1.0,0.916666985,12.0,0.6931471805599453,2.4849066497880004,light,brown,combination,brown,P442838,Skinfix,44.0
5,1.0,1.0,15.0,0.0,2.772588722239781,fair,brown,combination,red,P442838,Skinfix,44.0
1,0.0,0.92592603,27.0,1.0986122886681098,3.258096538021482,fair,brown,combination,brown,P442838,Skinfix,44.0
5,1.0,1.0,15.0,0.0,2.772588722239781,fair,blue,combination,brown,P442838,Skinfix,44.0
1,0.0,0.699999988,10.0,1.3862943611198906,2.0794415416798357,light,brown,combination,brown,P442838,Skinfix,44.0
5,1.0,0.908676028,113.72000000000116,3.044522437723423,5.298317366548036,fairLight,green,dry,blonde,P442838,Skinfix,44.0
5,1.0,0.833333015,6.0,0.6931471805599453,1.791759469228055,lightMedium,hazel,oily,brown,P411393,IT Cosmetics,35.0
5,1.0,0.75,4.0,0.6931471805599453,1.3862943611198906,light,hazel,combination,brown,P411393,IT Cosmetics,35.0
5,1.0,1.0,43.0,0.0,3.784189633918261,fair,blue,dry,brown,P411393,IT Cosmetics,35.0
1,0.0,1.0,8.0,0.0,2.1972245773362196,mediumTan,green,combination,auburn,P411393,IT Cosmetics,35.0
4,1.0,1.0,5.0,0.0,1.791759469228055,light,brown,oily,brown,P411393,IT Cosmetics,35.0
2,0.0,1.0,5.0,0.0,1.791759469228055,fairLight,blue,combination,blonde,P411393,IT Cosmetics,35.0
2,0.0,0.857142985,7.0,0.6931471805599453,1.9459101490553132,light,blue,combination,blonde,P411393,IT Cosmetics,35.0
5,1.0,1.0,80.0,0.0,4.394449154672439,fairLight,blue,combination,brown,P411393,IT Cosmetics,35.0
5,1.0,1.0,27.0,0.0,3.332204510175204,light,brown,combination,brown,P411393,IT Cosmetics,35.0
5,1.0,0.947368026,19.0,0.6931471805599453,2.9444389791664403,light,brown,combination,blonde,P411393,IT Cosmetics,35.0
5,1.0,0.952381015,21.0,0.6931471805599453,3.044522437723423,fairLight,hazel,dry,brown,P411393,IT Cosmetics,35.0
4,1.0,1.0,21.0,0.0,3.091042453358316,light,blue,oily,brown,P411393,IT Cosmetics,35.0
5,1.0,1.0,14.0,0.0,2.70805020110221,light,blue,combination,brown,P411393,IT Cosmetics,35.0
1,1.0,0.75,4.0,0.6931471805599453,1.3862943611198906,light,blue,combination,brown,P411393,IT Cosmetics,35.0
4,1.0,0.909090996,11.0,0.6931471805599453,2.3978952727983707,light,blue,dry,brown,P411393,IT Cosmetics,35.0
5,1.0,0.952381015,21.0,0.6931471805599453,3.044522437723423,light,blue,combination,brown,P411393,IT Cosmetics,35.0
1,0.0,0.666666985,6.0,1.0986122886681098,1.6094379124341003,lightMedium,blue,combination,brown,P475921,Clarins,82.0
1,0.0,1.0,13.0,0.0,2.6390573296152584,medium,brown,combination,brunette,P502656,IT Cosmetics,72.0
2,0.0,0.375,8.0,1.791759469228055,1.3862943611198906,light,blue,normal,brunette,P502656,IT Cosmetics,72.0
1,0.0,0.272727013,11.0,2.1972245773362196,1.3862943611198906,medium,brown,combination,black,P502656,IT Cosmetics,72.0
3,0.0,0.608695984,23.0,2.302585092994046,2.70805020110221,light,blue,dry,blonde,P502656,IT Cosmetics,72.0
5,1.0,1.0,6.0,0.0,1.9459101490553132,light,green,normal,brunette,P502656,IT Cosmetics,72.0
3,1.0,0.75,4.0,0.6931471805599453,1.3862943611198906,porcelain,brown,combination,brunette,P502656,IT Cosmetics,72.0
1,0.0,0.200000003,5.0,1.6094379124341003,0.6931471805599453,light,hazel,combination,brunette,P502656,IT Cosmetics,72.0
1,0.0,0.714286029,14.0,1.6094379124341003,2.3978952727983707,medium,brown,combination,black,P502656,IT Cosmetics,72.0
5,1.0,0.833333015,12.0,1.0986122886681098,2.3978952727983707,olive,brown,combination,brunette,P502656,IT Cosmetics,72.0
5,1.0,0.5,6.0,1.3862943611198906,1.3862943611198906,light,blue,dry,blonde,P502656,IT Cosmetics,72.0
5,1.0,0.800000012,5.0,0.6931471805599453,1.6094379124341003,light,brown,combination,brown,P375850,SK-II,75.0
4,1.0,0.888889015,9.0,0.6931471805599453,2.1972245773362196,light,brown,combination,brown,P375850,SK-II,75.0
5,1.0,0.875,8.0,0.6931471805599453,2.0794415416798357,lightMedium,brown,combination,black,P122881,CLINIQUE,20.0
5,1.0,1.0,6.0,0.0,1.9459101490553132,lightMedium,brown,oily,brown,P122881,CLINIQUE,20.0
5,1.0,1.0,5.0,0.0,1.791759469228055,lightMedium,brown,oily,black,P122881,CLINIQUE,20.0
2,0.0,0.5,4.0,1.0986122886681098,1.0986122886681098,fair,hazel,oily,brown,P467655,The INKEY List,9.99
2,0.0,0.5,8.0,1.6094379124341003,1.6094379124341003,fairLight,green,combination,blonde,P467655,The INKEY List,9.99
1,0.0,0.714286029,7.0,1.0986122886681098,1.791759469228055,fair,blue,dry,blonde,P467655,The INKEY List,9.99
4,1.0,0.5,4.0,1.0986122886681098,1.0986122886681098,light,brown,combination,brown,P467655,The INKEY List,9.99
5,1.0,0.571429014,7.0,1.3862943611198906,1.6094379124341003,fair,blue,oily,blonde,P467655,The INKEY List,9.99
5,1.0,1.0,5.0,0.0,1.791759469228055,tan,brown,combination,black,P467655,The INKEY List,9.99
1,0.0,1.0,4.0,0.0,1.6094379124341003,fair,hazel,combination,brown,P467655,The INKEY List,9.99
2,0.0,1.0,6.0,0.0,1.9459101490553132,lightMedium,green,combination,red,P467655,The INKEY List,9.99
4,1.0,0.125,8.0,2.0794415416798357,0.6931471805599453,lightMedium,green,combination,auburn,P467655,The INKEY List,9.99
5,1.0,0.75,20.0,1.791759469228055,2.772588722239781,fair,green,dry,blonde,P440949,Alpha-H,56.0
3,0.0,0.857142985,7.0,0.6931471805599453,1.9459101490553132,light,blue,normal,blonde,P440949,Alpha-H,56.0
5,1.0,1.0,4.0,0.0,1.6094379124341003,medium,brown,dry,blonde,P440949,Alpha-H,56.0
4,1.0,0.428570986,63.0,3.6109179126442243,3.332204510175204,light,brown,oily,brown,P440949,Alpha-H,56.0
5,1.0,1.0,6.0,0.0,1.9459101490553132,light,brown,combination,brown,P501760,Glow Recipe,38.0
2,0.0,0.800000012,5.0,0.6931471805599453,1.6094379124341003,light,blue,combination,brown,P501760,Glow Recipe,38.0
5,1.0,1.0,5.0,0.0,1.791759469228055,medium,brown,combination,brown,P501760,Glow Recipe,38.0
1,0.0,0.800000012,10.0,1.0986122886681098,2.1972245773362196,lightMedium,brown,combination,brown,P422022,Kiehl's Since 1851,65.0
1,0.0,0.886363983,44.0,1.791759469228055,3.6888794541139363,tan,brown,dry,black,P422022,Kiehl's Since 1851,65.0
1,0.0,0.880952001,42.0,1.791759469228055,3.6375861597263857,light,brown,dry,black,P422022,Kiehl's Since 1851,65.0
1,0.0,1.0,13.0,0.0,2.6390573296152584,mediumTan,brown,dry,brown,P422022,Kiehl's Since 1851,65.0
1,0.0,0.423076987,26.0,2.772588722239781,2.4849066497880004,light,brown,oily,brown,P422022,Kiehl's Since 1851,65.0
1,0.0,0.666666985,9.0,1.3862943611198906,1.9459101490553132,light,hazel,oily,blonde,P422022,Kiehl's Since 1851,65.0
1,0.0,0.611110985,18.0,2.0794415416798357,2.4849066497880004,lightMedium,brown,combination,brown,P422022,Kiehl's Since 1851,65.0
3,1.0,0.466666996,15.0,2.1972245773362196,2.0794415416798357,light,brown,combination,black,P422022,Kiehl's Since 1851,65.0
5,1.0,0.583333015,12.0,1.791759469228055,2.0794415416798357,light,brown,dry,brown,P455611,Kiehl's Since 1851,125.0
4,1.0,0.5,4.0,1.0986122886681098,1.0986122886681098,light,brown,combination,brown,P455611,Kiehl's Since 1851,125.0
5,1.0,0.833333015,6.0,0.6931471805599453,1.791759469228055,fair,brown,dry,brown,P455611,Kiehl's Since 1851,125.0
4,1.0,0.5,18.0,2.302585092994046,2.302585092994046,mediumTan,brown,combination,brown,P455611,Kiehl's Since 1851,125.0
2,0.0,1.0,4.0,0.0,1.6094379124341003,lightMedium,green,combination,blonde,P455611,Kiehl's Since 1851,125.0
5,1.0,1.0,4.0,0.0,1.6094379124341003,lightMedium,brown,combination,black,P455611,Kiehl's Since 1851,125.0
5,1.0,1.0,6.0,0.0,1.9459101490553132,light,brown,oily,black,P455611,Kiehl's Since 1851,125.0
5,1.0,1.0,7.0,0.0,2.0794415416798357,fair,hazel,combination,brown,P455611,Kiehl's Since 1851,125.0
4,1.0,0.899999976,10.0,0.6931471805599453,2.302585092994046,fair,brown,combination,black,P455611,Kiehl's Since 1851,125.0
3,0.0,0.5,8.0,1.6094379124341003,1.6094379124341003,lightMedium,green,dry,brown,P455611,Kiehl's Since 1851,125.0
5,1.0,0.800000012,10.0,1.0986122886681098,2.1972245773362196,lightMedium,brown,combination,brown,P471025,Farmacy,48.0
4,1.0,0.833333015,6.0,0.6931471805599453,1.791759469228055,light,green,combination,blonde,P471025,Farmacy,48.0
3,0.0,0.666666985,6.0,1.0986122886681098,1.6094379124341003,light,brown,combination,black,P471025,Farmacy,48.0
5,1.0,1.0,8.0,0.0,2.1972245773362196,lightMedium,brown,normal,brown,P471025,Farmacy,48.0
1,0.0,0.666666985,15.0,1.791759469228055,2.3978952727983707,light,hazel,normal,blonde,P471025,Farmacy,48.0
5,1.0,1.0,7.0,0.0,2.0794415416798357,fair,brown,dry,brown,P471025,Farmacy,48.0
4,1.0,0.600000024,5.0,1.0986122886681098,1.3862943611198906,light,brown,combination,black,P471025,Farmacy,48.0
5,1.0,0.777778029,9.0,1.0986122886681098,2.0794415416798357,light,brown,combination,brown,P217513,fresh,96.0
1,1.0,1.0,8.0,0.0,2.1972245773362196,light,brown,combination,brown,P217513,fresh,96.0
1,1.0,0.8125,16.0,1.3862943611198906,2.6390573296152584,light,brown,combination,brown,P217513,fresh,96.0
5,1.0,1.0,49.0,0.0,3.912023005428146,light,brown,combination,brown,P217513,fresh,96.0
5,1.0,1.0,8.0,0.0,2.1972245773362196,light,brown,combination,brown,P217513,fresh,96.0
1,1.0,0.75,8.0,1.0986122886681098,1.9459101490553132,light,brown,combination,brown,P217513,fresh,96.0
1,0.0,0.625,8.0,1.3862943611198906,1.791759469228055,light,brown,dry,brown,P470259,Topicals,38.0
1,0.0,0.0,4.0,1.6094379124341003,0.0,light,brown,dry,brown,P470259,Topicals,38.0
5,1.0,1.0,7.0,0.0,2.0794415416798357,light,hazel,oily,black,P470259,Topicals,38.0
5,1.0,0.625,8.0,1.3862943611198906,1.791759469228055,lightMedium,brown,oily,black,P470259,Topicals,38.0
4,1.0,0.857142985,7.0,0.6931471805599453,1.9459101490553132,light,brown,combination,black,P470259,Topicals,38.0
1,0.0,0.714286029,7.0,1.0986122886681098,1.791759469228055,light,green,dry,brown,P470259,Topicals,38.0
4,1.0,0.899999976,10.0,0.6931471805599453,2.302585092994046,fair,brown,dry,black,P470259,Topicals,38.0
1,0.0,0.4375,16.0,2.302585092994046,2.0794415416798357,lightMedium,brown,oily,black,P470259,Topicals,38.0
2,0.0,0.5,4.0,1.0986122886681098,1.0986122886681098,fair,hazel,combination,brown,P470259,Topicals,38.0
3,0.0,0.533333004,30.0,2.70805020110221,2.833213344056216,light,green,combination,brown,P470259,Topicals,38.0
5,1.0,0.800000012,5.0,0.6931471805599453,1.6094379124341003,lightMedium,brown,combination,brown,P470259,Topicals,38.0
5,1.0,1.0,7.0,0.0,2.0794415416798357,lightMedium,brown,combination,black,P470259,Topicals,38.0
1,0.0,0.480518997,77.0,3.713572066704308,3.6375861597263857,light,hazel,dry,blonde,P470259,Topicals,38.0
5,1.0,0.5,4.0,1.0986122886681098,1.0986122886681098,light,brown,combination,black,P470259,Topicals,38.0
3,0.0,0.5,10.0,1.791759469228055,1.791759469228055,lightMedium,brown,combination,brown,P470259,Topicals,38.0
5,1.0,0.909090996,11.0,0.6931471805599453,2.3978952727983707,light,brown,dry,black,P470259,Topicals,38.0
5,1.0,0.909090996,11.0,0.6931471805599453,2.3978952727983707,fairLight,blue,normal,blonde,P470259,Topicals,38.0
5,1.0,0.868965983,113.72000000000116,2.995732273553991,4.844187086458591,medium,brown,dry,brown,P470259,Topicals,38.0
5,1.0,1.0,9.0,0.0,2.302585092994046,tan,brown,combination,brown,P470259,Topicals,38.0
5,1.0,0.977859974,113.72000000000116,2.5649493574615367,6.274762021241939,mediumTan,brown,dry,brown,P470259,Topicals,38.0
5,1.0,0.899999976,20.0,1.0986122886681098,2.9444389791664403,tan,brown,combination,brown,P470259,Topicals,38.0
5,1.0,1.0,4.0,0.0,1.6094379124341003,fairLight,blue,combination,blonde,P470259,Topicals,38.0
5,1.0,1.0,16.0,0.0,2.833213344056216,tan,brown,oily,black,P470259,Topicals,38.0
5,1.0,0.666666985,113.72000000000116,3.871201010907891,4.553876891600541,deep,brown,combination,black,P470259,Topicals,38.0
5,1.0,1.0,18.0,0.0,2.9444389791664403,fairLight,blue,dry,black,P470259,Topicals,38.0
1,0.0,0.272727013,11.0,2.1972245773362196,1.3862943611198906,fair,brown,combination,blonde,P484080,Topicals,18.0
2,0.0,0.625,8.0,1.3862943611198906,1.791759469228055,light,brown,combination,brown,P484080,Topicals,18.0
5,1.0,1.0,4.0,0.0,1.6094379124341003,tan,brown,dry,brown,P484080,Topicals,18.0
5,1.0,0.928570986,14.0,0.6931471805599453,2.6390573296152584,fairLight,blue,oily,blonde,P484080,Topicals,18.0
5,1.0,0.82051301,39.0,2.0794415416798357,3.4965075614664802,lightMedium,brown,combination,auburn,P484080,Topicals,18.0
5,1.0,0.921738982,113.72000000000116,2.302585092994046,4.672828834461906,deep,brown,combination,auburn,P484080,Topicals,18.0
4,1.0,0.818181992,11.0,1.0986122886681098,2.302585092994046,tan,brown,combination,brown,P484080,Topicals,18.0
5,1.0,1.0,12.0,0.0,2.5649493574615367,tan,brown,normal,black,P484080,Topicals,18.0
5,1.0,1.0,9.0,0.0,2.302585092994046,deep,brown,dry,black,P484080,Topicals,18.0
4,1.0,0.93333298,15.0,0.6931471805599453,2.70805020110221,light,brown,normal,brown,P484080,Topicals,18.0
3,1.0,0.454544991,33.0,2.9444389791664403,2.772588722239781,lightMedium,brown,dry,black,P484080,Topicals,18.0
5,1.0,0.714286029,7.0,1.0986122886681098,1.791759469228055,rich,brown,combination,black,P484080,Topicals,18.0
5,1.0,0.75,4.0,0.6931471805599453,1.3862943611198906,light,brown,dry,brown,P484080,Topicals,18.0
3,1.0,0.5,4.0,1.0986122886681098,1.0986122886681098,fair,brown,dry,black,P484080,Topicals,18.0
4,1.0,0.714286029,7.0,1.0986122886681098,1.791759469228055,light,hazel,oily,brown,P484080,Topicals,18.0
1,0.0,0.555555999,9.0,1.6094379124341003,1.791759469228055,fair,blue,normal,blonde,P484080,Topicals,18.0
5,1.0,0.833333015,12.0,1.0986122886681098,2.3978952727983707,fairLight,blue,normal,brown,P484080,Topicals,18.0
5,1.0,0.866666973,15.0,1.0986122886681098,2.6390573296152584,light,blue,combination,black,P484080,Topicals,18.0
5,1.0,0.916666985,12.0,0.6931471805599453,2.4849066497880004,fair,green,normal,blonde,P484080,Topicals,18.0
5,1.0,0.285714,21.0,2.772588722239781,1.9459101490553132,tan,brown,oily,black,P484080,Topicals,18.0
5,1.0,0.96875,32.0,0.6931471805599453,3.4657359027997265,fair,hazel,normal,brown,P484080,Topicals,18.0
1,0.0,0.432431996,37.0,3.091042453358316,2.833213344056216,light,brown,combination,brown,P484080,Topicals,18.0
5,1.0,1.0,21.0,0.0,3.091042453358316,medium,brown,combination,brown,P484080,Topicals,18.0
4,1.0,0.878787994,33.0,1.6094379124341003,3.4011973816621555,mediumTan,brown,combination,black,P484080,Topicals,18.0
5,1.0,0.888889015,27.0,1.3862943611198906,3.2188758248682006,light,blue,combination,blonde,P484080,Topicals,18.0
5,1.0,1.0,5.0,0.0,1.791759469228055,tan,brown,combination,black,P254720,Murad,39.0
5,1.0,1.0,5.0,0.0,1.791759469228055,fair,green,combination,blonde,P254720,Murad,39.0
1,1.0,1.0,4.0,0.0,1.6094379124341003,fair,brown,combination,black,P254720,Murad,39.0
5,1.0,0.75,4.0,0.6931471805599453,1.3862943611198906,fair,brown,normal,black,P254720,Murad,39.0
1,0.0,0.875,8.0,0.6931471805599453,2.0794415416798357,light,brown,combination,brown,P257537,CLINIQUE,37.0
5,1.0,0.5,6.0,1.3862943611198906,1.3862943611198906,lightMedium,brown,combination,brown,P257537,CLINIQUE,37.0
5,1.0,1.0,7.0,0.0,2.0794415416798357,lightMedium,brown,combination,brown,P257537,CLINIQUE,37.0
3,1.0,0.899999976,10.0,0.6931471805599453,2.302585092994046,lightMedium,brown,combination,brown,P257537,CLINIQUE,37.0
2,1.0,1.0,5.0,0.0,1.791759469228055,lightMedium,brown,combination,brown,P257537,CLINIQUE,37.0
5,1.0,1.0,6.0,0.0,1.9459101490553132,light,brown,dry,brown,P257537,CLINIQUE,37.0
5,1.0,0.833333015,12.0,1.0986122886681098,2.3978952727983707,lightMedium,brown,oily,brown,P257537,CLINIQUE,37.0
1,0.0,0.75,4.0,0.6931471805599453,1.3862943611198906,light,hazel,dry,black,P479318,Farmacy,44.0
5,1.0,1.0,18.0,0.0,2.9444389791664403,lightMedium,brown,combination,black,P479318,Farmacy,44.0
5,1.0,1.0,6.0,0.0,1.9459101490553132,fair,blue,combination,auburn,P479318,Farmacy,44.0
5,1.0,1.0,4.0,0.0,1.6094379124341003,medium,brown,combination,brown,P479318,Farmacy,44.0
3,0.0,0.600000024,15.0,1.9459101490553132,2.302585092994046,light,brown,combination,black,P479318,Farmacy,44.0
4,1.0,0.600000024,5.0,1.0986122886681098,1.3862943611198906,light,brown,oily,brown,P479318,Farmacy,44.0
3,1.0,0.428570986,7.0,1.6094379124341003,1.3862943611198906,fair,brown,combination,brown,P479318,Farmacy,44.0
5,1.0,1.0,4.0,0.0,1.6094379124341003,lightMedium,blue,oily,brown,P479318,Farmacy,44.0
3,0.0,0.611110985,18.0,2.0794415416798357,2.4849066497880004,light,brown,combination,black,P377545,tarte,39.0
4,1.0,0.875,16.0,1.0986122886681098,2.70805020110221,deep,brown,combination,black,P377545,tarte,39.0
5,1.0,0.857142985,7.0,0.6931471805599453,1.9459101490553132,fair,brown,combination,black,P377545,tarte,39.0
4,1.0,0.875,8.0,0.6931471805599453,2.0794415416798357,fair,brown,combination,black,P377545,tarte,39.0
4,1.0,0.0,6.0,1.9459101490553132,0.0,fair,brown,normal,black,P377545,tarte,39.0
1,1.0,0.25,4.0,1.3862943611198906,0.6931471805599453,fair,brown,combination,black,P377545,tarte,39.0
1,1.0,1.0,26.0,0.0,3.295836866004329,fair,brown,combination,black,P377545,tarte,39.0
4,1.0,1.0,8.0,0.0,2.1972245773362196,fair,brown,combination,black,P377545,tarte,39.0
4,1.0,1.0,12.0,0.0,2.5649493574615367,fair,brown,normal,black,P377545,tarte,39.0
5,1.0,0.75,4.0,0.6931471805599453,1.3862943611198906,fair,brown,combination,black,P377545,tarte,39.0
5,1.0,0.300000012,10.0,2.0794415416798357,1.3862943611198906,lightMedium,brown,normal,brown,P449180,Summer Fridays,68.0
2,0.0,0.75,4.0,0.6931471805599453,1.3862943611198906,medium,brown,dry,black,P449180,Summer Fridays,68.0
5,1.0,1.0,9.0,0.0,2.302585092994046,fair,hazel,combination,brown,P449180,Summer Fridays,68.0
1,0.0,0.666666985,9.0,1.3862943611198906,1.9459101490553132,light,blue,dry,brown,P449180,Summer Fridays,68.0
5,1.0,1.0,8.0,0.0,2.1972245773362196,mediumTan,brown,combination,brown,P449180,Summer Fridays,68.0
1,0.0,0.583333015,12.0,1.791759469228055,2.0794415416798357,fair,blue,dry,blonde,P449180,Summer Fridays,68.0
4,1.0,1.0,10.0,0.0,2.3978952727983707,fair,green,combination,brown,P449180,Summer Fridays,68.0
1,0.0,0.666666985,9.0,1.3862943611198906,1.9459101490553132,light,brown,combination,brown,P449180,Summer Fridays,68.0
1,0.0,0.782608986,23.0,1.791759469228055,2.9444389791664403,light,brown,combination,brown,P449180,Summer Fridays,68.0
5,1.0,0.875,16.0,1.0986122886681098,2.70805020110221,fair,green,combination,brown,P449180,Summer Fridays,68.0
5,1.0,1.0,8.0,0.0,2.1972245773362196,medium,brown,combination,black,P449180,Summer Fridays,68.0
1,0.0,0.681818008,22.0,2.0794415416798357,2.772588722239781,mediumTan,hazel,normal,brown,P449180,Summer Fridays,68.0
5,1.0,1.0,4.0,0.0,1.6094379124341003,fair,brown,normal,brown,P449180,Summer Fridays,68.0
5,1.0,0.75,4.0,0.6931471805599453,1.3862943611198906,mediumTan,brown,normal,brown,P449180,Summer Fridays,68.0
3,1.0,0.333332986,6.0,1.6094379124341003,1.0986122886681098,light,hazel,dry,brown,P449180,Summer Fridays,68.0
5,1.0,0.611110985,18.0,2.0794415416798357,2.4849066497880004,fair,blue,normal,blonde,P449180,Summer Fridays,68.0
1,0.0,1.0,13.0,0.0,2.6390573296152584,medium,green,oily,blonde,P4015,Murad,30.0
1,0.0,0.5,4.0,1.0986122886681098,1.0986122886681098,fair,green,oily,brunette,P4015,Murad,30.0
1,1.0,0.833333015,6.0,0.6931471805599453,1.791759469228055,fair,green,combination,blonde,P4015,Murad,30.0
1,1.0,0.0,25.0,3.258096538021482,0.0,fair,green,combination,blonde,P4015,Murad,30.0
4,1.0,1.0,9.0,0.0,2.302585092994046,mediumTan,green,combination,blonde,P4015,Murad,30.0
4,1.0,1.0,4.0,0.0,1.6094379124341003,lightMedium,green,combination,blonde,P4015,Murad,30.0
5,1.0,1.0,4.0,0.0,1.6094379124341003,light,brown,combination,brown,P444718,The Ordinary,9.0
5,1.0,1.0,5.0,0.0,1.791759469228055,fair,blue,dry,blonde,P444718,The Ordinary,9.0
1,0.0,0.111111,9.0,2.1972245773362196,0.6931471805599453,fair,green,combination,brown,P444718,The Ordinary,9.0
5,1.0,1.0,5.0,0.0,1.791759469228055,tan,brown,dry,black,P444718,The Ordinary,9.0
4,1.0,0.0,9.0,2.302585092994046,0.0,lightMedium,hazel,oily,black,P444718,The Ordinary,9.0
3,1.0,0.388889015,18.0,2.4849066497880004,2.0794415416798357,lightMedium,brown,dry,brown,P444718,The Ordinary,9.0
5,1.0,0.875,8.0,0.6931471805599453,2.0794415416798357,mediumTan,brown,combination,black,P444718,The Ordinary,9.0
3,0.0,0.466666996,15.0,2.1972245773362196,2.0794415416798357,light,blue,dry,brown,P444718,The Ordinary,9.0
2,0.0,0.833333015,6.0,0.6931471805599453,1.791759469228055,lightMedium,brown,normal,brown,P444718,The Ordinary,9.0
4,1.0,0.384615004,13.0,2.1972245773362196,1.791759469228055,fairLight,green,dry,brown,P444718,The Ordinary,9.0
5,1.0,0.875,16.0,1.0986122886681098,2.70805020110221,lightMedium,brown,normal,brown,P444718,The Ordinary,9.0
2,0.0,0.714286029,7.0,1.0986122886681098,1.791759469228055,mediumTan,brown,oily,black,P444718,The Ordinary,9.0
5,1.0,1.0,6.0,0.0,1.9459101490553132,light,hazel,dry,brown,P444718,The Ordinary,9.0
5,1.0,0.333332986,15.0,2.3978952727983707,1.791759469228055,mediumTan,brown,combination,black,P469213,OLEHENRIKSEN,52.0
3,0.0,1.0,8.0,0.0,2.1972245773362196,lightMedium,brown,combination,brown,P469213,OLEHENRIKSEN,52.0
5,1.0,1.0,5.0,0.0,1.791759469228055,lightMedium,brown,normal,brown,P469213,OLEHENRIKSEN,52.0
5,1.0,1.0,4.0,0.0,1.6094379124341003,tan,brown,normal,black,P469213,OLEHENRIKSEN,52.0
5,1.0,0.75,4.0,0.6931471805599453,1.3862943611198906,light,hazel,combination,brown,P469213,OLEHENRIKSEN,52.0
5,1.0,0.800000012,5.0,0.6931471805599453,1.6094379124341003,fair,green,normal,black,P469213,OLEHENRIKSEN,52.0
2,0.0,0.600000024,5.0,1.0986122886681098,1.3862943611198906,medium,hazel,dry,brown,P431187,Farmacy,28.0
2,0.0,0.875,8.0,0.6931471805599453,2.0794415416798357,tan,brown,combination,brown,P431187,Farmacy,28.0
2,0.0,0.5,12.0,1.9459101490553132,1.9459101490553132,lightMedium,blue,dry,brown,P431187,Farmacy,28.0
5,1.0,1.0,15.0,0.0,2.772588722239781,fairLight,blue,oily,red,P431187,Farmacy,28.0
1,0.0,0.875,8.0,0.6931471805599453,2.0794415416798357,fair,blue,combination,brown,P431187,Farmacy,28.0
2,0.0,0.684211016,19.0,1.9459101490553132,2.6390573296152584,light,hazel,oily,blonde,P431187,Farmacy,28.0
5,1.0,0.600000024,5.0,1.0986122886681098,1.3862943611198906,mediumTan,brown,combination,brown,P418872,OLEHENRIKSEN,35.0
5,1.0,1.0,6.0,0.0,1.9459101490553132,fairLight,Grey,dry,brown,P418872,OLEHENRIKSEN,35.0
1,0.0,0.958333015,48.0,1.0986122886681098,3.8501476017100584,light,brown,dry,brown,P418872,OLEHENRIKSEN,35.0
4,1.0,1.0,5.0,0.0,1.791759469228055,light,brown,combination,black,P418872,OLEHENRIKSEN,35.0
1,0.0,0.433961987,53.0,3.4339872044851463,3.1780538303479458,mediumTan,hazel,combination,brown,P418872,OLEHENRIKSEN,35.0
2,0.0,0.8125,16.0,1.3862943611198906,2.6390573296152584,medium,brown,oily,brown,P418872,OLEHENRIKSEN,35.0
5,1.0,0.600000024,5.0,1.0986122886681098,1.3862943611198906,rich,brown,oily,black,P418872,OLEHENRIKSEN,35.0
5,1.0,0.899999976,10.0,0.6931471805599453,2.302585092994046,fair,brown,oily,black,P418872,OLEHENRIKSEN,35.0
2,0.0,0.857142985,7.0,0.6931471805599453,1.9459101490553132,light,brown,combination,brown,P418872,OLEHENRIKSEN,35.0
5,1.0,0.75,4.0,0.6931471805599453,1.3862943611198906,deep,brown,oily,black,P418872,OLEHENRIKSEN,35.0
5,1.0,0.888889015,18.0,1.0986122886681098,2.833213344056216,light,brown,combination,brown,P418872,OLEHENRIKSEN,35.0
2,0.0,0.870967984,31.0,1.6094379124341003,3.332204510175204,light,brown,combination,brown,P447212,Dr. Barbara Sturm,245.0
5,1.0,0.476190001,21.0,2.4849066497880004,2.3978952727983707,lightMedium,blue,dry,blonde,P447212,Dr. Barbara Sturm,245.0
3,1.0,1.0,4.0,0.0,1.6094379124341003,fair,green,combination,blonde,P447212,Dr. Barbara Sturm,245.0
3,0.0,0.800000012,5.0,0.6931471805599453,1.6094379124341003,light,green,dry,brown,P447212,Dr. Barbara Sturm,245.0
5,1.0,0.846153975,13.0,1.0986122886681098,2.4849066497880004,light,blue,combination,brown,P447212,Dr. Barbara Sturm,245.0
1,0.0,0.920000017,25.0,1.0986122886681098,3.1780538303479458,tan,brown,combination,black,P447212,Dr. Barbara Sturm,245.0
1,0.0,0.878787994,113.72000000000116,3.367295829986474,5.318119993844216,lightMedium,brown,combination,brown,P447212,Dr. Barbara Sturm,245.0
5,1.0,0.857142985,7.0,0.6931471805599453,1.9459101490553132,fairLight,blue,dry,blonde,P454936,Dr. Barbara Sturm,110.0
1,0.0,0.606383026,94.0,3.6375861597263857,4.060443010546419,light,brown,combination,brown,P454936,Dr. Barbara Sturm,110.0
5,1.0,0.0,4.0,1.6094379124341003,0.0,lightMedium,brown,normal,brown,P454936,Dr. Barbara Sturm,110.0
4,1.0,1.0,5.0,0.0,1.791759469228055,mediumTan,brown,combination,brown,P454936,Dr. Barbara Sturm,110.0
5,1.0,0.800000012,5.0,0.6931471805599453,1.6094379124341003,light,brown,dry,brown,P454936,Dr. Barbara Sturm,110.0
2,0.0,0.285714,7.0,1.791759469228055,1.0986122886681098,lightMedium,brown,oily,black,P454936,Dr. Barbara Sturm,110.0
1,0.0,0.84375,32.0,1.791759469228055,3.332204510175204,fair,brown,combination,black,P454936,Dr. Barbara Sturm,110.0
5,1.0,0.800000012,5.0,0.6931471805599453,1.6094379124341003,light,brown,combination,black,P481161,Shiseido,75.0
1,0.0,1.0,4.0,0.0,1.6094379124341003,lightMedium,green,dry,brown,P481161,Shiseido,75.0
2,0.0,0.0,12.0,2.5649493574615367,0.0,medium,brown,dry,brown,P422007,Kiehl's Since 1851,30.0
5,1.0,1.0,9.0,0.0,2.302585092994046,fair,green,dry,blonde,P422007,Kiehl's Since 1851,30.0
1,0.0,1.0,8.0,0.0,2.1972245773362196,fairLight,brown,dry,brown,P422007,Kiehl's Since 1851,30.0
3,0.0,0.0,4.0,1.6094379124341003,0.0,medium,brown,combination,black,P422007,Kiehl's Since 1851,30.0
5,1.0,0.888889015,9.0,0.6931471805599453,2.1972245773362196,fair,brown,combination,brown,P422007,Kiehl's Since 1851,30.0
2,1.0,1.0,4.0,0.0,1.6094379124341003,light,blue,combination,brown,P479339,OLEHENRIKSEN,51.0
5,1.0,1.0,7.0,0.0,2.0794415416798357,lightMedium,hazel,combination,brown,P379707,Tata Harper,68.0
1,0.0,0.555555999,9.0,1.6094379124341003,1.791759469228055,light,hazel,oily,blonde,P379707,Tata Harper,68.0
5,1.0,0.972972989,37.0,0.6931471805599453,3.6109179126442243,fair,brown,combination,brown,P379707,Tata Harper,68.0
5,1.0,1.0,4.0,0.0,1.6094379124341003,fair,brown,combination,brown,P379707,Tata Harper,68.0
5,1.0,0.75,4.0,0.6931471805599453,1.3862943611198906,fair,brown,combination,brown,P379707,Tata Harper,68.0
2,1.0,0.727272987,11.0,1.3862943611198906,2.1972245773362196,fair,brown,combination,brown,P379707,Tata Harper,68.0
5,1.0,0.777778029,9.0,1.0986122886681098,2.0794415416798357,fair,brown,combination,brown,P379707,Tata Harper,68.0
4,1.0,1.0,12.0,0.0,2.5649493574615367,fair,brown,dry,brown,P419221,Drunk Elephant,36.0
1,0.0,0.363635987,11.0,2.0794415416798357,1.6094379124341003,light,brown,combination,brown,P419221,Drunk Elephant,36.0
5,1.0,0.857142985,7.0,0.6931471805599453,1.9459101490553132,lightMedium,green,combination,brown,P419221,Drunk Elephant,36.0
1,0.0,0.571429014,7.0,1.3862943611198906,1.6094379124341003,light,blue,dry,brown,P419221,Drunk Elephant,36.0
3,0.0,1.0,7.0,0.0,2.0794415416798357,light,hazel,normal,brown,P419221,Drunk Elephant,36.0
5,1.0,0.666666985,6.0,1.0986122886681098,1.6094379124341003,light,brown,combination,auburn,P419221,Drunk Elephant,36.0
5,1.0,0.939023972,82.0,1.791759469228055,4.356708826689592,light,brown,normal,brown,P419221,Drunk Elephant,36.0
5,1.0,0.923076987,13.0,0.6931471805599453,2.5649493574615367,light,brown,combination,brown,P419221,Drunk Elephant,36.0
5,1.0,0.888889015,9.0,0.6931471805599453,2.1972245773362196,light,brown,combination,brown,P419221,Drunk Elephant,36.0
3,0.0,0.461537987,13.0,2.0794415416798357,1.9459101490553132,light,blue,dry,blonde,P442761,Sunday Riley,80.0
5,1.0,1.0,5.0,0.0,1.791759469228055,light,green,combination,blonde,P442761,Sunday Riley,80.0
1,0.0,0.833333015,12.0,1.0986122886681098,2.3978952727983707,tan,brown,combination,black,P442761,Sunday Riley,80.0
1,0.0,0.636363983,11.0,1.6094379124341003,2.0794415416798357,lightMedium,blue,combination,blonde,P442761,Sunday Riley,80.0
1,0.0,0.714286029,7.0,1.0986122886681098,1.791759469228055,fair,blue,normal,auburn,P442761,Sunday Riley,80.0
5,1.0,0.5,6.0,1.3862943611198906,1.3862943611198906,fair,green,normal,brown,P442761,Sunday Riley,80.0
5,1.0,0.9375,16.0,0.6931471805599453,2.772588722239781,deep,brown,combination,black,P442761,Sunday Riley,80.0
1,0.0,0.695652008,23.0,2.0794415416798357,2.833213344056216,mediumTan,green,combination,brown,P442761,Sunday Riley,80.0
2,0.0,0.857142985,14.0,1.0986122886681098,2.5649493574615367,lightMedium,brown,combination,black,P442761,Sunday Riley,80.0
5,1.0,0.800000012,5.0,0.6931471805599453,1.6094379124341003,fair,hazel,combination,brown,P442761,Sunday Riley,80.0
1,0.0,0.800000012,5.0,0.6931471805599453,1.6094379124341003,light,blue,dry,blonde,P433521,Charlotte Tilbury,65.0
5,1.0,0.899999976,10.0,0.6931471805599453,2.302585092994046,lightMedium,brown,normal,brown,P433521,Charlotte Tilbury,65.0
1,0.0,0.923076987,13.0,0.6931471805599453,2.5649493574615367,mediumTan,hazel,oily,brown,P458576,Peter Thomas Roth,55.0
5,1.0,0.857142985,14.0,1.0986122886681098,2.5649493574615367,lightMedium,hazel,normal,blonde,P458576,Peter Thomas Roth,55.0
3,0.0,0.800000012,5.0,0.6931471805599453,1.6094379124341003,medium,brown,combination,brown,P458576,Peter Thomas Roth,55.0
5,1.0,1.0,4.0,0.0,1.6094379124341003,light,hazel,dry,brown,P458576,Peter Thomas Roth,55.0
2,0.0,0.833333015,12.0,1.0986122886681098,2.3978952727983707,light,blue,oily,blonde,P458576,Peter Thomas Roth,55.0
1,0.0,0.666666985,9.0,1.3862943611198906,1.9459101490553132,fair,hazel,combination,blonde,P458576,Peter Thomas Roth,55.0
1,0.0,0.777778029,9.0,1.0986122886681098,2.0794415416798357,light,brown,combination,brown,P458576,Peter Thomas Roth,55.0
4,1.0,0.75,4.0,0.6931471805599453,1.3862943611198906,deep,brown,oily,brown,P458576,Peter Thomas Roth,55.0
5,1.0,0.833333015,6.0,0.6931471805599453,1.791759469228055,light,blue,combination,blonde,P428416,Farmacy,12.0
5,1.0,1.0,7.0,0.0,2.0794415416798357,lightMedium,brown,combination,brown,P428416,Farmacy,12.0
5,1.0,1.0,4.0,0.0,1.6094379124341003,lightMedium,brown,combination,brown,P428416,Farmacy,12.0
4,1.0,0.833333015,6.0,0.6931471805599453,1.791759469228055,fair,brown,combination,auburn,P428416,Farmacy,12.0
5,1.0,1.0,13.0,0.0,2.6390573296152584,deep,brown,oily,black,P428416,Farmacy,12.0
5,1.0,1.0,17.0,0.0,2.8903717578961645,light,blue,normal,brown,P428416,Farmacy,12.0
5,1.0,0.600000024,5.0,1.0986122886681098,1.3862943611198906,light,green,combination,blonde,P468409,SK-II,170.0
5,1.0,1.0,6.0,0.0,1.9459101490553132,fairLight,green,dry,red,P9940,Murad,68.0
3,1.0,1.0,5.0,0.0,1.791759469228055,fair,green,combination,brown,P9940,Murad,68.0
5,1.0,1.0,4.0,0.0,1.6094379124341003,tan,brown,oily,black,P482676,Farmacy,50.0
1,0.0,1.0,5.0,0.0,1.791759469228055,light,brown,dry,blonde,P122762,CLINIQUE,23.5
5,1.0,0.400000006,5.0,1.3862943611198906,1.0986122886681098,fair,brown,normal,red,P459141,Farmacy,32.0
1,0.0,0.454544991,11.0,1.9459101490553132,1.791759469228055,light,brown,combination,black,P459141,Farmacy,32.0
3,0.0,0.800000012,5.0,0.6931471805599453,1.6094379124341003,mediumTan,brown,normal,brown,P459141,Farmacy,32.0
5,1.0,1.0,4.0,0.0,1.6094379124341003,mediumTan,blue,oily,blonde,P459141,Farmacy,32.0
1,0.0,0.857142985,7.0,0.6931471805599453,1.9459101490553132,mediumTan,brown,combination,brown,P459141,Farmacy,32.0
5,1.0,0.800000012,5.0,0.6931471805599453,1.6094379124341003,tan,brown,dry,black,P459141,Farmacy,32.0
3,0.0,0.600000024,5.0,1.0986122886681098,1.3862943611198906,fair,blue,normal,blonde,P459141,Farmacy,32.0
3,0.0,0.857142985,14.0,1.0986122886681098,2.5649493574615367,mediumTan,brown,combination,brown,P459141,Farmacy,32.0
5,1.0,0.818181992,11.0,1.0986122886681098,2.302585092994046,tan,brown,combination,black,P459141,Farmacy,32.0
5,1.0,0.888889015,9.0,0.6931471805599453,2.1972245773362196,light,blue,combination,blonde,P459141,Farmacy,32.0
5,1.0,1.0,7.0,0.0,2.0794415416798357,fairLight,green,oily,auburn,P459141,Farmacy,32.0
5,1.0,0.666666985,6.0,1.0986122886681098,1.6094379124341003,fair,brown,combination,brown,P459141,Farmacy,32.0
3,1.0,0.75,4.0,0.6931471805599453,1.3862943611198906,medium,brown,combination,black,P459141,Farmacy,32.0
5,1.0,1.0,14.0,0.0,2.70805020110221,light,blue,combination,blonde,P459141,Farmacy,32.0
5,1.0,0.899999976,10.0,0.6931471805599453,2.302585092994046,mediumTan,brown,oily,black,P459141,Farmacy,32.0
5,1.0,1.0,4.0,0.0,1.6094379124341003,light,green,combination,blonde,P459141,Farmacy,32.0
5,1.0,1.0,5.0,0.0,1.791759469228055,light,brown,combination,blonde,P459141,Farmacy,32.0
5,1.0,0.666666985,6.0,1.0986122886681098,1.6094379124341003,light,brown,combination,black,P459141,Farmacy,32.0
5,1.0,0.75,4.0,0.6931471805599453,1.3862943611198906,fair,Grey,dry,brown,P480301,Farmacy,16.0
4,1.0,0.200000003,5.0,1.6094379124341003,0.6931471805599453,tan,brown,oily,blonde,P480301,Farmacy,16.0
1,0.0,0.611110985,18.0,2.0794415416798357,2.4849066497880004,fair,green,combination,brown,P480301,Farmacy,16.0
3,1.0,0.0,6.0,1.9459101490553132,0.0,lightMedium,hazel,combination,black,P480301,Farmacy,16.0
3,1.0,0.866666973,15.0,1.0986122886681098,2.6390573296152584,fair,green,normal,brown,P480301,Farmacy,16.0
5,1.0,0.5,4.0,1.0986122886681098,1.0986122886681098,lightMedium,brown,oily,black,P480301,Farmacy,16.0
5,1.0,0.800000012,5.0,0.6931471805599453,1.6094379124341003,tan,brown,combination,black,P480301,Farmacy,16.0
5,1.0,0.9375,16.0,0.6931471805599453,2.772588722239781,lightMedium,brown,combination,black,P480301,Farmacy,16.0
5,1.0,0.785713971,14.0,1.3862943611198906,2.4849066497880004,fair,blue,combination,blonde,P480301,Farmacy,16.0
5,1.0,1.0,24.0,0.0,3.2188758248682006,fairLight,brown,normal,brown,P480301,Farmacy,16.0
5,1.0,0.899999976,10.0,0.6931471805599453,2.302585092994046,light,hazel,combination,brown,P480301,Farmacy,16.0
5,1.0,0.5,6.0,1.3862943611198906,1.3862943611198906,light,brown,combination,brown,P480301,Farmacy,16.0
2,0.0,1.0,14.0,0.0,2.70805020110221,fair,brown,combination,brown,P447782,Dr. Barbara Sturm,150.0
4,1.0,1.0,5.0,0.0,1.791759469228055,lightMedium,brown,combination,brown,P447782,Dr. Barbara Sturm,150.0
5,1.0,0.83544302,79.0,2.6390573296152584,4.204692619390966,deep,brown,combination,black,P447782,Dr. Barbara Sturm,150.0
4,1.0,0.666666985,9.0,1.3862943611198906,1.9459101490553132,lightMedium,hazel,dry,brown,P454935,Dr. Barbara Sturm,60.0
3,1.0,0.166666999,6.0,1.791759469228055,0.6931471805599453,lightMedium,brown,combination,black,P454935,Dr. Barbara Sturm,60.0
5,1.0,0.724138021,29.0,2.1972245773362196,3.091042453358316,fair,hazel,combination,red,P454935,Dr. Barbara Sturm,60.0
5,1.0,1.0,4.0,0.0,1.6094379124341003,light,brown,combination,black,P122661,CLINIQUE,26.0
1,0.0,0.888889015,9.0,0.6931471805599453,2.1972245773362196,medium,brown,combination,brown,P447781,Dr. Barbara Sturm,225.0
5,1.0,0.888889015,27.0,1.3862943611198906,3.2188758248682006,light,hazel,combination,gray,P447781,Dr. Barbara Sturm,225.0
5,1.0,0.5,4.0,1.0986122886681098,1.0986122886681098,lightMedium,brown,dry,brown,P447781,Dr. Barbara Sturm,225.0
1,0.0,0.800000012,5.0,0.6931471805599453,1.6094379124341003,fairLight,brown,dry,brown,P447781,Dr. Barbara Sturm,225.0
1,0.0,0.888889015,9.0,0.6931471805599453,2.1972245773362196,medium,brown,combination,brown,P464233,Dr. Barbara Sturm,75.0
5,1.0,0.888889015,27.0,1.3862943611198906,3.2188758248682006,light,hazel,combination,gray,P464233,Dr. Barbara Sturm,75.0
5,1.0,0.5,4.0,1.0986122886681098,1.0986122886681098,lightMedium,brown,dry,brown,P464233,Dr. Barbara Sturm,75.0
1,0.0,0.800000012,5.0,0.6931471805599453,1.6094379124341003,fairLight,brown,dry,brown,P464233,Dr. Barbara Sturm,75.0
1,0.0,0.833333015,6.0,0.6931471805599453,1.791759469228055,fair,hazel,combination,brown,P440934,Tatcha,24.0
5,1.0,1.0,10.0,0.0,2.3978952727983707,fair,blue,combination,blonde,P440934,Tatcha,24.0
3,0.0,0.800000012,5.0,0.6931471805599453,1.6094379124341003,fair,blue,combination,brown,P440934,Tatcha,24.0
5,1.0,1.0,8.0,0.0,2.1972245773362196,fair,blue,combination,brown,P440934,Tatcha,24.0
1,0.0,0.928570986,14.0,0.6931471805599453,2.6390573296152584,lightMedium,blue,combination,blonde,P440934,Tatcha,24.0
4,1.0,0.92592603,27.0,1.0986122886681098,3.258096538021482,fair,blue,combination,red,P440934,Tatcha,24.0
3,0.0,0.918919027,37.0,1.3862943611198906,3.5553480614894135,light,brown,combination,brown,P440934,Tatcha,24.0
4,1.0,0.863636017,22.0,1.3862943611198906,2.995732273553991,fairLight,green,dry,red,P440934,Tatcha,24.0
5,1.0,0.909090996,11.0,0.6931471805599453,2.3978952727983707,fair,blue,dry,blonde,P429516,COOLA,48.0
1,0.0,1.0,8.0,0.0,2.1972245773362196,medium,brown,combination,brown,P429516,COOLA,48.0
2,0.0,0.125,8.0,2.0794415416798357,0.6931471805599453,deep,brown,combination,black,P429516,COOLA,48.0
4,1.0,0.833333015,6.0,0.6931471805599453,1.791759469228055,fair,brown,combination,brown,P429516,COOLA,48.0
5,1.0,0.571429014,7.0,1.3862943611198906,1.6094379124341003,light,hazel,combination,brown,P429516,COOLA,48.0
3,1.0,0.816326976,49.0,2.302585092994046,3.713572066704308,mediumTan,brown,combination,brown,P471065,Peter Thomas Roth,23.0
4,1.0,1.0,9.0,0.0,2.302585092994046,light,brown,combination,brown,P471065,Peter Thomas Roth,23.0
5,1.0,1.0,6.0,0.0,1.9459101490553132,fair,blue,combination,brown,P471065,Peter Thomas Roth,23.0
5,1.0,1.0,4.0,0.0,1.6094379124341003,medium,green,combination,brown,P471065,Peter Thomas Roth,23.0
5,1.0,0.833333015,6.0,0.6931471805599453,1.791759469228055,deep,brown,dry,black,P471065,Peter Thomas Roth,23.0
5,1.0,0.888889015,9.0,0.6931471805599453,2.1972245773362196,fair,brown,combination,brown,P4010,Murad,46.0
5,1.0,0.800000012,5.0,0.6931471805599453,1.6094379124341003,mediumTan,hazel,normal,black,P4010,Murad,46.0
4,1.0,0.857142985,7.0,0.6931471805599453,1.9459101490553132,light,brown,combination,brown,P4010,Murad,46.0
1,1.0,0.449999988,20.0,2.4849066497880004,2.302585092994046,light,brown,combination,brown,P4010,Murad,46.0
4,1.0,0.928570986,14.0,0.6931471805599453,2.6390573296152584,tan,brown,oily,brown,P4010,Murad,46.0
5,1.0,0.75,4.0,0.6931471805599453,1.3862943611198906,light,brown,combination,brown,P456126,MILK MAKEUP,30.0
3,1.0,0.625,8.0,1.3862943611198906,1.791759469228055,rich,brown,dry,black,P456126,MILK MAKEUP,30.0
5,1.0,0.300000012,20.0,2.70805020110221,1.9459101490553132,fairLight,hazel,oily,blonde,P456126,MILK MAKEUP,30.0
5,1.0,1.0,5.0,0.0,1.791759469228055,light,blue,combination,brown,P456126,MILK MAKEUP,30.0
5,1.0,0.714286029,7.0,1.0986122886681098,1.791759469228055,light,brown,normal,blonde,P456126,MILK MAKEUP,30.0
1,0.0,0.777778029,18.0,1.6094379124341003,2.70805020110221,medium,brown,combination,brown,P456126,MILK MAKEUP,30.0
1,0.0,0.833333015,6.0,0.6931471805599453,1.791759469228055,fair,brown,dry,brown,P455369,The INKEY List,15.99
1,0.0,1.0,7.0,0.0,2.0794415416798357,light,green,oily,brown,P455369,The INKEY List,15.99
5,1.0,0.727272987,11.0,1.3862943611198906,2.1972245773362196,light,blue,oily,blonde,P455369,The INKEY List,15.99
3,1.0,0.888889015,9.0,0.6931471805599453,2.1972245773362196,lightMedium,blue,combination,brown,P455369,The INKEY List,15.99
3,1.0,0.941175997,17.0,0.6931471805599453,2.833213344056216,light,brown,dry,blonde,P455369,The INKEY List,15.99
5,1.0,0.833333015,6.0,0.6931471805599453,1.791759469228055,light,hazel,dry,brown,P455369,The INKEY List,15.99
1,0.0,0.833333015,12.0,1.0986122886681098,2.3978952727983707,lightMedium,green,dry,brown,P455369,The INKEY List,15.99
5,1.0,1.0,15.0,0.0,2.772588722239781,fair,blue,dry,blonde,P455369,The INKEY List,15.99
2,0.0,1.0,5.0,0.0,1.791759469228055,lightMedium,brown,normal,brown,P455369,The INKEY List,15.99
2,0.0,0.75,4.0,0.6931471805599453,1.3862943611198906,medium,brown,combination,black,P455369,The INKEY List,15.99
5,1.0,1.0,5.0,0.0,1.791759469228055,lightMedium,brown,oily,brown,P455369,The INKEY List,15.99
4,0.0,0.923076987,13.0,0.6931471805599453,2.5649493574615367,medium,brown,combination,black,P455369,The INKEY List,15.99
5,1.0,0.846153975,13.0,1.0986122886681098,2.4849066497880004,mediumTan,brown,combination,black,P455369,The INKEY List,15.99
5,1.0,0.833333015,6.0,0.6931471805599453,1.791759469228055,lightMedium,brown,dry,black,P455369,The INKEY List,15.99
3,0.0,0.875,8.0,0.6931471805599453,2.0794415416798357,mediumTan,brown,oily,black,P455369,The INKEY List,15.99
5,1.0,1.0,36.0,0.0,3.6109179126442243,fairLight,hazel,combination,blonde,P455369,The INKEY List,15.99
4,1.0,1.0,9.0,0.0,2.302585092994046,light,blue,oily,brown,P455369,The INKEY List,15.99
5,1.0,1.0,6.0,0.0,1.9459101490553132,light,hazel,combination,brown,P455369,The INKEY List,15.99
3,0.0,0.5,4.0,1.0986122886681098,1.0986122886681098,fair,hazel,oily,blonde,P467249,Fenty Skin,39.0
5,1.0,0.800000012,5.0,0.6931471805599453,1.6094379124341003,fair,hazel,combination,brown,P467249,Fenty Skin,39.0
5,1.0,1.0,5.0,0.0,1.791759469228055,lightMedium,brown,dry,brown,P467249,Fenty Skin,39.0
5,1.0,0.923076987,13.0,0.6931471805599453,2.5649493574615367,fair,blue,combination,blonde,P467249,Fenty Skin,39.0
5,1.0,0.5,8.0,1.6094379124341003,1.6094379124341003,lightMedium,brown,combination,brown,P467249,Fenty Skin,39.0
4,1.0,0.857142985,14.0,1.0986122886681098,2.5649493574615367,tan,brown,oily,black,P467249,Fenty Skin,39.0
4,1.0,1.0,4.0,0.0,1.6094379124341003,fair,brown,combination,brown,P467249,Fenty Skin,39.0
1,0.0,0.666666985,6.0,1.0986122886681098,1.6094379124341003,tan,brown,normal,black,P467249,Fenty Skin,39.0
5,1.0,1.0,4.0,0.0,1.6094379124341003,deep,brown,combination,black,P467249,Fenty Skin,39.0
5,1.0,1.0,4.0,0.0,1.6094379124341003,mediumTan,brown,dry,black,P467249,Fenty Skin,39.0
2,0.0,0.400000006,5.0,1.3862943611198906,1.0986122886681098,fairLight,blue,combination,brown,P467249,Fenty Skin,39.0
5,1.0,0.800000012,5.0,0.6931471805599453,1.6094379124341003,light,green,combination,auburn,P467249,Fenty Skin,39.0
5,1.0,0.666666985,6.0,1.0986122886681098,1.6094379124341003,lightMedium,brown,combination,brown,P467249,Fenty Skin,39.0
5,1.0,1.0,6.0,0.0,1.9459101490553132,light,blue,dry,blonde,P467249,Fenty Skin,39.0
1,0.0,0.3125,32.0,3.1354942159291497,2.3978952727983707,mediumTan,brown,combination,brown,P467249,Fenty Skin,39.0
5,1.0,0.97142899,35.0,0.6931471805599453,3.5553480614894135,light,green,oily,brown,P467249,Fenty Skin,39.0
5,1.0,1.0,13.0,0.0,2.6390573296152584,medium,green,combination,brown,P467249,Fenty Skin,39.0
5,1.0,0.75,8.0,1.0986122886681098,1.9459101490553132,rich,brown,combination,black,P467249,Fenty Skin,39.0
1,0.0,1.0,13.0,0.0,2.6390573296152584,light,blue,normal,blonde,P281835,GLO Science,159.0
3,0.0,0.875,24.0,1.3862943611198906,3.091042453358316,porcelain,brown,combination,brunette,P281835,GLO Science,159.0
3,0.0,0.75,12.0,1.3862943611198906,2.302585092994046,medium,hazel,normal,brunette,P281835,GLO Science,159.0
1,0.0,1.0,15.0,0.0,2.772588722239781,light,brown,combination,brunette,P281835,GLO Science,159.0
5,1.0,0.857142985,7.0,0.6931471805599453,1.9459101490553132,fair,blue,dry,brunette,P281835,GLO Science,159.0
5,1.0,1.0,16.0,0.0,2.833213344056216,medium,brown,dry,brunette,P281835,GLO Science,159.0
2,0.0,0.75,4.0,0.6931471805599453,1.3862943611198906,fair,brown,dry,black,P281835,GLO Science,159.0
1,0.0,0.5,6.0,1.3862943611198906,1.3862943611198906,deep,brown,oily,black,P281835,GLO Science,159.0
5,1.0,1.0,4.0,0.0,1.6094379124341003,light,brown,combination,brunette,P281835,GLO Science,159.0
5,1.0,0.954545021,22.0,0.6931471805599453,3.091042453358316,light,brown,combination,brunette,P281835,GLO Science,159.0
5,1.0,0.947368026,19.0,0.6931471805599453,2.9444389791664403,light,brown,combination,brunette,P281835,GLO Science,159.0
1,1.0,0.652173996,23.0,2.1972245773362196,2.772588722239781,light,brown,combination,brunette,P281835,GLO Science,159.0
5,1.0,0.833333015,6.0,0.6931471805599453,1.791759469228055,light,brown,combination,brunette,P281835,GLO Science,159.0
3,1.0,0.5,14.0,2.0794415416798357,2.0794415416798357,light,brown,combination,brunette,P281835,GLO Science,159.0
1,1.0,0.476190001,21.0,2.4849066497880004,2.3978952727983707,light,brown,dry,brunette,P281835,GLO Science,159.0
1,1.0,0.518518984,27.0,2.6390573296152584,2.70805020110221,light,brown,combination,brunette,P281835,GLO Science,159.0
5,1.0,0.600000024,10.0,1.6094379124341003,1.9459101490553132,light,brown,normal,brunette,P281835,GLO Science,159.0
5,1.0,0.909090996,11.0,0.6931471805599453,2.3978952727983707,light,brown,combination,brunette,P281835,GLO Science,159.0
5,1.0,0.875,8.0,0.6931471805599453,2.0794415416798357,light,brown,combination,brunette,P281835,GLO Science,159.0
5,1.0,0.899999976,10.0,0.6931471805599453,2.302585092994046,light,brown,combination,brunette,P281835,GLO Science,159.0
5,1.0,0.75,4.0,0.6931471805599453,1.3862943611198906,light,brown,combination,brunette,P281835,GLO Science,159.0
1,1.0,0.800000012,5.0,0.6931471805599453,1.6094379124341003,fair,brown,oily,brown,P394397,Murad,71.0
5,1.0,1.0,9.0,0.0,2.302585092994046,fair,brown,combination,brown,P394397,Murad,71.0
4,1.0,1.0,6.0,0.0,1.9459101490553132,fair,brown,combination,brown,P394397,Murad,71.0
5,1.0,0.75,4.0,0.6931471805599453,1.3862943611198906,fair,brown,combination,brown,P394397,Murad,71.0
5,1.0,1.0,6.0,0.0,1.9459101490553132,fair,brown,dry,brown,P394397,Murad,71.0
5,1.0,0.5,4.0,1.0986122886681098,1.0986122886681098,fair,hazel,combination,blonde,P481739,Skinfix,48.0
2,0.0,0.857142985,21.0,1.3862943611198906,2.9444389791664403,fair,brown,combination,black,P481739,Skinfix,48.0
1,0.0,0.875,16.0,1.0986122886681098,2.70805020110221,light,blue,combination,blonde,P481739,Skinfix,48.0
4,1.0,0.800000012,5.0,0.6931471805599453,1.6094379124341003,tan,brown,combination,black,P454396,fresh,45.0
3,0.0,0.5,6.0,1.3862943611198906,1.3862943611198906,light,brown,combination,brown,P454396,fresh,45.0
3,0.0,1.0,10.0,0.0,2.3978952727983707,medium,brown,combination,black,P454396,fresh,45.0
5,1.0,0.833333015,6.0,0.6931471805599453,1.791759469228055,fair,brown,normal,auburn,P428100,Peter Thomas Roth,105.0
4,1.0,0.166666999,6.0,1.791759469228055,0.6931471805599453,fair,brown,normal,blonde,P428100,Peter Thomas Roth,105.0
5,1.0,0.887639999,89.0,2.3978952727983707,4.382026634673881,light,brown,combination,red,P428100,Peter Thomas Roth,105.0
1,0.0,0.629630029,27.0,2.3978952727983707,2.8903717578961645,light,green,combination,blonde,P428100,Peter Thomas Roth,105.0
4,1.0,0.821429014,28.0,1.791759469228055,3.1780538303479458,fair,brown,combination,brown,P454084,Josie Maran,69.0
3,1.0,0.923076987,13.0,0.6931471805599453,2.5649493574615367,lightMedium,blue,combination,brown,P454084,Josie Maran,69.0
4,1.0,1.0,10.0,0.0,2.3978952727983707,fair,blue,combination,blonde,P454084,Josie Maran,69.0
1,0.0,0.800000012,5.0,0.6931471805599453,1.6094379124341003,lightMedium,brown,combination,brown,P454084,Josie Maran,69.0
5,1.0,1.0,25.0,0.0,3.258096538021482,lightMedium,hazel,normal,brown,P454084,Josie Maran,69.0
5,1.0,0.727272987,11.0,1.3862943611198906,2.1972245773362196,mediumTan,brown,oily,brown,P427412,The Ordinary,11.1
1,0.0,0.818181992,11.0,1.0986122886681098,2.302585092994046,medium,green,combination,blonde,P427412,The Ordinary,11.1
5,1.0,0.916666985,24.0,1.0986122886681098,3.1354942159291497,light,green,combination,brown,P427412,The Ordinary,11.1
5,1.0,0.0,6.0,1.9459101490553132,0.0,light,brown,dry,black,P427412,The Ordinary,11.1
5,1.0,0.92682898,113.72000000000116,2.302585092994046,4.74493212836325,lightMedium,brown,normal,brown,P427412,The Ordinary,11.1
5,1.0,0.666666985,6.0,1.0986122886681098,1.6094379124341003,fair,brown,combination,black,P427412,The Ordinary,11.1
5,1.0,0.981481016,54.0,0.6931471805599453,3.9889840465642745,light,brown,normal,brown,P427412,The Ordinary,11.1
5,1.0,1.0,17.0,0.0,2.8903717578961645,rich,brown,normal,black,P427412,The Ordinary,11.1
5,1.0,0.842104971,19.0,1.3862943611198906,2.833213344056216,light,brown,combination,black,P427412,The Ordinary,11.1
5,1.0,1.0,7.0,0.0,2.0794415416798357,medium,brown,dry,brown,P427412,The Ordinary,11.1
5,1.0,0.857142985,7.0,0.6931471805599453,1.9459101490553132,lightMedium,brown,combination,black,P427412,The Ordinary,11.1
5,1.0,0.959999979,25.0,0.6931471805599453,3.2188758248682006,medium,brown,combination,black,P427412,The Ordinary,11.1
2,0.0,0.708333015,24.0,2.0794415416798357,2.8903717578961645,tan,brown,normal,black,P427412,The Ordinary,11.1
5,1.0,0.980000019,50.0,0.6931471805599453,3.912023005428146,fair,hazel,combination,blonde,P427412,The Ordinary,11.1
1,0.0,0.833333015,12.0,1.0986122886681098,2.3978952727983707,light,brown,normal,brown,P427412,The Ordinary,11.1
3,0.0,0.333332986,6.0,1.6094379124341003,1.0986122886681098,mediumTan,brown,combination,brown,P427412,The Ordinary,11.1
1,0.0,0.583333015,12.0,1.791759469228055,2.0794415416798357,medium,brown,combination,black,P475543,Glow Recipe,45.0
5,1.0,1.0,4.0,0.0,1.6094379124341003,fair,hazel,combination,brown,P475543,Glow Recipe,45.0
3,1.0,0.600000024,5.0,1.0986122886681098,1.3862943611198906,light,green,combination,blonde,P475543,Glow Recipe,45.0
3,0.0,0.800000012,5.0,0.6931471805599453,1.6094379124341003,mediumTan,brown,combination,brown,P475543,Glow Recipe,45.0
2,0.0,0.375,8.0,1.791759469228055,1.3862943611198906,light,hazel,combination,brown,P475543,Glow Recipe,45.0
3,0.0,0.833333015,6.0,0.6931471805599453,1.791759469228055,mediumTan,hazel,combination,black,P475543,Glow Recipe,45.0
3,0.0,0.600000024,5.0,1.0986122886681098,1.3862943611198906,fair,hazel,combination,brown,P475543,Glow Recipe,45.0
5,1.0,0.461537987,13.0,2.0794415416798357,1.9459101490553132,lightMedium,brown,oily,black,P475543,Glow Recipe,45.0
4,1.0,0.600000024,5.0,1.0986122886681098,1.3862943611198906,mediumTan,brown,combination,brown,P475543,Glow Recipe,45.0
5,1.0,0.875,8.0,0.6931471805599453,2.0794415416798357,fair,green,combination,blonde,P475543,Glow Recipe,45.0
4,0.0,0.625,8.0,1.3862943611198906,1.791759469228055,fair,green,dry,red,P467615,Dr. Jart+,42.0
5,1.0,1.0,4.0,0.0,1.6094379124341003,light,hazel,combination,brown,P467615,Dr. Jart+,42.0
5,1.0,1.0,6.0,0.0,1.9459101490553132,fair,hazel,combination,brown,P467615,Dr. Jart+,42.0
2,1.0,0.6875,16.0,1.791759469228055,2.4849066497880004,medium,brown,dry,brown,P467615,Dr. Jart+,42.0
4,1.0,1.0,4.0,0.0,1.6094379124341003,fair,blue,dry,blonde,P460578,goop,98.0
1,0.0,0.25,12.0,2.302585092994046,1.3862943611198906,lightMedium,brown,dry,brown,P471788,Murad,17.0
5,1.0,0.8125,32.0,1.9459101490553132,3.295836866004329,light,hazel,combination,brown,P471788,Murad,17.0
5,1.0,1.0,5.0,0.0,1.791759469228055,lightMedium,blue,combination,blonde,P471788,Murad,17.0
4,1.0,0.75,4.0,0.6931471805599453,1.3862943611198906,fair,blue,oily,brown,P471788,Murad,17.0
5,1.0,1.0,4.0,0.0,1.6094379124341003,fair,blue,combination,brown,P471788,Murad,17.0
3,1.0,0.777778029,9.0,1.0986122886681098,2.0794415416798357,lightMedium,blue,combination,brown,P471788,Murad,17.0
3,1.0,0.0,7.0,2.0794415416798357,0.0,fair,blue,oily,brown,P471788,Murad,17.0
5,1.0,0.5,4.0,1.0986122886681098,1.0986122886681098,light,brown,combination,brown,P501254,Glow Recipe,40.0
2,0.0,0.850000024,40.0,1.9459101490553132,3.5553480614894135,fair,brown,dry,red,P501254,Glow Recipe,40.0
5,1.0,1.0,6.0,0.0,1.9459101490553132,lightMedium,hazel,combination,blonde,P501254,Glow Recipe,40.0
5,1.0,0.877192974,57.0,2.0794415416798357,3.9318256327243257,fairLight,brown,dry,red,P387261,Peter Thomas Roth,60.0
5,1.0,0.800000012,5.0,0.6931471805599453,1.6094379124341003,fair,blue,combination,blonde,P387261,Peter Thomas Roth,60.0
5,1.0,0.79310298,29.0,1.9459101490553132,3.1780538303479458,lightMedium,brown,dry,black,P387261,Peter Thomas Roth,60.0
5,1.0,1.0,18.0,0.0,2.9444389791664403,fair,brown,oily,brown,P387261,Peter Thomas Roth,60.0
5,1.0,0.899999976,10.0,0.6931471805599453,2.302585092994046,deep,brown,oily,black,P387261,Peter Thomas Roth,60.0
5,1.0,0.861110985,36.0,1.791759469228055,3.4657359027997265,fair,brown,combination,black,P387261,Peter Thomas Roth,60.0
5,1.0,0.875,8.0,0.6931471805599453,2.0794415416798357,fair,brown,combination,black,P387261,Peter Thomas Roth,60.0
5,1.0,0.857142985,14.0,1.0986122886681098,2.5649493574615367,fair,brown,combination,black,P387261,Peter Thomas Roth,60.0
5,1.0,1.0,4.0,0.0,1.6094379124341003,light,blue,dry,blonde,P469490,LANEIGE,25.0
2,0.0,0.800000012,10.0,1.0986122886681098,2.1972245773362196,light,brown,combination,brown,P469490,LANEIGE,25.0
2,0.0,0.75,8.0,1.0986122886681098,1.9459101490553132,fairLight,blue,dry,brown,P469490,LANEIGE,25.0
1,0.0,0.727272987,22.0,1.9459101490553132,2.833213344056216,fairLight,Grey,dry,blonde,P469490,LANEIGE,25.0
5,1.0,0.666666985,18.0,1.9459101490553132,2.5649493574615367,light,blue,normal,brown,P469490,LANEIGE,25.0
2,1.0,0.0,6.0,1.9459101490553132,0.0,lightMedium,brown,normal,brown,P469490,LANEIGE,25.0
3,0.0,0.75,4.0,0.6931471805599453,1.3862943611198906,light,green,dry,blonde,P469490,LANEIGE,25.0
2,0.0,0.5,10.0,1.791759469228055,1.791759469228055,mediumTan,brown,dry,black,P469490,LANEIGE,25.0
3,0.0,0.906976998,43.0,1.6094379124341003,3.6888794541139363,light,green,combination,brown,P469490,LANEIGE,25.0
5,1.0,1.0,6.0,0.0,1.9459101490553132,light,brown,dry,blonde,P469490,LANEIGE,25.0
2,0.0,0.78947401,19.0,1.6094379124341003,2.772588722239781,light,blue,combination,brown,P469490,LANEIGE,25.0
3,1.0,0.863636017,22.0,1.3862943611198906,2.995732273553991,fair,green,combination,brown,P469490,LANEIGE,25.0
5,1.0,0.100000001,10.0,2.302585092994046,0.6931471805599453,lightMedium,green,combination,blonde,P469490,LANEIGE,25.0
4,1.0,1.0,15.0,0.0,2.772588722239781,fair,hazel,combination,brown,P423136,Dermalogica,42.0
5,1.0,0.5,6.0,1.3862943611198906,1.3862943611198906,light,hazel,dry,red,P423136,Dermalogica,42.0
5,1.0,0.444444001,9.0,1.791759469228055,1.6094379124341003,light,brown,combination,brown,P423136,Dermalogica,42.0
2,0.0,0.857142985,7.0,0.6931471805599453,1.9459101490553132,tan,brown,normal,black,P432241,CLINIQUE,45.0
2,0.0,0.857142985,7.0,0.6931471805599453,1.9459101490553132,light,brown,dry,black,P432241,CLINIQUE,45.0
5,1.0,0.909090996,11.0,0.6931471805599453,2.3978952727983707,light,hazel,combination,brown,P432241,CLINIQUE,45.0
4,1.0,1.0,10.0,0.0,2.3978952727983707,lightMedium,green,dry,brown,P432241,CLINIQUE,45.0
1,0.0,0.600000024,5.0,1.0986122886681098,1.3862943611198906,fair,green,normal,blonde,P432241,CLINIQUE,45.0
4,1.0,0.823529005,17.0,1.3862943611198906,2.70805020110221,fair,brown,combination,black,P432241,CLINIQUE,45.0
2,0.0,1.0,4.0,0.0,1.6094379124341003,mediumTan,brown,normal,black,P443700,Dermalogica,13.0
1,0.0,0.181817994,11.0,2.302585092994046,1.0986122886681098,lightMedium,brown,combination,brown,P443700,Dermalogica,13.0
5,1.0,0.875,16.0,1.0986122886681098,2.70805020110221,light,brown,dry,brown,P443700,Dermalogica,13.0
5,1.0,0.0,4.0,1.6094379124341003,0.0,tan,brown,combination,brown,P443700,Dermalogica,13.0
1,0.0,0.526315987,19.0,2.302585092994046,2.3978952727983707,lightMedium,blue,combination,blonde,P443700,Dermalogica,13.0
5,1.0,0.736841977,19.0,1.791759469228055,2.70805020110221,light,brown,dry,blonde,P443700,Dermalogica,13.0
3,1.0,0.200000003,5.0,1.6094379124341003,0.6931471805599453,fair,hazel,combination,brown,P466122,fresh,44.0
5,1.0,1.0,7.0,0.0,2.0794415416798357,fairLight,brown,combination,brown,P416561,Biossance,54.0
4,1.0,0.857142985,7.0,0.6931471805599453,1.9459101490553132,fair,hazel,combination,auburn,P416561,Biossance,54.0
2,0.0,0.428570986,7.0,1.6094379124341003,1.3862943611198906,medium,brown,oily,brown,P416561,Biossance,54.0
5,1.0,0.857142985,7.0,0.6931471805599453,1.9459101490553132,lightMedium,brown,dry,black,P416561,Biossance,54.0
5,1.0,0.833333015,6.0,0.6931471805599453,1.791759469228055,light,hazel,combination,brown,P416561,Biossance,54.0
4,1.0,0.75,4.0,0.6931471805599453,1.3862943611198906,lightMedium,brown,combination,brown,P416561,Biossance,54.0
5,1.0,0.75,4.0,0.6931471805599453,1.3862943611198906,fair,blue,oily,brown,P416561,Biossance,54.0
5,1.0,0.75,4.0,0.6931471805599453,1.3862943611198906,fairLight,green,combination,brown,P416561,Biossance,54.0
3,0.0,0.875,8.0,0.6931471805599453,2.0794415416798357,lightMedium,brown,dry,brown,P416561,Biossance,54.0
5,1.0,1.0,4.0,0.0,1.6094379124341003,deep,brown,combination,brown,P470024,Drunk Elephant,82.0
5,1.0,0.319999993,25.0,2.8903717578961645,2.1972245773362196,lightMedium,brown,combination,brown,P470024,Drunk Elephant,82.0
4,1.0,0.75,8.0,1.0986122886681098,1.9459101490553132,fair,blue,combination,blonde,P470024,Drunk Elephant,82.0
5,1.0,1.0,5.0,0.0,1.791759469228055,fair,brown,normal,blonde,P470024,Drunk Elephant,82.0
5,1.0,1.0,8.0,0.0,2.1972245773362196,fair,green,combination,blonde,P470024,Drunk Elephant,82.0
3,1.0,0.899999976,10.0,0.6931471805599453,2.302585092994046,light,brown,combination,black,P470024,Drunk Elephant,82.0
2,0.0,0.333332986,6.0,1.6094379124341003,1.0986122886681098,medium,brown,combination,brown,P470024,Drunk Elephant,82.0
5,1.0,1.0,8.0,0.0,2.1972245773362196,lightMedium,brown,combination,black,P470024,Drunk Elephant,82.0
5,1.0,0.800000012,5.0,0.6931471805599453,1.6094379124341003,light,blue,combination,blonde,P470024,Drunk Elephant,82.0
5,1.0,0.800000012,5.0,0.6931471805599453,1.6094379124341003,lightMedium,hazel,combination,brown,P470024,Drunk Elephant,82.0
5,1.0,1.0,4.0,0.0,1.6094379124341003,fair,hazel,dry,brown,P470024,Drunk Elephant,82.0
5,1.0,0.857142985,7.0,0.6931471805599453,1.9459101490553132,light,brown,dry,brown,P470024,Drunk Elephant,82.0
1,0.0,0.5,4.0,1.0986122886681098,1.0986122886681098,lightMedium,brown,combination,black,P446423,Murad,38.0
4,0.0,0.5,6.0,1.3862943611198906,1.3862943611198906,tan,brown,combination,brown,P446423,Murad,38.0
4,1.0,0.959999979,25.0,0.6931471805599453,3.2188758248682006,fairLight,green,oily,blonde,P446423,Murad,38.0
5,1.0,0.899999976,10.0,0.6931471805599453,2.302585092994046,tan,brown,oily,black,P446423,Murad,38.0
5,1.0,1.0,23.0,0.0,3.1780538303479458,fair,hazel,combination,auburn,P446423,Murad,38.0
3,0.0,0.833333015,6.0,0.6931471805599453,1.791759469228055,light,brown,combination,brown,P446423,Murad,38.0
5,1.0,0.5,6.0,1.3862943611198906,1.3862943611198906,fair,brown,oily,brown,P446423,Murad,38.0
3,0.0,0.600000024,5.0,1.0986122886681098,1.3862943611198906,light,hazel,combination,brown,P446423,Murad,38.0
1,0.0,0.941175997,17.0,0.6931471805599453,2.833213344056216,fair,brown,combination,brown,P446423,Murad,38.0
3,1.0,0.821429014,28.0,1.791759469228055,3.1780538303479458,fair,blue,combination,blonde,P446423,Murad,38.0
3,0.0,0.090909101,11.0,2.3978952727983707,0.6931471805599453,light,brown,oily,brown,P446423,Murad,38.0
5,1.0,0.5,4.0,1.0986122886681098,1.0986122886681098,fair,brown,oily,blonde,P427418,The Ordinary,11.7
5,1.0,0.75999999,25.0,1.9459101490553132,2.995732273553991,light,blue,combination,blonde,P427418,The Ordinary,11.7
3,1.0,0.41791001,67.0,3.6888794541139363,3.367295829986474,lightMedium,blue,oily,brown,P427418,The Ordinary,11.7
3,0.0,1.0,9.0,0.0,2.302585092994046,fair,blue,dry,blonde,P427418,The Ordinary,11.7
5,1.0,0.896552026,29.0,1.3862943611198906,3.295836866004329,fair,brown,combination,brown,P427418,The Ordinary,11.7
5,1.0,0.625,8.0,1.3862943611198906,1.791759469228055,fairLight,blue,combination,red,P427418,The Ordinary,11.7
5,1.0,0.893939018,66.0,2.0794415416798357,4.0943445622221,lightMedium,brown,combination,brown,P427418,The Ordinary,11.7
5,1.0,0.736841977,19.0,1.791759469228055,2.70805020110221,lightMedium,brown,dry,brown,P427418,The Ordinary,11.7
5,1.0,1.0,33.0,0.0,3.5263605246161616,fair,blue,dry,brown,P427418,The Ordinary,11.7
5,1.0,0.846153975,13.0,1.0986122886681098,2.4849066497880004,lightMedium,brown,combination,black,P427418,The Ordinary,11.7
5,1.0,0.833333015,6.0,0.6931471805599453,1.791759469228055,light,hazel,combination,blonde,P427418,The Ordinary,11.7
5,1.0,0.75,4.0,0.6931471805599453,1.3862943611198906,fairLight,hazel,dry,red,P427418,The Ordinary,11.7
2,0.0,0.727272987,22.0,1.9459101490553132,2.833213344056216,lightMedium,hazel,combination,auburn,P427418,The Ordinary,11.7
1,0.0,0.199377,113.72000000000116,5.552959584921617,4.174387269895637,fair,brown,normal,brown,P427418,The Ordinary,11.7
5,1.0,0.777778029,9.0,1.0986122886681098,2.0794415416798357,lightMedium,brown,combination,brown,P472981,Lancôme,79.0
3,1.0,0.899999976,10.0,0.6931471805599453,2.302585092994046,lightMedium,hazel,dry,black,P472981,Lancôme,79.0
5,1.0,0.75,4.0,0.6931471805599453,1.3862943611198906,fair,brown,combination,brown,P232906,Kate Somerville,76.0
1,0.0,0.800000012,5.0,0.6931471805599453,1.6094379124341003,lightMedium,brown,dry,black,P471226,Caudalie,65.0
1,0.0,0.818181992,11.0,1.0986122886681098,2.302585092994046,fair,brown,normal,brunette,P471226,Caudalie,65.0
5,1.0,0.600000024,5.0,1.0986122886681098,1.3862943611198906,lightMedium,blue,dry,brown,P471226,Caudalie,65.0
5,1.0,0.666666985,12.0,1.6094379124341003,2.1972245773362196,fair,brown,combination,brunette,P471226,Caudalie,65.0
3,0.0,0.699999988,10.0,1.3862943611198906,2.0794415416798357,tan,brown,oily,blonde,P471226,Caudalie,65.0
5,1.0,0.625,8.0,1.3862943611198906,1.791759469228055,medium,brown,dry,auburn,P471226,Caudalie,65.0
5,1.0,1.0,4.0,0.0,1.6094379124341003,olive,brown,dry,black,P471226,Caudalie,65.0
1,0.0,0.970588028,34.0,0.6931471805599453,3.5263605246161616,light,brown,combination,black,P482693,LANEIGE,40.0
2,0.0,1.0,5.0,0.0,1.791759469228055,tan,brown,combination,brown,P482693,LANEIGE,40.0
1,0.0,0.857142985,7.0,0.6931471805599453,1.9459101490553132,light,green,dry,blonde,P482693,LANEIGE,40.0
1,0.0,0.909090996,11.0,0.6931471805599453,2.3978952727983707,rich,brown,dry,black,P482693,LANEIGE,40.0
1,0.0,1.0,77.0,0.0,4.356708826689592,light,brown,dry,black,P482693,LANEIGE,40.0
1,0.0,1.0,23.0,0.0,3.1780538303479458,fair,brown,dry,blonde,P482693,LANEIGE,40.0
2,0.0,1.0,8.0,0.0,2.1972245773362196,light,blue,combination,brown,P482693,LANEIGE,40.0
3,0.0,0.636363983,11.0,1.6094379124341003,2.0794415416798357,fair,blue,dry,brown,P379710,Tata Harper,88.0
4,1.0,1.0,6.0,0.0,1.9459101490553132,light,brown,dry,brown,P379710,Tata Harper,88.0
2,1.0,0.75,4.0,0.6931471805599453,1.3862943611198906,lightMedium,brown,dry,brown,P379710,Tata Harper,88.0
3,1.0,0.555555999,9.0,1.6094379124341003,1.791759469228055,lightMedium,brown,normal,brown,P379710,Tata Harper,88.0
2,0.0,0.296296,27.0,2.995732273553991,2.1972245773362196,light,blue,normal,blonde,P457517,fresh,25.0
5,1.0,0.666666985,9.0,1.3862943611198906,1.9459101490553132,lightMedium,brown,combination,black,P457517,fresh,25.0
3,0.0,0.75,4.0,0.6931471805599453,1.3862943611198906,light,green,combination,blonde,P444057,belif,30.0
5,1.0,1.0,4.0,0.0,1.6094379124341003,lightMedium,brown,combination,blonde,P444057,belif,30.0
2,0.0,0.555555999,9.0,1.6094379124341003,1.791759469228055,fair,brown,combination,brown,P458900,Josie Maran,29.0
1,0.0,0.833333015,12.0,1.0986122886681098,2.3978952727983707,medium,brown,combination,brown,P458900,Josie Maran,29.0
5,1.0,1.0,9.0,0.0,2.302585092994046,mediumTan,brown,oily,black,P458900,Josie Maran,29.0
1,0.0,0.5,16.0,2.1972245773362196,2.1972245773362196,fairLight,brown,dry,brown,P458900,Josie Maran,29.0
4,1.0,0.899999976,10.0,0.6931471805599453,2.302585092994046,fair,blue,combination,brown,P466117,Drunk Elephant,42.0
4,1.0,0.571429014,7.0,1.3862943611198906,1.6094379124341003,light,blue,oily,blonde,P466117,Drunk Elephant,42.0
5,1.0,0.333332986,9.0,1.9459101490553132,1.3862943611198906,fairLight,hazel,dry,brown,P466117,Drunk Elephant,42.0
5,1.0,1.0,4.0,0.0,1.6094379124341003,fair,brown,normal,brown,P453824,Peter Thomas Roth,75.0
5,1.0,1.0,7.0,0.0,2.0794415416798357,light,green,combination,black,P453824,Peter Thomas Roth,75.0
4,1.0,0.862069011,29.0,1.6094379124341003,3.258096538021482,light,blue,combination,auburn,P413326,Tatcha,30.0
1,0.0,0.800000012,10.0,1.0986122886681098,2.1972245773362196,mediumTan,brown,dry,brown,P413326,Tatcha,30.0
1,0.0,0.75,4.0,0.6931471805599453,1.3862943611198906,fairLight,brown,dry,black,P413326,Tatcha,30.0
5,1.0,0.333332986,6.0,1.6094379124341003,1.0986122886681098,lightMedium,brown,dry,black,P413326,Tatcha,30.0
5,1.0,0.25,8.0,1.9459101490553132,1.0986122886681098,lightMedium,brown,combination,blonde,P413326,Tatcha,30.0
1,0.0,0.0,4.0,1.6094379124341003,0.0,fair,brown,combination,brown,P413326,Tatcha,30.0
5,1.0,0.75,4.0,0.6931471805599453,1.3862943611198906,lightMedium,brown,combination,brown,P413326,Tatcha,30.0
5,1.0,0.93333298,15.0,0.6931471805599453,2.70805020110221,light,green,combination,brown,P455368,The INKEY List,15.99
3,1.0,0.625,8.0,1.3862943611198906,1.791759469228055,fair,hazel,normal,brown,P455368,The INKEY List,15.99
1,0.0,0.782608986,23.0,1.791759469228055,2.9444389791664403,light,blue,combination,blonde,P455368,The INKEY List,15.99
4,0.0,0.800000012,5.0,0.6931471805599453,1.6094379124341003,light,blue,combination,blonde,P455368,The INKEY List,15.99
2,0.0,1.0,5.0,0.0,1.791759469228055,deep,brown,oily,black,P455368,The INKEY List,15.99
5,1.0,1.0,19.0,0.0,2.995732273553991,tan,brown,oily,black,P455368,The INKEY List,15.99
3,0.0,0.905659974,53.0,1.791759469228055,3.8918202981106265,fair,hazel,oily,brown,P455368,The INKEY List,15.99
4,1.0,1.0,6.0,0.0,1.9459101490553132,deep,brown,combination,black,P455368,The INKEY List,15.99
1,0.0,1.0,6.0,0.0,1.9459101490553132,fair,brown,combination,brown,P381020,Caudalie,30.0
5,1.0,0.913043022,23.0,1.0986122886681098,3.091042453358316,fair,brown,combination,brown,P381020,Caudalie,30.0
5,1.0,1.0,18.0,0.0,2.9444389791664403,fair,brown,combination,brown,P381020,Caudalie,30.0
1,1.0,0.600000024,5.0,1.0986122886681098,1.3862943611198906,fair,brown,combination,brown,P381020,Caudalie,30.0
5,1.0,0.800000012,10.0,1.0986122886681098,2.1972245773362196,lightMedium,brown,combination,brown,P466673,Murad,83.0
5,1.0,1.0,5.0,0.0,1.791759469228055,deep,brown,combination,black,P466673,Murad,83.0
3,0.0,0.600000024,5.0,1.0986122886681098,1.3862943611198906,mediumTan,brown,combination,brown,P466673,Murad,83.0
5,1.0,0.625,16.0,1.9459101490553132,2.3978952727983707,mediumTan,brown,combination,brown,P466673,Murad,83.0
5,1.0,0.145161003,62.0,3.9889840465642745,2.302585092994046,lightMedium,green,normal,brown,P466673,Murad,83.0
4,1.0,0.0,6.0,1.9459101490553132,0.0,deep,brown,combination,black,P466673,Murad,83.0
5,1.0,1.0,12.0,0.0,2.5649493574615367,light,brown,oily,brown,P466673,Murad,83.0
5,1.0,0.529411972,17.0,2.1972245773362196,2.302585092994046,medium,brown,normal,brown,P455366,The INKEY List,12.99
5,1.0,0.75,12.0,1.3862943611198906,2.302585092994046,fairLight,hazel,combination,brown,P455366,The INKEY List,12.99
1,0.0,0.774194002,31.0,2.0794415416798357,3.2188758248682006,light,hazel,dry,brown,P455366,The INKEY List,12.99
4,1.0,0.833333015,12.0,1.0986122886681098,2.3978952727983707,fair,blue,combination,brown,P455366,The INKEY List,12.99
3,1.0,0.857142985,14.0,1.0986122886681098,2.5649493574615367,fair,blue,dry,brown,P455366,The INKEY List,12.99
5,1.0,1.0,19.0,0.0,2.995732273553991,light,brown,normal,brown,P455366,The INKEY List,12.99
5,1.0,1.0,8.0,0.0,2.1972245773362196,light,brown,combination,brown,P455366,The INKEY List,12.99
4,1.0,1.0,5.0,0.0,1.791759469228055,fair,blue,normal,blonde,P470506,Augustinus Bader,70.0
5,1.0,0.083333299,12.0,2.4849066497880004,0.6931471805599453,lightMedium,Grey,normal,brown,P443349,HUM Nutrition,40.0
5,1.0,1.0,7.0,0.0,2.0794415416798357,light,blue,oily,blonde,P443349,HUM Nutrition,40.0
5,1.0,0.533333004,15.0,2.0794415416798357,2.1972245773362196,mediumTan,brown,dry,brown,P443349,HUM Nutrition,40.0
1,0.0,0.400000006,10.0,1.9459101490553132,1.6094379124341003,fairLight,blue,dry,red,P461213,Wishful,43.0
1,0.0,0.833333015,6.0,0.6931471805599453,1.791759469228055,lightMedium,brown,combination,brown,P461213,Wishful,43.0
3,0.0,1.0,14.0,0.0,2.70805020110221,fair,hazel,normal,blonde,P461213,Wishful,43.0
5,1.0,0.400000006,10.0,1.9459101490553132,1.6094379124341003,medium,brown,combination,black,P461213,Wishful,43.0
1,0.0,0.899999976,20.0,1.0986122886681098,2.9444389791664403,fair,brown,combination,brown,P461213,Wishful,43.0
5,1.0,1.0,8.0,0.0,2.1972245773362196,lightMedium,brown,combination,brown,P461213,Wishful,43.0
4,1.0,0.75,4.0,0.6931471805599453,1.3862943611198906,fairLight,blue,combination,blonde,P461213,Wishful,43.0
5,1.0,0.714286029,7.0,1.0986122886681098,1.791759469228055,fair,hazel,combination,brown,P442830,The Ordinary,10.0
5,1.0,0.230768993,13.0,2.3978952727983707,1.3862943611198906,mediumTan,brown,dry,black,P442830,The Ordinary,10.0
5,1.0,0.833333015,6.0,0.6931471805599453,1.791759469228055,fairLight,blue,dry,brown,P442830,The Ordinary,10.0
5,1.0,0.833333015,12.0,1.0986122886681098,2.3978952727983707,fair,blue,dry,brown,P442830,The Ordinary,10.0
2,0.0,1.0,7.0,0.0,2.0794415416798357,fair,blue,dry,blonde,P442830,The Ordinary,10.0
5,1.0,1.0,11.0,0.0,2.4849066497880004,light,blue,dry,brown,P442830,The Ordinary,10.0
5,1.0,1.0,11.0,0.0,2.4849066497880004,medium,green,oily,brown,P442830,The Ordinary,10.0
5,1.0,0.777778029,9.0,1.0986122886681098,2.0794415416798357,lightMedium,brown,dry,brown,P442830,The Ordinary,10.0
5,1.0,0.842104971,19.0,1.3862943611198906,2.833213344056216,lightMedium,brown,combination,brown,P442830,The Ordinary,10.0
4,1.0,0.75,4.0,0.6931471805599453,1.3862943611198906,fairLight,hazel,dry,blonde,P442830,The Ordinary,10.0
5,1.0,1.0,5.0,0.0,1.791759469228055,mediumTan,brown,combination,brown,P442830,The Ordinary,10.0
5,1.0,1.0,9.0,0.0,2.302585092994046,lightMedium,brown,combination,black,P442830,The Ordinary,10.0
5,1.0,0.75,12.0,1.3862943611198906,2.302585092994046,light,brown,oily,red,P454806,Dior,130.0
5,1.0,1.0,4.0,0.0,1.6094379124341003,light,blue,combination,blonde,P454806,Dior,130.0
1,0.0,0.625,8.0,1.3862943611198906,1.791759469228055,fair,brown,oily,auburn,P448852,Tower 28 Beauty,12.0
4,1.0,1.0,5.0,0.0,1.791759469228055,light,hazel,combination,brown,P448852,Tower 28 Beauty,12.0
5,1.0,1.0,4.0,0.0,1.6094379124341003,light,brown,combination,brown,P448852,Tower 28 Beauty,12.0
3,0.0,0.411765009,17.0,2.3978952727983707,2.0794415416798357,fair,brown,combination,brown,P448852,Tower 28 Beauty,12.0
5,1.0,0.75,4.0,0.6931471805599453,1.3862943611198906,lightMedium,brown,combination,black,P448852,Tower 28 Beauty,12.0
5,1.0,1.0,6.0,0.0,1.9459101490553132,light,brown,combination,brown,P448852,Tower 28 Beauty,12.0
5,1.0,0.920000017,25.0,1.0986122886681098,3.1780538303479458,light,brown,oily,brown,P448852,Tower 28 Beauty,12.0
1,0.0,0.5,26.0,2.6390573296152584,2.6390573296152584,lightMedium,hazel,dry,blonde,P448852,Tower 28 Beauty,12.0
1,0.0,0.457143009,35.0,2.995732273553991,2.833213344056216,fair,blue,combination,red,P448852,Tower 28 Beauty,12.0
5,1.0,1.0,9.0,0.0,2.302585092994046,light,brown,combination,brown,P448852,Tower 28 Beauty,12.0
5,1.0,0.666666985,6.0,1.0986122886681098,1.6094379124341003,light,blue,combination,brown,P448852,Tower 28 Beauty,12.0
5,1.0,1.0,39.0,0.0,3.6888794541139363,fair,blue,dry,brown,P448852,Tower 28 Beauty,12.0
1,0.0,0.727272987,11.0,1.3862943611198906,2.1972245773362196,fair,hazel,combination,brown,P416562,Biossance,56.0
5,1.0,1.0,16.0,0.0,2.833213344056216,light,brown,dry,brown,P416562,Biossance,56.0
3,1.0,0.375,8.0,1.791759469228055,1.3862943611198906,light,hazel,oily,brown,P416562,Biossance,56.0
5,1.0,0.833333015,6.0,0.6931471805599453,1.791759469228055,light,brown,dry,brown,P416562,Biossance,56.0
2,0.0,0.25,4.0,1.3862943611198906,0.6931471805599453,lightMedium,brown,combination,black,P416562,Biossance,56.0
2,0.0,0.916666985,12.0,0.6931471805599453,2.4849066497880004,fair,blue,oily,brown,P416562,Biossance,56.0
5,1.0,1.0,12.0,0.0,2.5649493574615367,deep,brown,dry,black,P416562,Biossance,56.0
5,1.0,0.800000012,5.0,0.6931471805599453,1.6094379124341003,light,brown,dry,brown,P416562,Biossance,56.0
5,1.0,1.0,15.0,0.0,2.772588722239781,lightMedium,hazel,dry,brown,P416562,Biossance,56.0
3,0.0,0.84375,113.72000000000116,3.044522437723423,4.6913478822291435,fair,green,dry,red,P416562,Biossance,56.0
1,0.0,0.800000012,10.0,1.0986122886681098,2.1972245773362196,fair,brown,dry,brown,P416562,Biossance,56.0
2,1.0,0.0,4.0,1.6094379124341003,0.0,light,brown,dry,brown,P416562,Biossance,56.0
2,1.0,0.200000003,5.0,1.6094379124341003,0.6931471805599453,light,brown,dry,brown,P416562,Biossance,56.0
2,1.0,0.806451976,31.0,1.9459101490553132,3.258096538021482,light,brown,dry,brown,P416562,Biossance,56.0
4,1.0,0.846153975,13.0,1.0986122886681098,2.4849066497880004,lightMedium,brown,combination,brown,P420699,Tatcha,70.0
1,0.0,0.769231021,13.0,1.3862943611198906,2.3978952727983707,fair,green,combination,brown,P420699,Tatcha,70.0
2,0.0,0.9375,16.0,0.6931471805599453,2.772588722239781,fairLight,blue,combination,blonde,P420699,Tatcha,70.0
5,1.0,0.78947401,19.0,1.6094379124341003,2.772588722239781,light,brown,combination,brown,P420699,Tatcha,70.0
5,1.0,1.0,10.0,0.0,2.3978952727983707,light,brown,combination,brown,P420699,Tatcha,70.0
1,0.0,0.727272987,11.0,1.3862943611198906,2.1972245773362196,lightMedium,brown,combination,black,P420699,Tatcha,70.0
1,0.0,0.400000006,5.0,1.3862943611198906,1.0986122886681098,mediumTan,brown,combination,black,P420699,Tatcha,70.0
5,1.0,0.75,4.0,0.6931471805599453,1.3862943611198906,rich,brown,oily,brown,P420699,Tatcha,70.0
5,1.0,0.814814985,27.0,1.791759469228055,3.1354942159291497,light,brown,combination,brown,P420699,Tatcha,70.0
4,1.0,0.884891987,113.72000000000116,2.833213344056216,4.820281565605037,light,brown,combination,brown,P420699,Tatcha,70.0
5,1.0,0.75,4.0,0.6931471805599453,1.3862943611198906,light,brown,combination,brown,P420699,Tatcha,70.0
5,1.0,0.75,4.0,0.6931471805599453,1.3862943611198906,light,brown,combination,brown,P420699,Tatcha,70.0
2,0.0,0.75,4.0,0.6931471805599453,1.3862943611198906,fairLight,blue,normal,red,P432045,Algenist,29.0
4,1.0,0.25,4.0,1.3862943611198906,0.6931471805599453,light,hazel,combination,blonde,P432045,Algenist,29.0
5,1.0,0.833333015,6.0,0.6931471805599453,1.791759469228055,lightMedium,blue,combination,brown,P432045,Algenist,29.0
5,1.0,0.958333015,24.0,0.6931471805599453,3.1780538303479458,medium,blue,combination,blonde,P432045,Algenist,29.0
5,1.0,0.928570986,14.0,0.6931471805599453,2.6390573296152584,lightMedium,brown,combination,brown,P432045,Algenist,29.0
5,1.0,0.5,4.0,1.0986122886681098,1.0986122886681098,lightMedium,brown,oily,blonde,P432045,Algenist,29.0
4,1.0,0.888889015,72.0,2.1972245773362196,4.174387269895637,medium,brown,combination,black,P432045,Algenist,29.0
5,1.0,1.0,5.0,0.0,1.791759469228055,lightMedium,brown,normal,black,P456410,Biossance,34.0
5,1.0,0.75,4.0,0.6931471805599453,1.3862943611198906,lightMedium,brown,combination,brown,P456410,Biossance,34.0
1,0.0,0.857142985,14.0,1.0986122886681098,2.5649493574615367,lightMedium,brown,oily,black,P456410,Biossance,34.0
5,1.0,1.0,101.0,0.0,4.624972813284271,lightMedium,brown,oily,brown,P456410,Biossance,34.0
4,1.0,1.0,4.0,0.0,1.6094379124341003,tan,brown,combination,black,P456410,Biossance,34.0
5,1.0,0.75,4.0,0.6931471805599453,1.3862943611198906,lightMedium,brown,normal,black,P456410,Biossance,34.0
4,1.0,0.928570986,14.0,0.6931471805599453,2.6390573296152584,medium,green,oily,brown,P456410,Biossance,34.0
5,1.0,1.0,79.0,0.0,4.382026634673881,mediumTan,brown,combination,black,P456410,Biossance,34.0
5,1.0,0.857142985,7.0,0.6931471805599453,1.9459101490553132,fair,brown,combination,brown,P456410,Biossance,34.0
5,1.0,0.833333015,12.0,1.0986122886681098,2.3978952727983707,fairLight,green,dry,auburn,P456410,Biossance,34.0
1,0.0,0.545454979,11.0,1.791759469228055,1.9459101490553132,fair,blue,oily,blonde,P466153,Summer Fridays,45.0
5,1.0,0.5,6.0,1.3862943611198906,1.3862943611198906,light,brown,oily,black,P466153,Summer Fridays,45.0
5,1.0,1.0,5.0,0.0,1.791759469228055,lightMedium,brown,combination,black,P466153,Summer Fridays,45.0
4,1.0,1.0,7.0,0.0,2.0794415416798357,fair,brown,combination,red,P466153,Summer Fridays,45.0
3,1.0,0.142857,7.0,1.9459101490553132,0.6931471805599453,lightMedium,brown,combination,brown,P466153,Summer Fridays,45.0
4,1.0,1.0,9.0,0.0,2.302585092994046,fair,brown,combination,brown,P466153,Summer Fridays,45.0
4,1.0,1.0,5.0,0.0,1.791759469228055,fair,brown,combination,brown,P466153,Summer Fridays,45.0
5,1.0,1.0,5.0,0.0,1.791759469228055,tan,brown,dry,black,P439928,Supergoop!,44.0
5,1.0,0.714286029,7.0,1.0986122886681098,1.791759469228055,tan,brown,normal,black,P439928,Supergoop!,44.0
4,1.0,1.0,6.0,0.0,1.9459101490553132,fair,hazel,combination,brown,P439928,Supergoop!,44.0
3,1.0,0.75,4.0,0.6931471805599453,1.3862943611198906,lightMedium,brown,dry,brown,P439928,Supergoop!,44.0
5,1.0,1.0,8.0,0.0,2.1972245773362196,lightMedium,hazel,normal,auburn,P439928,Supergoop!,44.0
5,1.0,0.800000012,5.0,0.6931471805599453,1.6094379124341003,fair,green,normal,blonde,P479125,Summer Fridays,17.0
3,1.0,0.800000012,5.0,0.6931471805599453,1.6094379124341003,light,hazel,normal,brown,P479125,Summer Fridays,17.0
2,0.0,0.5,4.0,1.0986122886681098,1.0986122886681098,lightMedium,brown,normal,brown,P479125,Summer Fridays,17.0
5,1.0,0.75,4.0,0.6931471805599453,1.3862943611198906,fair,green,combination,brown,P479125,Summer Fridays,17.0
2,0.0,0.899999976,10.0,0.6931471805599453,2.302585092994046,light,blue,dry,blonde,P479125,Summer Fridays,17.0
5,1.0,1.0,9.0,0.0,2.302585092994046,medium,brown,combination,brown,P479125,Summer Fridays,17.0
1,0.0,0.714286029,7.0,1.0986122886681098,1.791759469228055,lightMedium,brown,dry,black,P448185,Dr. Jart+,49.0
5,1.0,0.8125,16.0,1.3862943611198906,2.6390573296152584,light,brown,dry,brown,P448185,Dr. Jart+,49.0
5,1.0,0.666666985,9.0,1.3862943611198906,1.9459101490553132,light,brown,combination,black,P448185,Dr. Jart+,49.0
4,1.0,0.666666985,6.0,1.0986122886681098,1.6094379124341003,light,green,combination,auburn,P448185,Dr. Jart+,49.0
4,1.0,1.0,13.0,0.0,2.6390573296152584,tan,brown,combination,brown,P448185,Dr. Jart+,49.0
5,1.0,0.75,8.0,1.0986122886681098,1.9459101490553132,light,green,combination,blonde,P471043,Josie Maran,42.0
5,1.0,0.75,4.0,0.6931471805599453,1.3862943611198906,fairLight,blue,dry,blonde,P471043,Josie Maran,42.0
1,0.0,0.4375,16.0,2.302585092994046,2.0794415416798357,medium,hazel,dry,blonde,P471043,Josie Maran,42.0
5,1.0,1.0,14.0,0.0,2.70805020110221,light,hazel,normal,black,P471043,Josie Maran,42.0
4,1.0,0.727272987,22.0,1.9459101490553132,2.833213344056216,medium,blue,combination,blonde,P471043,Josie Maran,42.0
5,1.0,0.666666985,6.0,1.0986122886681098,1.6094379124341003,tan,brown,combination,brown,P416560,Biossance,32.0
3,1.0,1.0,6.0,0.0,1.9459101490553132,mediumTan,brown,oily,black,P416560,Biossance,32.0
1,0.0,1.0,4.0,0.0,1.6094379124341003,medium,brown,combination,black,P416560,Biossance,32.0
5,1.0,1.0,4.0,0.0,1.6094379124341003,lightMedium,green,combination,brown,P416560,Biossance,32.0
5,1.0,0.285714,7.0,1.791759469228055,1.0986122886681098,light,green,normal,blonde,P416560,Biossance,32.0
3,0.0,1.0,7.0,0.0,2.0794415416798357,light,blue,oily,brown,P416560,Biossance,32.0
5,1.0,1.0,113.72000000000116,0.0,5.327876168789581,light,brown,normal,brown,P416560,Biossance,32.0
5,1.0,0.800000012,5.0,0.6931471805599453,1.6094379124341003,light,brown,combination,brown,P416560,Biossance,32.0
4,1.0,1.0,8.0,0.0,2.1972245773362196,light,brown,combination,brown,P416560,Biossance,32.0
5,1.0,0.875,16.0,1.0986122886681098,2.70805020110221,medium,Grey,normal,black,P448530,The Ordinary,13.3
5,1.0,0.857142985,7.0,0.6931471805599453,1.9459101490553132,fair,blue,oily,brown,P448530,The Ordinary,13.3
5,1.0,0.899999976,10.0,0.6931471805599453,2.302585092994046,light,hazel,oily,brown,P448530,The Ordinary,13.3
2,0.0,1.0,10.0,0.0,2.3978952727983707,fair,brown,normal,black,P448530,The Ordinary,13.3
4,1.0,0.888889015,9.0,0.6931471805599453,2.1972245773362196,light,blue,oily,blonde,P448530,The Ordinary,13.3
5,1.0,1.0,10.0,0.0,2.3978952727983707,fairLight,green,combination,brown,P448530,The Ordinary,13.3
4,1.0,0.913043022,23.0,1.0986122886681098,3.091042453358316,medium,brown,normal,brown,P448530,The Ordinary,13.3
5,1.0,0.916666985,12.0,0.6931471805599453,2.4849066497880004,rich,brown,combination,black,P448530,The Ordinary,13.3
5,1.0,0.800000012,5.0,0.6931471805599453,1.6094379124341003,lightMedium,brown,combination,brown,P448530,The Ordinary,13.3
5,1.0,0.888889015,27.0,1.3862943611198906,3.2188758248682006,light,brown,combination,blonde,P448530,The Ordinary,13.3
1,0.0,0.791666985,24.0,1.791759469228055,2.995732273553991,mediumTan,brown,oily,black,P448530,The Ordinary,13.3
2,0.0,0.777778029,9.0,1.0986122886681098,2.0794415416798357,mediumTan,brown,combination,black,P448530,The Ordinary,13.3
4,1.0,0.893939018,66.0,2.0794415416798357,4.0943445622221,medium,brown,combination,black,P448530,The Ordinary,13.3
4,1.0,0.866666973,15.0,1.0986122886681098,2.6390573296152584,fair,green,dry,brown,P467110,Biossance,65.0
1,0.0,1.0,4.0,0.0,1.6094379124341003,mediumTan,brown,oily,black,P467110,Biossance,65.0
4,1.0,1.0,9.0,0.0,2.302585092994046,medium,brown,normal,black,P467110,Biossance,65.0
4,1.0,0.818181992,11.0,1.0986122886681098,2.302585092994046,light,hazel,combination,brown,P467110,Biossance,65.0
5,1.0,1.0,7.0,0.0,2.0794415416798357,lightMedium,green,oily,brown,P467110,Biossance,65.0
5,1.0,1.0,4.0,0.0,1.6094379124341003,tan,brown,normal,black,P467110,Biossance,65.0
1,0.0,0.899999976,20.0,1.0986122886681098,2.9444389791664403,mediumTan,brown,combination,black,P467110,Biossance,65.0
3,0.0,0.800000012,5.0,0.6931471805599453,1.6094379124341003,mediumTan,brown,dry,brown,P467110,Biossance,65.0
2,0.0,0.333332986,15.0,2.3978952727983707,1.791759469228055,light,hazel,combination,brown,P34402,Murad,48.0
1,0.0,0.75,4.0,0.6931471805599453,1.3862943611198906,light,hazel,combination,brown,P500245,ILIA,64.0
1,0.0,0.866666973,15.0,1.0986122886681098,2.6390573296152584,light,brown,dry,brown,P500245,ILIA,64.0
2,0.0,0.833333015,6.0,0.6931471805599453,1.791759469228055,fairLight,green,normal,blonde,P500245,ILIA,64.0
1,0.0,0.5,4.0,1.0986122886681098,1.0986122886681098,medium,Grey,combination,blonde,P427638,Murad,71.0
5,1.0,0.571429014,7.0,1.3862943611198906,1.6094379124341003,tan,brown,oily,black,P466134,LANEIGE,35.0
3,0.0,0.375,8.0,1.791759469228055,1.3862943611198906,light,brown,dry,brown,P466134,LANEIGE,35.0
4,1.0,0.666666985,6.0,1.0986122886681098,1.6094379124341003,fair,blue,oily,blonde,P466134,LANEIGE,35.0
3,0.0,0.5,4.0,1.0986122886681098,1.0986122886681098,mediumTan,brown,dry,brown,P466134,LANEIGE,35.0
1,0.0,0.733332992,15.0,1.6094379124341003,2.4849066497880004,light,blue,combination,blonde,P466134,LANEIGE,35.0
5,1.0,1.0,10.0,0.0,2.3978952727983707,fairLight,green,combination,blonde,P460747,Herbivore,26.0
3,0.0,0.600000024,5.0,1.0986122886681098,1.3862943611198906,light,brown,normal,brown,P460747,Herbivore,26.0
2,0.0,0.333332986,6.0,1.6094379124341003,1.0986122886681098,fair,green,dry,brown,P460747,Herbivore,26.0
3,0.0,0.285714,7.0,1.791759469228055,1.0986122886681098,light,green,normal,brown,P460747,Herbivore,26.0
5,1.0,1.0,8.0,0.0,2.1972245773362196,light,hazel,dry,brown,P460747,Herbivore,26.0
5,1.0,1.0,12.0,0.0,2.5649493574615367,fair,green,combination,red,P460747,Herbivore,26.0
2,0.0,0.349999994,20.0,2.6390573296152584,2.0794415416798357,fair,blue,combination,brown,P460747,Herbivore,26.0
5,1.0,0.882353008,17.0,1.0986122886681098,2.772588722239781,light,brown,combination,black,P460747,Herbivore,26.0
5,1.0,1.0,9.0,0.0,2.302585092994046,fairLight,hazel,normal,brown,P460747,Herbivore,26.0
5,1.0,1.0,4.0,0.0,1.6094379124341003,light,brown,combination,brown,P460747,Herbivore,26.0
5,1.0,0.888889015,9.0,0.6931471805599453,2.1972245773362196,lightMedium,brown,combination,brown,P460747,Herbivore,26.0
5,1.0,1.0,6.0,0.0,1.9459101490553132,fair,brown,combination,brown,P460747,Herbivore,26.0
5,1.0,0.448980004,49.0,3.332204510175204,3.1354942159291497,lightMedium,hazel,combination,brown,P460747,Herbivore,26.0
4,1.0,1.0,4.0,0.0,1.6094379124341003,medium,green,combination,auburn,P477830,Youth To The People,39.0
5,1.0,0.600000024,5.0,1.0986122886681098,1.3862943611198906,fair,blue,combination,blonde,P477830,Youth To The People,39.0
5,1.0,0.800000012,10.0,1.0986122886681098,2.1972245773362196,fair,brown,combination,black,P283106,Peter Thomas Roth,38.0
1,0.0,0.923076987,13.0,0.6931471805599453,2.5649493574615367,fair,blue,dry,blonde,P283106,Peter Thomas Roth,38.0
2,0.0,0.800000012,10.0,1.0986122886681098,2.1972245773362196,light,brown,normal,brown,P283106,Peter Thomas Roth,38.0
3,1.0,0.846153975,26.0,1.6094379124341003,3.1354942159291497,fair,brown,dry,blonde,P283106,Peter Thomas Roth,38.0
1,0.0,0.5,8.0,1.6094379124341003,1.6094379124341003,light,hazel,combination,brown,P283106,Peter Thomas Roth,38.0
5,1.0,0.800000012,5.0,0.6931471805599453,1.6094379124341003,fair,hazel,oily,gray,P283106,Peter Thomas Roth,38.0
2,1.0,1.0,4.0,0.0,1.6094379124341003,fair,brown,combination,brown,P283106,Peter Thomas Roth,38.0
5,1.0,1.0,13.0,0.0,2.6390573296152584,fair,brown,combination,brown,P283106,Peter Thomas Roth,38.0
5,1.0,0.833333015,6.0,0.6931471805599453,1.791759469228055,fair,brown,combination,brown,P283106,Peter Thomas Roth,38.0
5,1.0,1.0,6.0,0.0,1.9459101490553132,fair,brown,combination,brown,P283106,Peter Thomas Roth,38.0
5,1.0,0.899999976,10.0,0.6931471805599453,2.302585092994046,fair,brown,oily,brown,P283106,Peter Thomas Roth,38.0
1,1.0,1.0,6.0,0.0,1.9459101490553132,lightMedium,brown,dry,brown,P283106,Peter Thomas Roth,38.0
1,1.0,0.625,8.0,1.3862943611198906,1.791759469228055,fair,brown,combination,brown,P283106,Peter Thomas Roth,38.0
2,0.0,1.0,7.0,0.0,2.0794415416798357,tan,brown,combination,black,P461165,goop,55.0
5,1.0,0.75,4.0,0.6931471805599453,1.3862943611198906,light,brown,combination,blonde,P3550,Peter Thomas Roth,48.0
5,1.0,0.857142985,7.0,0.6931471805599453,1.9459101490553132,light,brown,combination,blonde,P3550,Peter Thomas Roth,48.0
5,1.0,1.0,9.0,0.0,2.302585092994046,light,brown,oily,blonde,P3550,Peter Thomas Roth,48.0
5,1.0,1.0,13.0,0.0,2.6390573296152584,light,brown,combination,blonde,P3550,Peter Thomas Roth,48.0
3,1.0,0.461537987,13.0,2.0794415416798357,1.9459101490553132,fair,brown,oily,blonde,P3550,Peter Thomas Roth,48.0
5,1.0,0.888889015,9.0,0.6931471805599453,2.1972245773362196,medium,hazel,dry,brown,P474078,Peter Thomas Roth,20.0
5,1.0,0.958333015,24.0,0.6931471805599453,3.1780538303479458,medium,brown,combination,black,P474078,Peter Thomas Roth,20.0
1,1.0,0.285714,7.0,1.791759469228055,1.0986122886681098,light,hazel,oily,brown,P474078,Peter Thomas Roth,20.0
4,1.0,1.0,12.0,0.0,2.5649493574615367,light,hazel,combination,brown,P474078,Peter Thomas Roth,20.0
5,1.0,1.0,7.0,0.0,2.0794415416798357,lightMedium,hazel,combination,brown,P474078,Peter Thomas Roth,20.0
5,1.0,0.931034982,29.0,1.0986122886681098,3.332204510175204,fair,hazel,oily,brown,P474078,Peter Thomas Roth,20.0
5,1.0,0.166666999,6.0,1.791759469228055,0.6931471805599453,fair,hazel,oily,brown,P474078,Peter Thomas Roth,20.0
4,1.0,0.0,4.0,1.6094379124341003,0.0,fair,brown,oily,black,P503726,Sunday Riley,65.0
5,1.0,1.0,9.0,0.0,2.302585092994046,fair,blue,normal,brown,P436094,REN Clean Skincare,55.0
3,0.0,0.285714,14.0,2.3978952727983707,1.6094379124341003,lightMedium,brown,combination,black,P436094,REN Clean Skincare,55.0
5,1.0,1.0,4.0,0.0,1.6094379124341003,tan,brown,dry,black,P436094,REN Clean Skincare,55.0
1,0.0,0.850000024,20.0,1.3862943611198906,2.8903717578961645,light,hazel,combination,black,P436094,REN Clean Skincare,55.0
5,1.0,0.923076987,13.0,0.6931471805599453,2.5649493574615367,fair,hazel,dry,brown,P436094,REN Clean Skincare,55.0
5,1.0,0.875,8.0,0.6931471805599453,2.0794415416798357,fairLight,blue,combination,blonde,P415667,Kate Somerville,44.0
5,1.0,1.0,4.0,0.0,1.6094379124341003,light,brown,oily,brown,P415667,Kate Somerville,44.0
5,1.0,1.0,7.0,0.0,2.0794415416798357,light,brown,combination,brown,P415667,Kate Somerville,44.0
5,1.0,0.987178981,78.0,0.6931471805599453,4.356708826689592,fair,blue,oily,brown,P415667,Kate Somerville,44.0
5,1.0,0.894737005,19.0,1.0986122886681098,2.8903717578961645,light,brown,combination,black,P415667,Kate Somerville,44.0
1,1.0,0.840909004,44.0,2.0794415416798357,3.6375861597263857,light,brown,combination,black,P415667,Kate Somerville,44.0
1,0.0,0.774194002,31.0,2.0794415416798357,3.2188758248682006,lightMedium,brown,normal,blonde,P396623,COOLA,36.0
4,1.0,0.800000012,5.0,0.6931471805599453,1.6094379124341003,lightMedium,brown,combination,brown,P396623,COOLA,36.0
1,0.0,1.0,5.0,0.0,1.791759469228055,light,green,combination,blonde,P396623,COOLA,36.0
3,1.0,0.25,4.0,1.3862943611198906,0.6931471805599453,light,blue,dry,brown,P396623,COOLA,36.0
1,0.0,0.800000012,20.0,1.6094379124341003,2.833213344056216,lightMedium,brown,combination,brown,P396623,COOLA,36.0
1,1.0,0.600000024,5.0,1.0986122886681098,1.3862943611198906,lightMedium,brown,combination,brown,P396623,COOLA,36.0
3,1.0,0.666666985,6.0,1.0986122886681098,1.6094379124341003,lightMedium,brown,combination,brown,P396623,COOLA,36.0
5,1.0,0.945945978,74.0,1.6094379124341003,4.2626798770413155,lightMedium,brown,oily,brown,P396623,COOLA,36.0
2,1.0,0.857142985,7.0,0.6931471805599453,1.9459101490553132,lightMedium,brown,combination,brown,P396623,COOLA,36.0
5,1.0,0.833333015,6.0,0.6931471805599453,1.791759469228055,light,green,normal,brown,P232910,Kate Somerville,76.0
4,1.0,1.0,5.0,0.0,1.791759469228055,light,brown,dry,black,P232910,Kate Somerville,76.0
4,1.0,0.800000012,5.0,0.6931471805599453,1.6094379124341003,light,brown,combination,black,P232910,Kate Somerville,76.0
5,1.0,1.0,5.0,0.0,1.791759469228055,light,brown,combination,black,P232910,Kate Somerville,76.0
5,1.0,1.0,4.0,0.0,1.6094379124341003,light,brown,combination,black,P232910,Kate Somerville,76.0
1,1.0,0.545454979,11.0,1.791759469228055,1.9459101490553132,light,brown,combination,black,P232910,Kate Somerville,76.0
5,1.0,1.0,9.0,0.0,2.302585092994046,light,brown,oily,black,P232910,Kate Somerville,76.0
4,1.0,0.875,8.0,0.6931471805599453,2.0794415416798357,light,blue,dry,blonde,P456417,KORRES,54.0
2,0.0,0.714286029,7.0,1.0986122886681098,1.791759469228055,tan,brown,combination,brown,P456417,KORRES,54.0
5,1.0,0.980768979,52.0,0.6931471805599453,3.9512437185814275,light,brown,combination,brunette,P456417,KORRES,54.0
5,1.0,1.0,18.0,0.0,2.9444389791664403,light,brown,combination,brunette,P456417,KORRES,54.0
5,1.0,0.857142985,7.0,0.6931471805599453,1.9459101490553132,light,brown,combination,brunette,P456417,KORRES,54.0
5,1.0,1.0,5.0,0.0,1.791759469228055,light,brown,combination,brunette,P456417,KORRES,54.0
5,1.0,0.555555999,9.0,1.6094379124341003,1.791759469228055,fair,green,oily,blonde,P455934,Youth To The People,59.0
3,0.0,0.692308009,13.0,1.6094379124341003,2.302585092994046,deep,brown,combination,brown,P455934,Youth To The People,59.0
3,1.0,0.901961029,51.0,1.791759469228055,3.8501476017100584,medium,brown,combination,black,P455934,Youth To The People,59.0
4,1.0,1.0,8.0,0.0,2.1972245773362196,fair,blue,combination,black,P455934,Youth To The People,59.0
4,1.0,1.0,4.0,0.0,1.6094379124341003,lightMedium,brown,combination,brown,P455934,Youth To The People,59.0
3,1.0,0.600000024,5.0,1.0986122886681098,1.3862943611198906,medium,brown,oily,black,P455934,Youth To The People,59.0
5,1.0,1.0,10.0,0.0,2.3978952727983707,light,blue,combination,blonde,P455934,Youth To The People,59.0
5,1.0,1.0,4.0,0.0,1.6094379124341003,light,brown,dry,brown,P455934,Youth To The People,59.0
5,1.0,0.800000012,10.0,1.0986122886681098,2.1972245773362196,fair,brown,dry,auburn,P455934,Youth To The People,59.0
4,1.0,0.125,8.0,2.0794415416798357,0.6931471805599453,fair,blue,combination,blonde,P455934,Youth To The People,59.0
5,1.0,1.0,8.0,0.0,2.1972245773362196,lightMedium,brown,normal,brown,P455934,Youth To The People,59.0
5,1.0,0.875,16.0,1.0986122886681098,2.70805020110221,fair,blue,oily,blonde,P455934,Youth To The People,59.0
5,1.0,1.0,5.0,0.0,1.791759469228055,light,brown,combination,brown,P455934,Youth To The People,59.0
3,0.0,0.75,4.0,0.6931471805599453,1.3862943611198906,light,brown,dry,brown,P503634,Glow Recipe,28.0
4,1.0,1.0,5.0,0.0,1.791759469228055,mediumTan,brown,combination,black,P454019,Dr. Jart+,35.0
3,0.0,1.0,8.0,0.0,2.1972245773362196,fair,hazel,dry,brown,P454019,Dr. Jart+,35.0
1,0.0,0.125,8.0,2.0794415416798357,0.6931471805599453,medium,brown,dry,brown,P477157,Farmacy,36.0
5,1.0,1.0,4.0,0.0,1.6094379124341003,light,brown,oily,black,P477157,Farmacy,36.0
2,0.0,1.0,4.0,0.0,1.6094379124341003,fair,green,combination,blonde,P386754,HUM Nutrition,26.0
5,1.0,0.666666985,6.0,1.0986122886681098,1.6094379124341003,fair,brown,combination,brown,P386754,HUM Nutrition,26.0
5,1.0,0.882353008,17.0,1.0986122886681098,2.772588722239781,light,brown,oily,brown,P386754,HUM Nutrition,26.0
1,0.0,0.432431996,37.0,3.091042453358316,2.833213344056216,lightMedium,brown,oily,black,P386754,HUM Nutrition,26.0
5,1.0,1.0,23.0,0.0,3.1780538303479458,fair,brown,combination,brown,P386754,HUM Nutrition,26.0
1,0.0,0.5,4.0,1.0986122886681098,1.0986122886681098,fair,blue,normal,blonde,P386754,HUM Nutrition,26.0
5,1.0,0.928570986,14.0,0.6931471805599453,2.6390573296152584,fair,green,oily,blonde,P386754,HUM Nutrition,26.0
5,1.0,0.889908016,113.72000000000116,3.2188758248682006,5.272999558563747,fair,brown,oily,brown,P386754,HUM Nutrition,26.0
4,1.0,0.916666985,72.0,1.9459101490553132,4.204692619390966,fair,brown,combination,brown,P386754,HUM Nutrition,26.0
2,1.0,0.888889015,27.0,1.3862943611198906,3.2188758248682006,fair,brown,combination,brown,P386754,HUM Nutrition,26.0
5,1.0,1.0,6.0,0.0,1.9459101490553132,mediumTan,brown,combination,brown,P443370,Dermalogica,95.0
5,1.0,0.625,8.0,1.3862943611198906,1.791759469228055,lightMedium,brown,combination,black,P501029,Kiehl's Since 1851,85.0
5,1.0,0.928570986,14.0,0.6931471805599453,2.6390573296152584,light,brown,oily,auburn,P443843,The INKEY List,9.99
1,0.0,0.538461983,13.0,1.9459101490553132,2.0794415416798357,tan,brown,normal,brown,P443843,The INKEY List,9.99
5,1.0,1.0,5.0,0.0,1.791759469228055,fair,blue,combination,brown,P443843,The INKEY List,9.99
5,1.0,1.0,4.0,0.0,1.6094379124341003,light,brown,combination,black,P443843,The INKEY List,9.99
5,1.0,0.600000024,5.0,1.0986122886681098,1.3862943611198906,light,brown,combination,brown,P443843,The INKEY List,9.99
4,1.0,1.0,5.0,0.0,1.791759469228055,light,brown,combination,black,P443843,The INKEY List,9.99
5,1.0,1.0,6.0,0.0,1.9459101490553132,medium,brown,combination,brown,P443843,The INKEY List,9.99
1,0.0,0.737500012,80.0,3.091042453358316,4.0943445622221,fair,green,normal,blonde,P443843,The INKEY List,9.99
5,1.0,1.0,6.0,0.0,1.9459101490553132,fair,brown,combination,brown,P232907,Kate Somerville,56.0
5,1.0,0.75,4.0,0.6931471805599453,1.3862943611198906,fairLight,brown,combination,brown,P232907,Kate Somerville,56.0
5,1.0,1.0,5.0,0.0,1.791759469228055,fair,brown,combination,brown,P232907,Kate Somerville,56.0
5,1.0,1.0,4.0,0.0,1.6094379124341003,fair,brown,dry,brown,P480162,Dior,60.0
5,1.0,0.75,4.0,0.6931471805599453,1.3862943611198906,porcelain,blue,dry,brunette,P460855,SEPHORA COLLECTION,7.0
1,0.0,0.800000012,10.0,1.0986122886681098,2.1972245773362196,lightMedium,blue,combination,blonde,P460855,SEPHORA COLLECTION,7.0
1,0.0,1.0,7.0,0.0,2.0794415416798357,light,brown,dry,brown,P460855,SEPHORA COLLECTION,7.0
1,0.0,1.0,6.0,0.0,1.9459101490553132,light,brown,combination,brunette,P460855,SEPHORA COLLECTION,7.0
2,0.0,0.75,4.0,0.6931471805599453,1.3862943611198906,light,brown,dry,blonde,P460855,SEPHORA COLLECTION,7.0
4,1.0,0.5,4.0,1.0986122886681098,1.0986122886681098,fair,green,dry,brown,P460855,SEPHORA COLLECTION,7.0
1,0.0,0.857142985,7.0,0.6931471805599453,1.9459101490553132,light,brown,combination,black,P460855,SEPHORA COLLECTION,7.0
1,0.0,1.0,7.0,0.0,2.0794415416798357,fair,green,dry,brown,P460855,SEPHORA COLLECTION,7.0
1,0.0,0.800000012,5.0,0.6931471805599453,1.6094379124341003,medium,brown,dry,brown,P460855,SEPHORA COLLECTION,7.0
1,0.0,1.0,11.0,0.0,2.4849066497880004,medium,hazel,normal,brunette,P460855,SEPHORA COLLECTION,7.0
2,0.0,0.5,10.0,1.791759469228055,1.791759469228055,fair,brown,dry,black,P384778,fresh,68.0
4,1.0,0.800000012,5.0,0.6931471805599453,1.6094379124341003,light,brown,dry,brown,P384778,fresh,68.0
2,0.0,0.366667002,30.0,2.995732273553991,2.4849066497880004,lightMedium,brown,combination,black,P384778,fresh,68.0
5,1.0,1.0,11.0,0.0,2.4849066497880004,light,hazel,normal,auburn,P384778,fresh,68.0
4,1.0,0.916666985,12.0,0.6931471805599453,2.4849066497880004,light,brown,combination,brown,P384778,fresh,68.0
2,1.0,0.833333015,18.0,1.3862943611198906,2.772588722239781,light,brown,dry,brown,P384778,fresh,68.0
4,1.0,0.25,4.0,1.3862943611198906,0.6931471805599453,light,brown,combination,brown,P384778,fresh,68.0
3,1.0,0.958333015,24.0,0.6931471805599453,3.1780538303479458,light,brown,combination,brown,P384778,fresh,68.0
3,1.0,1.0,7.0,0.0,2.0794415416798357,light,brown,combination,brown,P384778,fresh,68.0
5,1.0,0.896552026,29.0,1.3862943611198906,3.295836866004329,light,brown,combination,brown,P384778,fresh,68.0
5,1.0,0.111111,27.0,3.2188758248682006,1.3862943611198906,light,brown,combination,brown,P384778,fresh,68.0
1,0.0,0.714286029,7.0,1.0986122886681098,1.791759469228055,lightMedium,brown,oily,brown,P471003,Biossance,30.0
5,1.0,0.800000012,5.0,0.6931471805599453,1.6094379124341003,fairLight,green,normal,brown,P471003,Biossance,30.0
5,1.0,0.75,12.0,1.3862943611198906,2.302585092994046,light,brown,dry,brown,P471003,Biossance,30.0
5,1.0,0.666666985,9.0,1.3862943611198906,1.9459101490553132,fair,blue,dry,blonde,P471003,Biossance,30.0
4,1.0,1.0,5.0,0.0,1.791759469228055,lightMedium,green,dry,brown,P471003,Biossance,30.0
2,0.0,0.571429014,21.0,2.302585092994046,2.5649493574615367,light,hazel,combination,blonde,P501005,Dr. Jart+,44.0
5,1.0,0.899999976,10.0,0.6931471805599453,2.302585092994046,fair,green,normal,brown,P501005,Dr. Jart+,44.0
5,1.0,0.555555999,9.0,1.6094379124341003,1.791759469228055,light,hazel,combination,black,P501005,Dr. Jart+,44.0
3,1.0,1.0,8.0,0.0,2.1972245773362196,fairLight,green,combination,auburn,P501005,Dr. Jart+,44.0
3,1.0,0.714286029,7.0,1.0986122886681098,1.791759469228055,medium,brown,combination,brown,P501005,Dr. Jart+,44.0
2,0.0,0.600000024,10.0,1.6094379124341003,1.9459101490553132,fair,blue,dry,brown,P456399,Shiseido,40.0
5,1.0,1.0,6.0,0.0,1.9459101490553132,fair,brown,dry,blonde,P306941,Kate Somerville,110.0
5,1.0,0.800000012,5.0,0.6931471805599453,1.6094379124341003,fair,hazel,combination,blonde,P306941,Kate Somerville,110.0
5,1.0,1.0,9.0,0.0,2.302585092994046,lightMedium,blue,normal,brown,P306941,Kate Somerville,110.0
5,1.0,1.0,9.0,0.0,2.302585092994046,fair,green,combination,blonde,P306941,Kate Somerville,110.0
2,0.0,0.884615004,26.0,1.3862943611198906,3.1780538303479458,light,brown,combination,brown,P306941,Kate Somerville,110.0
4,1.0,0.666666985,6.0,1.0986122886681098,1.6094379124341003,fair,brown,combination,brown,P306941,Kate Somerville,110.0
5,1.0,0.872340024,47.0,1.9459101490553132,3.7376696182833684,lightMedium,blue,combination,brown,P306941,Kate Somerville,110.0
5,1.0,0.75,4.0,0.6931471805599453,1.3862943611198906,fair,brown,combination,brown,P306941,Kate Somerville,110.0
5,1.0,1.0,5.0,0.0,1.791759469228055,fair,brown,normal,brown,P306941,Kate Somerville,110.0
5,1.0,0.800000012,20.0,1.6094379124341003,2.833213344056216,lightMedium,brown,combination,brown,P306941,Kate Somerville,110.0
5,1.0,1.0,4.0,0.0,1.6094379124341003,lightMedium,brown,combination,black,P483679,OLEHENRIKSEN,48.0
5,1.0,1.0,4.0,0.0,1.6094379124341003,fair,green,combination,blonde,P467126,JLo Beauty,79.0
4,1.0,1.0,6.0,0.0,1.9459101490553132,lightMedium,brown,combination,brown,P467126,JLo Beauty,79.0
1,0.0,0.730768979,26.0,2.0794415416798357,2.995732273553991,light,brown,combination,black,P467126,JLo Beauty,79.0
1,0.0,0.833333015,18.0,1.3862943611198906,2.772588722239781,lightMedium,brown,oily,brown,P467126,JLo Beauty,79.0
5,1.0,0.5,4.0,1.0986122886681098,1.0986122886681098,fair,hazel,dry,brown,P467126,JLo Beauty,79.0
5,1.0,0.333332986,42.0,3.367295829986474,2.70805020110221,lightMedium,brown,combination,brown,P467126,JLo Beauty,79.0
5,1.0,0.5,10.0,1.791759469228055,1.791759469228055,fair,green,combination,brown,P479971,Lancôme,140.0
5,1.0,0.931034982,29.0,1.0986122886681098,3.332204510175204,tan,hazel,oily,brown,P405584,Drunk Elephant,16.0
2,0.0,0.333332986,6.0,1.6094379124341003,1.0986122886681098,lightMedium,hazel,dry,blonde,P405584,Drunk Elephant,16.0
5,1.0,0.899999976,10.0,0.6931471805599453,2.302585092994046,light,brown,dry,brown,P405584,Drunk Elephant,16.0
4,1.0,1.0,14.0,0.0,2.70805020110221,light,brown,combination,brown,P405584,Drunk Elephant,16.0
3,1.0,1.0,6.0,0.0,1.9459101490553132,light,brown,combination,brown,P405584,Drunk Elephant,16.0
5,1.0,0.800000012,5.0,0.6931471805599453,1.6094379124341003,light,brown,oily,brown,P405584,Drunk Elephant,16.0
5,1.0,0.875,24.0,1.3862943611198906,3.091042453358316,lightMedium,blue,normal,blonde,P453823,Peter Thomas Roth,55.0
3,0.0,0.97872299,47.0,0.6931471805599453,3.8501476017100584,light,brown,combination,brown,P453823,Peter Thomas Roth,55.0
5,1.0,0.952381015,21.0,0.6931471805599453,3.044522437723423,light,green,combination,auburn,P453823,Peter Thomas Roth,55.0
4,1.0,0.75,4.0,0.6931471805599453,1.3862943611198906,light,hazel,combination,black,P453823,Peter Thomas Roth,55.0
5,1.0,0.5,6.0,1.3862943611198906,1.3862943611198906,lightMedium,brown,combination,brown,P474840,Kiehl's Since 1851,65.0
2,0.0,0.409090996,22.0,2.6390573296152584,2.302585092994046,light,brown,dry,brown,P474840,Kiehl's Since 1851,65.0
4,1.0,1.0,6.0,0.0,1.9459101490553132,light,blue,dry,brown,P474832,fresh,28.0
5,1.0,0.952381015,42.0,1.0986122886681098,3.713572066704308,light,blue,combination,brown,P474832,fresh,28.0
1,0.0,0.222222,9.0,2.0794415416798357,1.0986122886681098,light,green,normal,brown,P461439,Dr. Dennis Gross Skincare,32.0
5,1.0,0.600000024,5.0,1.0986122886681098,1.3862943611198906,medium,brown,oily,black,P421432,Murad,26.0
1,0.0,0.652173996,23.0,2.1972245773362196,2.772588722239781,fair,hazel,combination,blonde,P421432,Murad,26.0
5,1.0,0.571429014,7.0,1.3862943611198906,1.6094379124341003,light,brown,dry,black,P309306,Sunday Riley,72.0
1,0.0,0.692308009,13.0,1.6094379124341003,2.302585092994046,fair,green,dry,blonde,P309306,Sunday Riley,72.0
5,1.0,1.0,4.0,0.0,1.6094379124341003,medium,brown,combination,black,P309306,Sunday Riley,72.0
5,1.0,0.899999976,10.0,0.6931471805599453,2.302585092994046,light,brown,dry,black,P309306,Sunday Riley,72.0
5,1.0,0.875,8.0,0.6931471805599453,2.0794415416798357,light,brown,dry,black,P309306,Sunday Riley,72.0
5,1.0,1.0,7.0,0.0,2.0794415416798357,light,brown,dry,black,P309306,Sunday Riley,72.0
5,1.0,0.86956501,46.0,1.9459101490553132,3.713572066704308,light,brown,combination,black,P309306,Sunday Riley,72.0
5,1.0,0.818181992,11.0,1.0986122886681098,2.302585092994046,light,brown,dry,black,P309306,Sunday Riley,72.0
2,1.0,0.67811197,113.72000000000116,4.330733340286331,5.0689042022202315,light,brown,dry,black,P309306,Sunday Riley,72.0
1,0.0,0.696969986,33.0,2.3978952727983707,3.1780538303479458,fair,hazel,dry,brown,P475630,Youth To The People,16.0
5,1.0,0.25,4.0,1.3862943611198906,0.6931471805599453,medium,brown,normal,brown,P475630,Youth To The People,16.0
5,1.0,0.875,8.0,0.6931471805599453,2.0794415416798357,fair,brown,combination,blonde,P475630,Youth To The People,16.0
5,1.0,0.75,4.0,0.6931471805599453,1.3862943611198906,lightMedium,brown,combination,brown,P475630,Youth To The People,16.0
5,1.0,0.75,8.0,1.0986122886681098,1.9459101490553132,lightMedium,brown,combination,brown,P475630,Youth To The People,16.0
1,0.0,0.684211016,38.0,2.5649493574615367,3.295836866004329,fair,hazel,combination,brown,P201440,CLINIQUE,56.0
5,1.0,1.0,12.0,0.0,2.5649493574615367,fair,brown,combination,brown,P201440,CLINIQUE,56.0
3,1.0,0.75,4.0,0.6931471805599453,1.3862943611198906,fair,brown,combination,brown,P201440,CLINIQUE,56.0
5,1.0,1.0,8.0,0.0,2.1972245773362196,fair,brown,oily,brown,P201440,CLINIQUE,56.0
1,1.0,0.909090996,11.0,0.6931471805599453,2.3978952727983707,fair,brown,normal,brown,P201440,CLINIQUE,56.0
5,1.0,1.0,10.0,0.0,2.3978952727983707,fair,brown,combination,brown,P201440,CLINIQUE,56.0
5,1.0,1.0,8.0,0.0,2.1972245773362196,fair,brown,combination,brown,P201440,CLINIQUE,56.0
5,1.0,1.0,10.0,0.0,2.3978952727983707,fair,brown,combination,brown,P201440,CLINIQUE,56.0
5,1.0,0.875,16.0,1.0986122886681098,2.70805020110221,fair,brown,combination,brown,P201440,CLINIQUE,56.0
5,1.0,0.857142985,7.0,0.6931471805599453,1.9459101490553132,mediumTan,brown,combination,brown,P201440,CLINIQUE,56.0
5,1.0,0.153845996,13.0,2.4849066497880004,1.0986122886681098,lightMedium,blue,dry,blonde,P480177,Kiehl's Since 1851,60.0
5,1.0,0.625,8.0,1.3862943611198906,1.791759469228055,fair,brown,combination,gray,P480177,Kiehl's Since 1851,60.0
4,1.0,0.833333015,6.0,0.6931471805599453,1.791759469228055,fair,Grey,normal,auburn,P443846,The INKEY List,12.99
4,1.0,0.952381015,42.0,1.0986122886681098,3.713572066704308,fair,blue,combination,blonde,P443846,The INKEY List,12.99
5,1.0,1.0,6.0,0.0,1.9459101490553132,fair,blue,dry,blonde,P443846,The INKEY List,12.99
3,0.0,0.085470103,113.72000000000116,4.68213122712422,2.3978952727983707,light,brown,normal,brown,P443846,The INKEY List,12.99
1,0.0,0.725000024,40.0,2.4849066497880004,3.4011973816621555,lightMedium,brown,dry,gray,P442857,Dr. Jart+,20.0
5,1.0,0.75,4.0,0.6931471805599453,1.3862943611198906,lightMedium,brown,combination,brown,P442857,Dr. Jart+,20.0
1,0.0,0.800000012,5.0,0.6931471805599453,1.6094379124341003,lightMedium,brown,combination,blonde,P442857,Dr. Jart+,20.0
1,0.0,0.866666973,15.0,1.0986122886681098,2.6390573296152584,light,green,combination,blonde,P442857,Dr. Jart+,20.0
1,0.0,0.733332992,15.0,1.6094379124341003,2.4849066497880004,fair,Grey,dry,brown,P442857,Dr. Jart+,20.0
2,0.0,0.25,20.0,2.772588722239781,1.791759469228055,lightMedium,hazel,dry,black,P442857,Dr. Jart+,20.0
1,0.0,0.75,4.0,0.6931471805599453,1.3862943611198906,lightMedium,brown,normal,brown,P500613,OLEHENRIKSEN,42.0
3,0.0,0.5,4.0,1.0986122886681098,1.0986122886681098,fair,blue,combination,blonde,P466154,Supergoop!,46.0
2,0.0,1.0,4.0,0.0,1.6094379124341003,lightMedium,brown,normal,brown,P466154,Supergoop!,46.0
1,0.0,0.611940026,67.0,3.295836866004329,3.7376696182833684,lightMedium,green,normal,brown,P466154,Supergoop!,46.0
5,1.0,0.833333015,6.0,0.6931471805599453,1.791759469228055,light,hazel,combination,blonde,P466154,Supergoop!,46.0
5,1.0,0.916666985,12.0,0.6931471805599453,2.4849066497880004,fair,brown,combination,brown,P466154,Supergoop!,46.0
1,0.0,0.888889015,9.0,0.6931471805599453,2.1972245773362196,mediumTan,brown,combination,black,P466154,Supergoop!,46.0
1,0.0,0.166666999,42.0,3.58351893845611,2.0794415416798357,fairLight,brown,normal,brown,P482298,Origins,40.0
1,0.0,0.5,4.0,1.0986122886681098,1.0986122886681098,light,brown,combination,black,P482298,Origins,40.0
1,0.0,0.800000012,10.0,1.0986122886681098,2.1972245773362196,fair,brown,dry,black,P503879,Farmacy,45.0
5,1.0,0.818181992,11.0,1.0986122886681098,2.302585092994046,lightMedium,brown,combination,brown,P442839,Skinfix,42.0
3,1.0,0.75,4.0,0.6931471805599453,1.3862943611198906,fair,blue,dry,brown,P442839,Skinfix,42.0
1,0.0,0.516129017,31.0,2.772588722239781,2.833213344056216,fair,blue,combination,brown,P442839,Skinfix,42.0
5,1.0,0.285714,14.0,2.3978952727983707,1.6094379124341003,fair,blue,oily,blonde,P432242,CLINIQUE,26.5
5,1.0,1.0,7.0,0.0,2.0794415416798357,light,brown,oily,blonde,P432242,CLINIQUE,26.5
5,1.0,0.444444001,9.0,1.791759469228055,1.6094379124341003,fair,blue,combination,blonde,P251529,Peter Thomas Roth,65.0
5,1.0,0.894737005,19.0,1.0986122886681098,2.8903717578961645,lightMedium,brown,oily,black,P251529,Peter Thomas Roth,65.0
5,1.0,0.785713971,14.0,1.3862943611198906,2.4849066497880004,fair,blue,oily,red,P251529,Peter Thomas Roth,65.0
5,1.0,0.800000012,5.0,0.6931471805599453,1.6094379124341003,fair,blue,combination,auburn,P251529,Peter Thomas Roth,65.0
5,1.0,0.9375,16.0,0.6931471805599453,2.772588722239781,fair,blue,combination,auburn,P251529,Peter Thomas Roth,65.0
5,1.0,1.0,5.0,0.0,1.791759469228055,fair,blue,oily,auburn,P251529,Peter Thomas Roth,65.0
5,1.0,0.666666985,6.0,1.0986122886681098,1.6094379124341003,fair,blue,normal,auburn,P251529,Peter Thomas Roth,65.0
1,1.0,0.615384996,13.0,1.791759469228055,2.1972245773362196,fair,blue,combination,auburn,P251529,Peter Thomas Roth,65.0
5,1.0,1.0,6.0,0.0,1.9459101490553132,fair,blue,combination,auburn,P251529,Peter Thomas Roth,65.0
4,1.0,0.125,8.0,2.0794415416798357,0.6931471805599453,fair,blue,combination,auburn,P251529,Peter Thomas Roth,65.0
5,1.0,0.941175997,68.0,1.6094379124341003,4.174387269895637,light,blue,combination,auburn,P251529,Peter Thomas Roth,65.0
5,1.0,0.25,4.0,1.3862943611198906,0.6931471805599453,lightMedium,blue,combination,black,P461949,La Mer,245.0
5,1.0,0.363635987,33.0,3.091042453358316,2.5649493574615367,light,brown,normal,black,P461949,La Mer,245.0
2,0.0,0.777778029,9.0,1.0986122886681098,2.0794415416798357,mediumTan,blue,combination,brown,P457008,Dr. Jart+,15.0
4,1.0,0.5,10.0,1.791759469228055,1.791759469228055,fairLight,hazel,normal,blonde,P457008,Dr. Jart+,15.0
5,1.0,0.800000012,5.0,0.6931471805599453,1.6094379124341003,lightMedium,brown,normal,brown,P457008,Dr. Jart+,15.0
5,1.0,0.666666985,6.0,1.0986122886681098,1.6094379124341003,rich,brown,dry,black,P393076,First Aid Beauty,44.0
5,1.0,1.0,7.0,0.0,2.0794415416798357,lightMedium,green,combination,blonde,P393076,First Aid Beauty,44.0
4,1.0,0.93333298,15.0,0.6931471805599453,2.70805020110221,fair,brown,combination,brown,P393076,First Aid Beauty,44.0
5,1.0,0.75,4.0,0.6931471805599453,1.3862943611198906,fair,brown,combination,brown,P393076,First Aid Beauty,44.0
3,0.0,0.25,4.0,1.3862943611198906,0.6931471805599453,fair,brown,combination,brown,P479354,The INKEY List,10.99
3,0.0,0.600000024,5.0,1.0986122886681098,1.3862943611198906,fair,brown,combination,black,P479354,The INKEY List,10.99
5,1.0,0.75,4.0,0.6931471805599453,1.3862943611198906,fair,brown,oily,brown,P479354,The INKEY List,10.99
5,1.0,1.0,9.0,0.0,2.302585092994046,mediumTan,hazel,combination,brown,P479354,The INKEY List,10.99
2,0.0,0.888889015,9.0,0.6931471805599453,2.1972245773362196,lightMedium,brown,combination,brown,P479354,The INKEY List,10.99
2,0.0,0.857142985,7.0,0.6931471805599453,1.9459101490553132,fair,blue,oily,brown,P479354,The INKEY List,10.99
2,0.0,0.600000024,5.0,1.0986122886681098,1.3862943611198906,fair,green,combination,brown,P479354,The INKEY List,10.99
5,1.0,0.899999976,10.0,0.6931471805599453,2.302585092994046,tan,brown,combination,black,P479354,The INKEY List,10.99
5,1.0,0.200000003,5.0,1.6094379124341003,0.6931471805599453,light,brown,dry,blonde,P500240,Dermalogica,65.0
2,0.0,0.34482801,29.0,2.995732273553991,2.3978952727983707,light,green,dry,brown,P442741,Peter Thomas Roth,125.0
2,0.0,0.833333015,6.0,0.6931471805599453,1.791759469228055,lightMedium,brown,normal,brown,P442741,Peter Thomas Roth,125.0
5,1.0,0.625,8.0,1.3862943611198906,1.791759469228055,fair,blue,oily,blonde,P442564,Herbivore,60.0
5,1.0,0.75,8.0,1.0986122886681098,1.9459101490553132,lightMedium,green,combination,blonde,P442564,Herbivore,60.0
5,1.0,0.800000012,5.0,0.6931471805599453,1.6094379124341003,fair,hazel,combination,brown,P442564,Herbivore,60.0
5,1.0,1.0,4.0,0.0,1.6094379124341003,lightMedium,brown,combination,brown,P442564,Herbivore,60.0
1,0.0,0.400000006,30.0,2.9444389791664403,2.5649493574615367,lightMedium,green,combination,brown,P442564,Herbivore,60.0
2,0.0,0.600000024,5.0,1.0986122886681098,1.3862943611198906,fair,brown,combination,brown,P469482,Isle of Paradise,28.0
5,1.0,1.0,4.0,0.0,1.6094379124341003,light,brown,dry,brown,P469482,Isle of Paradise,28.0
2,0.0,0.75,4.0,0.6931471805599453,1.3862943611198906,light,hazel,normal,blonde,P469482,Isle of Paradise,28.0
4,1.0,1.0,11.0,0.0,2.4849066497880004,fair,brown,combination,brown,P469482,Isle of Paradise,28.0
5,1.0,0.888889015,9.0,0.6931471805599453,2.1972245773362196,fair,blue,dry,brown,P469482,Isle of Paradise,28.0
5,1.0,0.833333015,6.0,0.6931471805599453,1.791759469228055,fair,brown,dry,brown,P469482,Isle of Paradise,28.0
4,1.0,1.0,8.0,0.0,2.1972245773362196,mediumTan,green,combination,blonde,P455241,KORA Organics,74.0
2,0.0,0.75,4.0,0.6931471805599453,1.3862943611198906,lightMedium,green,dry,brown,P399932,Peter Thomas Roth,32.0
1,1.0,0.600000024,5.0,1.0986122886681098,1.3862943611198906,light,blue,combination,brown,P399932,Peter Thomas Roth,32.0
4,1.0,1.0,8.0,0.0,2.1972245773362196,light,blue,combination,brown,P399932,Peter Thomas Roth,32.0
5,1.0,0.75,8.0,1.0986122886681098,1.9459101490553132,light,blue,combination,brown,P399932,Peter Thomas Roth,32.0
5,1.0,1.0,5.0,0.0,1.791759469228055,light,blue,combination,brown,P399932,Peter Thomas Roth,32.0
4,1.0,0.833333015,18.0,1.3862943611198906,2.772588722239781,lightMedium,blue,combination,blonde,P448184,Dr. Jart+,25.0
5,1.0,0.307691991,13.0,2.302585092994046,1.6094379124341003,mediumTan,brown,oily,brown,P448184,Dr. Jart+,25.0
4,1.0,0.571429014,7.0,1.3862943611198906,1.6094379124341003,light,brown,combination,black,P467124,JLo Beauty,59.0
5,1.0,0.75,4.0,0.6931471805599453,1.3862943611198906,fair,blue,dry,blonde,P467124,JLo Beauty,59.0
1,0.0,0.818181992,11.0,1.0986122886681098,2.302585092994046,lightMedium,green,dry,brown,P467124,JLo Beauty,59.0
5,1.0,0.253012002,83.0,4.143134726391533,3.091042453358316,lightMedium,hazel,combination,brown,P467124,JLo Beauty,59.0
5,1.0,1.0,7.0,0.0,2.0794415416798357,fairLight,green,oily,auburn,P384821,CLINIQUE,34.5
5,1.0,0.857142985,28.0,1.6094379124341003,3.2188758248682006,fair,blue,combination,brown,P384821,CLINIQUE,34.5
1,1.0,0.5,16.0,2.1972245773362196,2.1972245773362196,fair,blue,combination,brown,P384821,CLINIQUE,34.5
5,1.0,1.0,5.0,0.0,1.791759469228055,lightMedium,blue,combination,brown,P442742,Peter Thomas Roth,55.0
5,1.0,0.885462999,113.72000000000116,3.295836866004329,5.308267697401205,lightMedium,brown,combination,brown,P442742,Peter Thomas Roth,55.0
5,1.0,1.0,6.0,0.0,1.9459101490553132,lightMedium,hazel,combination,brown,P442742,Peter Thomas Roth,55.0
1,0.0,0.333332986,9.0,1.9459101490553132,1.3862943611198906,lightMedium,brown,dry,black,P442742,Peter Thomas Roth,55.0
5,1.0,0.75,4.0,0.6931471805599453,1.3862943611198906,lightMedium,green,oily,blonde,P442742,Peter Thomas Roth,55.0
5,1.0,0.75,4.0,0.6931471805599453,1.3862943611198906,light,green,normal,brown,P463144,Youth To The People,48.0
5,1.0,0.75,4.0,0.6931471805599453,1.3862943611198906,lightMedium,green,combination,blonde,P463144,Youth To The People,48.0
5,1.0,1.0,8.0,0.0,2.1972245773362196,fair,brown,combination,auburn,P463144,Youth To The People,48.0
5,1.0,0.75,4.0,0.6931471805599453,1.3862943611198906,medium,brown,dry,brown,P463144,Youth To The People,48.0
3,0.0,0.714286029,7.0,1.0986122886681098,1.791759469228055,lightMedium,brown,combination,blonde,P463144,Youth To The People,48.0
5,1.0,0.826086998,23.0,1.6094379124341003,2.995732273553991,fair,brown,normal,blonde,P463144,Youth To The People,48.0
5,1.0,0.857142985,7.0,0.6931471805599453,1.9459101490553132,tan,brown,oily,black,P463144,Youth To The People,48.0
5,1.0,1.0,12.0,0.0,2.5649493574615367,mediumTan,brown,combination,brown,P463144,Youth To The People,48.0
5,1.0,0.75,4.0,0.6931471805599453,1.3862943611198906,light,brown,combination,brown,P463144,Youth To The People,48.0
5,1.0,0.75,4.0,0.6931471805599453,1.3862943611198906,lightMedium,brown,combination,blonde,P446934,Murad,49.0
1,0.0,1.0,9.0,0.0,2.302585092994046,medium,blue,oily,brown,P446934,Murad,49.0
1,0.0,0.857142985,7.0,0.6931471805599453,1.9459101490553132,light,brown,combination,brown,P446934,Murad,49.0
4,1.0,0.333332986,6.0,1.6094379124341003,1.0986122886681098,medium,brown,combination,brown,P446934,Murad,49.0
5,1.0,1.0,8.0,0.0,2.1972245773362196,mediumTan,brown,combination,black,P445832,Dermalogica,42.0
3,0.0,0.714286029,21.0,1.9459101490553132,2.772588722239781,light,brown,oily,brown,P445832,Dermalogica,42.0
5,1.0,1.0,4.0,0.0,1.6094379124341003,mediumTan,brown,combination,black,P392608,Peter Thomas Roth,60.0
5,1.0,0.800000012,5.0,0.6931471805599453,1.6094379124341003,lightMedium,brown,combination,black,P392608,Peter Thomas Roth,60.0
4,1.0,0.875,8.0,0.6931471805599453,2.0794415416798357,lightMedium,brown,combination,black,P392608,Peter Thomas Roth,60.0
4,1.0,1.0,5.0,0.0,1.791759469228055,lightMedium,brown,combination,black,P392608,Peter Thomas Roth,60.0
1,1.0,0.333332986,12.0,2.1972245773362196,1.6094379124341003,lightMedium,brown,combination,black,P392608,Peter Thomas Roth,60.0
4,1.0,0.800000012,5.0,0.6931471805599453,1.6094379124341003,lightMedium,brown,combination,black,P392608,Peter Thomas Roth,60.0
5,1.0,1.0,7.0,0.0,2.0794415416798357,lightMedium,brown,combination,black,P392608,Peter Thomas Roth,60.0
5,1.0,1.0,10.0,0.0,2.3978952727983707,lightMedium,brown,combination,black,P392608,Peter Thomas Roth,60.0
3,1.0,0.139534995,43.0,3.6375861597263857,1.9459101490553132,lightMedium,brown,combination,black,P392608,Peter Thomas Roth,60.0
5,1.0,0.699999988,10.0,1.3862943611198906,2.0794415416798357,light,blue,dry,brown,P420224,Caudalie,59.0
2,0.0,0.384615004,26.0,2.833213344056216,2.3978952727983707,light,blue,dry,auburn,P420224,Caudalie,59.0
5,1.0,0.928570986,14.0,0.6931471805599453,2.6390573296152584,rich,brown,oily,black,P420224,Caudalie,59.0
5,1.0,1.0,8.0,0.0,2.1972245773362196,tan,brown,combination,black,P420224,Caudalie,59.0
5,1.0,0.946488023,113.72000000000116,2.833213344056216,5.648974238161206,medium,brown,combination,auburn,P420224,Caudalie,59.0
5,1.0,0.714286029,7.0,1.0986122886681098,1.791759469228055,light,brown,oily,brown,P420224,Caudalie,59.0
2,0.0,0.5,4.0,1.0986122886681098,1.0986122886681098,tan,brown,combination,black,P504125,Glow Recipe,32.0
1,0.0,0.727272987,11.0,1.3862943611198906,2.1972245773362196,fair,gray,oily,blonde,P504125,Glow Recipe,32.0
5,1.0,0.5,6.0,1.3862943611198906,1.3862943611198906,light,brown,dry,blonde,P468821,First Aid Beauty,44.0
3,0.0,0.545454979,11.0,1.791759469228055,1.9459101490553132,mediumTan,brown,combination,black,P468821,First Aid Beauty,44.0
5,1.0,0.75,4.0,0.6931471805599453,1.3862943611198906,lightMedium,brown,normal,auburn,P468821,First Aid Beauty,44.0
5,1.0,0.875,16.0,1.0986122886681098,2.70805020110221,light,blue,combination,brown,P468821,First Aid Beauty,44.0
5,1.0,0.75,4.0,0.6931471805599453,1.3862943611198906,tan,brown,oily,black,P468821,First Aid Beauty,44.0
3,0.0,0.695652008,23.0,2.0794415416798357,2.833213344056216,tan,brown,dry,black,P468821,First Aid Beauty,44.0
5,1.0,1.0,8.0,0.0,2.1972245773362196,light,blue,normal,blonde,P468821,First Aid Beauty,44.0
4,1.0,1.0,5.0,0.0,1.791759469228055,light,brown,dry,black,P500307,Fenty Skin,24.0
5,1.0,1.0,7.0,0.0,2.0794415416798357,light,brown,dry,brown,P500307,Fenty Skin,24.0
3,0.0,0.699999988,20.0,1.9459101490553132,2.70805020110221,light,green,oily,blonde,P500307,Fenty Skin,24.0
5,1.0,0.75,8.0,1.0986122886681098,1.9459101490553132,lightMedium,brown,combination,black,P500307,Fenty Skin,24.0
3,0.0,1.0,5.0,0.0,1.791759469228055,light,hazel,normal,brown,P500307,Fenty Skin,24.0
5,1.0,0.600000024,5.0,1.0986122886681098,1.3862943611198906,fairLight,green,normal,brown,P500307,Fenty Skin,24.0
3,0.0,0.75,4.0,0.6931471805599453,1.3862943611198906,light,brown,dry,brown,P500307,Fenty Skin,24.0
2,0.0,0.5,10.0,1.791759469228055,1.791759469228055,fair,blue,combination,blonde,P500307,Fenty Skin,24.0
4,1.0,0.75,4.0,0.6931471805599453,1.3862943611198906,fair,brown,dry,blonde,P500307,Fenty Skin,24.0
1,0.0,0.863636017,22.0,1.3862943611198906,2.995732273553991,fair,blue,combination,blonde,P500307,Fenty Skin,24.0
5,1.0,1.0,11.0,0.0,2.4849066497880004,mediumTan,brown,normal,brown,P500307,Fenty Skin,24.0
5,1.0,0.857142985,7.0,0.6931471805599453,1.9459101490553132,light,brown,combination,brown,P382204,Peter Thomas Roth,55.0
5,1.0,1.0,10.0,0.0,2.3978952727983707,light,hazel,dry,brown,P382204,Peter Thomas Roth,55.0
1,1.0,0.428570986,7.0,1.6094379124341003,1.3862943611198906,lightMedium,brown,combination,brown,P382204,Peter Thomas Roth,55.0
1,1.0,0.571429014,7.0,1.3862943611198906,1.6094379124341003,lightMedium,brown,combination,brown,P382204,Peter Thomas Roth,55.0
4,1.0,0.800000012,5.0,0.6931471805599453,1.6094379124341003,lightMedium,brown,combination,brown,P382204,Peter Thomas Roth,55.0
5,1.0,0.956521988,23.0,0.6931471805599453,3.1354942159291497,medium,brown,combination,brown,P436387,Summer Fridays,49.0
2,0.0,0.444444001,9.0,1.791759469228055,1.6094379124341003,fair,blue,dry,blonde,P436387,Summer Fridays,49.0
5,1.0,0.944444001,18.0,0.6931471805599453,2.8903717578961645,fair,brown,dry,brown,P447603,First Aid Beauty,24.0
3,1.0,0.75,28.0,2.0794415416798357,3.091042453358316,fair,green,combination,brown,P447603,First Aid Beauty,24.0
1,0.0,0.78125,32.0,2.0794415416798357,3.258096538021482,fairLight,brown,combination,black,P447603,First Aid Beauty,24.0
5,1.0,1.0,4.0,0.0,1.6094379124341003,fair,blue,dry,blonde,P447603,First Aid Beauty,24.0
4,0.0,0.333332986,6.0,1.6094379124341003,1.0986122886681098,lightMedium,brown,normal,black,P447603,First Aid Beauty,24.0
5,1.0,0.875,8.0,0.6931471805599453,2.0794415416798357,lightMedium,brown,dry,brown,P447603,First Aid Beauty,24.0
5,1.0,1.0,6.0,0.0,1.9459101490553132,lightMedium,brown,combination,brown,P447603,First Aid Beauty,24.0
5,1.0,0.75,4.0,0.6931471805599453,1.3862943611198906,lightMedium,brown,combination,black,P447603,First Aid Beauty,24.0
5,1.0,1.0,14.0,0.0,2.70805020110221,tan,brown,normal,brown,P447603,First Aid Beauty,24.0
5,1.0,0.888889015,9.0,0.6931471805599453,2.1972245773362196,lightMedium,hazel,dry,gray,P447603,First Aid Beauty,24.0
5,1.0,1.0,6.0,0.0,1.9459101490553132,light,brown,normal,black,P446641,Josie Maran,66.0
4,1.0,1.0,5.0,0.0,1.791759469228055,light,hazel,normal,blonde,P414293,Farmacy,34.0
4,1.0,0.923076987,13.0,0.6931471805599453,2.5649493574615367,light,hazel,combination,blonde,P414293,Farmacy,34.0
4,1.0,1.0,5.0,0.0,1.791759469228055,fairLight,blue,normal,brown,P414293,Farmacy,34.0
5,1.0,1.0,4.0,0.0,1.6094379124341003,light,green,dry,brown,P414293,Farmacy,34.0
1,0.0,0.5,6.0,1.3862943611198906,1.3862943611198906,medium,blue,combination,brown,P414293,Farmacy,34.0
5,1.0,1.0,13.0,0.0,2.6390573296152584,light,blue,combination,blonde,P414293,Farmacy,34.0
2,0.0,1.0,8.0,0.0,2.1972245773362196,light,blue,dry,red,P438619,SEPHORA COLLECTION,18.0
1,0.0,0.333332986,9.0,1.9459101490553132,1.3862943611198906,light,brown,dry,black,P438619,SEPHORA COLLECTION,18.0
1,0.0,0.833333015,12.0,1.0986122886681098,2.3978952727983707,fairLight,brown,combination,brown,P438619,SEPHORA COLLECTION,18.0
2,0.0,0.666666985,9.0,1.3862943611198906,1.9459101490553132,light,brown,normal,brown,P438619,SEPHORA COLLECTION,18.0
3,1.0,0.727272987,11.0,1.3862943611198906,2.1972245773362196,rich,brown,combination,black,P438619,SEPHORA COLLECTION,18.0
5,1.0,1.0,4.0,0.0,1.6094379124341003,deep,brown,oily,auburn,P438619,SEPHORA COLLECTION,18.0
5,1.0,0.833333015,6.0,0.6931471805599453,1.791759469228055,fair,green,combination,brown,P474304,Biossance,28.0
1,0.0,1.0,6.0,0.0,1.9459101490553132,deep,brown,combination,black,P474304,Biossance,28.0
1,0.0,0.75,4.0,0.6931471805599453,1.3862943611198906,mediumTan,brown,combination,brown,P474304,Biossance,28.0
1,0.0,0.699999988,10.0,1.3862943611198906,2.0794415416798357,medium,blue,normal,red,P474304,Biossance,28.0
5,1.0,0.846153975,13.0,1.0986122886681098,2.4849066497880004,lightMedium,brown,dry,blonde,P474304,Biossance,28.0
1,0.0,0.600000024,5.0,1.0986122886681098,1.3862943611198906,light,brown,oily,black,P442003,fresh,25.0
3,0.0,0.800000012,5.0,0.6931471805599453,1.6094379124341003,light,brown,combination,blonde,P453227,OLEHENRIKSEN,33.0
5,1.0,1.0,18.0,0.0,2.9444389791664403,tan,brown,combination,black,P453227,OLEHENRIKSEN,33.0
1,0.0,0.333332986,9.0,1.9459101490553132,1.3862943611198906,lightMedium,blue,normal,auburn,P453227,OLEHENRIKSEN,33.0
2,0.0,1.0,27.0,0.0,3.332204510175204,fair,green,combination,blonde,P463353,Supergoop!,44.0
3,1.0,1.0,5.0,0.0,1.791759469228055,fairLight,brown,combination,black,P463353,Supergoop!,44.0
1,0.0,0.944444001,18.0,0.6931471805599453,2.8903717578961645,light,green,normal,blonde,P463353,Supergoop!,44.0
1,0.0,0.972221971,36.0,0.6931471805599453,3.58351893845611,light,blue,normal,red,P463353,Supergoop!,44.0
1,0.0,1.0,11.0,0.0,2.4849066497880004,fairLight,blue,dry,brown,P463353,Supergoop!,44.0
1,0.0,0.93333298,15.0,0.6931471805599453,2.70805020110221,light,green,combination,brown,P463353,Supergoop!,44.0
1,0.0,1.0,10.0,0.0,2.3978952727983707,lightMedium,brown,combination,brown,P463353,Supergoop!,44.0
3,1.0,1.0,4.0,0.0,1.6094379124341003,lightMedium,brown,normal,brown,P463353,Supergoop!,44.0
5,1.0,0.733332992,15.0,1.6094379124341003,2.4849066497880004,lightMedium,blue,combination,blonde,P463353,Supergoop!,44.0
1,0.0,0.083333299,12.0,2.4849066497880004,0.6931471805599453,tan,brown,combination,black,P459133,OLEHENRIKSEN,16.0
5,1.0,0.800000012,5.0,0.6931471805599453,1.6094379124341003,light,brown,dry,blonde,P459133,OLEHENRIKSEN,16.0
2,0.0,0.823529005,17.0,1.3862943611198906,2.70805020110221,lightMedium,brown,combination,brown,P459133,OLEHENRIKSEN,16.0
5,1.0,1.0,6.0,0.0,1.9459101490553132,light,hazel,normal,brown,P459133,OLEHENRIKSEN,16.0
5,1.0,0.75,4.0,0.6931471805599453,1.3862943611198906,fair,blue,combination,brown,P459133,OLEHENRIKSEN,16.0
3,1.0,0.5,4.0,1.0986122886681098,1.0986122886681098,fair,blue,combination,brown,P459133,OLEHENRIKSEN,16.0
5,1.0,1.0,7.0,0.0,2.0794415416798357,fair,hazel,combination,blonde,P459133,OLEHENRIKSEN,16.0
5,1.0,0.75,4.0,0.6931471805599453,1.3862943611198906,fair,blue,combination,blonde,P459133,OLEHENRIKSEN,16.0
2,0.0,0.0,5.0,1.791759469228055,0.0,fairLight,green,normal,brown,P459133,OLEHENRIKSEN,16.0
4,1.0,1.0,28.0,0.0,3.367295829986474,fair,hazel,combination,blonde,P459133,OLEHENRIKSEN,16.0
5,1.0,0.75,8.0,1.0986122886681098,1.9459101490553132,mediumTan,blue,combination,black,P483076,Sunday Riley,22.0
4,1.0,1.0,12.0,0.0,2.5649493574615367,light,brown,combination,blonde,P422002,Kiehl's Since 1851,45.0
5,1.0,1.0,6.0,0.0,1.9459101490553132,fair,brown,oily,brown,P422002,Kiehl's Since 1851,45.0
5,1.0,0.777778029,9.0,1.0986122886681098,2.0794415416798357,fair,blue,oily,blonde,P422002,Kiehl's Since 1851,45.0
5,1.0,1.0,6.0,0.0,1.9459101490553132,fair,brown,combination,blonde,P422002,Kiehl's Since 1851,45.0
1,0.0,0.866666973,15.0,1.0986122886681098,2.6390573296152584,fair,green,dry,blonde,P422002,Kiehl's Since 1851,45.0
5,1.0,1.0,6.0,0.0,1.9459101490553132,light,blue,dry,blonde,P422002,Kiehl's Since 1851,45.0
1,0.0,0.800000012,5.0,0.6931471805599453,1.6094379124341003,lightMedium,brown,combination,brown,P434546,OLEHENRIKSEN,60.0
2,0.0,0.777778029,9.0,1.0986122886681098,2.0794415416798357,mediumTan,brown,combination,brown,P434546,OLEHENRIKSEN,60.0
4,1.0,1.0,4.0,0.0,1.6094379124341003,lightMedium,blue,combination,brown,P434546,OLEHENRIKSEN,60.0
1,0.0,0.625,8.0,1.3862943611198906,1.791759469228055,lightMedium,green,combination,brown,P434546,OLEHENRIKSEN,60.0
1,0.0,0.818181992,11.0,1.0986122886681098,2.302585092994046,fairLight,green,normal,brown,P434546,OLEHENRIKSEN,60.0
2,0.0,0.5,10.0,1.791759469228055,1.791759469228055,tan,brown,combination,black,P434546,OLEHENRIKSEN,60.0
2,0.0,0.800000012,10.0,1.0986122886681098,2.1972245773362196,light,green,combination,blonde,P434546,OLEHENRIKSEN,60.0
5,1.0,0.857142985,35.0,1.791759469228055,3.4339872044851463,light,blue,combination,brown,P434546,OLEHENRIKSEN,60.0
5,1.0,0.5,4.0,1.0986122886681098,1.0986122886681098,mediumTan,brown,oily,brown,P474060,Kiehl's Since 1851,25.0
5,1.0,1.0,5.0,0.0,1.791759469228055,fairLight,green,combination,brown,P474060,Kiehl's Since 1851,25.0
5,1.0,0.75,12.0,1.3862943611198906,2.302585092994046,lightMedium,blue,combination,blonde,P474060,Kiehl's Since 1851,25.0
5,1.0,1.0,5.0,0.0,1.791759469228055,light,brown,normal,black,P474060,Kiehl's Since 1851,25.0
2,0.0,0.5,6.0,1.3862943611198906,1.3862943611198906,fair,hazel,combination,brown,P474060,Kiehl's Since 1851,25.0
5,1.0,0.714286029,7.0,1.0986122886681098,1.791759469228055,lightMedium,brown,combination,blonde,P474060,Kiehl's Since 1851,25.0
5,1.0,0.125,8.0,2.0794415416798357,0.6931471805599453,fair,green,dry,blonde,P474060,Kiehl's Since 1851,25.0
1,0.0,0.939393997,66.0,1.6094379124341003,4.143134726391533,fair,blue,combination,black,P474060,Kiehl's Since 1851,25.0
2,0.0,1.0,5.0,0.0,1.791759469228055,lightMedium,blue,dry,blonde,P460723,SEPHORA COLLECTION,6.0
1,0.0,1.0,7.0,0.0,2.0794415416798357,light,brown,combination,brown,P460723,SEPHORA COLLECTION,6.0
1,0.0,1.0,5.0,0.0,1.791759469228055,light,brown,combination,brown,P460723,SEPHORA COLLECTION,6.0
1,0.0,1.0,10.0,0.0,2.3978952727983707,light,green,combination,blonde,P460723,SEPHORA COLLECTION,6.0
4,1.0,0.916666985,12.0,0.6931471805599453,2.4849066497880004,lightMedium,green,combination,brown,P94812,Clarins,39.0
5,1.0,0.863636017,22.0,1.3862943611198906,2.995732273553991,medium,brown,dry,gray,P479304,Biossance,68.0
5,1.0,0.600000024,5.0,1.0986122886681098,1.3862943611198906,light,hazel,combination,black,P479304,Biossance,68.0
2,0.0,0.333332986,9.0,1.9459101490553132,1.3862943611198906,lightMedium,green,dry,blonde,P479304,Biossance,68.0
3,0.0,0.833333015,6.0,0.6931471805599453,1.791759469228055,fair,brown,dry,brown,P479304,Biossance,68.0
4,1.0,0.923076987,13.0,0.6931471805599453,2.5649493574615367,light,blue,combination,blonde,P443841,The INKEY List,10.99
1,0.0,0.5,12.0,1.9459101490553132,1.9459101490553132,medium,brown,combination,black,P443841,The INKEY List,10.99
5,1.0,1.0,5.0,0.0,1.791759469228055,lightMedium,hazel,combination,brown,P443841,The INKEY List,10.99
1,0.0,0.200000003,10.0,2.1972245773362196,1.0986122886681098,medium,brown,oily,brown,P443841,The INKEY List,10.99
4,1.0,0.833333015,6.0,0.6931471805599453,1.791759469228055,light,brown,normal,brown,P443841,The INKEY List,10.99
4,0.0,0.879999995,25.0,1.3862943611198906,3.1354942159291497,light,blue,combination,blonde,P443841,The INKEY List,10.99
5,1.0,1.0,10.0,0.0,2.3978952727983707,light,brown,combination,auburn,P440075,Sunday Riley,85.0
1,0.0,0.5,12.0,1.9459101490553132,1.9459101490553132,medium,brown,dry,black,P440075,Sunday Riley,85.0
5,1.0,0.866666973,15.0,1.0986122886681098,2.6390573296152584,light,brown,combination,brown,P440075,Sunday Riley,85.0
5,1.0,0.888889015,18.0,1.0986122886681098,2.833213344056216,fair,brown,combination,brown,P440075,Sunday Riley,85.0
3,0.0,0.300000012,20.0,2.70805020110221,1.9459101490553132,light,blue,combination,blonde,P440075,Sunday Riley,85.0
5,1.0,0.944444001,36.0,1.0986122886681098,3.5553480614894135,fair,green,combination,blonde,P440075,Sunday Riley,85.0
5,1.0,1.0,11.0,0.0,2.4849066497880004,medium,brown,combination,black,P440075,Sunday Riley,85.0
5,1.0,0.400000006,15.0,2.302585092994046,1.9459101490553132,fair,hazel,combination,blonde,P440075,Sunday Riley,85.0
3,0.0,1.0,4.0,0.0,1.6094379124341003,fair,brown,combination,blonde,P440075,Sunday Riley,85.0
1,0.0,0.217390999,23.0,2.9444389791664403,1.791759469228055,light,blue,normal,blonde,P440075,Sunday Riley,85.0
3,0.0,0.714286029,7.0,1.0986122886681098,1.791759469228055,light,brown,combination,brown,P440075,Sunday Riley,85.0
5,1.0,0.888889015,9.0,0.6931471805599453,2.1972245773362196,light,green,dry,blonde,P440075,Sunday Riley,85.0
5,1.0,0.906976998,43.0,1.6094379124341003,3.6888794541139363,lightMedium,green,dry,brown,P440075,Sunday Riley,85.0
5,1.0,0.5,10.0,1.791759469228055,1.791759469228055,light,brown,combination,brown,P440075,Sunday Riley,85.0
5,1.0,1.0,4.0,0.0,1.6094379124341003,light,brown,combination,brown,P500857,Murad,45.0
1,0.0,0.600000024,5.0,1.0986122886681098,1.3862943611198906,light,green,oily,brown,P407450,St. Tropez,34.0
2,0.0,0.875,8.0,0.6931471805599453,2.0794415416798357,fair,brown,dry,brown,P407450,St. Tropez,34.0
5,1.0,1.0,5.0,0.0,1.791759469228055,light,brown,combination,brown,P407450,St. Tropez,34.0
5,1.0,1.0,8.0,0.0,2.1972245773362196,light,hazel,oily,brown,P407450,St. Tropez,34.0
5,1.0,1.0,4.0,0.0,1.6094379124341003,light,brown,combination,brown,P407450,St. Tropez,34.0
5,1.0,0.927927971,111.0,2.1972245773362196,4.6443908991413725,light,brown,combination,brown,P407450,St. Tropez,34.0
1,1.0,0.791666985,24.0,1.791759469228055,2.995732273553991,light,brown,normal,brown,P407450,St. Tropez,34.0
5,1.0,1.0,6.0,0.0,1.9459101490553132,light,brown,oily,brown,P407450,St. Tropez,34.0
5,1.0,1.0,7.0,0.0,2.0794415416798357,light,brown,normal,brown,P407450,St. Tropez,34.0
5,1.0,0.5,10.0,1.791759469228055,1.791759469228055,light,blue,normal,brown,P472472,Kiehl's Since 1851,60.0
5,1.0,1.0,8.0,0.0,2.1972245773362196,medium,brown,combination,brown,P472472,Kiehl's Since 1851,60.0
5,1.0,0.888889015,9.0,0.6931471805599453,2.1972245773362196,tan,brown,oily,black,P472472,Kiehl's Since 1851,60.0
2,0.0,0.529411972,17.0,2.1972245773362196,2.302585092994046,lightMedium,brown,oily,brown,P459127,Dr. Lara Devgan Scientific Beauty,50.0
1,0.0,1.0,34.0,0.0,3.5553480614894135,light,blue,combination,blonde,P459127,Dr. Lara Devgan Scientific Beauty,50.0
1,0.0,0.0,4.0,1.6094379124341003,0.0,light,hazel,oily,brown,P7365,Murad,50.0
5,1.0,1.0,4.0,0.0,1.6094379124341003,light,green,combination,black,P7365,Murad,50.0
5,1.0,1.0,7.0,0.0,2.0794415416798357,light,green,combination,black,P7365,Murad,50.0
5,1.0,1.0,16.0,0.0,2.833213344056216,light,green,combination,black,P7365,Murad,50.0
5,1.0,0.166666999,6.0,1.791759469228055,0.6931471805599453,light,green,combination,black,P7365,Murad,50.0
4,1.0,0.0,4.0,1.6094379124341003,0.0,tan,green,combination,black,P7365,Murad,50.0
4,1.0,1.0,6.0,0.0,1.9459101490553132,lightMedium,brown,dry,black,P450614,The INKEY List,15.99
5,1.0,0.875,8.0,0.6931471805599453,2.0794415416798357,lightMedium,brown,oily,black,P450614,The INKEY List,15.99
3,0.0,0.875,16.0,1.0986122886681098,2.70805020110221,lightMedium,brown,combination,black,P450614,The INKEY List,15.99
1,0.0,0.649999976,20.0,2.0794415416798357,2.6390573296152584,lightMedium,hazel,combination,brown,P450614,The INKEY List,15.99
5,1.0,0.6875,16.0,1.791759469228055,2.4849066497880004,tan,brown,combination,black,P450614,The INKEY List,15.99
5,1.0,0.833333015,24.0,1.6094379124341003,3.044522437723423,medium,brown,oily,black,P450614,The INKEY List,15.99
1,0.0,0.666666985,12.0,1.6094379124341003,2.1972245773362196,lightMedium,brown,combination,brown,P450614,The INKEY List,15.99
5,1.0,1.0,14.0,0.0,2.70805020110221,lightMedium,brown,combination,black,P450614,The INKEY List,15.99
5,1.0,0.932796001,113.72000000000116,3.258096538021482,5.8522024797744745,lightMedium,hazel,normal,brown,P450614,The INKEY List,15.99
3,0.0,0.0,45.0,3.828641396489095,0.0,deep,brown,dry,brown,P450614,The INKEY List,15.99
3,1.0,0.666666985,6.0,1.0986122886681098,1.6094379124341003,light,brown,combination,blonde,P450614,The INKEY List,15.99
1,0.0,0.96875,32.0,0.6931471805599453,3.4657359027997265,mediumTan,brown,combination,brown,P450614,The INKEY List,15.99
3,1.0,0.782608986,23.0,1.791759469228055,2.9444389791664403,light,hazel,dry,black,P476843,Charlotte Tilbury,70.0
5,1.0,0.857142985,14.0,1.0986122886681098,2.5649493574615367,fair,blue,dry,auburn,P456414,KORRES,52.0
5,1.0,1.0,26.0,0.0,3.295836866004329,fairLight,brown,oily,brown,P456414,KORRES,52.0
5,1.0,0.875,8.0,0.6931471805599453,2.0794415416798357,light,brown,dry,blonde,P456414,KORRES,52.0
5,1.0,0.833333015,6.0,0.6931471805599453,1.791759469228055,lightMedium,hazel,combination,black,P311143,Algenist,28.0
5,1.0,1.0,12.0,0.0,2.5649493574615367,fair,hazel,combination,brown,P311143,Algenist,28.0
3,1.0,0.600000024,5.0,1.0986122886681098,1.3862943611198906,fair,brown,oily,red,P311143,Algenist,28.0
3,1.0,0.555555999,9.0,1.6094379124341003,1.791759469228055,fair,hazel,combination,brown,P311143,Algenist,28.0
1,1.0,0.444444001,18.0,2.3978952727983707,2.1972245773362196,fair,hazel,combination,brown,P311143,Algenist,28.0
5,1.0,1.0,4.0,0.0,1.6094379124341003,fair,hazel,dry,brown,P311143,Algenist,28.0
5,1.0,1.0,14.0,0.0,2.70805020110221,fair,hazel,dry,brown,P311143,Algenist,28.0
4,1.0,0.857142985,21.0,1.3862943611198906,2.9444389791664403,fair,green,dry,blonde,P442743,Peter Thomas Roth,95.0
4,1.0,0.800000012,5.0,0.6931471805599453,1.6094379124341003,medium,brown,combination,brown,P391802,Dr. Brandt Skincare,89.0
5,1.0,0.956521988,23.0,0.6931471805599453,3.1354942159291497,fair,green,combination,red,P391802,Dr. Brandt Skincare,89.0
5,1.0,0.857142985,14.0,1.0986122886681098,2.5649493574615367,fair,brown,normal,brown,P391802,Dr. Brandt Skincare,89.0
4,1.0,0.941175997,17.0,0.6931471805599453,2.833213344056216,fair,brown,combination,brown,P391802,Dr. Brandt Skincare,89.0
1,1.0,0.857142985,7.0,0.6931471805599453,1.9459101490553132,fair,brown,combination,brown,P391802,Dr. Brandt Skincare,89.0
4,1.0,1.0,11.0,0.0,2.4849066497880004,fair,brown,combination,brown,P391802,Dr. Brandt Skincare,89.0
5,1.0,1.0,6.0,0.0,1.9459101490553132,fair,brown,combination,brown,P391802,Dr. Brandt Skincare,89.0
4,1.0,0.75,4.0,0.6931471805599453,1.3862943611198906,fair,brown,dry,brown,P391802,Dr. Brandt Skincare,89.0
3,1.0,0.75,4.0,0.6931471805599453,1.3862943611198906,fair,brown,combination,brown,P391802,Dr. Brandt Skincare,89.0
1,1.0,0.272727013,11.0,2.1972245773362196,1.3862943611198906,fair,brown,combination,brown,P391802,Dr. Brandt Skincare,89.0
5,1.0,0.666666985,9.0,1.3862943611198906,1.9459101490553132,fair,brown,combination,brown,P391802,Dr. Brandt Skincare,89.0
1,1.0,1.0,37.0,0.0,3.6375861597263857,fair,brown,combination,brown,P391802,Dr. Brandt Skincare,89.0
5,1.0,0.73913002,23.0,1.9459101490553132,2.8903717578961645,fair,brown,combination,brown,P391802,Dr. Brandt Skincare,89.0
5,1.0,0.0,4.0,1.6094379124341003,0.0,lightMedium,hazel,normal,blonde,P501187,WASO,28.0
5,1.0,1.0,7.0,0.0,2.0794415416798357,fair,blue,combination,auburn,P415620,REN Clean Skincare,52.0
1,0.0,0.777778029,9.0,1.0986122886681098,2.0794415416798357,light,blue,dry,red,P415620,REN Clean Skincare,52.0
5,1.0,1.0,5.0,0.0,1.791759469228055,tan,brown,normal,black,P415620,REN Clean Skincare,52.0
5,1.0,0.928570986,14.0,0.6931471805599453,2.6390573296152584,fair,brown,combination,black,P415620,REN Clean Skincare,52.0
5,0.0,0.5,8.0,1.6094379124341003,1.6094379124341003,light,blue,normal,blonde,P432049,Moon Juice,49.0
5,1.0,1.0,5.0,0.0,1.791759469228055,lightMedium,hazel,combination,brown,P432049,Moon Juice,49.0
5,1.0,0.0,8.0,2.1972245773362196,0.0,fairLight,blue,dry,blonde,P432049,Moon Juice,49.0
5,1.0,0.923076987,13.0,0.6931471805599453,2.5649493574615367,light,hazel,combination,brown,P432049,Moon Juice,49.0
5,1.0,0.818181992,11.0,1.0986122886681098,2.302585092994046,lightMedium,brown,oily,blonde,P432049,Moon Juice,49.0
5,1.0,1.0,5.0,0.0,1.791759469228055,light,brown,normal,brown,P432049,Moon Juice,49.0
3,0.0,0.96825403,63.0,1.0986122886681098,4.127134385045092,fair,green,combination,brown,P432049,Moon Juice,49.0
5,1.0,0.923076987,13.0,0.6931471805599453,2.5649493574615367,lightMedium,brown,combination,brown,P432049,Moon Juice,49.0
1,0.0,0.608695984,23.0,2.302585092994046,2.70805020110221,light,brown,oily,brown,P454086,Dr. Jart+,29.0
5,1.0,0.875,8.0,0.6931471805599453,2.0794415416798357,fairLight,green,dry,auburn,P384537,Algenist,112.0
1,1.0,0.384615004,13.0,2.1972245773362196,1.791759469228055,mediumTan,brown,dry,brown,P384537,Algenist,112.0
4,1.0,0.600000024,5.0,1.0986122886681098,1.3862943611198906,mediumTan,brown,combination,brown,P384537,Algenist,112.0
5,1.0,0.90476203,21.0,1.0986122886681098,2.995732273553991,mediumTan,brown,dry,brown,P384537,Algenist,112.0
5,1.0,1.0,14.0,0.0,2.70805020110221,mediumTan,brown,dry,brown,P384537,Algenist,112.0
5,1.0,1.0,4.0,0.0,1.6094379124341003,mediumTan,brown,dry,brown,P384537,Algenist,112.0
3,1.0,0.5,16.0,2.1972245773362196,2.1972245773362196,mediumTan,brown,dry,brown,P384537,Algenist,112.0
1,0.0,0.571429014,7.0,1.3862943611198906,1.6094379124341003,lightMedium,brown,combination,brown,P472453,Caudalie,45.0
1,0.0,0.428570986,7.0,1.6094379124341003,1.3862943611198906,fair,brown,combination,black,P472453,Caudalie,45.0
1,0.0,0.93333298,15.0,0.6931471805599453,2.70805020110221,fair,blue,combination,blonde,P472453,Caudalie,45.0
2,0.0,0.75,16.0,1.6094379124341003,2.5649493574615367,fair,green,dry,blonde,P472453,Caudalie,45.0
5,1.0,0.855556011,90.0,2.6390573296152584,4.356708826689592,light,green,oily,brunette,P472453,Caudalie,45.0
5,1.0,0.600000024,5.0,1.0986122886681098,1.3862943611198906,fair,brown,combination,brown,P442754,The Ordinary,12.2
1,0.0,0.75,8.0,1.0986122886681098,1.9459101490553132,light,brown,dry,brown,P442754,The Ordinary,12.2
2,0.0,0.923076987,13.0,0.6931471805599453,2.5649493574615367,tan,brown,dry,black,P442754,The Ordinary,12.2
2,0.0,0.380952001,21.0,2.6390573296152584,2.1972245773362196,fair,green,oily,black,P442754,The Ordinary,12.2
5,1.0,0.600000024,5.0,1.0986122886681098,1.3862943611198906,lightMedium,brown,combination,brown,P442754,The Ordinary,12.2
2,0.0,0.923076987,13.0,0.6931471805599453,2.5649493574615367,fair,hazel,dry,blonde,P442754,The Ordinary,12.2
5,1.0,0.875,24.0,1.3862943611198906,3.091042453358316,lightMedium,brown,combination,brown,P442754,The Ordinary,12.2
4,1.0,0.833333015,6.0,0.6931471805599453,1.791759469228055,fair,hazel,combination,brown,P442754,The Ordinary,12.2
4,1.0,0.952381015,42.0,1.0986122886681098,3.713572066704308,medium,brown,combination,brown,P442754,The Ordinary,12.2
1,0.0,0.172414005,58.0,3.8918202981106265,2.3978952727983707,medium,brown,combination,brown,P442754,The Ordinary,12.2
5,1.0,0.850000024,20.0,1.3862943611198906,2.8903717578961645,light,brown,oily,brown,P442754,The Ordinary,12.2
3,0.0,0.59375,32.0,2.6390573296152584,2.995732273553991,fair,green,combination,brown,P442754,The Ordinary,12.2
2,0.0,0.722221971,18.0,1.791759469228055,2.6390573296152584,light,Grey,oily,brown,P442754,The Ordinary,12.2
2,0.0,0.100000001,20.0,2.9444389791664403,1.0986122886681098,fair,hazel,combination,brown,P442754,The Ordinary,12.2
1,0.0,0.0,5.0,1.791759469228055,0.0,fair,brown,combination,brown,P429953,Supergoop!,26.0
5,1.0,1.0,5.0,0.0,1.791759469228055,lightMedium,brown,combination,black,P429953,Supergoop!,26.0
5,1.0,0.899999976,10.0,0.6931471805599453,2.302585092994046,fair,brown,dry,auburn,P429953,Supergoop!,26.0
1,0.0,0.083333299,12.0,2.4849066497880004,0.6931471805599453,light,brown,combination,brown,P429953,Supergoop!,26.0
4,1.0,0.666666985,6.0,1.0986122886681098,1.6094379124341003,fair,blue,oily,brown,P429953,Supergoop!,26.0
4,1.0,0.944444001,18.0,0.6931471805599453,2.8903717578961645,lightMedium,brown,combination,black,P429953,Supergoop!,26.0
2,0.0,0.600000024,20.0,2.1972245773362196,2.5649493574615367,light,blue,combination,brown,P429953,Supergoop!,26.0
2,0.0,0.75,4.0,0.6931471805599453,1.3862943611198906,lightMedium,brown,combination,brown,P471101,Skinfix,50.0
2,0.0,0.444444001,9.0,1.791759469228055,1.6094379124341003,lightMedium,brown,combination,black,P471101,Skinfix,50.0
5,1.0,0.800000012,5.0,0.6931471805599453,1.6094379124341003,lightMedium,blue,dry,brown,P297531,Origins,49.0
5,1.0,0.800000012,5.0,0.6931471805599453,1.6094379124341003,light,blue,combination,brown,P297531,Origins,49.0
5,1.0,1.0,8.0,0.0,2.1972245773362196,light,blue,combination,brown,P297531,Origins,49.0
2,1.0,0.333332986,12.0,2.1972245773362196,1.6094379124341003,light,blue,combination,brown,P297531,Origins,49.0
5,1.0,0.899999976,10.0,0.6931471805599453,2.302585092994046,lightMedium,brown,oily,black,P173619,Shiseido,70.0
5,1.0,0.692308009,13.0,1.6094379124341003,2.302585092994046,light,brown,dry,blonde,P173619,Shiseido,70.0
5,1.0,0.857142985,21.0,1.3862943611198906,2.9444389791664403,light,hazel,combination,auburn,P173619,Shiseido,70.0
5,1.0,1.0,5.0,0.0,1.791759469228055,fair,brown,combination,black,P173619,Shiseido,70.0
4,1.0,0.800000012,5.0,0.6931471805599453,1.6094379124341003,light,brown,combination,black,P173619,Shiseido,70.0
5,1.0,1.0,16.0,0.0,2.833213344056216,light,brown,combination,black,P173619,Shiseido,70.0
5,1.0,0.0,14.0,2.70805020110221,0.0,light,brown,combination,black,P173619,Shiseido,70.0
5,1.0,0.75,4.0,0.6931471805599453,1.3862943611198906,light,brown,combination,black,P173619,Shiseido,70.0
5,1.0,0.875,8.0,0.6931471805599453,2.0794415416798357,light,brown,combination,black,P173619,Shiseido,70.0
5,1.0,0.909090996,11.0,0.6931471805599453,2.3978952727983707,light,brown,combination,black,P173619,Shiseido,70.0
1,0.0,0.461537987,39.0,3.091042453358316,2.9444389791664403,lightMedium,Grey,oily,black,P454799,Moon Juice,25.0
4,1.0,0.0,5.0,1.791759469228055,0.0,light,brown,combination,brown,P454799,Moon Juice,25.0
5,1.0,1.0,16.0,0.0,2.833213344056216,light,green,combination,brown,P454799,Moon Juice,25.0
1,0.0,0.600000024,5.0,1.0986122886681098,1.3862943611198906,medium,brown,normal,black,P440504,Summer Fridays,54.0
4,1.0,1.0,5.0,0.0,1.791759469228055,light,green,combination,brown,P440504,Summer Fridays,54.0
2,0.0,0.888889015,18.0,1.0986122886681098,2.833213344056216,lightMedium,brown,combination,brown,P440504,Summer Fridays,54.0
5,1.0,0.777778029,9.0,1.0986122886681098,2.0794415416798357,lightMedium,brown,combination,brown,P440504,Summer Fridays,54.0
1,0.0,0.25,16.0,2.5649493574615367,1.6094379124341003,light,brown,dry,brown,P470509,Augustinus Bader,245.0
3,0.0,0.899999976,20.0,1.0986122886681098,2.9444389791664403,light,green,combination,brown,P470509,Augustinus Bader,245.0
5,1.0,0.666666985,6.0,1.0986122886681098,1.6094379124341003,light,hazel,dry,blonde,P470509,Augustinus Bader,245.0
3,0.0,0.705882013,17.0,1.791759469228055,2.5649493574615367,fair,brown,dry,black,P470509,Augustinus Bader,245.0
3,0.0,0.75,8.0,1.0986122886681098,1.9459101490553132,fair,blue,combination,brown,P470509,Augustinus Bader,245.0
5,1.0,0.866666973,15.0,1.0986122886681098,2.6390573296152584,lightMedium,blue,combination,blonde,P470509,Augustinus Bader,245.0
5,1.0,0.800000012,5.0,0.6931471805599453,1.6094379124341003,light,brown,combination,black,P433627,KORA Organics,52.0
1,0.0,1.0,15.0,0.0,2.772588722239781,lightMedium,brown,normal,black,P433627,KORA Organics,52.0
4,1.0,0.857142985,7.0,0.6931471805599453,1.9459101490553132,light,brown,combination,brown,P433627,KORA Organics,52.0
5,1.0,0.400000006,5.0,1.3862943611198906,1.0986122886681098,lightMedium,brown,dry,black,P433627,KORA Organics,52.0
2,0.0,1.0,8.0,0.0,2.1972245773362196,deep,brown,oily,black,P433627,KORA Organics,52.0
3,1.0,0.5,4.0,1.0986122886681098,1.0986122886681098,mediumTan,brown,combination,black,P433627,KORA Organics,52.0
4,1.0,0.833333015,6.0,0.6931471805599453,1.791759469228055,deep,brown,dry,black,P433627,KORA Organics,52.0
5,1.0,0.75,4.0,0.6931471805599453,1.3862943611198906,light,hazel,combination,brown,P461177,KORA Organics,18.0
5,1.0,1.0,6.0,0.0,1.9459101490553132,lightMedium,brown,combination,brown,P461177,KORA Organics,18.0
5,1.0,0.800000012,5.0,0.6931471805599453,1.6094379124341003,fair,brown,dry,brown,P461177,KORA Organics,18.0
5,1.0,1.0,6.0,0.0,1.9459101490553132,light,blue,oily,blonde,P461177,KORA Organics,18.0
5,1.0,0.722891986,83.0,3.1780538303479458,4.110873864173311,mediumTan,blue,dry,brown,P461177,KORA Organics,18.0
1,0.0,1.0,6.0,0.0,1.9459101490553132,light,green,combination,brown,P428668,Wander Beauty,26.0
5,1.0,1.0,5.0,0.0,1.791759469228055,medium,brown,oily,black,P428668,Wander Beauty,26.0
2,0.0,0.800000012,5.0,0.6931471805599453,1.6094379124341003,fairLight,hazel,combination,auburn,P428668,Wander Beauty,26.0
1,0.0,0.653846025,26.0,2.302585092994046,2.8903717578961645,fair,blue,combination,brown,P428668,Wander Beauty,26.0
5,1.0,0.913793027,58.0,1.791759469228055,3.9889840465642745,fair,brown,normal,brown,P428668,Wander Beauty,26.0
1,0.0,0.545454979,11.0,1.791759469228055,1.9459101490553132,light,brown,dry,black,P426080,fresh,69.0
5,1.0,1.0,10.0,0.0,2.3978952727983707,fair,brown,combination,brown,P426080,fresh,69.0
5,1.0,0.375,8.0,1.791759469228055,1.3862943611198906,light,brown,combination,brown,P426080,fresh,69.0
5,1.0,0.90476203,21.0,1.0986122886681098,2.995732273553991,fair,green,dry,blonde,P426080,fresh,69.0
3,0.0,1.0,4.0,0.0,1.6094379124341003,medium,brown,dry,black,P501170,WASO,36.0
5,1.0,0.857142985,7.0,0.6931471805599453,1.9459101490553132,fairLight,hazel,normal,brown,P477985,Drunk Elephant,72.0
5,1.0,0.400000006,5.0,1.3862943611198906,1.0986122886681098,lightMedium,brown,oily,black,P477985,Drunk Elephant,72.0
5,1.0,1.0,10.0,0.0,2.3978952727983707,fair,brown,oily,brown,P394124,Josie Maran,38.0
5,1.0,0.909090996,11.0,0.6931471805599453,2.3978952727983707,fair,blue,combination,brown,P394124,Josie Maran,38.0
5,1.0,0.75,4.0,0.6931471805599453,1.3862943611198906,light,blue,dry,brown,P394124,Josie Maran,38.0
5,1.0,1.0,4.0,0.0,1.6094379124341003,light,blue,dry,brown,P394124,Josie Maran,38.0
5,1.0,0.975610018,41.0,0.6931471805599453,3.713572066704308,light,blue,dry,brown,P394124,Josie Maran,38.0
1,0.0,0.875,8.0,0.6931471805599453,2.0794415416798357,deep,brown,dry,brown,P467248,Fenty Skin,34.0
1,0.0,0.4375,16.0,2.302585092994046,2.0794415416798357,medium,brown,combination,brown,P467248,Fenty Skin,34.0
5,1.0,0.833333015,6.0,0.6931471805599453,1.791759469228055,deep,brown,normal,brown,P467248,Fenty Skin,34.0
4,1.0,1.0,5.0,0.0,1.791759469228055,mediumTan,hazel,combination,brown,P467248,Fenty Skin,34.0
1,0.0,0.600000024,10.0,1.6094379124341003,1.9459101490553132,light,brown,combination,red,P467248,Fenty Skin,34.0
5,1.0,0.833333015,6.0,0.6931471805599453,1.791759469228055,fair,hazel,combination,brown,P467248,Fenty Skin,34.0
5,1.0,1.0,9.0,0.0,2.302585092994046,medium,brown,oily,black,P467248,Fenty Skin,34.0
5,1.0,1.0,6.0,0.0,1.9459101490553132,fair,hazel,combination,blonde,P467248,Fenty Skin,34.0
4,1.0,1.0,4.0,0.0,1.6094379124341003,light,brown,normal,brown,P467248,Fenty Skin,34.0
3,1.0,1.0,7.0,0.0,2.0794415416798357,medium,brown,combination,brown,P467248,Fenty Skin,34.0
5,1.0,0.875,8.0,0.6931471805599453,2.0794415416798357,deep,brown,combination,black,P467248,Fenty Skin,34.0
4,1.0,0.823529005,17.0,1.3862943611198906,2.70805020110221,tan,brown,combination,brown,P467248,Fenty Skin,34.0
5,1.0,0.526315987,19.0,2.302585092994046,2.3978952727983707,medium,brown,dry,black,P467248,Fenty Skin,34.0
2,0.0,0.882353008,17.0,1.0986122886681098,2.772588722239781,deep,brown,oily,black,P467248,Fenty Skin,34.0
2,0.0,0.800000012,5.0,0.6931471805599453,1.6094379124341003,mediumTan,brown,normal,brown,P482074,Summer Fridays,44.0
5,1.0,0.857142985,7.0,0.6931471805599453,1.9459101490553132,tan,brown,dry,brown,P482074,Summer Fridays,44.0
5,1.0,0.923076987,13.0,0.6931471805599453,2.5649493574615367,light,green,dry,brown,P482074,Summer Fridays,44.0
4,1.0,1.0,4.0,0.0,1.6094379124341003,light,hazel,normal,blonde,P479645,Murad,79.0
5,1.0,0.923076987,13.0,0.6931471805599453,2.5649493574615367,light,blue,combination,brown,P479645,Murad,79.0
1,0.0,1.0,8.0,0.0,2.1972245773362196,fair,blue,combination,blonde,P481169,Tatcha,62.0
1,0.0,0.434783012,23.0,2.6390573296152584,2.3978952727983707,lightMedium,brown,combination,brown,P481169,Tatcha,62.0
4,1.0,1.0,4.0,0.0,1.6094379124341003,light,green,normal,blonde,P481169,Tatcha,62.0
2,0.0,0.75,4.0,0.6931471805599453,1.3862943611198906,light,brown,dry,brown,P481169,Tatcha,62.0
5,1.0,1.0,8.0,0.0,2.1972245773362196,fair,brown,oily,brown,P481169,Tatcha,62.0
2,0.0,0.888889015,18.0,1.0986122886681098,2.833213344056216,light,blue,dry,brown,P481169,Tatcha,62.0
4,1.0,0.78947401,19.0,1.6094379124341003,2.772588722239781,lightMedium,brown,dry,brown,P481169,Tatcha,62.0
4,1.0,0.958333015,24.0,0.6931471805599453,3.1780538303479458,fair,hazel,combination,blonde,P481169,Tatcha,62.0
4,1.0,0.333332986,6.0,1.6094379124341003,1.0986122886681098,light,brown,combination,brown,P481169,Tatcha,62.0
5,1.0,0.833333015,6.0,0.6931471805599453,1.791759469228055,fair,blue,dry,brown,P481169,Tatcha,62.0
5,1.0,1.0,4.0,0.0,1.6094379124341003,lightMedium,brown,combination,brown,P391799,fresh,96.0
5,1.0,1.0,7.0,0.0,2.0794415416798357,mediumTan,brown,combination,brown,P391799,fresh,96.0
5,1.0,1.0,11.0,0.0,2.4849066497880004,fair,green,dry,blonde,P391799,fresh,96.0
5,1.0,1.0,6.0,0.0,1.9459101490553132,lightMedium,brown,combination,blonde,P391799,fresh,96.0
4,1.0,0.839999974,25.0,1.6094379124341003,3.091042453358316,lightMedium,brown,combination,blonde,P391799,fresh,96.0
2,1.0,0.0,6.0,1.9459101490553132,0.0,lightMedium,brown,combination,blonde,P391799,fresh,96.0
2,1.0,0.916666985,12.0,0.6931471805599453,2.4849066497880004,lightMedium,brown,combination,blonde,P391799,fresh,96.0
5,1.0,0.714286029,7.0,1.0986122886681098,1.791759469228055,fair,blue,dry,blonde,P466661,Farmacy,28.0
5,1.0,1.0,9.0,0.0,2.302585092994046,fair,hazel,dry,brown,P466661,Farmacy,28.0
3,0.0,1.0,4.0,0.0,1.6094379124341003,fair,blue,combination,blonde,P466661,Farmacy,28.0
4,1.0,0.666666985,6.0,1.0986122886681098,1.6094379124341003,light,brown,combination,black,P466661,Farmacy,28.0
5,1.0,0.75,4.0,0.6931471805599453,1.3862943611198906,fair,blue,combination,blonde,P457521,Dr. Jart+,40.0
5,1.0,1.0,4.0,0.0,1.6094379124341003,fair,blue,oily,brown,P457521,Dr. Jart+,40.0
2,0.0,0.142857,7.0,1.9459101490553132,0.6931471805599453,light,brown,combination,brown,P457521,Dr. Jart+,40.0
5,1.0,0.909090996,11.0,0.6931471805599453,2.3978952727983707,fair,hazel,combination,blonde,P457521,Dr. Jart+,40.0
1,0.0,0.875,8.0,0.6931471805599453,2.0794415416798357,fair,green,normal,blonde,P467137,Peter Thomas Roth,72.0
2,0.0,0.5,4.0,1.0986122886681098,1.0986122886681098,light,green,dry,blonde,P467137,Peter Thomas Roth,72.0
5,1.0,1.0,7.0,0.0,2.0794415416798357,light,brown,dry,brown,P414737,tarte,25.0
1,0.0,1.0,18.0,0.0,2.9444389791664403,mediumTan,brown,combination,brown,P414737,tarte,25.0
5,1.0,1.0,8.0,0.0,2.1972245773362196,lightMedium,brown,dry,brown,P414737,tarte,25.0
5,1.0,0.746032,63.0,2.833213344056216,3.871201010907891,light,hazel,combination,brown,P414737,tarte,25.0
5,1.0,0.75,4.0,0.6931471805599453,1.3862943611198906,lightMedium,brown,combination,brown,P414737,tarte,25.0
1,1.0,0.771429002,35.0,2.1972245773362196,3.332204510175204,lightMedium,brown,combination,brown,P414737,tarte,25.0
5,1.0,0.871794999,39.0,1.791759469228055,3.5553480614894135,lightMedium,brown,combination,brown,P414737,tarte,25.0
5,1.0,0.5,6.0,1.3862943611198906,1.3862943611198906,lightMedium,brown,normal,brown,P414737,tarte,25.0
5,1.0,0.649351001,113.72000000000116,4.406719247264253,5.017279836814924,lightMedium,brown,combination,brown,P414737,tarte,25.0
3,0.0,0.625,8.0,1.3862943611198906,1.791759469228055,light,brown,dry,black,P502966,MERIT,38.0
5,1.0,0.875,16.0,1.0986122886681098,2.70805020110221,fair,brown,combination,black,P502966,MERIT,38.0
4,1.0,1.0,4.0,0.0,1.6094379124341003,medium,brown,combination,black,P502966,MERIT,38.0
4,1.0,0.0,11.0,2.4849066497880004,0.0,lightMedium,brown,oily,brown,P196542,CLINIQUE,30.0
3,1.0,0.785713971,14.0,1.3862943611198906,2.4849066497880004,light,brown,dry,brown,P196542,CLINIQUE,30.0
5,1.0,1.0,4.0,0.0,1.6094379124341003,light,brown,combination,brown,P196542,CLINIQUE,30.0
5,1.0,1.0,5.0,0.0,1.791759469228055,light,brown,dry,black,P437981,Herbivore,50.0
5,1.0,0.75,4.0,0.6931471805599453,1.3862943611198906,light,blue,combination,brown,P437981,Herbivore,50.0
5,1.0,1.0,22.0,0.0,3.1354942159291497,fair,brown,combination,brown,P437981,Herbivore,50.0
5,1.0,0.75,8.0,1.0986122886681098,1.9459101490553132,light,hazel,combination,blonde,P437981,Herbivore,50.0
3,1.0,1.0,5.0,0.0,1.791759469228055,medium,brown,oily,brown,P437981,Herbivore,50.0
5,1.0,0.909090996,11.0,0.6931471805599453,2.3978952727983707,lightMedium,hazel,normal,blonde,P437981,Herbivore,50.0
5,1.0,1.0,7.0,0.0,2.0794415416798357,fair,green,combination,blonde,P437981,Herbivore,50.0
1,0.0,0.5,12.0,1.9459101490553132,1.9459101490553132,fair,hazel,dry,brown,P416564,Biossance,34.0
5,1.0,0.333332986,6.0,1.6094379124341003,1.0986122886681098,fair,green,combination,brown,P416564,Biossance,34.0
3,0.0,0.25,16.0,2.5649493574615367,1.6094379124341003,light,hazel,dry,brown,P416564,Biossance,34.0
5,1.0,1.0,97.0,0.0,4.584967478670572,mediumTan,green,oily,brown,P416564,Biossance,34.0
2,0.0,0.857142985,7.0,0.6931471805599453,1.9459101490553132,fairLight,brown,dry,brown,P416564,Biossance,34.0
5,1.0,1.0,28.0,0.0,3.367295829986474,deep,brown,combination,black,P416564,Biossance,34.0
5,1.0,0.98913002,92.0,0.6931471805599453,4.5217885770490405,fairLight,green,combination,blonde,P416564,Biossance,34.0
4,1.0,1.0,15.0,0.0,2.772588722239781,lightMedium,brown,combination,black,P416564,Biossance,34.0
5,1.0,0.992125988,113.72000000000116,1.0986122886681098,5.53338948872752,fair,blue,combination,brown,P416564,Biossance,34.0
3,0.0,0.75,4.0,0.6931471805599453,1.3862943611198906,lightMedium,brown,combination,brown,P416564,Biossance,34.0
5,1.0,0.9375,16.0,0.6931471805599453,2.772588722239781,fair,brown,combination,brown,P416564,Biossance,34.0
5,1.0,0.997877002,113.72000000000116,0.6931471805599453,6.154858094016418,fair,brown,combination,brown,P416564,Biossance,34.0
1,0.0,0.714286029,7.0,1.0986122886681098,1.791759469228055,lightMedium,brown,combination,brown,P457512,REN Clean Skincare,55.0
5,1.0,0.888889015,9.0,0.6931471805599453,2.1972245773362196,tan,brown,oily,black,P457512,REN Clean Skincare,55.0
1,0.0,0.5,8.0,1.6094379124341003,1.6094379124341003,light,brown,combination,brown,P271682,Peter Thomas Roth,49.0
2,0.0,0.95145601,103.0,1.791759469228055,4.59511985013459,rich,brown,oily,black,P271682,Peter Thomas Roth,49.0
1,1.0,0.93333298,15.0,0.6931471805599453,2.70805020110221,light,brown,combination,blonde,P271682,Peter Thomas Roth,49.0
5,1.0,0.952830017,106.0,1.791759469228055,4.624972813284271,light,brown,combination,blonde,P271682,Peter Thomas Roth,49.0
5,1.0,1.0,7.0,0.0,2.0794415416798357,light,brown,dry,blonde,P271682,Peter Thomas Roth,49.0
5,1.0,1.0,7.0,0.0,2.0794415416798357,light,brown,combination,blonde,P271682,Peter Thomas Roth,49.0
5,1.0,0.833333015,6.0,0.6931471805599453,1.791759469228055,fair,brown,combination,blonde,P271682,Peter Thomas Roth,49.0
5,1.0,0.600000024,5.0,1.0986122886681098,1.3862943611198906,lightMedium,brown,dry,blonde,P271682,Peter Thomas Roth,49.0
5,1.0,0.800000012,5.0,0.6931471805599453,1.6094379124341003,fair,brown,combination,blonde,P271682,Peter Thomas Roth,49.0
3,0.0,0.916666985,12.0,0.6931471805599453,2.4849066497880004,light,blue,combination,blonde,P429250,Dr. Jart+,48.0
5,1.0,1.0,5.0,0.0,1.791759469228055,fair,blue,combination,auburn,P429250,Dr. Jart+,48.0
4,1.0,1.0,4.0,0.0,1.6094379124341003,light,hazel,dry,black,P429250,Dr. Jart+,48.0
5,1.0,1.0,9.0,0.0,2.302585092994046,fair,blue,normal,blonde,P429250,Dr. Jart+,48.0
4,1.0,0.966666996,30.0,0.6931471805599453,3.4011973816621555,fair,green,dry,brown,P429250,Dr. Jart+,48.0
5,1.0,1.0,7.0,0.0,2.0794415416798357,light,hazel,combination,brown,P429250,Dr. Jart+,48.0
5,1.0,1.0,41.0,0.0,3.7376696182833684,light,brown,combination,brown,P429250,Dr. Jart+,48.0
1,0.0,0.93333298,30.0,1.0986122886681098,3.367295829986474,mediumTan,brown,combination,brown,P429250,Dr. Jart+,48.0
2,0.0,0.899999976,20.0,1.0986122886681098,2.9444389791664403,light,green,combination,blonde,P429250,Dr. Jart+,48.0
5,1.0,0.928570986,14.0,0.6931471805599453,2.6390573296152584,fairLight,blue,dry,brown,P429250,Dr. Jart+,48.0
4,1.0,0.888889015,9.0,0.6931471805599453,2.1972245773362196,light,brown,combination,brown,P429250,Dr. Jart+,48.0
2,0.0,0.428570986,7.0,1.6094379124341003,1.3862943611198906,light,brown,combination,brown,P479330,LANEIGE,32.0
1,0.0,0.818181992,11.0,1.0986122886681098,2.302585092994046,lightMedium,brown,oily,brown,P479330,LANEIGE,32.0
1,0.0,0.600000024,10.0,1.6094379124341003,1.9459101490553132,light,brown,combination,brown,P479330,LANEIGE,32.0
4,1.0,0.600000024,5.0,1.0986122886681098,1.3862943611198906,fair,green,combination,red,P479330,LANEIGE,32.0
5,1.0,0.666666985,15.0,1.791759469228055,2.3978952727983707,light,blue,combination,blonde,P424988,TAN-LUXE,50.0
1,0.0,0.777778029,9.0,1.0986122886681098,2.0794415416798357,lightMedium,hazel,dry,brown,P424988,TAN-LUXE,50.0
5,1.0,1.0,4.0,0.0,1.6094379124341003,lightMedium,brown,dry,brown,P424988,TAN-LUXE,50.0
4,1.0,0.289719999,113.72000000000116,5.030437921392435,4.143134726391533,light,hazel,dry,brown,P424988,TAN-LUXE,50.0
2,0.0,0.827585995,58.0,2.3978952727983707,3.8918202981106265,light,brown,combination,black,P424988,TAN-LUXE,50.0
2,0.0,0.86956501,46.0,1.9459101490553132,3.713572066704308,light,green,dry,brown,P424988,TAN-LUXE,50.0
4,1.0,1.0,5.0,0.0,1.791759469228055,medium,brown,combination,blonde,P424988,TAN-LUXE,50.0
5,1.0,0.833333015,6.0,0.6931471805599453,1.791759469228055,light,hazel,combination,blonde,P424988,TAN-LUXE,50.0
5,1.0,0.909090996,22.0,1.0986122886681098,3.044522437723423,lightMedium,hazel,combination,brown,P424988,TAN-LUXE,50.0
5,1.0,0.6875,16.0,1.791759469228055,2.4849066497880004,medium,hazel,combination,blonde,P424988,TAN-LUXE,50.0
5,1.0,1.0,7.0,0.0,2.0794415416798357,fair,brown,normal,brown,P454085,Dr. Jart+,30.0
1,0.0,0.6875,16.0,1.791759469228055,2.4849066497880004,fair,blue,oily,brown,P467123,JLo Beauty,55.0
5,1.0,0.571429014,7.0,1.3862943611198906,1.6094379124341003,fair,brown,normal,brown,P470243,Peter Thomas Roth,68.0
2,0.0,0.666666985,6.0,1.0986122886681098,1.6094379124341003,light,brown,combination,black,P455237,alpyn beauty,60.0
5,1.0,0.600000024,5.0,1.0986122886681098,1.3862943611198906,fair,blue,combination,blonde,P455237,alpyn beauty,60.0
1,0.0,0.222222,9.0,2.0794415416798357,1.0986122886681098,lightMedium,blue,combination,blonde,P455237,alpyn beauty,60.0
1,0.0,0.666666985,9.0,1.3862943611198906,1.9459101490553132,mediumTan,brown,combination,brown,P455237,alpyn beauty,60.0
1,0.0,0.342105001,38.0,3.258096538021482,2.6390573296152584,light,brown,dry,black,P455237,alpyn beauty,60.0
3,0.0,0.428570986,7.0,1.6094379124341003,1.3862943611198906,lightMedium,brown,normal,black,P471111,Wishful,39.0
3,1.0,0.875,24.0,1.3862943611198906,3.091042453358316,tan,brown,combination,brown,P377577,CLINIQUE,40.0
5,1.0,0.966102004,59.0,1.0986122886681098,4.060443010546419,light,brown,combination,brown,P377577,CLINIQUE,40.0
5,1.0,1.0,8.0,0.0,2.1972245773362196,light,brown,combination,brown,P377577,CLINIQUE,40.0
5,1.0,0.857142985,7.0,0.6931471805599453,1.9459101490553132,light,brown,combination,brown,P377577,CLINIQUE,40.0
5,1.0,1.0,9.0,0.0,2.302585092994046,tan,brown,combination,black,P442843,Skinfix,29.0
5,1.0,0.571429014,7.0,1.3862943611198906,1.6094379124341003,lightMedium,brown,dry,black,P442843,Skinfix,29.0
5,1.0,0.833333015,6.0,0.6931471805599453,1.791759469228055,light,blue,normal,brown,P442843,Skinfix,29.0
5,1.0,0.777778029,9.0,1.0986122886681098,2.0794415416798357,fairLight,green,normal,red,P442843,Skinfix,29.0
1,0.0,0.400000006,5.0,1.3862943611198906,1.0986122886681098,light,hazel,combination,brown,P442843,Skinfix,29.0
3,0.0,0.571429014,14.0,1.9459101490553132,2.1972245773362196,fairLight,hazel,normal,brown,P442843,Skinfix,29.0
5,1.0,1.0,15.0,0.0,2.772588722239781,fair,brown,combination,brown,P442843,Skinfix,29.0
1,0.0,0.416667014,24.0,2.70805020110221,2.3978952727983707,rich,brown,combination,black,P479362,Youth To The People,54.0
5,1.0,0.833333015,6.0,0.6931471805599453,1.791759469228055,medium,brown,oily,black,P479362,Youth To The People,54.0
3,0.0,0.93333298,15.0,0.6931471805599453,2.70805020110221,light,hazel,combination,brown,P479362,Youth To The People,54.0
5,1.0,0.5,4.0,1.0986122886681098,1.0986122886681098,tan,brown,dry,brown,P479362,Youth To The People,54.0
5,1.0,1.0,4.0,0.0,1.6094379124341003,fair,green,combination,red,P479362,Youth To The People,54.0
5,1.0,0.944444001,18.0,0.6931471805599453,2.8903717578961645,fairLight,blue,combination,red,P474939,Caudalie,30.0
3,1.0,0.875,8.0,0.6931471805599453,2.0794415416798357,fair,brown,oily,brunette,P474939,Caudalie,30.0
5,1.0,0.899999976,10.0,0.6931471805599453,2.302585092994046,light,blue,combination,brunette,P474939,Caudalie,30.0
5,1.0,1.0,5.0,0.0,1.791759469228055,deep,brown,oily,black,P196524,CLINIQUE,19.5
1,1.0,0.25,4.0,1.3862943611198906,0.6931471805599453,lightMedium,brown,combination,black,P196524,CLINIQUE,19.5
3,0.0,0.800000012,10.0,1.0986122886681098,2.1972245773362196,lightMedium,brown,oily,brown,P468684,KORA Organics,44.0
3,0.0,0.600000024,5.0,1.0986122886681098,1.3862943611198906,lightMedium,brown,combination,brown,P468684,KORA Organics,44.0
4,1.0,1.0,7.0,0.0,2.0794415416798357,fair,blue,dry,blonde,P504071,ILIA,46.0
5,1.0,0.0,4.0,1.6094379124341003,0.0,light,blue,combination,blonde,P504071,ILIA,46.0
1,0.0,0.875,8.0,0.6931471805599453,2.0794415416798357,mediumTan,brown,combination,black,P442589,SEPHORA COLLECTION,8.0
1,0.0,0.428570986,7.0,1.6094379124341003,1.3862943611198906,fair,blue,combination,brown,P442589,SEPHORA COLLECTION,8.0
3,0.0,0.785713971,14.0,1.3862943611198906,2.4849066497880004,fairLight,brown,dry,black,P442589,SEPHORA COLLECTION,8.0
5,1.0,0.763889015,72.0,2.8903717578961645,4.02535169073515,fairLight,brown,oily,blonde,P442589,SEPHORA COLLECTION,8.0
5,1.0,0.600000024,5.0,1.0986122886681098,1.3862943611198906,fair,blue,dry,brown,P470057,Supergoop!,38.0
1,0.0,1.0,7.0,0.0,2.0794415416798357,medium,blue,combination,brown,P470057,Supergoop!,38.0
5,1.0,1.0,12.0,0.0,2.5649493574615367,mediumTan,brown,combination,brown,P470057,Supergoop!,38.0
1,0.0,1.0,4.0,0.0,1.6094379124341003,fair,blue,combination,brown,P470057,Supergoop!,38.0
3,0.0,0.833333015,6.0,0.6931471805599453,1.791759469228055,fair,green,normal,blonde,P470057,Supergoop!,38.0
1,0.0,1.0,5.0,0.0,1.791759469228055,mediumTan,brown,combination,black,P470057,Supergoop!,38.0
3,1.0,0.714286029,7.0,1.0986122886681098,1.791759469228055,fair,brown,combination,brown,P470057,Supergoop!,38.0
5,1.0,0.800000012,5.0,0.6931471805599453,1.6094379124341003,light,brown,combination,black,P470057,Supergoop!,38.0
5,1.0,0.666666985,6.0,1.0986122886681098,1.6094379124341003,light,green,dry,brown,P503668,Skinfix,69.0
5,1.0,1.0,4.0,0.0,1.6094379124341003,fair,brown,dry,auburn,P503668,Skinfix,69.0
1,0.0,0.428570986,7.0,1.6094379124341003,1.3862943611198906,fair,brown,combination,brown,P482321,Supergoop!,22.0
3,1.0,0.916666985,12.0,0.6931471805599453,2.4849066497880004,fair,green,combination,red,P482321,Supergoop!,22.0
4,1.0,0.400000006,5.0,1.3862943611198906,1.0986122886681098,lightMedium,brown,combination,black,P482321,Supergoop!,22.0
4,1.0,1.0,9.0,0.0,2.302585092994046,tan,brown,combination,black,P482321,Supergoop!,22.0
1,0.0,0.666666985,21.0,2.0794415416798357,2.70805020110221,fair,green,combination,black,P500288,Farmacy,60.0
5,1.0,0.142857,7.0,1.9459101490553132,0.6931471805599453,lightMedium,brown,oily,black,P500288,Farmacy,60.0
5,1.0,0.833333015,6.0,0.6931471805599453,1.791759469228055,lightMedium,brown,combination,auburn,P442535,SEPHORA COLLECTION,15.0
5,1.0,1.0,12.0,0.0,2.5649493574615367,fair,brown,combination,brown,P442535,SEPHORA COLLECTION,15.0
5,1.0,0.800000012,5.0,0.6931471805599453,1.6094379124341003,fairLight,blue,normal,blonde,P442535,SEPHORA COLLECTION,15.0
4,1.0,0.75,4.0,0.6931471805599453,1.3862943611198906,light,hazel,combination,brown,P442535,SEPHORA COLLECTION,15.0
1,0.0,0.666666985,15.0,1.791759469228055,2.3978952727983707,light,blue,combination,blonde,P442535,SEPHORA COLLECTION,15.0
3,0.0,0.0,25.0,3.258096538021482,0.0,fair,hazel,combination,blonde,P500993,Nécessaire,25.0
2,0.0,0.625,8.0,1.3862943611198906,1.791759469228055,lightMedium,brown,combination,brown,P500993,Nécessaire,25.0
4,1.0,0.818181992,22.0,1.6094379124341003,2.9444389791664403,fairLight,brown,oily,brown,P392248,Drunk Elephant,28.0
1,0.0,1.0,4.0,0.0,1.6094379124341003,lightMedium,brown,combination,brown,P392248,Drunk Elephant,28.0
5,1.0,0.800000012,5.0,0.6931471805599453,1.6094379124341003,mediumTan,brown,combination,brown,P392248,Drunk Elephant,28.0
4,0.0,0.75,4.0,0.6931471805599453,1.3862943611198906,lightMedium,brown,combination,black,P467122,JLo Beauty,49.0
4,1.0,0.200000003,5.0,1.6094379124341003,0.6931471805599453,lightMedium,brown,combination,brown,P467122,JLo Beauty,49.0
4,1.0,1.0,4.0,0.0,1.6094379124341003,light,blue,combination,brown,P439057,IT Cosmetics,45.0
5,1.0,1.0,10.0,0.0,2.3978952727983707,light,brown,combination,brown,P268700,Murad,83.0
4,1.0,0.857142985,7.0,0.6931471805599453,1.9459101490553132,light,brown,dry,brown,P268700,Murad,83.0
5,1.0,1.0,6.0,0.0,1.9459101490553132,light,brown,dry,brown,P268700,Murad,83.0
5,1.0,1.0,10.0,0.0,2.3978952727983707,light,brown,dry,brown,P268700,Murad,83.0
5,1.0,0.75,4.0,0.6931471805599453,1.3862943611198906,light,brown,dry,brown,P268700,Murad,83.0
5,1.0,1.0,8.0,0.0,2.1972245773362196,light,brown,combination,brown,P268700,Murad,83.0
5,1.0,0.714286029,7.0,1.0986122886681098,1.791759469228055,light,brown,combination,brown,P453226,Supergoop!,40.0
2,0.0,0.571429014,7.0,1.3862943611198906,1.6094379124341003,fair,blue,dry,blonde,P453226,Supergoop!,40.0
1,0.0,1.0,4.0,0.0,1.6094379124341003,lightMedium,hazel,combination,brown,P453226,Supergoop!,40.0
3,0.0,1.0,4.0,0.0,1.6094379124341003,light,hazel,combination,brown,P453226,Supergoop!,40.0
1,0.0,0.466666996,15.0,2.1972245773362196,2.0794415416798357,lightMedium,brown,oily,black,P453226,Supergoop!,40.0
4,1.0,0.833333015,6.0,0.6931471805599453,1.791759469228055,fairLight,brown,combination,brown,P453226,Supergoop!,40.0
5,1.0,1.0,7.0,0.0,2.0794415416798357,fair,brown,normal,brown,P453226,Supergoop!,40.0
5,1.0,0.5,6.0,1.3862943611198906,1.3862943611198906,light,brown,combination,brown,P450262,The INKEY List,12.99
1,0.0,0.25,8.0,1.9459101490553132,1.0986122886681098,tan,brown,combination,black,P450262,The INKEY List,12.99
3,0.0,0.0,4.0,1.6094379124341003,0.0,mediumTan,brown,oily,brown,P450262,The INKEY List,12.99
2,0.0,0.666666985,9.0,1.3862943611198906,1.9459101490553132,fair,blue,dry,blonde,P450262,The INKEY List,12.99
5,1.0,1.0,9.0,0.0,2.302585092994046,lightMedium,brown,combination,black,P450262,The INKEY List,12.99
5,1.0,0.75,4.0,0.6931471805599453,1.3862943611198906,fair,green,oily,brown,P450262,The INKEY List,12.99
5,1.0,0.944444001,36.0,1.0986122886681098,3.5553480614894135,tan,brown,combination,black,P450262,The INKEY List,12.99
5,1.0,1.0,9.0,0.0,2.302585092994046,fairLight,blue,dry,brown,P450262,The INKEY List,12.99
5,1.0,0.839999974,25.0,1.6094379124341003,3.091042453358316,light,brown,combination,brown,P448719,Peter Thomas Roth,88.0
5,1.0,0.75,4.0,0.6931471805599453,1.3862943611198906,mediumTan,blue,combination,blonde,P448719,Peter Thomas Roth,88.0
5,1.0,1.0,8.0,0.0,2.1972245773362196,light,blue,combination,brown,P448719,Peter Thomas Roth,88.0
4,1.0,0.64102602,39.0,2.70805020110221,3.258096538021482,mediumTan,brown,combination,brown,P448719,Peter Thomas Roth,88.0
2,0.0,0.555555999,9.0,1.6094379124341003,1.791759469228055,lightMedium,blue,normal,blonde,P407448,St. Tropez,46.0
1,0.0,0.300000012,10.0,2.0794415416798357,1.3862943611198906,fair,hazel,oily,brown,P407448,St. Tropez,46.0
5,1.0,1.0,5.0,0.0,1.791759469228055,light,blue,combination,blonde,P407448,St. Tropez,46.0
5,1.0,1.0,10.0,0.0,2.3978952727983707,fair,hazel,oily,red,P407448,St. Tropez,46.0
4,1.0,0.857142985,7.0,0.6931471805599453,1.9459101490553132,light,blue,combination,blonde,P407448,St. Tropez,46.0
4,1.0,1.0,5.0,0.0,1.791759469228055,mediumTan,brown,dry,brown,P407448,St. Tropez,46.0
2,0.0,1.0,11.0,0.0,2.4849066497880004,fair,hazel,combination,blonde,P407448,St. Tropez,46.0
5,1.0,1.0,4.0,0.0,1.6094379124341003,light,brown,normal,blonde,P481366,CAY SKIN,34.0
1,0.0,0.666666985,9.0,1.3862943611198906,1.9459101490553132,lightMedium,brown,normal,brown,P481366,CAY SKIN,34.0
5,1.0,0.222222,9.0,2.0794415416798357,1.0986122886681098,medium,brown,oily,black,P481366,CAY SKIN,34.0
5,1.0,0.800000012,5.0,0.6931471805599453,1.6094379124341003,light,blue,normal,blonde,P441220,First Aid Beauty,36.0
2,0.0,0.189189002,37.0,3.4339872044851463,2.0794415416798357,light,green,oily,blonde,P441220,First Aid Beauty,36.0
5,1.0,0.833333015,6.0,0.6931471805599453,1.791759469228055,mediumTan,brown,combination,black,P441220,First Aid Beauty,36.0
5,1.0,0.857142985,7.0,0.6931471805599453,1.9459101490553132,fair,brown,combination,black,P441220,First Aid Beauty,36.0
4,1.0,1.0,6.0,0.0,1.9459101490553132,fair,blue,combination,blonde,P441220,First Aid Beauty,36.0
2,0.0,0.800000012,5.0,0.6931471805599453,1.6094379124341003,light,blue,combination,blonde,P468637,Caudalie,30.0
5,1.0,0.75,4.0,0.6931471805599453,1.3862943611198906,fair,green,combination,blonde,P468637,Caudalie,30.0
3,1.0,0.307691991,13.0,2.302585092994046,1.6094379124341003,lightMedium,brown,oily,black,P468637,Caudalie,30.0
4,1.0,1.0,5.0,0.0,1.791759469228055,fair,blue,normal,blonde,P468637,Caudalie,30.0
5,1.0,1.0,6.0,0.0,1.9459101490553132,fair,blue,combination,blonde,P468637,Caudalie,30.0
5,1.0,0.909090996,11.0,0.6931471805599453,2.3978952727983707,fair,blue,dry,blonde,P468637,Caudalie,30.0
5,1.0,0.75,4.0,0.6931471805599453,1.3862943611198906,fair,blue,normal,blonde,P468637,Caudalie,30.0
3,0.0,0.5,26.0,2.6390573296152584,2.6390573296152584,tan,brown,oily,auburn,P481340,Dr. Dennis Gross Skincare,39.0
5,1.0,1.0,6.0,0.0,1.9459101490553132,lightMedium,brown,oily,brown,P481340,Dr. Dennis Gross Skincare,39.0
5,1.0,1.0,4.0,0.0,1.6094379124341003,fairLight,blue,combination,blonde,P481340,Dr. Dennis Gross Skincare,39.0
2,0.0,1.0,4.0,0.0,1.6094379124341003,lightMedium,blue,combination,brown,P481340,Dr. Dennis Gross Skincare,39.0
1,0.0,0.25,16.0,2.5649493574615367,1.6094379124341003,fair,hazel,normal,black,P481340,Dr. Dennis Gross Skincare,39.0
5,1.0,0.899999976,10.0,0.6931471805599453,2.302585092994046,fairLight,brown,dry,brown,P481340,Dr. Dennis Gross Skincare,39.0
1,0.0,0.5,38.0,2.995732273553991,2.995732273553991,fair,brown,combination,brown,P481340,Dr. Dennis Gross Skincare,39.0
4,1.0,0.600000024,5.0,1.0986122886681098,1.3862943611198906,fair,brown,combination,brown,P481340,Dr. Dennis Gross Skincare,39.0
5,1.0,0.909090996,11.0,0.6931471805599453,2.3978952727983707,rich,brown,combination,brown,P462390,Peter Thomas Roth,58.0
5,1.0,1.0,4.0,0.0,1.6094379124341003,fair,hazel,combination,blonde,P462390,Peter Thomas Roth,58.0
1,0.0,0.666666985,6.0,1.0986122886681098,1.6094379124341003,fair,blue,combination,blonde,P469506,Paula's Choice,55.0
2,0.0,0.600000024,15.0,1.9459101490553132,2.302585092994046,fair,green,combination,blonde,P469506,Paula's Choice,55.0
5,1.0,1.0,11.0,0.0,2.4849066497880004,fair,blue,combination,red,P469506,Paula's Choice,55.0
5,1.0,1.0,12.0,0.0,2.5649493574615367,deep,brown,oily,black,P469506,Paula's Choice,55.0
4,1.0,0.461537987,13.0,2.0794415416798357,1.9459101490553132,light,brown,combination,brown,P469506,Paula's Choice,55.0
4,1.0,0.666666985,6.0,1.0986122886681098,1.6094379124341003,mediumTan,brown,oily,black,P375852,SK-II,145.0
5,1.0,0.833333015,6.0,0.6931471805599453,1.791759469228055,fairLight,blue,dry,blonde,P375852,SK-II,145.0
1,0.0,0.800000012,5.0,0.6931471805599453,1.6094379124341003,deep,brown,dry,brown,P375852,SK-II,145.0
5,1.0,0.969696999,66.0,1.0986122886681098,4.174387269895637,fair,blue,dry,black,P375852,SK-II,145.0
4,1.0,0.945945978,37.0,1.0986122886681098,3.58351893845611,fair,blue,dry,black,P375852,SK-II,145.0
5,1.0,0.967742026,31.0,0.6931471805599453,3.4339872044851463,fair,blue,dry,black,P375852,SK-II,145.0
5,1.0,0.666666985,6.0,1.0986122886681098,1.6094379124341003,fair,blue,dry,black,P375852,SK-II,145.0
5,1.0,0.942308009,52.0,1.3862943611198906,3.912023005428146,fair,blue,dry,black,P375852,SK-II,145.0
5,1.0,0.75,8.0,1.0986122886681098,1.9459101490553132,lightMedium,brown,combination,black,P479329,Kiehl's Since 1851,45.0
5,1.0,0.400000006,5.0,1.3862943611198906,1.0986122886681098,light,green,combination,blonde,P479329,Kiehl's Since 1851,45.0
1,0.0,0.625,8.0,1.3862943611198906,1.791759469228055,mediumTan,brown,combination,black,P479329,Kiehl's Since 1851,45.0
3,0.0,0.736841977,19.0,1.791759469228055,2.70805020110221,fair,brown,oily,brown,P466163,Wishful,47.0
5,1.0,0.833333015,6.0,0.6931471805599453,1.791759469228055,light,blue,dry,brown,P466163,Wishful,47.0
4,1.0,1.0,4.0,0.0,1.6094379124341003,mediumTan,brown,normal,brown,P464243,Dr. Zenovia Skincare,30.0
5,1.0,1.0,8.0,0.0,2.1972245773362196,fair,blue,combination,brown,P464243,Dr. Zenovia Skincare,30.0
5,1.0,0.916666985,12.0,0.6931471805599453,2.4849066497880004,lightMedium,brown,dry,brown,P473828,Dr. Jart+,40.0
4,1.0,1.0,4.0,0.0,1.6094379124341003,light,brown,combination,black,P429529,Dr. Jart+,7.0
4,1.0,1.0,4.0,0.0,1.6094379124341003,lightMedium,brown,combination,brown,P476415,Skinfix,35.0
5,1.0,1.0,7.0,0.0,2.0794415416798357,fair,blue,dry,brown,P476415,Skinfix,35.0
5,1.0,1.0,9.0,0.0,2.302585092994046,mediumTan,brown,oily,black,P442758,The Ordinary,7.5
3,1.0,0.5,16.0,2.1972245773362196,2.1972245773362196,light,brown,normal,brown,P442758,The Ordinary,7.5
5,1.0,0.800000012,5.0,0.6931471805599453,1.6094379124341003,medium,brown,combination,black,P442758,The Ordinary,7.5
5,1.0,0.973333001,75.0,1.0986122886681098,4.30406509320417,light,brown,combination,brown,P442758,The Ordinary,7.5
5,1.0,0.848484993,99.0,2.772588722239781,4.442651256490317,light,hazel,combination,blonde,P442758,The Ordinary,7.5
5,1.0,0.806451976,31.0,1.9459101490553132,3.258096538021482,fair,brown,oily,brown,P442758,The Ordinary,7.5
5,1.0,0.952381015,21.0,0.6931471805599453,3.044522437723423,light,green,normal,brown,P442758,The Ordinary,7.5
4,1.0,0.6875,16.0,1.791759469228055,2.4849066497880004,rich,brown,oily,black,P442758,The Ordinary,7.5
2,0.0,0.243901998,41.0,3.4657359027997265,2.3978952727983707,light,hazel,combination,brown,P442758,The Ordinary,7.5
5,1.0,0.722221971,18.0,1.791759469228055,2.6390573296152584,fair,brown,oily,brown,P442758,The Ordinary,7.5
5,1.0,0.915253997,59.0,1.791759469228055,4.007333185232471,fair,brown,normal,black,P442758,The Ordinary,7.5
5,1.0,0.899999976,10.0,0.6931471805599453,2.302585092994046,light,brown,combination,brown,P442758,The Ordinary,7.5
5,1.0,0.899999976,20.0,1.0986122886681098,2.9444389791664403,lightMedium,brown,dry,brown,P442758,The Ordinary,7.5
4,1.0,0.857142985,7.0,0.6931471805599453,1.9459101490553132,lightMedium,brown,combination,black,P442871,The INKEY List,12.99
3,0.0,1.0,8.0,0.0,2.1972245773362196,light,brown,normal,brown,P442871,The INKEY List,12.99
1,0.0,0.555555999,9.0,1.6094379124341003,1.791759469228055,fair,hazel,combination,brown,P442871,The INKEY List,12.99
5,1.0,1.0,7.0,0.0,2.0794415416798357,lightMedium,blue,combination,brown,P442871,The INKEY List,12.99
5,1.0,0.863636017,22.0,1.3862943611198906,2.995732273553991,light,brown,combination,black,P442871,The INKEY List,12.99
3,0.0,0.857142985,21.0,1.3862943611198906,2.9444389791664403,fairLight,blue,dry,blonde,P442871,The INKEY List,12.99
2,0.0,0.02,50.0,3.912023005428146,0.6931471805599453,light,green,normal,brown,P442871,The INKEY List,12.99
5,1.0,1.0,24.0,0.0,3.2188758248682006,deep,brown,combination,black,P442871,The INKEY List,12.99
5,1.0,0.800000012,65.0,2.6390573296152584,3.970291913552122,fair,blue,dry,red,P442871,The INKEY List,12.99
3,0.0,0.833333015,12.0,1.0986122886681098,2.3978952727983707,light,brown,dry,brown,P479632,Dr. Jart+,45.0
5,1.0,1.0,7.0,0.0,2.0794415416798357,light,brown,dry,black,P470507,Augustinus Bader,180.0
2,0.0,0.722221971,18.0,1.791759469228055,2.6390573296152584,tan,brown,normal,brown,P470507,Augustinus Bader,180.0
5,1.0,0.75,4.0,0.6931471805599453,1.3862943611198906,light,blue,combination,auburn,P470507,Augustinus Bader,180.0
2,0.0,1.0,6.0,0.0,1.9459101490553132,light,blue,combination,blonde,P501028,Drunk Elephant,60.0
5,1.0,0.636363983,11.0,1.6094379124341003,2.0794415416798357,light,hazel,combination,blonde,P501028,Drunk Elephant,60.0
5,1.0,1.0,6.0,0.0,1.9459101490553132,light,brown,combination,black,P423142,Dermalogica,74.0
4,1.0,0.571429014,7.0,1.3862943611198906,1.6094379124341003,light,blue,normal,brown,P402944,Slip,89.0
2,0.0,0.899999976,100.0,2.3978952727983707,4.51085950651685,light,blue,combination,brown,P402944,Slip,89.0
5,1.0,0.507691979,65.0,3.4965075614664802,3.5263605246161616,fair,brown,dry,black,P402944,Slip,89.0
1,0.0,1.0,31.0,0.0,3.4657359027997265,lightMedium,green,normal,brown,P402944,Slip,89.0
5,1.0,0.888889015,9.0,0.6931471805599453,2.1972245773362196,light,brown,oily,brunette,P402944,Slip,89.0
4,1.0,0.949999988,20.0,0.6931471805599453,2.995732273553991,fairLight,green,combination,blonde,P402944,Slip,89.0
1,0.0,0.797468007,79.0,2.833213344056216,4.1588830833596715,lightMedium,green,dry,blonde,P402944,Slip,89.0
3,1.0,0.868852019,61.0,2.1972245773362196,3.9889840465642745,light,blue,combination,brown,P402944,Slip,89.0
5,1.0,0.699999988,10.0,1.3862943611198906,2.0794415416798357,light,blue,combination,brown,P402944,Slip,89.0
4,1.0,1.0,5.0,0.0,1.791759469228055,medium,brown,combination,brown,P467247,Fenty Skin,28.0
2,0.0,0.1875,16.0,2.6390573296152584,1.3862943611198906,fairLight,hazel,normal,brown,P467247,Fenty Skin,28.0
5,1.0,1.0,4.0,0.0,1.6094379124341003,medium,blue,normal,blonde,P467247,Fenty Skin,28.0
4,1.0,1.0,4.0,0.0,1.6094379124341003,fair,hazel,normal,brown,P467247,Fenty Skin,28.0
5,1.0,1.0,6.0,0.0,1.9459101490553132,light,blue,normal,brown,P467247,Fenty Skin,28.0
5,1.0,1.0,8.0,0.0,2.1972245773362196,tan,brown,oily,auburn,P467247,Fenty Skin,28.0
5,1.0,1.0,7.0,0.0,2.0794415416798357,light,brown,normal,black,P467247,Fenty Skin,28.0
3,1.0,0.800000012,15.0,1.3862943611198906,2.5649493574615367,fair,green,combination,blonde,P474340,KORRES,50.0
1,0.0,0.571429014,7.0,1.3862943611198906,1.6094379124341003,fair,hazel,normal,blonde,P474340,KORRES,50.0
1,0.0,0.428570986,7.0,1.6094379124341003,1.3862943611198906,fair,hazel,normal,blonde,P503693,Drunk Elephant,68.0
4,1.0,0.600000024,5.0,1.0986122886681098,1.3862943611198906,fair,green,combination,blonde,P503693,Drunk Elephant,68.0
5,1.0,0.428570986,7.0,1.6094379124341003,1.3862943611198906,light,green,combination,black,P503693,Drunk Elephant,68.0
5,1.0,0.571429014,7.0,1.3862943611198906,1.6094379124341003,light,brown,combination,auburn,P438617,SEPHORA COLLECTION,18.0
5,1.0,1.0,5.0,0.0,1.791759469228055,lightMedium,brown,combination,blonde,P438617,SEPHORA COLLECTION,18.0
2,0.0,0.346154004,26.0,2.8903717578961645,2.302585092994046,lightMedium,blue,normal,black,P479348,Skinfix,30.0
1,0.0,0.722221971,18.0,1.791759469228055,2.6390573296152584,fair,brown,normal,black,P480613,La Mer,180.0
5,1.0,0.5,6.0,1.3862943611198906,1.3862943611198906,light,green,dry,brown,P482024,La Mer,125.0
3,1.0,0.666666985,9.0,1.3862943611198906,1.9459101490553132,fair,brown,combination,blonde,P500019,belif,38.0
5,1.0,1.0,6.0,0.0,1.9459101490553132,lightMedium,blue,combination,blonde,P438618,SEPHORA COLLECTION,12.0
5,1.0,0.800000012,5.0,0.6931471805599453,1.6094379124341003,fair,blue,dry,blonde,P438618,SEPHORA COLLECTION,12.0
5,1.0,0.0,4.0,1.6094379124341003,0.0,lightMedium,brown,oily,black,P438618,SEPHORA COLLECTION,12.0
1,0.0,0.5,18.0,2.302585092994046,2.302585092994046,light,blue,normal,blonde,P442837,Skinfix,50.0
4,1.0,0.823529005,17.0,1.3862943611198906,2.70805020110221,light,blue,combination,blonde,P442837,Skinfix,50.0
3,1.0,0.0,9.0,2.302585092994046,0.0,fair,blue,combination,blonde,P442837,Skinfix,50.0
1,0.0,0.9375,32.0,1.0986122886681098,3.4339872044851463,light,green,dry,blonde,P442837,Skinfix,50.0
5,1.0,0.863636017,22.0,1.3862943611198906,2.995732273553991,fairLight,brown,combination,black,P420158,fresh,48.0
2,0.0,0.888889015,18.0,1.0986122886681098,2.833213344056216,mediumTan,brown,combination,brown,P420158,fresh,48.0
5,1.0,0.93333298,15.0,0.6931471805599453,2.70805020110221,mediumTan,brown,combination,brown,P420158,fresh,48.0
5,1.0,0.714286029,7.0,1.0986122886681098,1.791759469228055,light,brown,normal,black,P501236,GUERLAIN,240.0
3,1.0,0.928570986,42.0,1.3862943611198906,3.6888794541139363,fair,green,combination,brown,P504007,Dr. Jart+,48.0
5,1.0,0.75,4.0,0.6931471805599453,1.3862943611198906,light,green,combination,brown,P442990,REN Clean Skincare,40.0
5,1.0,0.75,4.0,0.6931471805599453,1.3862943611198906,light,hazel,oily,brown,P442990,REN Clean Skincare,40.0
1,0.0,0.928570986,28.0,1.0986122886681098,3.295836866004329,tan,brown,combination,black,P442990,REN Clean Skincare,40.0
5,1.0,0.75,12.0,1.3862943611198906,2.302585092994046,mediumTan,brown,normal,brown,P460624,Dermalogica,39.5
1,0.0,0.863636017,22.0,1.3862943611198906,2.995732273553991,lightMedium,Grey,combination,brown,P377368,Kate Somerville,56.0
4,1.0,0.9375,16.0,0.6931471805599453,2.772588722239781,fair,brown,combination,black,P377368,Kate Somerville,56.0
5,1.0,0.25,4.0,1.3862943611198906,0.6931471805599453,fair,brown,combination,black,P377368,Kate Somerville,56.0
1,1.0,0.758620977,29.0,2.0794415416798357,3.1354942159291497,fair,brown,combination,black,P377368,Kate Somerville,56.0
4,1.0,0.928570986,14.0,0.6931471805599453,2.6390573296152584,fair,brown,combination,black,P377368,Kate Somerville,56.0
5,1.0,0.0,4.0,1.6094379124341003,0.0,fair,brown,combination,black,P377368,Kate Somerville,56.0
5,1.0,0.875,8.0,0.6931471805599453,2.0794415416798357,fair,brown,combination,black,P377368,Kate Somerville,56.0
5,1.0,0.545454979,11.0,1.791759469228055,1.9459101490553132,medium,brown,oily,brown,P426829,IT Cosmetics,29.0
5,1.0,0.766667008,60.0,2.70805020110221,3.8501476017100584,tan,brown,combination,black,P426829,IT Cosmetics,29.0
5,1.0,0.833333015,12.0,1.0986122886681098,2.3978952727983707,mediumTan,brown,combination,black,P426829,IT Cosmetics,29.0
4,1.0,1.0,6.0,0.0,1.9459101490553132,medium,brown,combination,brown,P481732,REN Clean Skincare,69.0
5,1.0,0.833333015,6.0,0.6931471805599453,1.791759469228055,light,brown,dry,black,P454837,IT Cosmetics,58.0
4,1.0,0.699999988,10.0,1.3862943611198906,2.0794415416798357,fair,blue,combination,red,P454837,IT Cosmetics,58.0
5,1.0,0.545454979,11.0,1.791759469228055,1.9459101490553132,light,blue,combination,black,P503891,innisfree,29.0
5,1.0,1.0,18.0,0.0,2.9444389791664403,fairLight,blue,combination,brown,P456192,Prima,68.0
5,1.0,1.0,14.0,0.0,2.70805020110221,rich,brown,combination,brown,P456192,Prima,68.0
5,1.0,0.92592603,27.0,1.0986122886681098,3.258096538021482,lightMedium,hazel,combination,brown,P435386,Glow Recipe,21.0
1,0.0,0.875,8.0,0.6931471805599453,2.0794415416798357,fair,green,oily,auburn,P435386,Glow Recipe,21.0
3,1.0,0.942857027,35.0,1.0986122886681098,3.5263605246161616,fairLight,green,normal,blonde,P435386,Glow Recipe,21.0
3,0.0,0.909090996,11.0,0.6931471805599453,2.3978952727983707,light,green,combination,blonde,P476876,KORA Organics,58.0
5,1.0,1.0,23.0,0.0,3.1780538303479458,light,brown,combination,brown,P476876,KORA Organics,58.0
2,0.0,1.0,5.0,0.0,1.791759469228055,light,hazel,combination,brown,P476876,KORA Organics,58.0
4,1.0,0.818181992,11.0,1.0986122886681098,2.302585092994046,fair,hazel,oily,brown,P282920,CLINIQUE,55.0
5,1.0,1.0,5.0,0.0,1.791759469228055,deep,hazel,oily,brown,P282920,CLINIQUE,55.0
1,1.0,0.5,4.0,1.0986122886681098,1.0986122886681098,lightMedium,hazel,oily,brown,P282920,CLINIQUE,55.0
4,1.0,0.25,4.0,1.3862943611198906,0.6931471805599453,mediumTan,brown,combination,brown,P469503,Paula's Choice,13.0
5,1.0,0.75,4.0,0.6931471805599453,1.3862943611198906,lightMedium,blue,combination,auburn,P469503,Paula's Choice,13.0
1,0.0,0.722221971,18.0,1.791759469228055,2.6390573296152584,fair,brown,normal,brown,P469503,Paula's Choice,13.0
5,1.0,0.666666985,6.0,1.0986122886681098,1.6094379124341003,lightMedium,brown,combination,auburn,P469503,Paula's Choice,13.0
5,1.0,1.0,4.0,0.0,1.6094379124341003,light,green,combination,brown,P450633,Sulwhasoo,40.0
4,1.0,0.888889015,9.0,0.6931471805599453,2.1972245773362196,light,blue,normal,blonde,P450633,Sulwhasoo,40.0
1,0.0,0.888889015,9.0,0.6931471805599453,2.1972245773362196,mediumTan,brown,combination,brown,P450633,Sulwhasoo,40.0
5,1.0,1.0,9.0,0.0,2.302585092994046,fair,blue,combination,brown,P450633,Sulwhasoo,40.0
5,1.0,0.5,6.0,1.3862943611198906,1.3862943611198906,light,blue,combination,blonde,P476730,Sulwhasoo,13.0
5,1.0,1.0,4.0,0.0,1.6094379124341003,tan,brown,combination,brown,P476730,Sulwhasoo,13.0
4,1.0,1.0,5.0,0.0,1.791759469228055,mediumTan,brown,combination,black,P476730,Sulwhasoo,13.0
2,0.0,0.899999976,10.0,0.6931471805599453,2.302585092994046,lightMedium,green,combination,brown,P476730,Sulwhasoo,13.0
5,1.0,0.9375,16.0,0.6931471805599453,2.772588722239781,light,brown,dry,brown,P476730,Sulwhasoo,13.0
3,0.0,0.899999976,10.0,0.6931471805599453,2.302585092994046,light,green,dry,auburn,P475182,TULA Skincare,34.0
3,0.0,0.800000012,5.0,0.6931471805599453,1.6094379124341003,mediumTan,brown,dry,brown,P475182,TULA Skincare,34.0
5,1.0,0.833333015,6.0,0.6931471805599453,1.791759469228055,tan,brown,dry,black,P475182,TULA Skincare,34.0
1,0.0,1.0,7.0,0.0,2.0794415416798357,fairLight,blue,dry,brown,P482757,TULA Skincare,12.0
5,1.0,0.857142985,7.0,0.6931471805599453,1.9459101490553132,fairLight,blue,combination,blonde,P469522,Paula's Choice,37.0
3,1.0,0.857142985,14.0,1.0986122886681098,2.5649493574615367,medium,brown,combination,red,P469522,Paula's Choice,37.0
3,0.0,1.0,9.0,0.0,2.302585092994046,medium,brown,combination,black,P469522,Paula's Choice,37.0
5,1.0,0.714286029,7.0,1.0986122886681098,1.791759469228055,fair,hazel,combination,brown,P469522,Paula's Choice,37.0
5,1.0,0.959999979,25.0,0.6931471805599453,3.2188758248682006,mediumTan,brown,oily,brown,P469522,Paula's Choice,37.0
5,1.0,0.600000024,5.0,1.0986122886681098,1.3862943611198906,fairLight,hazel,combination,blonde,P435800,Moon Juice,42.0
5,1.0,1.0,11.0,0.0,2.4849066497880004,fair,blue,combination,brown,P435800,Moon Juice,42.0
5,1.0,1.0,9.0,0.0,2.302585092994046,lightMedium,blue,combination,brown,P435800,Moon Juice,42.0
2,0.0,0.375,32.0,3.044522437723423,2.5649493574615367,light,green,oily,brown,P435800,Moon Juice,42.0
5,1.0,0.857142985,7.0,0.6931471805599453,1.9459101490553132,mediumTan,brown,oily,black,P435800,Moon Juice,42.0
5,1.0,1.0,5.0,0.0,1.791759469228055,fair,brown,combination,brown,P435800,Moon Juice,42.0
5,1.0,1.0,15.0,0.0,2.772588722239781,light,green,combination,brown,P435800,Moon Juice,42.0
5,1.0,1.0,6.0,0.0,1.9459101490553132,light,green,combination,red,P435800,Moon Juice,42.0
3,0.0,1.0,4.0,0.0,1.6094379124341003,fair,blue,combination,brown,P480285,Caudalie,85.0
4,1.0,0.833333015,6.0,0.6931471805599453,1.791759469228055,lightMedium,brown,combination,brown,P480285,Caudalie,85.0
1,0.0,0.800000012,5.0,0.6931471805599453,1.6094379124341003,lightMedium,green,combination,blonde,P270544,Bobbi Brown,58.0
3,1.0,0.5,4.0,1.0986122886681098,1.0986122886681098,lightMedium,blue,combination,blonde,P270544,Bobbi Brown,58.0
2,0.0,0.75,4.0,0.6931471805599453,1.3862943611198906,light,hazel,combination,brown,P434361,Origins,52.0
2,0.0,0.333332986,9.0,1.9459101490553132,1.3862943611198906,fair,blue,combination,auburn,P434361,Origins,52.0
5,1.0,0.833333015,6.0,0.6931471805599453,1.791759469228055,fair,brown,combination,brown,P434361,Origins,52.0
5,1.0,0.8125,16.0,1.3862943611198906,2.6390573296152584,mediumTan,hazel,combination,brown,P456206,St. Tropez,45.0
5,1.0,0.75,4.0,0.6931471805599453,1.3862943611198906,fair,blue,combination,blonde,P394826,HUM Nutrition,26.0
5,1.0,0.600000024,5.0,1.0986122886681098,1.3862943611198906,lightMedium,green,combination,brown,P394826,HUM Nutrition,26.0
5,1.0,0.962962985,27.0,0.6931471805599453,3.295836866004329,fairLight,Grey,oily,brown,P394826,HUM Nutrition,26.0
1,0.0,0.555555999,27.0,2.5649493574615367,2.772588722239781,lightMedium,hazel,combination,brown,P394826,HUM Nutrition,26.0
5,1.0,0.833333015,12.0,1.0986122886681098,2.3978952727983707,lightMedium,brown,combination,black,P394826,HUM Nutrition,26.0
5,1.0,0.857142985,14.0,1.0986122886681098,2.5649493574615367,lightMedium,brown,combination,brown,P394826,HUM Nutrition,26.0
5,1.0,0.75,4.0,0.6931471805599453,1.3862943611198906,lightMedium,brown,combination,brown,P394826,HUM Nutrition,26.0
5,1.0,1.0,4.0,0.0,1.6094379124341003,fair,brown,combination,brown,P392239,Rosebud Perfume Co.,7.0
4,1.0,0.699999988,10.0,1.3862943611198906,2.0794415416798357,fair,brown,combination,brown,P392239,Rosebud Perfume Co.,7.0
5,1.0,0.538461983,26.0,2.5649493574615367,2.70805020110221,lightMedium,brown,normal,black,P503052,HUM Nutrition,15.0
3,1.0,0.850000024,40.0,1.9459101490553132,3.5553480614894135,light,brown,combination,brown,P503052,HUM Nutrition,15.0
5,1.0,0.899999976,10.0,0.6931471805599453,2.302585092994046,light,brown,combination,blonde,P503052,HUM Nutrition,15.0
1,0.0,0.818181992,11.0,1.0986122886681098,2.302585092994046,mediumTan,brown,combination,brown,P503052,HUM Nutrition,15.0
5,1.0,0.941748023,113.72000000000116,2.5649493574615367,5.272999558563747,light,brown,combination,black,P503052,HUM Nutrition,15.0
5,1.0,0.952381015,21.0,0.6931471805599453,3.044522437723423,light,brown,combination,black,P503052,HUM Nutrition,15.0
5,1.0,1.0,6.0,0.0,1.9459101490553132,lightMedium,hazel,combination,brown,P432262,St. Tropez,33.0
5,1.0,1.0,6.0,0.0,1.9459101490553132,light,blue,combination,blonde,P432262,St. Tropez,33.0
5,1.0,0.75,4.0,0.6931471805599453,1.3862943611198906,light,brown,normal,brown,P432262,St. Tropez,33.0
5,1.0,0.899999976,10.0,0.6931471805599453,2.302585092994046,lightMedium,brown,oily,brown,P432262,St. Tropez,33.0
4,1.0,1.0,13.0,0.0,2.6390573296152584,light,hazel,combination,blonde,P432262,St. Tropez,33.0
2,0.0,1.0,6.0,0.0,1.9459101490553132,mediumTan,brown,normal,brown,P432262,St. Tropez,33.0
5,1.0,0.75,8.0,1.0986122886681098,1.9459101490553132,fair,green,combination,brown,P432262,St. Tropez,33.0
2,0.0,1.0,5.0,0.0,1.791759469228055,medium,brown,combination,brown,P440498,Mario Badescu,17.0
4,1.0,0.800000012,5.0,0.6931471805599453,1.6094379124341003,light,brown,oily,brown,P440498,Mario Badescu,17.0
5,1.0,0.857142985,7.0,0.6931471805599453,1.9459101490553132,lightMedium,brown,oily,brown,P440498,Mario Badescu,17.0
5,1.0,0.777778029,9.0,1.0986122886681098,2.0794415416798357,lightMedium,brown,combination,auburn,P440498,Mario Badescu,17.0
5,1.0,0.941175997,17.0,0.6931471805599453,2.833213344056216,fair,brown,combination,brown,P440498,Mario Badescu,17.0
5,1.0,0.714286029,7.0,1.0986122886681098,1.791759469228055,tan,brown,oily,black,P440498,Mario Badescu,17.0
5,1.0,0.961538017,26.0,0.6931471805599453,3.258096538021482,mediumTan,brown,dry,brown,P440498,Mario Badescu,17.0
1,0.0,0.75,16.0,1.6094379124341003,2.5649493574615367,fairLight,brown,combination,brown,P428816,KORA Organics,42.0
5,1.0,1.0,5.0,0.0,1.791759469228055,mediumTan,brown,dry,brown,P428816,KORA Organics,42.0
4,1.0,0.400000006,5.0,1.3862943611198906,1.0986122886681098,lightMedium,green,combination,black,P428816,KORA Organics,42.0
4,1.0,0.75,68.0,2.8903717578961645,3.9512437185814275,light,hazel,dry,brown,P428816,KORA Organics,42.0
5,1.0,0.78125,64.0,2.70805020110221,3.9318256327243257,fair,green,combination,blonde,P428816,KORA Organics,42.0
5,1.0,0.25,4.0,1.3862943611198906,0.6931471805599453,fair,green,combination,blonde,P475185,TULA Skincare,54.0
2,0.0,1.0,4.0,0.0,1.6094379124341003,light,brown,combination,brunette,P475203,TULA Skincare,26.0
2,0.0,0.857142985,7.0,0.6931471805599453,1.9459101490553132,medium,hazel,combination,black,P475203,TULA Skincare,26.0
2,0.0,0.928570986,14.0,0.6931471805599453,2.6390573296152584,lightMedium,brown,combination,brown,P462666,Clarins,90.0
5,1.0,0.800000012,5.0,0.6931471805599453,1.6094379124341003,fair,blue,normal,brown,P454387,Supergoop!,38.0
5,1.0,1.0,6.0,0.0,1.9459101490553132,lightMedium,brown,dry,brown,P454387,Supergoop!,38.0
4,1.0,0.720000029,25.0,2.0794415416798357,2.9444389791664403,mediumTan,brown,combination,black,P454387,Supergoop!,38.0
3,0.0,0.916666985,12.0,0.6931471805599453,2.4849066497880004,light,hazel,combination,blonde,P454387,Supergoop!,38.0
4,1.0,0.5,4.0,1.0986122886681098,1.0986122886681098,fair,brown,combination,black,P454387,Supergoop!,38.0
1,1.0,0.833333015,6.0,0.6931471805599453,1.791759469228055,fair,brown,combination,black,P454387,Supergoop!,38.0
5,1.0,0.75,4.0,0.6931471805599453,1.3862943611198906,fair,brown,combination,black,P454387,Supergoop!,38.0
3,1.0,0.952381015,21.0,0.6931471805599453,3.044522437723423,fair,brown,combination,black,P454387,Supergoop!,38.0
3,1.0,0.875,16.0,1.0986122886681098,2.70805020110221,fairLight,brown,oily,brown,P454388,Supergoop!,15.0
5,1.0,1.0,5.0,0.0,1.791759469228055,light,green,dry,black,P454388,Supergoop!,15.0
3,0.0,0.533333004,15.0,2.0794415416798357,2.1972245773362196,light,hazel,combination,brown,P454388,Supergoop!,15.0
5,1.0,1.0,4.0,0.0,1.6094379124341003,light,blue,dry,brown,P454388,Supergoop!,15.0
5,1.0,0.363635987,11.0,2.0794415416798357,1.6094379124341003,medium,brown,dry,black,P454388,Supergoop!,15.0
5,1.0,0.866666973,15.0,1.0986122886681098,2.6390573296152584,light,brown,combination,black,P454388,Supergoop!,15.0
4,1.0,1.0,5.0,0.0,1.791759469228055,light,brown,dry,black,P454388,Supergoop!,15.0
5,1.0,0.875,8.0,0.6931471805599453,2.0794415416798357,light,brown,combination,black,P454388,Supergoop!,15.0
5,1.0,1.0,16.0,0.0,2.833213344056216,light,brown,dry,black,P454388,Supergoop!,15.0
5,1.0,0.894737005,19.0,1.0986122886681098,2.8903717578961645,light,blue,dry,blonde,P427409,The Ordinary,8.3
5,1.0,1.0,6.0,0.0,1.9459101490553132,mediumTan,hazel,dry,brown,P427409,The Ordinary,8.3
3,1.0,0.947368026,19.0,0.6931471805599453,2.9444389791664403,light,blue,combination,blonde,P427409,The Ordinary,8.3
5,1.0,0.86956501,23.0,1.3862943611198906,3.044522437723423,light,hazel,combination,brown,P427409,The Ordinary,8.3
5,1.0,1.0,4.0,0.0,1.6094379124341003,light,blue,combination,auburn,P427409,The Ordinary,8.3
2,0.0,1.0,4.0,0.0,1.6094379124341003,light,green,oily,brown,P427409,The Ordinary,8.3
5,1.0,0.862069011,29.0,1.6094379124341003,3.258096538021482,mediumTan,brown,oily,brown,P427409,The Ordinary,8.3
4,1.0,1.0,9.0,0.0,2.302585092994046,lightMedium,green,combination,brown,P444980,Youth To The People,42.0
1,0.0,0.666666985,6.0,1.0986122886681098,1.6094379124341003,fairLight,brown,combination,black,P444980,Youth To The People,42.0
3,0.0,0.428570986,7.0,1.6094379124341003,1.3862943611198906,light,blue,normal,blonde,P444980,Youth To The People,42.0
5,1.0,1.0,7.0,0.0,2.0794415416798357,fair,green,combination,brown,P444980,Youth To The People,42.0
5,1.0,1.0,5.0,0.0,1.791759469228055,fairLight,green,combination,gray,P444980,Youth To The People,42.0
5,1.0,0.875,8.0,0.6931471805599453,2.0794415416798357,light,hazel,combination,brown,P444980,Youth To The People,42.0
4,1.0,1.0,4.0,0.0,1.6094379124341003,fair,hazel,combination,brown,P443829,Isle of Paradise,32.0
5,1.0,1.0,4.0,0.0,1.6094379124341003,light,green,dry,blonde,P443829,Isle of Paradise,32.0
1,0.0,1.0,14.0,0.0,2.70805020110221,lightMedium,brown,dry,brown,P443829,Isle of Paradise,32.0
4,1.0,0.857142985,7.0,0.6931471805599453,1.9459101490553132,fair,brown,normal,brown,P443829,Isle of Paradise,32.0
1,0.0,0.666666985,9.0,1.3862943611198906,1.9459101490553132,medium,brown,combination,brown,P443829,Isle of Paradise,32.0
5,1.0,0.800000012,5.0,0.6931471805599453,1.6094379124341003,fairLight,blue,combination,blonde,P443829,Isle of Paradise,32.0
4,1.0,0.875,8.0,0.6931471805599453,2.0794415416798357,light,blue,normal,brown,P443829,Isle of Paradise,32.0
5,1.0,1.0,8.0,0.0,2.1972245773362196,light,brown,combination,brown,P217932,Lancôme,34.0
5,1.0,1.0,5.0,0.0,1.791759469228055,fair,brown,combination,brown,P217932,Lancôme,34.0
2,1.0,0.600000024,5.0,1.0986122886681098,1.3862943611198906,light,brown,combination,brown,P217932,Lancôme,34.0
5,1.0,1.0,4.0,0.0,1.6094379124341003,light,brown,combination,brown,P217932,Lancôme,34.0
4,1.0,0.600000024,5.0,1.0986122886681098,1.3862943611198906,light,green,dry,red,P205614,Shiseido,65.0
5,1.0,0.75,4.0,0.6931471805599453,1.3862943611198906,light,brown,combination,brown,P205614,Shiseido,65.0
5,1.0,0.951613009,62.0,1.3862943611198906,4.0943445622221,light,brown,combination,brown,P205614,Shiseido,65.0
5,1.0,1.0,12.0,0.0,2.5649493574615367,lightMedium,brown,combination,black,P456994,First Aid Beauty,36.0
1,0.0,0.600000024,5.0,1.0986122886681098,1.3862943611198906,fair,brown,combination,brown,P456994,First Aid Beauty,36.0
5,1.0,0.428570986,7.0,1.6094379124341003,1.3862943611198906,medium,brown,combination,black,P456994,First Aid Beauty,36.0
5,1.0,1.0,7.0,0.0,2.0794415416798357,light,brown,combination,brown,P456994,First Aid Beauty,36.0
2,0.0,1.0,4.0,0.0,1.6094379124341003,lightMedium,blue,normal,blonde,P456994,First Aid Beauty,36.0
5,1.0,0.952381015,63.0,1.3862943611198906,4.110873864173311,lightMedium,brown,combination,black,P456994,First Aid Beauty,36.0
3,1.0,1.0,5.0,0.0,1.791759469228055,lightMedium,brown,dry,brown,P456994,First Aid Beauty,36.0
4,1.0,1.0,4.0,0.0,1.6094379124341003,lightMedium,hazel,combination,brown,P456994,First Aid Beauty,36.0
5,1.0,1.0,11.0,0.0,2.4849066497880004,lightMedium,brown,dry,black,P456994,First Aid Beauty,36.0
4,1.0,1.0,37.0,0.0,3.6375861597263857,fair,blue,normal,blonde,P456994,First Aid Beauty,36.0
5,1.0,0.800000012,5.0,0.6931471805599453,1.6094379124341003,lightMedium,green,combination,blonde,P412025,Peter Thomas Roth,55.0
3,0.0,0.923076987,13.0,0.6931471805599453,2.5649493574615367,lightMedium,brown,combination,brown,P412025,Peter Thomas Roth,55.0
3,1.0,1.0,4.0,0.0,1.6094379124341003,lightMedium,blue,combination,blonde,P412025,Peter Thomas Roth,55.0
4,1.0,1.0,5.0,0.0,1.791759469228055,fair,brown,oily,brown,P412025,Peter Thomas Roth,55.0
5,1.0,0.875,16.0,1.0986122886681098,2.70805020110221,lightMedium,blue,dry,brown,P412025,Peter Thomas Roth,55.0
5,1.0,0.857142985,14.0,1.0986122886681098,2.5649493574615367,lightMedium,brown,combination,blonde,P412025,Peter Thomas Roth,55.0
3,1.0,0.833333015,6.0,0.6931471805599453,1.791759469228055,lightMedium,brown,combination,blonde,P412025,Peter Thomas Roth,55.0
5,1.0,1.0,5.0,0.0,1.791759469228055,light,brown,oily,black,P9941,Murad,44.0
5,1.0,1.0,18.0,0.0,2.9444389791664403,mediumTan,brown,combination,black,P9941,Murad,44.0
5,1.0,1.0,4.0,0.0,1.6094379124341003,light,brown,combination,black,P9941,Murad,44.0
5,1.0,1.0,5.0,0.0,1.791759469228055,fair,brown,dry,black,P9941,Murad,44.0
2,0.0,0.444444001,18.0,2.3978952727983707,2.1972245773362196,deep,brown,combination,black,P482264,Fenty Skin,35.0
5,1.0,1.0,9.0,0.0,2.302585092994046,fairLight,brown,oily,black,P482264,Fenty Skin,35.0
5,1.0,0.916666985,12.0,0.6931471805599453,2.4849066497880004,fair,blue,oily,black,P423130,Dermalogica,65.0
4,1.0,1.0,7.0,0.0,2.0794415416798357,light,green,combination,brown,P423130,Dermalogica,65.0
3,0.0,0.666666985,6.0,1.0986122886681098,1.6094379124341003,lightMedium,blue,combination,red,P423130,Dermalogica,65.0
3,0.0,0.947368026,19.0,0.6931471805599453,2.9444389791664403,light,brown,combination,black,P427529,Kiehl's Since 1851,78.0
3,0.0,0.571429014,7.0,1.3862943611198906,1.6094379124341003,fair,green,normal,red,P427529,Kiehl's Since 1851,78.0
5,1.0,1.0,7.0,0.0,2.0794415416798357,fairLight,blue,dry,blonde,P427529,Kiehl's Since 1851,78.0
5,1.0,1.0,5.0,0.0,1.791759469228055,light,hazel,normal,brown,P427529,Kiehl's Since 1851,78.0
5,1.0,0.600000024,5.0,1.0986122886681098,1.3862943611198906,fair,hazel,combination,brown,P427529,Kiehl's Since 1851,78.0
1,0.0,0.75,4.0,0.6931471805599453,1.3862943611198906,lightMedium,brown,combination,brown,P427529,Kiehl's Since 1851,78.0
1,0.0,0.600000024,5.0,1.0986122886681098,1.3862943611198906,fair,blue,combination,brown,P427529,Kiehl's Since 1851,78.0
4,1.0,0.600000024,5.0,1.0986122886681098,1.3862943611198906,lightMedium,brown,combination,brown,P427529,Kiehl's Since 1851,78.0
3,0.0,0.555555999,9.0,1.6094379124341003,1.791759469228055,light,blue,combination,blonde,P446419,KORA Organics,73.0
1,0.0,0.086956501,23.0,3.091042453358316,1.0986122886681098,deep,brown,oily,black,P446419,KORA Organics,73.0
1,0.0,0.098039202,51.0,3.8501476017100584,1.791759469228055,fairLight,brown,combination,brown,P446419,KORA Organics,73.0
5,1.0,0.833333015,6.0,0.6931471805599453,1.791759469228055,fair,blue,normal,blonde,P471037,iNNBEAUTY PROJECT,30.0
3,0.0,0.125,8.0,2.0794415416798357,0.6931471805599453,light,hazel,combination,brown,P471037,iNNBEAUTY PROJECT,30.0
1,0.0,0.785713971,14.0,1.3862943611198906,2.4849066497880004,lightMedium,brown,dry,brown,P471037,iNNBEAUTY PROJECT,30.0
5,1.0,0.25,4.0,1.3862943611198906,0.6931471805599453,lightMedium,green,combination,blonde,P471037,iNNBEAUTY PROJECT,30.0
5,1.0,0.75,4.0,0.6931471805599453,1.3862943611198906,lightMedium,brown,normal,blonde,P471037,iNNBEAUTY PROJECT,30.0
5,1.0,0.083333299,48.0,3.8066624897703196,1.6094379124341003,light,brown,combination,brown,P471037,iNNBEAUTY PROJECT,30.0
5,1.0,0.272727013,22.0,2.833213344056216,1.9459101490553132,lightMedium,hazel,combination,brown,P471037,iNNBEAUTY PROJECT,30.0
5,1.0,0.076923102,13.0,2.5649493574615367,0.6931471805599453,fair,green,normal,blonde,P471037,iNNBEAUTY PROJECT,30.0
5,1.0,0.600000024,5.0,1.0986122886681098,1.3862943611198906,light,hazel,oily,brown,P392249,Drunk Elephant,28.0
5,1.0,1.0,6.0,0.0,1.9459101490553132,fair,hazel,combination,brown,P392249,Drunk Elephant,28.0
5,1.0,1.0,7.0,0.0,2.0794415416798357,light,green,combination,blonde,P392249,Drunk Elephant,28.0
5,1.0,0.75,4.0,0.6931471805599453,1.3862943611198906,light,brown,combination,brown,P392249,Drunk Elephant,28.0
5,1.0,0.888889015,9.0,0.6931471805599453,2.1972245773362196,light,brown,combination,brown,P392249,Drunk Elephant,28.0
5,1.0,1.0,19.0,0.0,2.995732273553991,fair,blue,combination,blonde,P456582,Dermalogica,48.0
1,0.0,0.590909004,22.0,2.302585092994046,2.6390573296152584,medium,brown,oily,black,P456582,Dermalogica,48.0
5,1.0,0.714286029,7.0,1.0986122886681098,1.791759469228055,tan,brown,dry,black,P460701,SEPHORA COLLECTION,5.5
4,1.0,0.899999976,10.0,0.6931471805599453,2.302585092994046,medium,brown,combination,brown,P460701,SEPHORA COLLECTION,5.5
5,1.0,1.0,28.0,0.0,3.367295829986474,lightMedium,brown,oily,blonde,P2043,Evian,14.0
1,0.0,0.666666985,15.0,1.791759469228055,2.3978952727983707,medium,brown,dry,black,P2043,Evian,14.0
3,1.0,0.75,12.0,1.3862943611198906,2.302585092994046,fair,brown,dry,brown,P2043,Evian,14.0
5,1.0,0.666666985,6.0,1.0986122886681098,1.6094379124341003,fair,brown,dry,brown,P2043,Evian,14.0
4,1.0,0.875,8.0,0.6931471805599453,2.0794415416798357,fair,brown,dry,brown,P2043,Evian,14.0
5,1.0,0.909090996,11.0,0.6931471805599453,2.3978952727983707,fair,brown,normal,brown,P2043,Evian,14.0
5,1.0,1.0,8.0,0.0,2.1972245773362196,lightMedium,hazel,combination,blonde,P442867,Kate Somerville,98.0
5,1.0,0.583333015,12.0,1.791759469228055,2.0794415416798357,light,hazel,combination,blonde,P442867,Kate Somerville,98.0
4,1.0,0.0,4.0,1.6094379124341003,0.0,fairLight,blue,dry,brown,P442867,Kate Somerville,98.0
4,1.0,0.25,4.0,1.3862943611198906,0.6931471805599453,lightMedium,brown,dry,brown,P442867,Kate Somerville,98.0
3,1.0,1.0,5.0,0.0,1.791759469228055,fair,brown,combination,brown,P374841,CLINIQUE,44.0
1,1.0,0.875,8.0,0.6931471805599453,2.0794415416798357,fair,brown,combination,brown,P374841,CLINIQUE,44.0
5,1.0,1.0,6.0,0.0,1.9459101490553132,fair,brown,normal,brown,P374841,CLINIQUE,44.0
4,1.0,1.0,4.0,0.0,1.6094379124341003,lightMedium,brown,oily,brown,P480192,Summer Fridays,42.0
2,0.0,0.75,4.0,0.6931471805599453,1.3862943611198906,mediumTan,brown,combination,black,P480192,Summer Fridays,42.0
2,0.0,1.0,6.0,0.0,1.9459101490553132,light,green,combination,blonde,P480192,Summer Fridays,42.0
5,1.0,0.714286029,7.0,1.0986122886681098,1.791759469228055,fair,blue,combination,brown,P480192,Summer Fridays,42.0
5,1.0,0.75,4.0,0.6931471805599453,1.3862943611198906,lightMedium,brown,combination,black,P456193,Prima,68.0
3,0.0,0.800000012,5.0,0.6931471805599453,1.6094379124341003,lightMedium,brown,oily,black,P482323,Supergoop!,34.0
1,0.0,0.692308009,13.0,1.6094379124341003,2.302585092994046,lightMedium,green,normal,brown,P482323,Supergoop!,34.0
4,1.0,0.833333015,6.0,0.6931471805599453,1.791759469228055,light,blue,dry,auburn,P500138,Youth To The People,68.0
5,1.0,0.25,4.0,1.3862943611198906,0.6931471805599453,light,blue,combination,auburn,P500138,Youth To The People,68.0
5,1.0,1.0,18.0,0.0,2.9444389791664403,fair,brown,normal,black,P463665,Wishful,63.0
5,1.0,1.0,11.0,0.0,2.4849066497880004,fairLight,hazel,dry,blonde,P463665,Wishful,63.0
4,1.0,1.0,10.0,0.0,2.3978952727983707,lightMedium,brown,normal,brown,P463665,Wishful,63.0
5,1.0,1.0,4.0,0.0,1.6094379124341003,fair,brown,combination,brown,P463665,Wishful,63.0
4,1.0,0.600000024,5.0,1.0986122886681098,1.3862943611198906,fair,brown,combination,brown,P463665,Wishful,63.0
5,1.0,0.818181992,11.0,1.0986122886681098,2.302585092994046,lightMedium,brown,normal,black,P463665,Wishful,63.0
1,0.0,0.200000003,5.0,1.6094379124341003,0.6931471805599453,lightMedium,hazel,combination,brown,P503692,Fenty Skin,22.0
1,0.0,1.0,4.0,0.0,1.6094379124341003,light,brown,combination,blonde,P503692,Fenty Skin,22.0
1,0.0,0.571429014,7.0,1.3862943611198906,1.6094379124341003,fairLight,blue,combination,blonde,P503692,Fenty Skin,22.0
5,1.0,1.0,6.0,0.0,1.9459101490553132,fairLight,blue,combination,blonde,P503692,Fenty Skin,22.0
5,1.0,0.888889015,9.0,0.6931471805599453,2.1972245773362196,light,green,combination,blonde,P503692,Fenty Skin,22.0
2,0.0,0.428570986,7.0,1.6094379124341003,1.3862943611198906,medium,brown,combination,black,P503692,Fenty Skin,22.0
1,0.0,0.545454979,11.0,1.791759469228055,1.9459101490553132,light,hazel,normal,blonde,P467976,Supergoop!,35.0
3,0.0,0.857142985,7.0,0.6931471805599453,1.9459101490553132,fair,brown,dry,brown,P467976,Supergoop!,35.0
1,0.0,0.519999981,25.0,2.5649493574615367,2.6390573296152584,light,brown,oily,brown,P467976,Supergoop!,35.0
5,1.0,1.0,4.0,0.0,1.6094379124341003,light,brown,combination,black,P467976,Supergoop!,35.0
4,1.0,0.5,4.0,1.0986122886681098,1.0986122886681098,medium,brown,dry,brown,P467976,Supergoop!,35.0
5,1.0,1.0,5.0,0.0,1.791759469228055,light,brown,combination,brown,P472469,iNNBEAUTY PROJECT,34.0
4,1.0,1.0,9.0,0.0,2.302585092994046,fair,brown,dry,brown,P472469,iNNBEAUTY PROJECT,34.0
5,1.0,0.888889015,9.0,0.6931471805599453,2.1972245773362196,light,brown,combination,blonde,P472469,iNNBEAUTY PROJECT,34.0
5,1.0,0.833333015,6.0,0.6931471805599453,1.791759469228055,light,blue,combination,blonde,P472469,iNNBEAUTY PROJECT,34.0
4,1.0,0.714286029,7.0,1.0986122886681098,1.791759469228055,light,blue,normal,blonde,P460856,SEPHORA COLLECTION,3.5
5,1.0,0.875,8.0,0.6931471805599453,2.0794415416798357,fair,blue,combination,black,P467971,REN Clean Skincare,51.0
3,0.0,0.571429014,7.0,1.3862943611198906,1.6094379124341003,fair,green,normal,brown,P467971,REN Clean Skincare,51.0
5,1.0,1.0,5.0,0.0,1.791759469228055,light,brown,dry,brown,P467971,REN Clean Skincare,51.0
3,1.0,1.0,4.0,0.0,1.6094379124341003,lightMedium,green,dry,brown,P467971,REN Clean Skincare,51.0
5,1.0,0.888889015,18.0,1.0986122886681098,2.833213344056216,lightMedium,brown,dry,black,P467971,REN Clean Skincare,51.0
2,0.0,0.75,8.0,1.0986122886681098,1.9459101490553132,lightMedium,brown,normal,black,P475190,TULA Skincare,32.0
5,1.0,1.0,6.0,0.0,1.9459101490553132,lightMedium,brown,oily,black,P454102,Peter Thomas Roth,88.0
5,1.0,0.555555999,9.0,1.6094379124341003,1.791759469228055,light,blue,combination,blonde,P454102,Peter Thomas Roth,88.0
2,0.0,0.875,8.0,0.6931471805599453,2.0794415416798357,medium,green,oily,blonde,P454102,Peter Thomas Roth,88.0
5,1.0,0.857142985,14.0,1.0986122886681098,2.5649493574615367,lightMedium,brown,combination,brown,P454102,Peter Thomas Roth,88.0
5,1.0,0.807691991,26.0,1.791759469228055,3.091042453358316,deep,brown,oily,brown,P454102,Peter Thomas Roth,88.0
4,1.0,0.800000012,10.0,1.0986122886681098,2.1972245773362196,lightMedium,hazel,combination,black,P454102,Peter Thomas Roth,88.0
5,1.0,0.941175997,68.0,1.6094379124341003,4.174387269895637,fair,blue,combination,blonde,P454102,Peter Thomas Roth,88.0
4,1.0,0.186441004,59.0,3.8918202981106265,2.4849066497880004,tan,brown,dry,brown,P454102,Peter Thomas Roth,88.0
5,1.0,0.5,16.0,2.1972245773362196,2.1972245773362196,tan,brown,dry,brown,P454102,Peter Thomas Roth,88.0
5,1.0,1.0,4.0,0.0,1.6094379124341003,fairLight,hazel,combination,black,P454102,Peter Thomas Roth,88.0
3,0.0,1.0,5.0,0.0,1.791759469228055,deep,brown,oily,brown,P480461,Murad,42.0
5,1.0,1.0,4.0,0.0,1.6094379124341003,light,green,combination,brown,P480461,Murad,42.0
4,1.0,1.0,5.0,0.0,1.791759469228055,light,brown,combination,black,P504045,Supergoop!,46.0
5,1.0,0.75,4.0,0.6931471805599453,1.3862943611198906,light,blue,combination,blonde,P475951,innisfree,30.0
5,1.0,1.0,4.0,0.0,1.6094379124341003,lightMedium,brown,oily,black,P475951,innisfree,30.0
2,0.0,0.818181992,11.0,1.0986122886681098,2.302585092994046,lightMedium,brown,combination,black,P415773,CLINIQUE,23.0
4,1.0,1.0,4.0,0.0,1.6094379124341003,mediumTan,brown,combination,brown,P472052,Peace Out,28.0
5,1.0,1.0,5.0,0.0,1.791759469228055,light,green,oily,red,P472052,Peace Out,28.0
1,0.0,0.800000012,10.0,1.0986122886681098,2.1972245773362196,tan,brown,combination,black,P472052,Peace Out,28.0
2,0.0,0.666666985,12.0,1.6094379124341003,2.1972245773362196,mediumTan,brown,combination,brown,P472052,Peace Out,28.0
4,1.0,0.833333015,6.0,0.6931471805599453,1.791759469228055,mediumTan,brown,combination,brown,P467120,JLo Beauty,39.0
2,0.0,0.800000012,10.0,1.0986122886681098,2.1972245773362196,lightMedium,brown,combination,brown,P467120,JLo Beauty,39.0
5,1.0,0.0512821,39.0,3.6375861597263857,1.0986122886681098,lightMedium,brown,combination,brown,P467120,JLo Beauty,39.0
5,1.0,0.93333298,15.0,0.6931471805599453,2.70805020110221,fairLight,green,combination,black,P453928,Murad,89.0
5,1.0,1.0,13.0,0.0,2.6390573296152584,tan,brown,combination,brunette,P453928,Murad,89.0
5,1.0,0.800000012,5.0,0.6931471805599453,1.6094379124341003,mediumTan,hazel,combination,brown,P453928,Murad,89.0
2,0.0,0.466666996,30.0,2.833213344056216,2.70805020110221,lightMedium,brown,combination,black,P470227,Murad,85.0
4,1.0,0.714286029,7.0,1.0986122886681098,1.791759469228055,fair,blue,dry,brown,P415202,Kate Somerville,98.0
5,1.0,0.699999988,10.0,1.3862943611198906,2.0794415416798357,fair,green,combination,brown,P415202,Kate Somerville,98.0
4,1.0,0.833333015,6.0,0.6931471805599453,1.791759469228055,fair,hazel,dry,brown,P415202,Kate Somerville,98.0
2,0.0,0.833333015,12.0,1.0986122886681098,2.3978952727983707,fair,brown,combination,brown,P415202,Kate Somerville,98.0
1,1.0,0.875,8.0,0.6931471805599453,2.0794415416798357,fair,hazel,combination,brown,P415202,Kate Somerville,98.0
5,1.0,0.947368026,57.0,1.3862943611198906,4.007333185232471,fair,hazel,combination,brown,P415202,Kate Somerville,98.0
5,1.0,0.857142985,7.0,0.6931471805599453,1.9459101490553132,fair,hazel,combination,brown,P415202,Kate Somerville,98.0
4,1.0,0.800000012,5.0,0.6931471805599453,1.6094379124341003,fair,blue,oily,red,P482681,IT Cosmetics,42.0
3,1.0,0.71875,32.0,2.302585092994046,3.1780538303479458,fairLight,Grey,combination,blonde,P173652,Shiseido,85.0
5,1.0,1.0,8.0,0.0,2.1972245773362196,light,Grey,dry,black,P173652,Shiseido,85.0
5,1.0,0.875,8.0,0.6931471805599453,2.0794415416798357,light,Grey,combination,black,P173652,Shiseido,85.0
5,1.0,0.944444001,18.0,0.6931471805599453,2.8903717578961645,light,Grey,dry,black,P173652,Shiseido,85.0
4,1.0,1.0,11.0,0.0,2.4849066497880004,light,Grey,dry,black,P173652,Shiseido,85.0
5,1.0,1.0,4.0,0.0,1.6094379124341003,light,Grey,combination,black,P173652,Shiseido,85.0
4,1.0,0.833333015,6.0,0.6931471805599453,1.791759469228055,light,brown,normal,brown,P447596,The Ordinary,7.5
5,1.0,1.0,8.0,0.0,2.1972245773362196,light,blue,normal,blonde,P447596,The Ordinary,7.5
1,0.0,0.5,10.0,1.791759469228055,1.791759469228055,light,blue,oily,blonde,P447596,The Ordinary,7.5
1,0.0,0.428570986,14.0,2.1972245773362196,1.9459101490553132,light,green,combination,brown,P447596,The Ordinary,7.5
5,1.0,0.931034982,29.0,1.0986122886681098,3.332204510175204,mediumTan,brown,combination,black,P447596,The Ordinary,7.5
5,1.0,0.875,8.0,0.6931471805599453,2.0794415416798357,medium,brown,oily,brown,P447596,The Ordinary,7.5
3,1.0,0.064516097,62.0,4.07753744390572,1.6094379124341003,light,blue,normal,brown,P447596,The Ordinary,7.5
4,1.0,0.285714,7.0,1.791759469228055,1.0986122886681098,mediumTan,hazel,normal,black,P447596,The Ordinary,7.5
5,1.0,0.75,8.0,1.0986122886681098,1.9459101490553132,lightMedium,brown,combination,brown,P474822,Dermalogica,37.0
1,0.0,0.444444001,9.0,1.791759469228055,1.6094379124341003,light,brown,combination,brunette,P444970,Murad,79.0
4,1.0,0.899999976,10.0,0.6931471805599453,2.302585092994046,light,blue,combination,blonde,P444970,Murad,79.0
5,1.0,0.684211016,19.0,1.9459101490553132,2.6390573296152584,tan,brown,normal,black,P444222,Saint Jane Beauty,125.0
5,1.0,1.0,8.0,0.0,2.1972245773362196,mediumTan,brown,combination,brown,P444222,Saint Jane Beauty,125.0
5,1.0,1.0,6.0,0.0,1.9459101490553132,light,blue,combination,blonde,P444222,Saint Jane Beauty,125.0
2,0.0,0.5,8.0,1.6094379124341003,1.6094379124341003,deep,brown,combination,black,P444222,Saint Jane Beauty,125.0
5,1.0,0.800000012,5.0,0.6931471805599453,1.6094379124341003,mediumTan,hazel,dry,brown,P444222,Saint Jane Beauty,125.0
5,1.0,1.0,7.0,0.0,2.0794415416798357,lightMedium,hazel,dry,blonde,P444222,Saint Jane Beauty,125.0
5,1.0,0.888889015,9.0,0.6931471805599453,2.1972245773362196,light,green,oily,blonde,P444222,Saint Jane Beauty,125.0
5,1.0,0.666666985,9.0,1.3862943611198906,1.9459101490553132,light,brown,combination,brown,P444222,Saint Jane Beauty,125.0
1,0.0,0.666666985,9.0,1.3862943611198906,1.9459101490553132,lightMedium,brown,combination,black,P446909,Supergoop!,44.0
4,1.0,1.0,19.0,0.0,2.995732273553991,mediumTan,brown,oily,black,P446909,Supergoop!,44.0
3,0.0,0.666666985,9.0,1.3862943611198906,1.9459101490553132,fair,brown,combination,brown,P446909,Supergoop!,44.0
2,0.0,1.0,5.0,0.0,1.791759469228055,fair,blue,dry,brown,P446909,Supergoop!,44.0
4,1.0,0.5,4.0,1.0986122886681098,1.0986122886681098,lightMedium,blue,normal,blonde,P446909,Supergoop!,44.0
2,0.0,0.893616974,113.72000000000116,3.044522437723423,5.1298987149230735,fairLight,green,combination,brown,P446909,Supergoop!,44.0
5,1.0,0.75,8.0,1.0986122886681098,1.9459101490553132,light,blue,combination,blonde,P466114,Caudalie,84.0
5,1.0,1.0,17.0,0.0,2.8903717578961645,fairLight,blue,combination,red,P466114,Caudalie,84.0
5,1.0,0.800000012,5.0,0.6931471805599453,1.6094379124341003,fair,brown,combination,black,P466114,Caudalie,84.0
3,1.0,0.333332986,9.0,1.9459101490553132,1.3862943611198906,light,blue,combination,brown,P466114,Caudalie,84.0
5,1.0,0.545454979,11.0,1.791759469228055,1.9459101490553132,lightMedium,brown,combination,brown,P466114,Caudalie,84.0
1,0.0,0.777778029,9.0,1.0986122886681098,2.0794415416798357,light,hazel,normal,black,P482325,Supergoop!,34.0
1,0.0,0.837837994,37.0,1.9459101490553132,3.4657359027997265,light,brown,normal,brown,P456571,Murad,88.0
5,1.0,0.636363983,11.0,1.6094379124341003,2.0794415416798357,lightMedium,blue,dry,brown,P456571,Murad,88.0
5,1.0,0.925531983,94.0,2.0794415416798357,4.477336814478207,light,brown,combination,brown,P456571,Murad,88.0
5,1.0,1.0,7.0,0.0,2.0794415416798357,fair,green,combination,blonde,P456571,Murad,88.0
5,1.0,0.300000012,50.0,3.58351893845611,2.772588722239781,deep,brown,dry,black,P456571,Murad,88.0
5,1.0,1.0,11.0,0.0,2.4849066497880004,fair,green,dry,brown,P417980,Murad,69.0
5,1.0,0.800000012,5.0,0.6931471805599453,1.6094379124341003,fair,brown,dry,brown,P417980,Murad,69.0
5,1.0,0.916666985,24.0,1.0986122886681098,3.1354942159291497,fair,brown,dry,brown,P417980,Murad,69.0
2,0.0,0.75,4.0,0.6931471805599453,1.3862943611198906,fairLight,blue,combination,blonde,P417980,Murad,69.0
4,1.0,1.0,20.0,0.0,3.044522437723423,fair,blue,normal,blonde,P417980,Murad,69.0
4,1.0,0.823529005,102.0,2.9444389791664403,4.442651256490317,fair,brown,dry,brown,P417980,Murad,69.0
5,1.0,1.0,18.0,0.0,2.9444389791664403,fairLight,brown,combination,brown,P417980,Murad,69.0
5,1.0,0.637681007,69.0,3.258096538021482,3.8066624897703196,fair,brown,combination,brown,P417980,Murad,69.0
5,1.0,1.0,4.0,0.0,1.6094379124341003,light,brown,dry,brown,P500756,First Aid Beauty,50.0
5,1.0,0.25,4.0,1.3862943611198906,0.6931471805599453,medium,blue,combination,auburn,P475135,Murad,30.0
2,0.0,0.153845996,13.0,2.4849066497880004,1.0986122886681098,medium,green,combination,brown,P475135,Murad,30.0
5,1.0,0.833333015,6.0,0.6931471805599453,1.791759469228055,light,hazel,combination,blonde,P475135,Murad,30.0
5,1.0,1.0,14.0,0.0,2.70805020110221,fair,green,combination,blonde,P475135,Murad,30.0
5,1.0,1.0,4.0,0.0,1.6094379124341003,light,hazel,combination,blonde,P475135,Murad,30.0
1,0.0,0.631578982,19.0,2.0794415416798357,2.5649493574615367,fair,brown,combination,brown,P475135,Murad,30.0
5,1.0,0.75,8.0,1.0986122886681098,1.9459101490553132,fair,blue,combination,brown,P457695,Kate Somerville,76.0
4,1.0,1.0,4.0,0.0,1.6094379124341003,medium,brown,combination,brown,P457695,Kate Somerville,76.0
3,0.0,0.666666985,9.0,1.3862943611198906,1.9459101490553132,light,brown,dry,blonde,P465741,alpyn beauty,56.0
3,0.0,0.1875,16.0,2.6390573296152584,1.3862943611198906,lightMedium,brown,dry,brown,P465741,alpyn beauty,56.0
5,1.0,0.625,8.0,1.3862943611198906,1.791759469228055,light,blue,dry,brown,P465741,alpyn beauty,56.0
2,0.0,0.400000006,15.0,2.302585092994046,1.9459101490553132,fair,brown,combination,brown,P465741,alpyn beauty,56.0
5,1.0,0.875,8.0,0.6931471805599453,2.0794415416798357,mediumTan,hazel,oily,brown,P470065,Youth To The People,38.0
5,1.0,1.0,7.0,0.0,2.0794415416798357,lightMedium,brown,combination,brown,P470065,Youth To The People,38.0
4,1.0,1.0,4.0,0.0,1.6094379124341003,fair,blue,oily,blonde,P447778,The INKEY List,12.99
5,1.0,1.0,35.0,0.0,3.58351893845611,fair,brown,combination,brown,P447778,The INKEY List,12.99
5,1.0,0.705882013,17.0,1.791759469228055,2.5649493574615367,fairLight,brown,dry,brown,P447778,The INKEY List,12.99
3,1.0,0.777778029,9.0,1.0986122886681098,2.0794415416798357,lightMedium,brown,oily,brown,P447778,The INKEY List,12.99
4,1.0,0.75,4.0,0.6931471805599453,1.3862943611198906,fair,brown,combination,brown,P447778,The INKEY List,12.99
5,1.0,1.0,4.0,0.0,1.6094379124341003,lightMedium,brown,combination,brown,P447778,The INKEY List,12.99
4,1.0,1.0,6.0,0.0,1.9459101490553132,light,blue,dry,auburn,P469088,The INKEY List,11.99
5,1.0,0.800000012,10.0,1.0986122886681098,2.1972245773362196,deep,brown,normal,black,P469088,The INKEY List,11.99
5,1.0,1.0,5.0,0.0,1.791759469228055,light,brown,combination,blonde,P469088,The INKEY List,11.99
5,1.0,0.899999976,10.0,0.6931471805599453,2.302585092994046,light,brown,dry,blonde,P469088,The INKEY List,11.99
5,1.0,1.0,4.0,0.0,1.6094379124341003,light,brown,normal,auburn,P469088,The INKEY List,11.99
5,1.0,0.875,8.0,0.6931471805599453,2.0794415416798357,light,green,oily,auburn,P469088,The INKEY List,11.99
5,1.0,0.666666985,6.0,1.0986122886681098,1.6094379124341003,fair,hazel,normal,blonde,P478029,The INKEY List,5.99
4,1.0,1.0,10.0,0.0,2.3978952727983707,fair,blue,combination,blonde,P478029,The INKEY List,5.99
5,1.0,0.90476203,21.0,1.0986122886681098,2.995732273553991,tan,brown,normal,red,P478029,The INKEY List,5.99
4,1.0,0.545454979,11.0,1.791759469228055,1.9459101490553132,lightMedium,brown,oily,black,P478029,The INKEY List,5.99
5,1.0,1.0,4.0,0.0,1.6094379124341003,lightMedium,brown,combination,blonde,P478029,The INKEY List,5.99
5,1.0,0.857142985,7.0,0.6931471805599453,1.9459101490553132,lightMedium,hazel,combination,brown,P478029,The INKEY List,5.99
3,0.0,0.857142985,7.0,0.6931471805599453,1.9459101490553132,light,brown,normal,brown,P433456,Peter Thomas Roth,68.0
4,1.0,1.0,5.0,0.0,1.791759469228055,tan,brown,oily,black,P433456,Peter Thomas Roth,68.0
3,1.0,0.454544991,11.0,1.9459101490553132,1.791759469228055,fair,brown,combination,black,P503814,Dermalogica,92.0
3,0.0,0.25,16.0,2.5649493574615367,1.6094379124341003,fair,hazel,dry,blonde,P400204,Herbivore,88.0
5,1.0,1.0,9.0,0.0,2.302585092994046,fairLight,blue,combination,brown,P400204,Herbivore,88.0
5,1.0,1.0,17.0,0.0,2.8903717578961645,fairLight,hazel,oily,auburn,P400204,Herbivore,88.0
4,1.0,1.0,4.0,0.0,1.6094379124341003,light,Grey,dry,blonde,P400204,Herbivore,88.0
1,0.0,0.393442988,61.0,3.6375861597263857,3.2188758248682006,lightMedium,hazel,dry,brown,P400204,Herbivore,88.0
4,1.0,0.25,8.0,1.9459101490553132,1.0986122886681098,light,brown,combination,black,P400204,Herbivore,88.0
5,1.0,0.75,4.0,0.6931471805599453,1.3862943611198906,light,hazel,combination,black,P400204,Herbivore,88.0
5,1.0,0.818181992,11.0,1.0986122886681098,2.302585092994046,light,hazel,combination,black,P400204,Herbivore,88.0
1,0.0,1.0,5.0,0.0,1.791759469228055,fair,green,dry,auburn,P458917,Tata Harper,68.0
5,1.0,0.714286029,7.0,1.0986122886681098,1.791759469228055,light,brown,combination,brown,P458917,Tata Harper,68.0
4,1.0,1.0,12.0,0.0,2.5649493574615367,fair,blue,normal,blonde,P445833,Dermalogica,75.0
4,1.0,1.0,5.0,0.0,1.791759469228055,fair,blue,combination,auburn,P445833,Dermalogica,75.0
5,1.0,0.916666985,12.0,0.6931471805599453,2.4849066497880004,light,green,combination,blonde,P479903,Herbivore,60.0
5,1.0,0.777778029,9.0,1.0986122886681098,2.0794415416798357,fair,blue,combination,brown,P479903,Herbivore,60.0
4,1.0,1.0,12.0,0.0,2.5649493574615367,mediumTan,green,combination,brown,P479903,Herbivore,60.0
5,1.0,0.905404985,74.0,2.0794415416798357,4.219507705176107,mediumTan,green,dry,black,P479903,Herbivore,60.0
5,1.0,0.851351023,74.0,2.4849066497880004,4.1588830833596715,mediumTan,blue,combination,brown,P479903,Herbivore,60.0
5,1.0,0.800000012,10.0,1.0986122886681098,2.1972245773362196,mediumTan,blue,combination,brown,P479903,Herbivore,60.0
5,1.0,1.0,10.0,0.0,2.3978952727983707,fair,hazel,combination,brown,P407444,Herbivore,14.0
5,1.0,0.857142985,7.0,0.6931471805599453,1.9459101490553132,fair,brown,combination,brown,P407444,Herbivore,14.0
1,0.0,0.166666999,6.0,1.791759469228055,0.6931471805599453,lightMedium,brown,combination,brown,P407444,Herbivore,14.0
4,1.0,0.875,8.0,0.6931471805599453,2.0794415416798357,fair,brown,combination,brown,P407444,Herbivore,14.0
5,1.0,1.0,9.0,0.0,2.302585092994046,fair,brown,combination,brown,P407444,Herbivore,14.0
4,1.0,1.0,5.0,0.0,1.791759469228055,tan,brown,dry,black,P474075,Murad,44.0
4,1.0,1.0,17.0,0.0,2.8903717578961645,deep,brown,combination,black,P501288,Paula's Choice,39.0
5,1.0,0.888889015,9.0,0.6931471805599453,2.1972245773362196,mediumTan,brown,combination,brown,P483138,SEPHORA COLLECTION,20.0
5,1.0,1.0,4.0,0.0,1.6094379124341003,deep,brown,oily,black,P436353,fresh,26.0
5,1.0,0.833333015,6.0,0.6931471805599453,1.791759469228055,lightMedium,brown,combination,brown,P436353,fresh,26.0
5,1.0,0.899999976,30.0,1.3862943611198906,3.332204510175204,fairLight,hazel,combination,brown,P436353,fresh,26.0
1,0.0,0.703704,27.0,2.1972245773362196,2.995732273553991,light,brown,dry,brown,P467750,Caudalie,69.0
3,0.0,0.571429014,14.0,1.9459101490553132,2.1972245773362196,light,brown,combination,brown,P472021,DAMDAM,48.0
5,1.0,1.0,14.0,0.0,2.70805020110221,lightMedium,brown,oily,black,P453929,Murad,88.0
5,1.0,1.0,19.0,0.0,2.995732273553991,lightMedium,green,combination,blonde,P453929,Murad,88.0
5,1.0,0.949999988,20.0,0.6931471805599453,2.995732273553991,light,brown,combination,blonde,P453929,Murad,88.0
5,1.0,0.833333015,6.0,0.6931471805599453,1.791759469228055,light,blue,dry,blonde,P388200,Algenist,38.0
1,1.0,0.5,4.0,1.0986122886681098,1.0986122886681098,light,brown,dry,black,P388200,Algenist,38.0
5,1.0,1.0,4.0,0.0,1.6094379124341003,light,brown,dry,black,P388200,Algenist,38.0
5,1.0,1.0,4.0,0.0,1.6094379124341003,light,brown,combination,brown,P467647,SEPHORA COLLECTION,12.0
3,0.0,1.0,16.0,0.0,2.833213344056216,light,hazel,normal,brown,P467647,SEPHORA COLLECTION,12.0
2,0.0,0.800000012,5.0,0.6931471805599453,1.6094379124341003,light,green,combination,blonde,P467647,SEPHORA COLLECTION,12.0
5,1.0,1.0,7.0,0.0,2.0794415416798357,light,hazel,normal,blonde,P467647,SEPHORA COLLECTION,12.0
2,0.0,1.0,4.0,0.0,1.6094379124341003,lightMedium,brown,combination,brown,P475629,Wishful,43.0
5,1.0,0.800000012,5.0,0.6931471805599453,1.6094379124341003,light,brown,combination,brown,P475629,Wishful,43.0
2,0.0,0.899999976,10.0,0.6931471805599453,2.302585092994046,fair,green,normal,blonde,P475629,Wishful,43.0
1,0.0,0.800000012,5.0,0.6931471805599453,1.6094379124341003,deep,brown,normal,brown,P479732,The Ordinary,7.2
2,0.0,0.888889015,9.0,0.6931471805599453,2.1972245773362196,mediumTan,brown,combination,brown,P479732,The Ordinary,7.2
5,1.0,0.600000024,5.0,1.0986122886681098,1.3862943611198906,fair,blue,combination,brown,P479732,The Ordinary,7.2
5,1.0,1.0,5.0,0.0,1.791759469228055,light,hazel,combination,brown,P479732,The Ordinary,7.2
5,1.0,1.0,6.0,0.0,1.9459101490553132,mediumTan,brown,oily,brown,P479732,The Ordinary,7.2
5,1.0,1.0,6.0,0.0,1.9459101490553132,mediumTan,brown,dry,black,P479732,The Ordinary,7.2
3,1.0,1.0,4.0,0.0,1.6094379124341003,mediumTan,brown,combination,brown,P479732,The Ordinary,7.2
5,1.0,1.0,8.0,0.0,2.1972245773362196,light,hazel,combination,brown,P479732,The Ordinary,7.2
4,1.0,1.0,12.0,0.0,2.5649493574615367,mediumTan,brown,combination,brown,P479732,The Ordinary,7.2
1,0.0,0.608695984,23.0,2.302585092994046,2.70805020110221,light,brown,combination,brown,P416923,Youth To The People,38.0
1,0.0,0.75,8.0,1.0986122886681098,1.9459101490553132,fairLight,brown,oily,black,P416923,Youth To The People,38.0
2,1.0,0.916666985,12.0,0.6931471805599453,2.4849066497880004,lightMedium,brown,combination,brown,P416923,Youth To The People,38.0
5,1.0,0.913043022,23.0,1.0986122886681098,3.091042453358316,lightMedium,brown,normal,brown,P416923,Youth To The People,38.0
3,1.0,0.837837994,37.0,1.9459101490553132,3.4657359027997265,lightMedium,brown,combination,brown,P416923,Youth To The People,38.0
4,1.0,0.899999976,60.0,1.9459101490553132,4.007333185232471,lightMedium,brown,dry,brown,P416923,Youth To The People,38.0
2,0.0,1.0,6.0,0.0,1.9459101490553132,lightMedium,brown,dry,brown,P457522,Dr. Jart+,42.0
5,1.0,1.0,20.0,0.0,3.044522437723423,rich,brown,dry,black,P457522,Dr. Jart+,42.0
4,1.0,1.0,5.0,0.0,1.791759469228055,medium,blue,combination,blonde,P457522,Dr. Jart+,42.0
1,0.0,0.428570986,7.0,1.6094379124341003,1.3862943611198906,lightMedium,brown,combination,blonde,P455929,Shani Darden Skin Care,38.0
3,0.0,0.400000006,5.0,1.3862943611198906,1.0986122886681098,light,green,combination,blonde,P455929,Shani Darden Skin Care,38.0
4,1.0,0.75,4.0,0.6931471805599453,1.3862943611198906,fair,brown,combination,brown,P455929,Shani Darden Skin Care,38.0
5,1.0,0.857142985,7.0,0.6931471805599453,1.9459101490553132,medium,brown,combination,black,P397624,Dr. Jart+,9.0
4,1.0,1.0,4.0,0.0,1.6094379124341003,lightMedium,brown,combination,brown,P397624,Dr. Jart+,9.0
1,0.0,0.625,8.0,1.3862943611198906,1.791759469228055,fair,hazel,combination,brown,P397624,Dr. Jart+,9.0
5,1.0,1.0,8.0,0.0,2.1972245773362196,fair,brown,combination,brown,P397624,Dr. Jart+,9.0
1,1.0,0.0,5.0,1.791759469228055,0.0,fair,brown,combination,brown,P397624,Dr. Jart+,9.0
5,1.0,1.0,35.0,0.0,3.58351893845611,fair,brown,combination,brown,P397624,Dr. Jart+,9.0
5,1.0,0.25,4.0,1.3862943611198906,0.6931471805599453,lightMedium,brown,combination,black,P459130,Dr. Lara Devgan Scientific Beauty,245.0
2,0.0,0.571429014,7.0,1.3862943611198906,1.6094379124341003,fair,green,normal,blonde,P406104,Peter Thomas Roth,75.0
3,0.0,1.0,14.0,0.0,2.70805020110221,fairLight,green,dry,red,P406104,Peter Thomas Roth,75.0
5,1.0,1.0,6.0,0.0,1.9459101490553132,lightMedium,hazel,dry,brown,P406104,Peter Thomas Roth,75.0
1,1.0,0.571429014,7.0,1.3862943611198906,1.6094379124341003,fair,hazel,oily,brown,P406104,Peter Thomas Roth,75.0
1,1.0,0.75,8.0,1.0986122886681098,1.9459101490553132,fair,hazel,combination,brown,P406104,Peter Thomas Roth,75.0
5,1.0,0.571429014,7.0,1.3862943611198906,1.6094379124341003,light,green,combination,gray,P479633,Dr. Jart+,9.0
5,1.0,0.75,4.0,0.6931471805599453,1.3862943611198906,light,brown,combination,brown,P432048,Tata Harper,92.0
5,1.0,0.974358976,39.0,0.6931471805599453,3.6635616461296463,fair,blue,oily,blonde,P432048,Tata Harper,92.0
1,0.0,0.666666985,6.0,1.0986122886681098,1.6094379124341003,fairLight,hazel,combination,red,P482008,Isle of Paradise,32.0
5,1.0,1.0,5.0,0.0,1.791759469228055,lightMedium,green,combination,red,P482008,Isle of Paradise,32.0
5,1.0,1.0,9.0,0.0,2.302585092994046,fair,hazel,dry,brown,P482008,Isle of Paradise,32.0
4,1.0,1.0,5.0,0.0,1.791759469228055,light,brown,dry,blonde,P482008,Isle of Paradise,32.0
2,0.0,0.818181992,11.0,1.0986122886681098,2.302585092994046,light,blue,normal,brown,P482008,Isle of Paradise,32.0
5,1.0,0.800000012,5.0,0.6931471805599453,1.6094379124341003,light,brown,normal,brown,P482008,Isle of Paradise,32.0
3,0.0,0.5,4.0,1.0986122886681098,1.0986122886681098,lightMedium,brown,normal,black,P462344,Dermalogica,64.0
4,1.0,0.772727013,44.0,2.3978952727983707,3.5553480614894135,deep,brown,oily,black,P462344,Dermalogica,64.0
1,0.0,0.876712024,73.0,2.302585092994046,4.174387269895637,tan,brown,dry,brown,P455924,La Mer,245.0
5,1.0,0.90476203,21.0,1.0986122886681098,2.995732273553991,lightMedium,brown,oily,blonde,P455924,La Mer,245.0
5,1.0,0.875,8.0,0.6931471805599453,2.0794415416798357,medium,brown,oily,black,P483137,SEPHORA COLLECTION,20.0
5,1.0,0.875,8.0,0.6931471805599453,2.0794415416798357,light,brown,combination,auburn,P4032,Murad,42.0
5,1.0,0.963635981,55.0,1.0986122886681098,3.9889840465642745,tan,brown,combination,brown,P453826,Lancôme,135.0
1,0.0,0.75,4.0,0.6931471805599453,1.3862943611198906,tan,brown,normal,black,P441323,Glow Recipe,10.0
3,1.0,0.777778029,9.0,1.0986122886681098,2.0794415416798357,tan,brown,oily,black,P441323,Glow Recipe,10.0
1,0.0,0.699999988,10.0,1.3862943611198906,2.0794415416798357,fair,blue,combination,red,P441323,Glow Recipe,10.0
5,1.0,1.0,7.0,0.0,2.0794415416798357,deep,brown,combination,black,P441323,Glow Recipe,10.0
4,1.0,1.0,5.0,0.0,1.791759469228055,lightMedium,brown,dry,black,P467652,SEPHORA COLLECTION,5.0
5,1.0,0.75,4.0,0.6931471805599453,1.3862943611198906,deep,brown,combination,black,P467652,SEPHORA COLLECTION,5.0
2,0.0,0.944444001,18.0,0.6931471805599453,2.8903717578961645,fairLight,blue,combination,blonde,P467652,SEPHORA COLLECTION,5.0
5,1.0,1.0,4.0,0.0,1.6094379124341003,fair,green,combination,blonde,P397310,Dr. Brandt Skincare,59.0
3,1.0,0.631578982,19.0,2.0794415416798357,2.5649493574615367,fair,green,combination,blonde,P397310,Dr. Brandt Skincare,59.0
3,1.0,0.600000024,5.0,1.0986122886681098,1.3862943611198906,fair,green,combination,blonde,P397310,Dr. Brandt Skincare,59.0
2,0.0,0.600000024,5.0,1.0986122886681098,1.3862943611198906,fair,blue,combination,brown,P446422,Kiehl's Since 1851,48.0
5,1.0,0.600000024,5.0,1.0986122886681098,1.3862943611198906,tan,brown,combination,brown,P446422,Kiehl's Since 1851,48.0
4,1.0,0.875,16.0,1.0986122886681098,2.70805020110221,lightMedium,brown,combination,brown,P446422,Kiehl's Since 1851,48.0
5,1.0,0.916666985,12.0,0.6931471805599453,2.4849066497880004,light,hazel,dry,brown,P446422,Kiehl's Since 1851,48.0
5,1.0,1.0,7.0,0.0,2.0794415416798357,tan,brown,dry,brown,P423150,Dermalogica,43.0
2,0.0,1.0,9.0,0.0,2.302585092994046,light,hazel,combination,brown,P423150,Dermalogica,43.0
4,0.0,0.75,4.0,0.6931471805599453,1.3862943611198906,fair,brown,combination,brown,P443351,Dermalogica,13.0
5,1.0,0.666666985,9.0,1.3862943611198906,1.9459101490553132,fair,blue,combination,blonde,P482329,Youth To The People,69.0
1,0.0,0.652173996,23.0,2.1972245773362196,2.772588722239781,light,brown,oily,brown,P482329,Youth To The People,69.0
5,1.0,0.777778029,18.0,1.6094379124341003,2.70805020110221,lightMedium,brown,dry,brown,P482329,Youth To The People,69.0
5,1.0,0.25,4.0,1.3862943611198906,0.6931471805599453,lightMedium,green,normal,blonde,P482329,Youth To The People,69.0
5,1.0,0.800000012,5.0,0.6931471805599453,1.6094379124341003,mediumTan,brown,combination,brown,P421600,Herbivore,39.0
5,1.0,1.0,9.0,0.0,2.302585092994046,lightMedium,brown,combination,brown,P421600,Herbivore,39.0
5,1.0,1.0,10.0,0.0,2.3978952727983707,fair,Grey,dry,blonde,P455242,Summer Fridays,35.0
1,0.0,0.055555601,18.0,2.8903717578961645,0.6931471805599453,lightMedium,green,combination,brown,P455242,Summer Fridays,35.0
5,1.0,1.0,4.0,0.0,1.6094379124341003,lightMedium,brown,dry,brown,P455242,Summer Fridays,35.0
3,0.0,0.363635987,11.0,2.0794415416798357,1.6094379124341003,lightMedium,brown,combination,blonde,P455242,Summer Fridays,35.0
1,0.0,0.75,12.0,1.3862943611198906,2.302585092994046,tan,brown,combination,black,P455242,Summer Fridays,35.0
5,1.0,0.884615004,26.0,1.3862943611198906,3.1780538303479458,lightMedium,brown,combination,brown,P455242,Summer Fridays,35.0
2,0.0,0.857142985,7.0,0.6931471805599453,1.9459101490553132,lightMedium,brown,normal,red,P444226,Farmacy,48.0
3,0.0,0.222222,9.0,2.0794415416798357,1.0986122886681098,mediumTan,brown,combination,brown,P444226,Farmacy,48.0
5,1.0,0.600000024,5.0,1.0986122886681098,1.3862943611198906,light,blue,dry,blonde,P444226,Farmacy,48.0
5,1.0,1.0,8.0,0.0,2.1972245773362196,lightMedium,brown,oily,brown,P444226,Farmacy,48.0
5,1.0,1.0,7.0,0.0,2.0794415416798357,fair,blue,combination,blonde,P444226,Farmacy,48.0
5,1.0,0.75,4.0,0.6931471805599453,1.3862943611198906,lightMedium,hazel,dry,brown,P444226,Farmacy,48.0
5,1.0,1.0,15.0,0.0,2.772588722239781,deep,brown,normal,brown,P423123,Dermalogica,65.0
2,0.0,0.400000006,5.0,1.3862943611198906,1.0986122886681098,fair,blue,combination,black,P450244,The INKEY List,15.99
5,1.0,0.615384996,13.0,1.791759469228055,2.1972245773362196,fair,blue,dry,brown,P450244,The INKEY List,15.99
5,1.0,0.888889015,9.0,0.6931471805599453,2.1972245773362196,light,brown,combination,black,P450244,The INKEY List,15.99
5,1.0,0.976743996,43.0,0.6931471805599453,3.7612001156935624,fairLight,blue,dry,blonde,P450244,The INKEY List,15.99
5,1.0,0.600000024,10.0,1.6094379124341003,1.9459101490553132,lightMedium,brown,dry,black,P467118,JLo Beauty,49.0
4,1.0,0.75,4.0,0.6931471805599453,1.3862943611198906,fair,blue,combination,blonde,P467118,JLo Beauty,49.0
1,0.0,0.5,6.0,1.3862943611198906,1.3862943611198906,lightMedium,brown,combination,brown,P467118,JLo Beauty,49.0
5,1.0,0.285714,7.0,1.791759469228055,1.0986122886681098,light,blue,oily,brown,P467118,JLo Beauty,49.0
5,1.0,0.875,8.0,0.6931471805599453,2.0794415416798357,lightMedium,green,combination,black,P422013,Kiehl's Since 1851,38.0
1,0.0,0.75,4.0,0.6931471805599453,1.3862943611198906,fairLight,brown,combination,brown,P422013,Kiehl's Since 1851,38.0
3,0.0,0.928570986,14.0,0.6931471805599453,2.6390573296152584,light,brown,combination,brown,P422013,Kiehl's Since 1851,38.0
4,1.0,0.833333015,6.0,0.6931471805599453,1.791759469228055,fairLight,green,combination,brown,P422013,Kiehl's Since 1851,38.0
4,1.0,0.400000006,5.0,1.3862943611198906,1.0986122886681098,medium,brown,combination,black,P422013,Kiehl's Since 1851,38.0
5,1.0,0.857142985,7.0,0.6931471805599453,1.9459101490553132,lightMedium,blue,combination,blonde,P411254,Dr. Brandt Skincare,75.0
1,1.0,0.600000024,5.0,1.0986122886681098,1.3862943611198906,light,blue,normal,blonde,P411254,Dr. Brandt Skincare,75.0
4,1.0,0.800000012,5.0,0.6931471805599453,1.6094379124341003,light,blue,normal,blonde,P411254,Dr. Brandt Skincare,75.0
5,1.0,0.800000012,5.0,0.6931471805599453,1.6094379124341003,light,blue,normal,blonde,P411254,Dr. Brandt Skincare,75.0
1,0.0,0.75,4.0,0.6931471805599453,1.3862943611198906,lightMedium,brown,oily,brown,P459128,Dr. Lara Devgan Scientific Beauty,145.0
5,1.0,0.947058976,113.72000000000116,2.302585092994046,5.087596335232384,fairLight,hazel,oily,auburn,P459128,Dr. Lara Devgan Scientific Beauty,145.0
5,1.0,0.75,4.0,0.6931471805599453,1.3862943611198906,lightMedium,green,dry,brown,P459128,Dr. Lara Devgan Scientific Beauty,145.0
3,0.0,0.800000012,5.0,0.6931471805599453,1.6094379124341003,fairLight,blue,combination,red,P434550,Murad,97.0
4,1.0,0.800000012,5.0,0.6931471805599453,1.6094379124341003,light,brown,dry,brown,P434550,Murad,97.0
1,0.0,0.899999976,10.0,0.6931471805599453,2.302585092994046,lightMedium,hazel,combination,brown,P434550,Murad,97.0
5,1.0,0.833333015,12.0,1.0986122886681098,2.3978952727983707,tan,brown,normal,black,P470221,Kiehl's Since 1851,60.0
5,1.0,0.916666985,12.0,0.6931471805599453,2.4849066497880004,lightMedium,blue,oily,blonde,P470221,Kiehl's Since 1851,60.0
5,1.0,1.0,4.0,0.0,1.6094379124341003,fairLight,blue,normal,red,P474825,Dr. Dennis Gross Skincare,71.0
1,0.0,0.800000012,10.0,1.0986122886681098,2.1972245773362196,mediumTan,brown,dry,black,P474825,Dr. Dennis Gross Skincare,71.0
4,1.0,1.0,7.0,0.0,2.0794415416798357,light,brown,oily,black,P474825,Dr. Dennis Gross Skincare,71.0
5,1.0,0.916666985,24.0,1.0986122886681098,3.1354942159291497,light,brown,dry,blonde,P432823,Mount Lai,30.0
5,1.0,0.666666985,6.0,1.0986122886681098,1.6094379124341003,fair,blue,normal,blonde,P432823,Mount Lai,30.0
4,1.0,0.285714,7.0,1.791759469228055,1.0986122886681098,fairLight,hazel,dry,brown,P432823,Mount Lai,30.0
5,1.0,0.727272987,11.0,1.3862943611198906,2.1972245773362196,light,brown,oily,brown,P432823,Mount Lai,30.0
5,1.0,1.0,13.0,0.0,2.6390573296152584,fair,green,combination,brown,P432823,Mount Lai,30.0
5,1.0,0.913043022,46.0,1.6094379124341003,3.7612001156935624,lightMedium,blue,oily,blonde,P432823,Mount Lai,30.0
5,1.0,0.800000012,5.0,0.6931471805599453,1.6094379124341003,lightMedium,hazel,normal,brown,P432823,Mount Lai,30.0
2,1.0,0.800000012,15.0,1.3862943611198906,2.5649493574615367,fair,blue,normal,blonde,P432823,Mount Lai,30.0
5,1.0,0.75,4.0,0.6931471805599453,1.3862943611198906,lightMedium,brown,combination,brown,P432823,Mount Lai,30.0
5,1.0,0.666666985,6.0,1.0986122886681098,1.6094379124341003,fairLight,green,dry,brown,P460514,LANEIGE,34.0
5,1.0,0.75,4.0,0.6931471805599453,1.3862943611198906,fair,green,combination,blonde,P460514,LANEIGE,34.0
1,0.0,0.75,4.0,0.6931471805599453,1.3862943611198906,fair,green,dry,blonde,P460514,LANEIGE,34.0
5,1.0,0.636363983,11.0,1.6094379124341003,2.0794415416798357,lightMedium,brown,combination,brown,P460514,LANEIGE,34.0
5,1.0,0.846153975,13.0,1.0986122886681098,2.4849066497880004,light,blue,combination,red,P454100,Herbivore,58.0
1,0.0,0.545454979,22.0,2.3978952727983707,2.5649493574615367,light,green,combination,brown,P454100,Herbivore,58.0
5,1.0,1.0,24.0,0.0,3.2188758248682006,lightMedium,green,oily,black,P454100,Herbivore,58.0
5,1.0,1.0,6.0,0.0,1.9459101490553132,rich,brown,combination,brown,P454100,Herbivore,58.0
3,0.0,0.875,8.0,0.6931471805599453,2.0794415416798357,medium,brown,combination,black,P454100,Herbivore,58.0
5,1.0,0.846153975,13.0,1.0986122886681098,2.4849066497880004,lightMedium,blue,combination,blonde,P454100,Herbivore,58.0
5,1.0,1.0,5.0,0.0,1.791759469228055,lightMedium,blue,oily,blonde,P454100,Herbivore,58.0
5,1.0,0.888889015,9.0,0.6931471805599453,2.1972245773362196,mediumTan,brown,combination,black,P454100,Herbivore,58.0
5,1.0,1.0,4.0,0.0,1.6094379124341003,lightMedium,hazel,oily,brown,P454100,Herbivore,58.0
1,0.0,0.166666999,6.0,1.791759469228055,0.6931471805599453,light,hazel,combination,blonde,P469537,Sulwhasoo,58.0
5,1.0,0.714286029,7.0,1.0986122886681098,1.791759469228055,medium,brown,combination,black,P469537,Sulwhasoo,58.0
2,0.0,0.814814985,27.0,1.791759469228055,3.1354942159291497,fair,brown,combination,auburn,P469537,Sulwhasoo,58.0
5,1.0,0.909090996,11.0,0.6931471805599453,2.3978952727983707,lightMedium,blue,oily,brown,P430818,tarte,15.0
5,1.0,0.944444001,18.0,0.6931471805599453,2.8903717578961645,light,hazel,combination,brown,P430818,tarte,15.0
5,1.0,0.872726977,55.0,2.0794415416798357,3.8918202981106265,light,green,combination,blonde,P430818,tarte,15.0
3,1.0,0.0,8.0,2.1972245773362196,0.0,light,brown,combination,brown,P440482,Mario Badescu,7.0
2,0.0,0.916666985,12.0,0.6931471805599453,2.4849066497880004,deep,brown,oily,black,P440482,Mario Badescu,7.0
1,0.0,0.909090996,11.0,0.6931471805599453,2.3978952727983707,fairLight,blue,dry,auburn,P440482,Mario Badescu,7.0
5,1.0,1.0,6.0,0.0,1.9459101490553132,lightMedium,hazel,oily,brown,P440482,Mario Badescu,7.0
5,1.0,1.0,10.0,0.0,2.3978952727983707,light,Grey,normal,brown,P440482,Mario Badescu,7.0
5,1.0,0.912280977,57.0,1.791759469228055,3.970291913552122,tan,brown,dry,black,P440482,Mario Badescu,7.0
4,0.0,0.5,4.0,1.0986122886681098,1.0986122886681098,light,brown,combination,black,P449188,Farmacy,36.0
1,0.0,0.899999976,20.0,1.0986122886681098,2.9444389791664403,tan,hazel,combination,black,P449188,Farmacy,36.0
3,1.0,1.0,6.0,0.0,1.9459101490553132,medium,brown,oily,brown,P449188,Farmacy,36.0
1,0.0,0.782608986,23.0,1.791759469228055,2.9444389791664403,tan,green,normal,brown,P449188,Farmacy,36.0
5,1.0,1.0,4.0,0.0,1.6094379124341003,medium,brown,combination,brown,P483664,Kiehl's Since 1851,60.0
1,0.0,1.0,13.0,0.0,2.6390573296152584,medium,brown,normal,brown,P430903,MILK MAKEUP,36.0
4,1.0,0.833333015,6.0,0.6931471805599453,1.791759469228055,light,blue,dry,blonde,P430903,MILK MAKEUP,36.0
3,1.0,0.371134013,97.0,4.127134385045092,3.6109179126442243,fairLight,blue,combination,blonde,P430903,MILK MAKEUP,36.0
4,1.0,0.600000024,5.0,1.0986122886681098,1.3862943611198906,fair,brown,oily,blonde,P501581,Fenty Skin,14.0
5,1.0,0.935483992,62.0,1.6094379124341003,4.07753744390572,fair,hazel,combination,brown,P501581,Fenty Skin,14.0
1,0.0,1.0,9.0,0.0,2.302585092994046,tan,brown,oily,black,P409630,tarte,22.0
5,1.0,0.954545021,22.0,0.6931471805599453,3.091042453358316,fair,blue,combination,brown,P409630,tarte,22.0
1,1.0,0.800000012,15.0,1.3862943611198906,2.5649493574615367,fair,blue,combination,brown,P409630,tarte,22.0
5,1.0,0.961905003,105.0,1.6094379124341003,4.624972813284271,fair,blue,combination,brown,P409630,tarte,22.0
5,1.0,1.0,6.0,0.0,1.9459101490553132,fair,brown,combination,blonde,P504639,OLEHENRIKSEN,34.0
5,1.0,0.714286029,7.0,1.0986122886681098,1.791759469228055,light,brown,normal,blonde,P504639,OLEHENRIKSEN,34.0
5,1.0,0.866666973,15.0,1.0986122886681098,2.6390573296152584,lightMedium,brown,combination,brown,P467630,Lancôme,82.0
5,1.0,0.75,8.0,1.0986122886681098,1.9459101490553132,mediumTan,brown,dry,black,P380000,Estée Lauder,36.0
4,1.0,1.0,4.0,0.0,1.6094379124341003,lightMedium,brown,combination,brown,P380000,Estée Lauder,36.0
5,1.0,1.0,9.0,0.0,2.302585092994046,fair,hazel,dry,brown,P500894,Fenty Skin,34.0
5,1.0,1.0,14.0,0.0,2.70805020110221,light,brown,combination,brown,P500894,Fenty Skin,34.0
4,1.0,0.600000024,20.0,2.1972245773362196,2.5649493574615367,light,blue,combination,blonde,P455365,The INKEY List,7.99
4,1.0,0.818181992,11.0,1.0986122886681098,2.302585092994046,medium,hazel,combination,brown,P455365,The INKEY List,7.99
5,1.0,1.0,5.0,0.0,1.791759469228055,light,brown,combination,black,P455365,The INKEY List,7.99
5,1.0,1.0,5.0,0.0,1.791759469228055,mediumTan,brown,combination,brown,P455365,The INKEY List,7.99
4,1.0,0.75,8.0,1.0986122886681098,1.9459101490553132,lightMedium,green,oily,brown,P455365,The INKEY List,7.99
4,1.0,0.75,4.0,0.6931471805599453,1.3862943611198906,fair,brown,dry,brown,P455900,The Ordinary,5.0
5,1.0,1.0,9.0,0.0,2.302585092994046,light,blue,dry,blonde,P455900,The Ordinary,5.0
5,1.0,1.0,5.0,0.0,1.791759469228055,lightMedium,brown,dry,brown,P455900,The Ordinary,5.0
5,1.0,0.666666985,15.0,1.791759469228055,2.3978952727983707,fair,brown,normal,brown,P455900,The Ordinary,5.0
5,1.0,0.824999988,40.0,2.0794415416798357,3.5263605246161616,lightMedium,brown,dry,black,P455900,The Ordinary,5.0
4,1.0,0.608695984,23.0,2.302585092994046,2.70805020110221,medium,brown,combination,brown,P455900,The Ordinary,5.0
1,0.0,0.571429014,14.0,1.9459101490553132,2.1972245773362196,light,brown,combination,black,P454389,Supergoop!,21.0
4,1.0,1.0,4.0,0.0,1.6094379124341003,fair,blue,normal,blonde,P454389,Supergoop!,21.0
3,1.0,0.166666999,6.0,1.791759469228055,0.6931471805599453,light,blue,combination,black,P454389,Supergoop!,21.0
5,1.0,1.0,4.0,0.0,1.6094379124341003,light,blue,combination,black,P454389,Supergoop!,21.0
2,1.0,0.75,4.0,0.6931471805599453,1.3862943611198906,light,blue,combination,black,P454389,Supergoop!,21.0
1,0.0,1.0,4.0,0.0,1.6094379124341003,tan,brown,oily,black,P436891,Herbivore,32.0
5,1.0,0.833333015,6.0,0.6931471805599453,1.791759469228055,mediumTan,brown,normal,brown,P436891,Herbivore,32.0
3,0.0,0.75,12.0,1.3862943611198906,2.302585092994046,light,brown,normal,brown,P436891,Herbivore,32.0
5,1.0,1.0,7.0,0.0,2.0794415416798357,lightMedium,brown,dry,brown,P436891,Herbivore,32.0
1,0.0,0.894032001,113.72000000000116,4.477336814478207,6.5998704992128365,light,blue,normal,brown,P436891,Herbivore,32.0
1,0.0,0.727272987,11.0,1.3862943611198906,2.1972245773362196,light,brown,oily,blonde,P436891,Herbivore,32.0
5,1.0,0.25,4.0,1.3862943611198906,0.6931471805599453,light,hazel,combination,brown,P443838,The INKEY List,12.99
5,1.0,0.769231021,13.0,1.3862943611198906,2.3978952727983707,fair,hazel,oily,brown,P443838,The INKEY List,12.99
4,1.0,1.0,4.0,0.0,1.6094379124341003,light,blue,combination,blonde,P443838,The INKEY List,12.99
4,1.0,0.928570986,14.0,0.6931471805599453,2.6390573296152584,rich,brown,oily,black,P443838,The INKEY List,12.99
5,1.0,1.0,4.0,0.0,1.6094379124341003,fair,blue,combination,brown,P443838,The INKEY List,12.99
5,1.0,0.818181992,11.0,1.0986122886681098,2.302585092994046,fairLight,blue,combination,blonde,P443838,The INKEY List,12.99
5,1.0,1.0,5.0,0.0,1.791759469228055,light,brown,dry,brown,P460513,LANEIGE,27.0
4,1.0,1.0,7.0,0.0,2.0794415416798357,light,blue,combination,brown,P460513,LANEIGE,27.0
2,0.0,0.555555999,9.0,1.6094379124341003,1.791759469228055,medium,brown,combination,black,P460513,LANEIGE,27.0
5,1.0,1.0,9.0,0.0,2.302585092994046,light,brown,dry,brown,P460513,LANEIGE,27.0
1,0.0,0.545454979,11.0,1.791759469228055,1.9459101490553132,fairLight,green,combination,brown,P456572,Murad,67.0
2,0.0,0.75,8.0,1.0986122886681098,1.9459101490553132,fair,blue,normal,blonde,P456572,Murad,67.0
5,1.0,0.75,8.0,1.0986122886681098,1.9459101490553132,light,blue,dry,blonde,P456572,Murad,67.0
4,1.0,0.75,8.0,1.0986122886681098,1.9459101490553132,light,brown,combination,brown,P423254,Peter Thomas Roth,55.0
3,0.0,0.666666985,6.0,1.0986122886681098,1.6094379124341003,fair,green,combination,black,P423254,Peter Thomas Roth,55.0
5,1.0,0.600000024,10.0,1.6094379124341003,1.9459101490553132,light,green,combination,brown,P423254,Peter Thomas Roth,55.0
5,1.0,0.879999995,25.0,1.3862943611198906,3.1354942159291497,medium,hazel,oily,black,P423254,Peter Thomas Roth,55.0
5,1.0,0.571429014,7.0,1.3862943611198906,1.6094379124341003,light,hazel,oily,black,P423254,Peter Thomas Roth,55.0
3,1.0,0.5,12.0,1.9459101490553132,1.9459101490553132,light,hazel,oily,brown,P455894,First Aid Beauty,36.0
5,1.0,1.0,5.0,0.0,1.791759469228055,light,blue,combination,brown,P455894,First Aid Beauty,36.0
5,1.0,1.0,8.0,0.0,2.1972245773362196,lightMedium,brown,oily,black,P455894,First Aid Beauty,36.0
4,1.0,1.0,10.0,0.0,2.3978952727983707,fair,brown,combination,brown,P455894,First Aid Beauty,36.0
4,1.0,0.5,4.0,1.0986122886681098,1.0986122886681098,fair,brown,oily,brown,P455894,First Aid Beauty,36.0
5,1.0,0.875,16.0,1.0986122886681098,2.70805020110221,light,blue,combination,blonde,P500618,KORA Organics,44.0
5,1.0,1.0,4.0,0.0,1.6094379124341003,light,blue,combination,blonde,P472302,alpyn beauty,58.0
5,1.0,1.0,6.0,0.0,1.9459101490553132,light,hazel,combination,brown,P472302,alpyn beauty,58.0
1,1.0,0.818181992,11.0,1.0986122886681098,2.302585092994046,fair,hazel,combination,blonde,P201439,CLINIQUE,26.5
4,1.0,0.833333015,6.0,0.6931471805599453,1.791759469228055,fair,hazel,combination,blonde,P201439,CLINIQUE,26.5
2,0.0,1.0,16.0,0.0,2.833213344056216,deep,brown,combination,black,P464241,Dr. Zenovia Skincare,25.0
1,0.0,0.466666996,15.0,2.1972245773362196,2.0794415416798357,light,green,oily,blonde,P474826,Dr. Dennis Gross Skincare,76.0
5,1.0,1.0,11.0,0.0,2.4849066497880004,light,blue,dry,blonde,P474826,Dr. Dennis Gross Skincare,76.0
3,0.0,0.368420988,19.0,2.5649493574615367,2.0794415416798357,mediumTan,brown,combination,brown,P474826,Dr. Dennis Gross Skincare,76.0
3,0.0,0.916666985,24.0,1.0986122886681098,3.1354942159291497,lightMedium,brown,dry,blonde,P294018,Koh Gen Do,23.0
5,1.0,1.0,4.0,0.0,1.6094379124341003,lightMedium,brown,combination,brown,P294018,Koh Gen Do,23.0
1,1.0,0.529411972,68.0,3.4965075614664802,3.6109179126442243,fair,green,combination,brown,P294018,Koh Gen Do,23.0
5,1.0,0.866666973,30.0,1.6094379124341003,3.295836866004329,mediumTan,brown,combination,black,P439927,Kate Somerville,72.0
5,1.0,1.0,6.0,0.0,1.9459101490553132,fair,hazel,dry,brown,P439927,Kate Somerville,72.0
5,1.0,0.600000024,5.0,1.0986122886681098,1.3862943611198906,light,brown,normal,brown,P439927,Kate Somerville,72.0
1,0.0,0.708333015,24.0,2.0794415416798357,2.8903717578961645,tan,brown,combination,black,P439927,Kate Somerville,72.0
5,1.0,0.902912974,103.0,2.3978952727983707,4.543294782270004,light,brown,combination,black,P439927,Kate Somerville,72.0
5,1.0,0.846153975,52.0,2.1972245773362196,3.8066624897703196,fair,brown,combination,brown,P122727,CLINIQUE,54.0
2,1.0,0.857142985,7.0,0.6931471805599453,1.9459101490553132,lightMedium,brown,dry,brown,P122727,CLINIQUE,54.0
1,0.0,0.25,4.0,1.3862943611198906,0.6931471805599453,tan,brown,combination,black,P448181,DERMAFLASH,99.0
5,1.0,1.0,7.0,0.0,2.0794415416798357,light,hazel,dry,brown,P448181,DERMAFLASH,99.0
5,1.0,0.833333015,6.0,0.6931471805599453,1.791759469228055,lightMedium,brown,combination,blonde,P448181,DERMAFLASH,99.0
5,1.0,0.864407003,59.0,2.1972245773362196,3.9512437185814275,lightMedium,brown,combination,brown,P448181,DERMAFLASH,99.0
4,1.0,0.90476203,21.0,1.0986122886681098,2.995732273553991,lightMedium,brown,oily,brown,P448181,DERMAFLASH,99.0
4,1.0,0.772727013,22.0,1.791759469228055,2.8903717578961645,fair,brown,combination,brown,P448181,DERMAFLASH,99.0
5,1.0,0.555555999,18.0,2.1972245773362196,2.3978952727983707,lightMedium,brown,combination,auburn,P448181,DERMAFLASH,99.0
1,0.0,0.619047999,42.0,2.833213344056216,3.295836866004329,lightMedium,brown,dry,brown,P448181,DERMAFLASH,99.0
5,1.0,0.769231021,26.0,1.9459101490553132,3.044522437723423,mediumTan,blue,combination,black,P448181,DERMAFLASH,99.0
5,1.0,0.826923013,52.0,2.302585092994046,3.784189633918261,fairLight,green,combination,brown,P448181,DERMAFLASH,99.0
5,1.0,1.0,9.0,0.0,2.302585092994046,medium,brown,oily,brown,P244701,CLINIQUE,29.0
5,1.0,0.75,4.0,0.6931471805599453,1.3862943611198906,light,brown,oily,brown,P244701,CLINIQUE,29.0
5,1.0,0.857142985,7.0,0.6931471805599453,1.9459101490553132,fair,brown,oily,brown,P244701,CLINIQUE,29.0
5,1.0,1.0,8.0,0.0,2.1972245773362196,fair,blue,oily,blonde,P456988,Isle of Paradise,35.0
5,1.0,1.0,7.0,0.0,2.0794415416798357,fair,blue,dry,blonde,P456988,Isle of Paradise,35.0
1,0.0,0.235293999,34.0,3.295836866004329,2.1972245773362196,light,brown,combination,auburn,P456988,Isle of Paradise,35.0
5,1.0,1.0,8.0,0.0,2.1972245773362196,light,green,dry,auburn,P456988,Isle of Paradise,35.0
5,1.0,0.875,8.0,0.6931471805599453,2.0794415416798357,light,blue,combination,blonde,P456988,Isle of Paradise,35.0
5,1.0,0.833333015,6.0,0.6931471805599453,1.791759469228055,deep,brown,combination,black,P467251,Fenty Skin,45.0
4,1.0,1.0,5.0,0.0,1.791759469228055,mediumTan,brown,combination,black,P467251,Fenty Skin,45.0
5,1.0,1.0,20.0,0.0,3.044522437723423,rich,brown,dry,black,P467251,Fenty Skin,45.0
3,1.0,0.714286029,7.0,1.0986122886681098,1.791759469228055,tan,brown,dry,black,P467251,Fenty Skin,45.0
5,1.0,0.899999976,10.0,0.6931471805599453,2.302585092994046,deep,brown,dry,black,P467251,Fenty Skin,45.0
5,1.0,1.0,5.0,0.0,1.791759469228055,lightMedium,brown,combination,black,P467251,Fenty Skin,45.0
4,1.0,0.555555999,18.0,2.1972245773362196,2.3978952727983707,lightMedium,brown,combination,black,P467251,Fenty Skin,45.0
5,1.0,1.0,4.0,0.0,1.6094379124341003,lightMedium,green,combination,brown,P457510,HUM Nutrition,26.0
5,1.0,0.333332986,9.0,1.9459101490553132,1.3862943611198906,medium,brown,dry,brown,P457510,HUM Nutrition,26.0
5,1.0,0.25,4.0,1.3862943611198906,0.6931471805599453,fairLight,blue,dry,brown,P457510,HUM Nutrition,26.0
5,1.0,0.75,4.0,0.6931471805599453,1.3862943611198906,light,brown,combination,black,P504044,Josie Maran,54.0
4,1.0,0.888889015,9.0,0.6931471805599453,2.1972245773362196,fair,green,dry,red,P469439,Biossance,16.0
1,0.0,0.875,8.0,0.6931471805599453,2.0794415416798357,fair,Grey,normal,brown,P469439,Biossance,16.0
1,0.0,0.222222,18.0,2.70805020110221,1.6094379124341003,lightMedium,brown,dry,brown,P469439,Biossance,16.0
2,0.0,0.428570986,7.0,1.6094379124341003,1.3862943611198906,fair,blue,normal,brown,P469439,Biossance,16.0
5,1.0,0.833333015,12.0,1.0986122886681098,2.3978952727983707,deep,green,combination,black,P469439,Biossance,16.0
5,1.0,1.0,5.0,0.0,1.791759469228055,fair,brown,dry,brown,P469439,Biossance,16.0
4,1.0,0.5,4.0,1.0986122886681098,1.0986122886681098,tan,brown,normal,brown,P450632,Sulwhasoo,38.0
5,1.0,0.800000012,10.0,1.0986122886681098,2.1972245773362196,fair,brown,combination,black,P476731,Sulwhasoo,12.0
1,0.0,0.388889015,18.0,2.4849066497880004,2.0794415416798357,fairLight,green,combination,auburn,P476731,Sulwhasoo,12.0
5,1.0,0.800000012,5.0,0.6931471805599453,1.6094379124341003,fair,hazel,dry,brown,P404794,MILK MAKEUP,32.0
4,1.0,0.600000024,5.0,1.0986122886681098,1.3862943611198906,lightMedium,green,combination,blonde,P404794,MILK MAKEUP,32.0
4,1.0,0.882353008,17.0,1.0986122886681098,2.772588722239781,light,blue,combination,blonde,P404794,MILK MAKEUP,32.0
2,1.0,0.333332986,6.0,1.6094379124341003,1.0986122886681098,light,brown,combination,brown,P397623,Dr. Jart+,7.0
5,1.0,0.666666985,9.0,1.3862943611198906,1.9459101490553132,light,brown,combination,brown,P397623,Dr. Jart+,7.0
5,1.0,1.0,5.0,0.0,1.791759469228055,fair,blue,combination,blonde,P402014,Sunday Riley,50.0
5,1.0,1.0,6.0,0.0,1.9459101490553132,fair,blue,combination,blonde,P402014,Sunday Riley,50.0
4,1.0,0.100000001,10.0,2.302585092994046,0.6931471805599453,fair,blue,oily,blonde,P475194,TULA Skincare,56.0
1,0.0,0.600000024,5.0,1.0986122886681098,1.3862943611198906,mediumTan,brown,dry,brown,P482061,Peter Thomas Roth,38.0
2,0.0,1.0,5.0,0.0,1.791759469228055,light,brown,combination,brown,P482061,Peter Thomas Roth,38.0
1,0.0,1.0,12.0,0.0,2.5649493574615367,lightMedium,brown,combination,black,P479692,Dermalogica,59.0
1,0.0,1.0,12.0,0.0,2.5649493574615367,tan,brown,normal,black,P479692,Dermalogica,59.0
5,1.0,0.833333015,6.0,0.6931471805599453,1.791759469228055,light,brown,combination,brown,P9939,Murad,42.0
5,1.0,0.727272987,11.0,1.3862943611198906,2.1972245773362196,light,hazel,oily,black,P9939,Murad,42.0
5,1.0,1.0,6.0,0.0,1.9459101490553132,light,brown,normal,black,P9939,Murad,42.0
2,0.0,0.600000024,5.0,1.0986122886681098,1.3862943611198906,lightMedium,brown,combination,brown,P439643,CLINIQUE,41.0
4,1.0,0.600000024,5.0,1.0986122886681098,1.3862943611198906,light,brown,combination,brown,P439643,CLINIQUE,41.0
5,1.0,0.833333015,6.0,0.6931471805599453,1.791759469228055,tan,brown,combination,black,P439643,CLINIQUE,41.0
1,0.0,0.25,24.0,2.9444389791664403,1.9459101490553132,lightMedium,brown,combination,brown,P439643,CLINIQUE,41.0
1,0.0,0.454544991,11.0,1.9459101490553132,1.791759469228055,mediumTan,brown,combination,black,P439643,CLINIQUE,41.0
5,1.0,1.0,12.0,0.0,2.5649493574615367,light,green,dry,blonde,P474330,IT Cosmetics,29.0
5,1.0,0.166666999,6.0,1.791759469228055,0.6931471805599453,light,brown,combination,black,P474330,IT Cosmetics,29.0
5,1.0,1.0,7.0,0.0,2.0794415416798357,light,blue,combination,blonde,P475086,Dermalogica,69.0
4,1.0,0.5,4.0,1.0986122886681098,1.0986122886681098,light,brown,combination,brown,P475159,REN Clean Skincare,60.0
4,1.0,0.625,8.0,1.3862943611198906,1.791759469228055,light,blue,dry,red,P479340,Peace Out,34.0
5,1.0,0.875,8.0,0.6931471805599453,2.0794415416798357,lightMedium,brown,combination,brown,P479340,Peace Out,34.0
4,1.0,0.699999988,10.0,1.3862943611198906,2.0794415416798357,lightMedium,brown,oily,brown,P479340,Peace Out,34.0
5,1.0,0.545454979,11.0,1.791759469228055,1.9459101490553132,light,green,combination,blonde,P479340,Peace Out,34.0
5,1.0,0.75,4.0,0.6931471805599453,1.3862943611198906,tan,green,combination,brown,P479340,Peace Out,34.0
5,1.0,0.764706016,17.0,1.6094379124341003,2.6390573296152584,fair,green,dry,brown,P479340,Peace Out,34.0
1,0.0,1.0,24.0,0.0,3.2188758248682006,light,brown,normal,blonde,P122782,CLINIQUE,31.5
4,1.0,0.875,8.0,0.6931471805599453,2.0794415416798357,light,brown,combination,blonde,P122782,CLINIQUE,31.5
2,1.0,1.0,5.0,0.0,1.791759469228055,light,brown,combination,blonde,P122782,CLINIQUE,31.5
1,0.0,0.545454979,11.0,1.791759469228055,1.9459101490553132,fair,green,combination,blonde,P474333,IT Cosmetics,29.0
4,1.0,0.947368026,19.0,0.6931471805599453,2.9444389791664403,light,hazel,combination,brown,P385631,CLINIQUE,32.5
5,1.0,1.0,4.0,0.0,1.6094379124341003,lightMedium,blue,combination,brown,P385631,CLINIQUE,32.5
1,1.0,0.75,4.0,0.6931471805599453,1.3862943611198906,lightMedium,blue,combination,brown,P385631,CLINIQUE,32.5
5,1.0,0.666666985,6.0,1.0986122886681098,1.6094379124341003,lightMedium,blue,combination,brown,P385631,CLINIQUE,32.5
5,1.0,0.363635987,22.0,2.70805020110221,2.1972245773362196,tan,brown,dry,auburn,P459129,Dr. Lara Devgan Scientific Beauty,215.0
4,1.0,0.777778029,9.0,1.0986122886681098,2.0794415416798357,light,hazel,combination,brown,P482006,innisfree,26.0
2,0.0,0.600000024,5.0,1.0986122886681098,1.3862943611198906,light,blue,combination,brown,P482006,innisfree,26.0
2,0.0,0.75,4.0,0.6931471805599453,1.3862943611198906,fairLight,green,combination,brown,P482006,innisfree,26.0
5,1.0,0.75,4.0,0.6931471805599453,1.3862943611198906,fair,brown,combination,blonde,P482006,innisfree,26.0
4,1.0,0.857142985,7.0,0.6931471805599453,1.9459101490553132,fair,blue,dry,brown,P479351,Supergoop!,46.0
5,1.0,0.93333298,15.0,0.6931471805599453,2.70805020110221,mediumTan,brown,oily,black,P479351,Supergoop!,46.0
5,1.0,1.0,5.0,0.0,1.791759469228055,lightMedium,hazel,combination,brown,P429954,Tata Harper,88.0
1,0.0,0.555555999,9.0,1.6094379124341003,1.791759469228055,light,blue,dry,blonde,P429954,Tata Harper,88.0
4,1.0,1.0,5.0,0.0,1.791759469228055,light,green,combination,brown,P429954,Tata Harper,88.0
5,1.0,0.952381015,21.0,0.6931471805599453,3.044522437723423,light,brown,combination,blonde,P429954,Tata Harper,88.0
1,0.0,0.636363983,22.0,2.1972245773362196,2.70805020110221,light,green,combination,blonde,P429954,Tata Harper,88.0
5,1.0,1.0,8.0,0.0,2.1972245773362196,lightMedium,brown,oily,black,P462747,Tata Harper,46.0
5,1.0,1.0,5.0,0.0,1.791759469228055,light,brown,oily,brown,P462747,Tata Harper,46.0
5,1.0,1.0,4.0,0.0,1.6094379124341003,light,brown,combination,blonde,P462747,Tata Harper,46.0
3,0.0,0.25,4.0,1.3862943611198906,0.6931471805599453,lightMedium,brown,combination,brown,P462747,Tata Harper,46.0
5,1.0,0.800000012,5.0,0.6931471805599453,1.6094379124341003,mediumTan,brown,combination,brown,P462747,Tata Harper,46.0
5,1.0,1.0,6.0,0.0,1.9459101490553132,mediumTan,brown,oily,brown,P464234,Dr. Zenovia Skincare,72.0
3,1.0,0.75,4.0,0.6931471805599453,1.3862943611198906,light,green,dry,blonde,P424378,Drunk Elephant,38.0
1,0.0,0.666666985,6.0,1.0986122886681098,1.6094379124341003,mediumTan,hazel,oily,brown,P424378,Drunk Elephant,38.0
5,1.0,1.0,4.0,0.0,1.6094379124341003,fair,green,combination,brown,P424378,Drunk Elephant,38.0
1,0.0,0.866666973,15.0,1.0986122886681098,2.6390573296152584,tan,brown,combination,black,P482269,Josie Maran,46.0
5,1.0,1.0,4.0,0.0,1.6094379124341003,light,hazel,oily,brown,P482269,Josie Maran,46.0
3,0.0,0.363635987,11.0,2.0794415416798357,1.6094379124341003,lightMedium,hazel,combination,brown,P454095,REN Clean Skincare,37.0
2,0.0,0.714286029,7.0,1.0986122886681098,1.791759469228055,fairLight,brown,oily,brown,P454095,REN Clean Skincare,37.0
1,0.0,0.285714,7.0,1.791759469228055,1.0986122886681098,deep,brown,combination,black,P454095,REN Clean Skincare,37.0
4,1.0,0.25,4.0,1.3862943611198906,0.6931471805599453,light,green,combination,blonde,P504433,Paula's Choice,58.0
4,1.0,1.0,7.0,0.0,2.0794415416798357,light,blue,dry,blonde,P296413,Algenist,28.0
2,0.0,0.555555999,18.0,2.1972245773362196,2.3978952727983707,fair,brown,combination,brown,P469510,Paula's Choice,62.0
4,1.0,0.666666985,6.0,1.0986122886681098,1.6094379124341003,light,green,combination,brown,P469510,Paula's Choice,62.0
5,1.0,0.600000024,5.0,1.0986122886681098,1.3862943611198906,light,hazel,dry,brown,P469510,Paula's Choice,62.0
5,1.0,1.0,7.0,0.0,2.0794415416798357,light,hazel,normal,brown,P469510,Paula's Choice,62.0
5,1.0,0.545454979,11.0,1.791759469228055,1.9459101490553132,lightMedium,green,combination,blonde,P469510,Paula's Choice,62.0
4,1.0,0.909090996,11.0,0.6931471805599453,2.3978952727983707,medium,brown,combination,brown,P470058,Supergoop!,42.0
5,1.0,0.800000012,5.0,0.6931471805599453,1.6094379124341003,medium,brown,normal,brown,P455613,alpyn beauty,62.0
1,0.0,0.600000024,10.0,1.6094379124341003,1.9459101490553132,fair,green,dry,black,P455613,alpyn beauty,62.0
3,0.0,0.8125,16.0,1.3862943611198906,2.6390573296152584,light,brown,combination,brown,P455613,alpyn beauty,62.0
5,1.0,1.0,6.0,0.0,1.9459101490553132,fair,brown,dry,black,P455613,alpyn beauty,62.0
5,1.0,0.142857,7.0,1.9459101490553132,0.6931471805599453,medium,brown,normal,black,P455613,alpyn beauty,62.0
2,0.0,0.352941006,17.0,2.4849066497880004,1.9459101490553132,light,blue,dry,blonde,P455613,alpyn beauty,62.0
1,0.0,0.518518984,27.0,2.6390573296152584,2.70805020110221,fairLight,green,dry,auburn,P417867,Tatcha,125.0
1,0.0,0.772727013,44.0,2.3978952727983707,3.5553480614894135,fairLight,blue,dry,blonde,P417867,Tatcha,125.0
4,1.0,0.909090996,33.0,1.3862943611198906,3.4339872044851463,tan,brown,normal,auburn,P417867,Tatcha,125.0
5,1.0,0.941175997,17.0,0.6931471805599453,2.833213344056216,lightMedium,brown,combination,black,P417867,Tatcha,125.0
4,1.0,0.600000024,10.0,1.6094379124341003,1.9459101490553132,fairLight,brown,dry,black,P417867,Tatcha,125.0
5,1.0,1.0,5.0,0.0,1.791759469228055,light,brown,combination,brown,P433143,Murad,49.0
5,1.0,1.0,7.0,0.0,2.0794415416798357,light,hazel,dry,brown,P433143,Murad,49.0
5,1.0,0.785713971,14.0,1.3862943611198906,2.4849066497880004,medium,brown,combination,brown,P462891,Origins,46.0
5,1.0,1.0,5.0,0.0,1.791759469228055,fair,brown,combination,brown,P462891,Origins,46.0
3,1.0,0.375,8.0,1.791759469228055,1.3862943611198906,light,hazel,combination,auburn,P462891,Origins,46.0
5,1.0,0.0,6.0,1.9459101490553132,0.0,fair,blue,combination,blonde,P503747,CLINIQUE,38.0
5,1.0,1.0,7.0,0.0,2.0794415416798357,lightMedium,brown,combination,brown,P461667,ONE/SIZE by Patrick Starrr,18.0
4,1.0,0.823529005,17.0,1.3862943611198906,2.70805020110221,lightMedium,blue,combination,blonde,P461667,ONE/SIZE by Patrick Starrr,18.0
3,1.0,0.5,28.0,2.70805020110221,2.70805020110221,light,brown,dry,brown,P442752,The Ordinary,30.9
5,1.0,0.666666985,6.0,1.0986122886681098,1.6094379124341003,medium,brown,combination,black,P442752,The Ordinary,30.9
5,1.0,0.882353008,17.0,1.0986122886681098,2.772588722239781,fairLight,green,combination,blonde,P442752,The Ordinary,30.9
4,1.0,1.0,12.0,0.0,2.5649493574615367,mediumTan,brown,normal,black,P442752,The Ordinary,30.9
5,1.0,1.0,24.0,0.0,3.2188758248682006,light,green,combination,brown,P442752,The Ordinary,30.9
5,1.0,0.833333015,6.0,0.6931471805599453,1.791759469228055,light,brown,combination,brown,P442752,The Ordinary,30.9
5,1.0,1.0,29.0,0.0,3.4011973816621555,light,blue,combination,blonde,P442752,The Ordinary,30.9
5,1.0,0.888889015,9.0,0.6931471805599453,2.1972245773362196,light,green,oily,brown,P442752,The Ordinary,30.9
1,0.0,0.393938988,33.0,3.044522437723423,2.6390573296152584,medium,brown,combination,brown,P442752,The Ordinary,30.9
1,0.0,0.5,4.0,1.0986122886681098,1.0986122886681098,medium,brown,oily,brown,P501781,Peace Out,28.0
4,1.0,0.285714,7.0,1.791759469228055,1.0986122886681098,light,brown,combination,brown,P501781,Peace Out,28.0
5,1.0,1.0,7.0,0.0,2.0794415416798357,fair,brown,combination,brown,P501781,Peace Out,28.0
3,0.0,1.0,12.0,0.0,2.5649493574615367,lightMedium,brown,normal,brown,P467973,Shani Darden Skin Care,68.0
4,1.0,1.0,4.0,0.0,1.6094379124341003,mediumTan,brown,dry,black,P467973,Shani Darden Skin Care,68.0
5,1.0,1.0,8.0,0.0,2.1972245773362196,light,blue,normal,brown,P467973,Shani Darden Skin Care,68.0
5,1.0,1.0,5.0,0.0,1.791759469228055,deep,brown,combination,black,P467973,Shani Darden Skin Care,68.0
5,1.0,0.857142985,7.0,0.6931471805599453,1.9459101490553132,fair,green,combination,brown,P467973,Shani Darden Skin Care,68.0
5,1.0,0.800000012,10.0,1.0986122886681098,2.1972245773362196,mediumTan,brown,combination,black,P38217,Murad,45.0
4,1.0,0.800000012,5.0,0.6931471805599453,1.6094379124341003,light,blue,dry,black,P38217,Murad,45.0
3,0.0,0.600000024,5.0,1.0986122886681098,1.3862943611198906,fairLight,blue,oily,red,P107306,Murad,89.0
5,1.0,1.0,22.0,0.0,3.1354942159291497,light,blue,dry,brown,P107306,Murad,89.0
4,1.0,0.916666985,12.0,0.6931471805599453,2.4849066497880004,light,blue,combination,brown,P107306,Murad,89.0
2,1.0,0.75,4.0,0.6931471805599453,1.3862943611198906,light,blue,combination,brown,P107306,Murad,89.0
4,1.0,1.0,6.0,0.0,1.9459101490553132,light,blue,combination,brown,P107306,Murad,89.0
1,0.0,0.5,10.0,1.791759469228055,1.791759469228055,lightMedium,brown,combination,black,P447785,Dr. Barbara Sturm,145.0
3,0.0,0.75,12.0,1.3862943611198906,2.302585092994046,fair,brown,combination,auburn,P447785,Dr. Barbara Sturm,145.0
5,1.0,0.899999976,10.0,0.6931471805599453,2.302585092994046,light,brown,normal,black,P481096,Herbivore,65.0
3,0.0,0.75,4.0,0.6931471805599453,1.3862943611198906,medium,brown,dry,brown,P481096,Herbivore,65.0
5,1.0,1.0,22.0,0.0,3.1354942159291497,fairLight,blue,dry,blonde,P481096,Herbivore,65.0
5,1.0,0.666666985,6.0,1.0986122886681098,1.6094379124341003,light,brown,normal,blonde,P91627362,ONE/SIZE by Patrick Starrr,24.0
1,0.0,0.166666999,6.0,1.791759469228055,0.6931471805599453,medium,green,combination,brown,P91627362,ONE/SIZE by Patrick Starrr,24.0
1,0.0,1.0,6.0,0.0,1.9459101490553132,mediumTan,brown,normal,black,P91627362,ONE/SIZE by Patrick Starrr,24.0
5,1.0,0.285714,7.0,1.791759469228055,1.0986122886681098,light,brown,dry,black,P91627362,ONE/SIZE by Patrick Starrr,24.0
1,0.0,0.411765009,34.0,3.044522437723423,2.70805020110221,light,brown,normal,black,P91627362,ONE/SIZE by Patrick Starrr,24.0
5,1.0,0.782608986,23.0,1.791759469228055,2.9444389791664403,fairLight,hazel,combination,brown,P91627362,ONE/SIZE by Patrick Starrr,24.0
5,1.0,0.5,4.0,1.0986122886681098,1.0986122886681098,tan,brown,dry,black,P480629,Peace Out,29.0
3,1.0,1.0,4.0,0.0,1.6094379124341003,medium,hazel,oily,black,P480629,Peace Out,29.0
1,0.0,0.699999988,10.0,1.3862943611198906,2.0794415416798357,fair,brown,normal,black,P471039,iNNBEAUTY PROJECT,17.0
5,1.0,1.0,5.0,0.0,1.791759469228055,lightMedium,blue,dry,brown,P471039,iNNBEAUTY PROJECT,17.0
1,0.0,1.0,9.0,0.0,2.302585092994046,light,brown,combination,brown,P471039,iNNBEAUTY PROJECT,17.0
5,1.0,0.0,53.0,3.9889840465642745,0.0,fair,green,combination,blonde,P471039,iNNBEAUTY PROJECT,17.0
5,1.0,0.047619,21.0,3.044522437723423,0.6931471805599453,tan,brown,oily,black,P471039,iNNBEAUTY PROJECT,17.0
5,1.0,0.909090996,11.0,0.6931471805599453,2.3978952727983707,light,blue,combination,blonde,P458546,LAWLESS,32.0
3,1.0,0.25,4.0,1.3862943611198906,0.6931471805599453,lightMedium,brown,dry,brown,P458546,LAWLESS,32.0
5,1.0,0.0,5.0,1.791759469228055,0.0,lightMedium,brown,oily,brown,P458546,LAWLESS,32.0
5,1.0,0.909090996,11.0,0.6931471805599453,2.3978952727983707,rich,brown,normal,black,P501190,Dr. Dennis Gross Skincare,75.0
5,1.0,0.600000024,5.0,1.0986122886681098,1.3862943611198906,fair,green,dry,auburn,P501243,goop,98.0
5,1.0,1.0,10.0,0.0,2.3978952727983707,mediumTan,brown,oily,brown,P420143,Tata Harper,75.0
5,1.0,0.959999979,50.0,1.0986122886681098,3.8918202981106265,medium,brown,combination,brown,P420143,Tata Harper,75.0
5,1.0,0.833333015,6.0,0.6931471805599453,1.791759469228055,fair,blue,oily,blonde,P442753,The Ordinary,9.4
5,1.0,0.928570986,14.0,0.6931471805599453,2.6390573296152584,fair,blue,combination,brown,P442753,The Ordinary,9.4
5,1.0,0.75,8.0,1.0986122886681098,1.9459101490553132,fair,blue,normal,gray,P442753,The Ordinary,9.4
5,1.0,0.806451976,31.0,1.9459101490553132,3.258096538021482,light,hazel,oily,brown,P442753,The Ordinary,9.4
5,1.0,1.0,8.0,0.0,2.1972245773362196,lightMedium,blue,combination,brown,P442753,The Ordinary,9.4
5,1.0,0.972221971,36.0,0.6931471805599453,3.58351893845611,fair,blue,combination,brown,P442753,The Ordinary,9.4
5,1.0,1.0,13.0,0.0,2.6390573296152584,medium,brown,combination,black,P442753,The Ordinary,9.4
4,1.0,0.588235021,17.0,2.0794415416798357,2.3978952727983707,fair,green,combination,red,P442753,The Ordinary,9.4
1,0.0,0.753247023,77.0,2.995732273553991,4.07753744390572,light,blue,combination,brown,P442753,The Ordinary,9.4
5,1.0,0.888889015,18.0,1.0986122886681098,2.833213344056216,fair,blue,combination,brown,P474824,Dr. Dennis Gross Skincare,87.0
5,1.0,0.25,4.0,1.3862943611198906,0.6931471805599453,light,brown,normal,black,P405826,HUM Nutrition,39.0
5,1.0,1.0,4.0,0.0,1.6094379124341003,light,brown,combination,black,P405826,HUM Nutrition,39.0
3,1.0,0.375,8.0,1.791759469228055,1.3862943611198906,light,brown,normal,black,P405826,HUM Nutrition,39.0
5,1.0,1.0,7.0,0.0,2.0794415416798357,light,brown,normal,black,P405826,HUM Nutrition,39.0
1,0.0,0.75,4.0,0.6931471805599453,1.3862943611198906,light,brown,combination,blonde,P435975,Charlotte Tilbury,30.0
1,0.0,0.600000024,10.0,1.6094379124341003,1.9459101490553132,fair,blue,oily,blonde,P435975,Charlotte Tilbury,30.0
3,0.0,0.899999976,10.0,0.6931471805599453,2.302585092994046,light,blue,normal,brown,P435975,Charlotte Tilbury,30.0
5,1.0,1.0,7.0,0.0,2.0794415416798357,mediumTan,brown,dry,red,P435975,Charlotte Tilbury,30.0
5,1.0,0.75,4.0,0.6931471805599453,1.3862943611198906,lightMedium,blue,normal,blonde,P483658,First Aid Beauty,28.0
1,0.0,0.5,6.0,1.3862943611198906,1.3862943611198906,light,brown,normal,brown,P442757,The Ordinary,11.1
3,0.0,1.0,5.0,0.0,1.791759469228055,deep,brown,dry,black,P442757,The Ordinary,11.1
4,1.0,1.0,12.0,0.0,2.5649493574615367,medium,brown,dry,black,P442757,The Ordinary,11.1
5,1.0,1.0,25.0,0.0,3.258096538021482,fairLight,brown,combination,black,P442757,The Ordinary,11.1
1,0.0,0.902778029,72.0,2.0794415416798357,4.189654742026425,mediumTan,brown,combination,black,P442757,The Ordinary,11.1
5,1.0,1.0,6.0,0.0,1.9459101490553132,light,hazel,dry,brown,P442757,The Ordinary,11.1
4,1.0,1.0,12.0,0.0,2.5649493574615367,fair,brown,normal,auburn,P442757,The Ordinary,11.1
5,1.0,0.956521988,92.0,1.6094379124341003,4.48863636973214,light,brown,combination,blonde,P442757,The Ordinary,11.1
4,1.0,0.600000024,5.0,1.0986122886681098,1.3862943611198906,medium,brown,combination,black,P379907,Algenist,82.0
5,1.0,1.0,4.0,0.0,1.6094379124341003,medium,brown,combination,black,P379907,Algenist,82.0
1,1.0,0.636363983,11.0,1.6094379124341003,2.0794415416798357,medium,brown,combination,black,P379907,Algenist,82.0
5,1.0,1.0,5.0,0.0,1.791759469228055,light,brown,dry,brown,P455899,The Ordinary,8.9
3,0.0,0.625,8.0,1.3862943611198906,1.791759469228055,deep,brown,dry,black,P455899,The Ordinary,8.9
5,1.0,1.0,11.0,0.0,2.4849066497880004,mediumTan,brown,dry,brown,P455899,The Ordinary,8.9
5,1.0,0.923076987,13.0,0.6931471805599453,2.5649493574615367,light,brown,dry,brown,P455899,The Ordinary,8.9
1,0.0,0.170732006,41.0,3.5553480614894135,2.0794415416798357,fair,brown,combination,brown,P455899,The Ordinary,8.9
5,1.0,0.857142985,7.0,0.6931471805599453,1.9459101490553132,medium,green,oily,brown,P455899,The Ordinary,8.9
5,1.0,0.666666985,6.0,1.0986122886681098,1.6094379124341003,lightMedium,brown,dry,blonde,P455899,The Ordinary,8.9
1,0.0,0.555555999,36.0,2.833213344056216,3.044522437723423,light,blue,dry,brown,P455899,The Ordinary,8.9
5,1.0,1.0,9.0,0.0,2.302585092994046,fair,brown,combination,brown,P417984,CLINIQUE,44.0
3,0.0,1.0,4.0,0.0,1.6094379124341003,fair,blue,dry,blonde,P417984,CLINIQUE,44.0
4,1.0,0.400000006,5.0,1.3862943611198906,1.0986122886681098,fair,hazel,dry,auburn,P417984,CLINIQUE,44.0
4,1.0,0.899999976,10.0,0.6931471805599453,2.302585092994046,fair,brown,dry,brown,P417984,CLINIQUE,44.0
5,1.0,0.681818008,22.0,2.0794415416798357,2.772588722239781,light,brown,combination,black,P480160,Caudalie,129.0
5,1.0,0.826086998,23.0,1.6094379124341003,2.995732273553991,fairLight,brown,combination,brown,P480160,Caudalie,129.0
5,1.0,0.800000012,5.0,0.6931471805599453,1.6094379124341003,deep,brown,combination,auburn,P480160,Caudalie,129.0
5,1.0,0.800000012,5.0,0.6931471805599453,1.6094379124341003,light,brown,combination,blonde,P480160,Caudalie,129.0
5,1.0,0.833333015,6.0,0.6931471805599453,1.791759469228055,deep,brown,combination,black,P469530,Peace Out,22.0
5,1.0,0.75,4.0,0.6931471805599453,1.3862943611198906,deep,brown,combination,auburn,P469530,Peace Out,22.0
4,1.0,1.0,5.0,0.0,1.791759469228055,light,green,combination,brown,P469530,Peace Out,22.0
1,1.0,0.245282993,53.0,3.713572066704308,2.6390573296152584,fair,blue,combination,brown,P400205,Herbivore,74.0
3,1.0,0.272727013,11.0,2.1972245773362196,1.3862943611198906,fair,blue,combination,brown,P400205,Herbivore,74.0
4,1.0,1.0,7.0,0.0,2.0794415416798357,lightMedium,brown,oily,brown,P462339,Bobbi Brown,58.0
2,0.0,0.897436023,39.0,1.6094379124341003,3.58351893845611,light,blue,combination,blonde,P462339,Bobbi Brown,58.0
5,1.0,0.800000012,10.0,1.0986122886681098,2.1972245773362196,fairLight,brown,combination,brown,P473725,SEPHORA COLLECTION,18.0
5,1.0,0.90476203,21.0,1.0986122886681098,2.995732273553991,fair,green,combination,blonde,P473725,SEPHORA COLLECTION,18.0
5,1.0,1.0,5.0,0.0,1.791759469228055,lightMedium,brown,dry,black,P472057,SEPHORA COLLECTION,14.0
2,0.0,0.666666985,6.0,1.0986122886681098,1.6094379124341003,lightMedium,brown,dry,brown,P442850,Skinfix,52.0
3,0.0,1.0,11.0,0.0,2.4849066497880004,lightMedium,brown,combination,blonde,P442850,Skinfix,52.0
5,1.0,1.0,8.0,0.0,2.1972245773362196,fair,blue,normal,blonde,P442850,Skinfix,52.0
4,1.0,0.571429014,7.0,1.3862943611198906,1.6094379124341003,light,blue,combination,blonde,P442850,Skinfix,52.0
2,0.0,0.800000012,5.0,0.6931471805599453,1.6094379124341003,medium,brown,dry,black,P433453,FOREO,89.0
1,0.0,0.75,12.0,1.3862943611198906,2.302585092994046,deep,brown,oily,black,P433453,FOREO,89.0
1,0.0,0.885905981,113.72000000000116,2.8903717578961645,4.890349128221754,olive,green,combination,brunette,P433453,FOREO,89.0
5,1.0,0.444444001,9.0,1.791759469228055,1.6094379124341003,light,brown,normal,blonde,P379711,Tata Harper,146.0
2,0.0,0.600000024,5.0,1.0986122886681098,1.3862943611198906,mediumTan,brown,combination,brown,P379711,Tata Harper,146.0
1,0.0,0.666666985,6.0,1.0986122886681098,1.6094379124341003,lightMedium,blue,oily,brown,P379711,Tata Harper,146.0
5,1.0,1.0,7.0,0.0,2.0794415416798357,light,brown,combination,black,P379711,Tata Harper,146.0
5,1.0,0.800000012,5.0,0.6931471805599453,1.6094379124341003,light,brown,normal,black,P379711,Tata Harper,146.0
4,1.0,1.0,13.0,0.0,2.6390573296152584,light,brown,combination,black,P379711,Tata Harper,146.0
3,1.0,0.555555999,9.0,1.6094379124341003,1.791759469228055,light,brown,normal,black,P379711,Tata Harper,146.0
3,0.0,0.800000012,5.0,0.6931471805599453,1.6094379124341003,light,brown,oily,blonde,P471227,Caudalie,69.0
5,1.0,1.0,4.0,0.0,1.6094379124341003,fair,blue,dry,blonde,P471227,Caudalie,69.0
5,1.0,0.909090996,22.0,1.0986122886681098,3.044522437723423,fairLight,green,combination,blonde,P398761,Dr. Dennis Gross Skincare,20.0
4,1.0,1.0,13.0,0.0,2.6390573296152584,light,brown,oily,black,P398761,Dr. Dennis Gross Skincare,20.0
5,1.0,1.0,6.0,0.0,1.9459101490553132,light,green,dry,red,P398761,Dr. Dennis Gross Skincare,20.0
5,1.0,1.0,35.0,0.0,3.58351893845611,fairLight,green,combination,blonde,P398761,Dr. Dennis Gross Skincare,20.0
5,1.0,0.952381015,21.0,0.6931471805599453,3.044522437723423,fairLight,green,combination,blonde,P398761,Dr. Dennis Gross Skincare,20.0
1,1.0,0.615384996,26.0,2.3978952727983707,2.833213344056216,fairLight,green,combination,blonde,P398761,Dr. Dennis Gross Skincare,20.0
4,1.0,1.0,11.0,0.0,2.4849066497880004,light,brown,combination,black,P429662,Dr. Brandt Skincare,44.0
3,0.0,0.952381015,21.0,0.6931471805599453,3.044522437723423,fair,blue,combination,blonde,P429662,Dr. Brandt Skincare,44.0
5,1.0,1.0,12.0,0.0,2.5649493574615367,light,blue,combination,brown,P296415,Algenist,94.0
5,1.0,0.954545021,22.0,0.6931471805599453,3.091042453358316,light,blue,normal,brown,P296415,Algenist,94.0
5,1.0,0.928570986,14.0,0.6931471805599453,2.6390573296152584,light,blue,combination,brown,P296415,Algenist,94.0
2,0.0,0.875,8.0,0.6931471805599453,2.0794415416798357,mediumTan,brown,normal,brown,P457442,SEPHORA COLLECTION,9.0
2,0.0,0.888889015,9.0,0.6931471805599453,2.1972245773362196,lightMedium,blue,combination,blonde,P457442,SEPHORA COLLECTION,9.0
5,1.0,0.888889015,9.0,0.6931471805599453,2.1972245773362196,lightMedium,blue,combination,brown,P457442,SEPHORA COLLECTION,9.0
1,0.0,0.75,8.0,1.0986122886681098,1.9459101490553132,fair,hazel,combination,brown,P457442,SEPHORA COLLECTION,9.0
5,1.0,1.0,12.0,0.0,2.5649493574615367,lightMedium,brown,dry,black,P457442,SEPHORA COLLECTION,9.0
5,1.0,0.608695984,23.0,2.302585092994046,2.70805020110221,lightMedium,brown,dry,brown,P457442,SEPHORA COLLECTION,9.0
2,0.0,0.75,4.0,0.6931471805599453,1.3862943611198906,mediumTan,brown,combination,black,P232327,CLINIQUE,30.0
5,1.0,0.882353008,17.0,1.0986122886681098,2.772588722239781,deep,brown,oily,black,P232327,CLINIQUE,30.0
4,1.0,0.979166985,48.0,0.6931471805599453,3.871201010907891,mediumTan,brown,combination,black,P232327,CLINIQUE,30.0
3,1.0,0.727272987,11.0,1.3862943611198906,2.1972245773362196,fair,blue,dry,blonde,P427405,The Ordinary,10.5
4,1.0,0.5,10.0,1.791759469228055,1.791759469228055,lightMedium,brown,normal,brown,P427405,The Ordinary,10.5
5,1.0,0.818181992,11.0,1.0986122886681098,2.302585092994046,medium,brown,combination,black,P427405,The Ordinary,10.5
5,1.0,0.909090996,22.0,1.0986122886681098,3.044522437723423,rich,brown,dry,brown,P427405,The Ordinary,10.5
2,0.0,0.736841977,19.0,1.791759469228055,2.70805020110221,light,blue,normal,blonde,P427405,The Ordinary,10.5
5,1.0,0.75,16.0,1.6094379124341003,2.5649493574615367,lightMedium,brown,dry,brown,P427405,The Ordinary,10.5
5,1.0,0.875,56.0,2.0794415416798357,3.912023005428146,lightMedium,brown,combination,brown,P427405,The Ordinary,10.5
5,1.0,0.833333015,6.0,0.6931471805599453,1.791759469228055,medium,brown,oily,brown,P458724,SEPHORA COLLECTION,18.0
5,1.0,0.875,8.0,0.6931471805599453,2.0794415416798357,medium,green,combination,brown,P458724,SEPHORA COLLECTION,18.0
5,1.0,0.615384996,13.0,1.791759469228055,2.1972245773362196,lightMedium,brown,combination,brown,P458724,SEPHORA COLLECTION,18.0
5,1.0,0.800000012,5.0,0.6931471805599453,1.6094379124341003,light,blue,dry,brown,P458724,SEPHORA COLLECTION,18.0
4,1.0,0.958333015,48.0,1.0986122886681098,3.8501476017100584,mediumTan,brown,combination,black,P458724,SEPHORA COLLECTION,18.0
5,1.0,0.90476203,21.0,1.0986122886681098,2.995732273553991,mediumTan,hazel,oily,brown,P458724,SEPHORA COLLECTION,18.0
5,1.0,1.0,19.0,0.0,2.995732273553991,lightMedium,brown,oily,black,P458724,SEPHORA COLLECTION,18.0
4,1.0,0.600000024,10.0,1.6094379124341003,1.9459101490553132,light,brown,normal,blonde,P469519,Paula's Choice,26.0
5,1.0,1.0,6.0,0.0,1.9459101490553132,light,hazel,combination,brown,P469519,Paula's Choice,26.0
2,0.0,0.75,4.0,0.6931471805599453,1.3862943611198906,deep,brown,combination,black,P462829,Biossance,28.0
1,0.0,0.75,4.0,0.6931471805599453,1.3862943611198906,fair,brown,combination,blonde,P462829,Biossance,28.0
1,0.0,0.75,8.0,1.0986122886681098,1.9459101490553132,fairLight,blue,dry,brown,P462829,Biossance,28.0
3,0.0,0.800000012,5.0,0.6931471805599453,1.6094379124341003,fair,green,dry,brown,P462829,Biossance,28.0
5,1.0,1.0,17.0,0.0,2.8903717578961645,medium,hazel,combination,brown,P6028,Caudalie,35.0
3,0.0,0.571429014,14.0,1.9459101490553132,2.1972245773362196,tan,brown,combination,black,P501169,Dr. Dennis Gross Skincare,85.0
5,1.0,0.600000024,5.0,1.0986122886681098,1.3862943611198906,lightMedium,blue,dry,red,P501169,Dr. Dennis Gross Skincare,85.0
5,1.0,1.0,12.0,0.0,2.5649493574615367,light,blue,normal,brown,P433973,Naturally Serious,32.0
5,1.0,0.600000024,15.0,1.9459101490553132,2.302585092994046,fair,brown,combination,brown,P433973,Naturally Serious,32.0
5,1.0,1.0,5.0,0.0,1.791759469228055,light,blue,dry,black,P461935,FOREO,245.0
1,0.0,0.833333015,24.0,1.6094379124341003,3.044522437723423,fair,brown,combination,black,P461935,FOREO,245.0
5,1.0,1.0,6.0,0.0,1.9459101490553132,fairLight,green,combination,brown,P474326,Herbivore,46.0
3,0.0,0.699999988,10.0,1.3862943611198906,2.0794415416798357,fair,hazel,dry,blonde,P474326,Herbivore,46.0
4,1.0,1.0,8.0,0.0,2.1972245773362196,fair,brown,combination,black,P392945,Algenist,118.0
3,1.0,0.5,4.0,1.0986122886681098,1.0986122886681098,fair,brown,combination,black,P392945,Algenist,118.0
4,1.0,0.899999976,10.0,0.6931471805599453,2.302585092994046,fair,brown,combination,black,P392945,Algenist,118.0
4,1.0,1.0,9.0,0.0,2.302585092994046,fair,brown,dry,black,P392945,Algenist,118.0
5,1.0,1.0,5.0,0.0,1.791759469228055,fair,brown,oily,black,P392945,Algenist,118.0
2,1.0,0.5,6.0,1.3862943611198906,1.3862943611198906,fair,brown,normal,black,P392945,Algenist,118.0
5,1.0,0.800000012,10.0,1.0986122886681098,2.1972245773362196,fair,brown,combination,black,P392945,Algenist,118.0
5,1.0,0.666666985,6.0,1.0986122886681098,1.6094379124341003,lightMedium,green,combination,brown,P481748,TULA Skincare,56.0
5,1.0,0.9375,16.0,0.6931471805599453,2.772588722239781,light,blue,normal,brown,P442759,The Ordinary,8.9
4,1.0,0.833333015,6.0,0.6931471805599453,1.791759469228055,fair,blue,normal,brown,P442759,The Ordinary,8.9
5,1.0,1.0,5.0,0.0,1.791759469228055,light,brown,dry,brown,P442759,The Ordinary,8.9
5,1.0,0.944444001,18.0,0.6931471805599453,2.8903717578961645,fair,brown,combination,brown,P442759,The Ordinary,8.9
5,1.0,0.909090996,11.0,0.6931471805599453,2.3978952727983707,lightMedium,green,combination,blonde,P442759,The Ordinary,8.9
5,1.0,0.892857015,28.0,1.3862943611198906,3.258096538021482,fair,blue,combination,blonde,P442759,The Ordinary,8.9
5,1.0,1.0,9.0,0.0,2.302585092994046,light,brown,oily,black,P443837,The INKEY List,7.49
1,0.0,0.083333299,12.0,2.4849066497880004,0.6931471805599453,medium,brown,combination,brown,P443837,The INKEY List,7.49
5,1.0,0.5,10.0,1.791759469228055,1.791759469228055,lightMedium,brown,combination,black,P500039,Nécessaire,60.0
3,0.0,0.5,6.0,1.3862943611198906,1.3862943611198906,light,brown,oily,brown,P405944,Shiseido,42.0
5,1.0,0.941175997,17.0,0.6931471805599453,2.833213344056216,light,brown,combination,brown,P405944,Shiseido,42.0
5,1.0,1.0,6.0,0.0,1.9459101490553132,fair,blue,dry,blonde,P423135,Dermalogica,94.0
3,0.0,0.428570986,7.0,1.6094379124341003,1.3862943611198906,lightMedium,brown,normal,brown,P422257,Kiehl's Since 1851,35.0
5,1.0,1.0,5.0,0.0,1.791759469228055,fair,brown,combination,brown,P422257,Kiehl's Since 1851,35.0
2,0.0,0.833333015,12.0,1.0986122886681098,2.3978952727983707,fairLight,brown,normal,brown,P422257,Kiehl's Since 1851,35.0
5,1.0,0.944444001,18.0,0.6931471805599453,2.8903717578961645,mediumTan,brown,dry,brown,P422257,Kiehl's Since 1851,35.0
5,1.0,0.882353008,17.0,1.0986122886681098,2.772588722239781,fair,brown,dry,brown,P422257,Kiehl's Since 1851,35.0
1,0.0,0.454544991,11.0,1.9459101490553132,1.791759469228055,mediumTan,brown,dry,red,P477492,alpyn beauty,49.0
5,1.0,0.5,4.0,1.0986122886681098,1.0986122886681098,light,brown,combination,brown,P468396,Origins,61.0
3,0.0,0.666666985,6.0,1.0986122886681098,1.6094379124341003,light,brown,combination,brown,P483127,iNNBEAUTY PROJECT,48.0
3,1.0,0.400000006,5.0,1.3862943611198906,1.0986122886681098,deep,brown,combination,black,P483127,iNNBEAUTY PROJECT,48.0
5,1.0,1.0,5.0,0.0,1.791759469228055,fair,brown,combination,black,P503992,MARA,58.0
5,1.0,1.0,7.0,0.0,2.0794415416798357,light,green,oily,brown,P440937,Kiehl's Since 1851,55.0
5,1.0,0.833333015,6.0,0.6931471805599453,1.791759469228055,light,blue,combination,brown,P440937,Kiehl's Since 1851,55.0
5,1.0,0.875,8.0,0.6931471805599453,2.0794415416798357,fairLight,green,combination,blonde,P440937,Kiehl's Since 1851,55.0
5,1.0,1.0,4.0,0.0,1.6094379124341003,light,hazel,oily,brown,P440937,Kiehl's Since 1851,55.0
3,0.0,0.5,4.0,1.0986122886681098,1.0986122886681098,lightMedium,green,oily,brown,P469862,Freck Beauty,34.0
1,0.0,0.666666985,15.0,1.791759469228055,2.3978952727983707,mediumTan,brown,normal,brown,P469862,Freck Beauty,34.0
4,1.0,0.78947401,19.0,1.6094379124341003,2.772588722239781,rich,brown,dry,black,P469862,Freck Beauty,34.0
3,0.0,0.615384996,13.0,1.791759469228055,2.1972245773362196,lightMedium,brown,combination,brown,P469862,Freck Beauty,34.0
5,1.0,0.75,8.0,1.0986122886681098,1.9459101490553132,mediumTan,brown,combination,black,P469862,Freck Beauty,34.0
2,0.0,0.346154004,26.0,2.8903717578961645,2.302585092994046,light,blue,combination,brown,P469862,Freck Beauty,34.0
2,0.0,0.925000012,40.0,1.3862943611198906,3.6375861597263857,light,Grey,normal,brown,P481367,CAY SKIN,14.0
5,1.0,0.833333015,6.0,0.6931471805599453,1.791759469228055,fair,brown,dry,black,P481367,CAY SKIN,14.0
5,1.0,0.75,4.0,0.6931471805599453,1.3862943611198906,medium,blue,combination,brown,P474971,Peace Out,28.0
1,0.0,0.5,4.0,1.0986122886681098,1.0986122886681098,fair,blue,combination,blonde,P474971,Peace Out,28.0
1,0.0,0.571429014,7.0,1.3862943611198906,1.6094379124341003,tan,brown,combination,black,P474971,Peace Out,28.0
3,1.0,0.357143015,14.0,2.302585092994046,1.791759469228055,lightMedium,brown,dry,brown,P474971,Peace Out,28.0
3,0.0,0.523810029,21.0,2.3978952727983707,2.4849066497880004,fair,brown,normal,brown,P469511,Paula's Choice,52.0
5,1.0,1.0,9.0,0.0,2.302585092994046,fair,Grey,dry,blonde,P469511,Paula's Choice,52.0
5,1.0,0.875,8.0,0.6931471805599453,2.0794415416798357,fair,brown,normal,blonde,P469511,Paula's Choice,52.0
5,1.0,1.0,4.0,0.0,1.6094379124341003,light,hazel,dry,brown,P232902,Kate Somerville,44.0
4,1.0,0.25,4.0,1.3862943611198906,0.6931471805599453,fair,hazel,combination,brown,P232902,Kate Somerville,44.0
5,1.0,0.75,4.0,0.6931471805599453,1.3862943611198906,light,hazel,normal,brown,P232902,Kate Somerville,44.0
5,1.0,0.666666985,6.0,1.0986122886681098,1.6094379124341003,fair,hazel,oily,brown,P232902,Kate Somerville,44.0
5,1.0,1.0,12.0,0.0,2.5649493574615367,light,blue,oily,blonde,P453713,HUM Nutrition,12.0
5,1.0,1.0,7.0,0.0,2.0794415416798357,fairLight,hazel,combination,brown,P479352,Tatcha,62.0
5,1.0,0.899999976,10.0,0.6931471805599453,2.302585092994046,lightMedium,brown,oily,brown,P479352,Tatcha,62.0
5,1.0,0.625,8.0,1.3862943611198906,1.791759469228055,lightMedium,brown,combination,black,P479352,Tatcha,62.0
4,1.0,0.600000024,5.0,1.0986122886681098,1.3862943611198906,lightMedium,brown,combination,black,P479353,The INKEY List,10.99
5,1.0,0.5,4.0,1.0986122886681098,1.0986122886681098,light,green,dry,brown,P479353,The INKEY List,10.99
4,1.0,1.0,11.0,0.0,2.4849066497880004,tan,brown,combination,black,P428240,Dermalogica,55.0
5,1.0,0.5,4.0,1.0986122886681098,1.0986122886681098,light,brown,normal,black,P500244,Peter Thomas Roth,65.0
2,0.0,0.5,10.0,1.791759469228055,1.791759469228055,medium,brown,combination,black,P474325,Herbivore,46.0
1,0.0,0.272727013,11.0,2.1972245773362196,1.3862943611198906,light,brown,oily,brown,P474325,Herbivore,46.0
3,0.0,1.0,4.0,0.0,1.6094379124341003,fair,blue,normal,blonde,P474325,Herbivore,46.0
2,0.0,0.545454979,11.0,1.791759469228055,1.9459101490553132,fair,blue,oily,brown,P474325,Herbivore,46.0
5,1.0,0.600000024,5.0,1.0986122886681098,1.3862943611198906,lightMedium,hazel,oily,blonde,P469507,Paula's Choice,39.0
4,1.0,0.600000024,5.0,1.0986122886681098,1.3862943611198906,fairLight,blue,dry,red,P469507,Paula's Choice,39.0
4,1.0,0.909090996,11.0,0.6931471805599453,2.3978952727983707,lightMedium,brown,combination,blonde,P469507,Paula's Choice,39.0
5,1.0,0.976743996,43.0,0.6931471805599453,3.7612001156935624,lightMedium,brown,oily,black,P469507,Paula's Choice,39.0
5,1.0,0.875,8.0,0.6931471805599453,2.0794415416798357,rich,brown,oily,black,P475932,EADEM,68.0
5,1.0,0.800000012,5.0,0.6931471805599453,1.6094379124341003,lightMedium,brown,dry,brown,P475932,EADEM,68.0
5,1.0,1.0,10.0,0.0,2.3978952727983707,light,blue,combination,blonde,P432831,Moon Juice,58.0
5,1.0,1.0,6.0,0.0,1.9459101490553132,lightMedium,brown,combination,brown,P432831,Moon Juice,58.0
5,1.0,1.0,4.0,0.0,1.6094379124341003,light,green,normal,blonde,P432831,Moon Juice,58.0
1,0.0,0.5,18.0,2.302585092994046,2.302585092994046,lightMedium,blue,normal,brown,P432831,Moon Juice,58.0
5,1.0,0.75,4.0,0.6931471805599453,1.3862943611198906,light,hazel,oily,brown,P407387,HUM Nutrition,10.0
5,1.0,1.0,8.0,0.0,2.1972245773362196,medium,green,oily,auburn,P407387,HUM Nutrition,10.0
5,1.0,0.837837994,37.0,1.9459101490553132,3.4657359027997265,light,brown,normal,blonde,P407387,HUM Nutrition,10.0
3,0.0,1.0,5.0,0.0,1.791759469228055,mediumTan,green,dry,brown,P476028,Summer Fridays,55.0
5,1.0,0.777778029,9.0,1.0986122886681098,2.0794415416798357,medium,brown,dry,black,P476028,Summer Fridays,55.0
3,0.0,1.0,4.0,0.0,1.6094379124341003,mediumTan,green,normal,brown,P476028,Summer Fridays,55.0
5,1.0,0.75,4.0,0.6931471805599453,1.3862943611198906,lightMedium,brown,combination,brown,P476028,Summer Fridays,55.0
1,0.0,0.400000006,5.0,1.3862943611198906,1.0986122886681098,light,brown,oily,blonde,P501213,Biossance,72.0
5,1.0,1.0,17.0,0.0,2.8903717578961645,light,brown,dry,blonde,P480284,Caudalie,139.0
4,1.0,0.75,4.0,0.6931471805599453,1.3862943611198906,medium,brown,oily,blonde,P504028,The Ordinary,25.0
2,0.0,0.175676003,74.0,4.127134385045092,2.6390573296152584,light,gray,dry,blonde,P504028,The Ordinary,25.0
2,0.0,1.0,12.0,0.0,2.5649493574615367,light,blue,normal,auburn,P482552,Tatcha,70.0
5,1.0,0.600000024,5.0,1.0986122886681098,1.3862943611198906,lightMedium,brown,dry,black,P482552,Tatcha,70.0
1,0.0,0.666666985,6.0,1.0986122886681098,1.6094379124341003,light,brown,normal,blonde,P471033,Herbivore,50.0
5,1.0,1.0,7.0,0.0,2.0794415416798357,medium,brown,combination,brown,P471033,Herbivore,50.0
5,1.0,0.600000024,5.0,1.0986122886681098,1.3862943611198906,light,brown,combination,brown,P471033,Herbivore,50.0
4,1.0,0.833333015,6.0,0.6931471805599453,1.791759469228055,fair,brown,dry,brown,P471033,Herbivore,50.0
4,1.0,0.833333015,6.0,0.6931471805599453,1.791759469228055,light,brown,dry,brown,P471033,Herbivore,50.0
5,1.0,0.888889015,9.0,0.6931471805599453,2.1972245773362196,fair,brown,combination,black,P386739,Tata Harper,130.0
4,1.0,0.75,4.0,0.6931471805599453,1.3862943611198906,light,brown,combination,brown,P469818,Freck Beauty,32.0
3,1.0,0.75,4.0,0.6931471805599453,1.3862943611198906,light,brown,oily,black,P469818,Freck Beauty,32.0
3,1.0,0.75,4.0,0.6931471805599453,1.3862943611198906,fair,brown,combination,blonde,P385253,Origins,63.0
4,1.0,0.833333015,6.0,0.6931471805599453,1.791759469228055,fair,brown,combination,blonde,P385253,Origins,63.0
4,1.0,1.0,5.0,0.0,1.791759469228055,fairLight,brown,combination,brown,P448201,Shiseido,75.0
5,1.0,0.875,8.0,0.6931471805599453,2.0794415416798357,lightMedium,brown,normal,brown,P448201,Shiseido,75.0
5,1.0,0.705882013,17.0,1.791759469228055,2.5649493574615367,light,brown,combination,brown,P448201,Shiseido,75.0
5,1.0,1.0,8.0,0.0,2.1972245773362196,light,brown,dry,brown,P474809,Algenist,72.0
2,0.0,0.75,8.0,1.0986122886681098,1.9459101490553132,light,green,combination,blonde,P500055,KORA Organics,48.0
5,1.0,1.0,12.0,0.0,2.5649493574615367,fairLight,green,combination,blonde,P455898,The Ordinary,11.1
4,1.0,0.714286029,7.0,1.0986122886681098,1.791759469228055,fair,brown,normal,brown,P455898,The Ordinary,11.1
4,1.0,0.884615004,26.0,1.3862943611198906,3.1780538303479458,fair,blue,normal,red,P455898,The Ordinary,11.1
5,1.0,0.923076987,39.0,1.3862943611198906,3.6109179126442243,lightMedium,brown,combination,black,P455898,The Ordinary,11.1
5,1.0,0.692308009,13.0,1.6094379124341003,2.302585092994046,fair,brown,combination,black,P455898,The Ordinary,11.1
3,0.0,0.875,8.0,0.6931471805599453,2.0794415416798357,light,hazel,combination,brown,P455898,The Ordinary,11.1
4,1.0,0.75,36.0,2.302585092994046,3.332204510175204,lightMedium,brown,combination,red,P455898,The Ordinary,11.1
5,1.0,0.666666985,9.0,1.3862943611198906,1.9459101490553132,fairLight,brown,dry,brown,P449541,Kiehl's Since 1851,75.0
4,1.0,0.857142985,7.0,0.6931471805599453,1.9459101490553132,fair,brown,normal,brown,P449541,Kiehl's Since 1851,75.0
5,1.0,1.0,4.0,0.0,1.6094379124341003,fair,blue,combination,red,P471038,iNNBEAUTY PROJECT,17.0
5,1.0,1.0,5.0,0.0,1.791759469228055,fairLight,blue,normal,blonde,P471038,iNNBEAUTY PROJECT,17.0
5,1.0,0.083333299,24.0,3.1354942159291497,1.0986122886681098,lightMedium,hazel,combination,brown,P471038,iNNBEAUTY PROJECT,17.0
5,1.0,0.0,8.0,2.1972245773362196,0.0,tan,brown,oily,black,P471038,iNNBEAUTY PROJECT,17.0
5,1.0,1.0,5.0,0.0,1.791759469228055,fair,green,combination,blonde,P416552,Algenist,95.0
5,1.0,0.666666985,6.0,1.0986122886681098,1.6094379124341003,light,brown,combination,black,P504043,OLEHENRIKSEN,58.0
1,0.0,0.800000012,5.0,0.6931471805599453,1.6094379124341003,light,green,normal,blonde,P481354,RANAVAT,95.0
3,0.0,1.0,4.0,0.0,1.6094379124341003,lightMedium,brown,combination,black,P423134,Dermalogica,69.0
4,1.0,0.266667008,15.0,2.4849066497880004,1.6094379124341003,tan,brown,oily,black,P455338,The Ordinary,6.4
5,1.0,1.0,26.0,0.0,3.295836866004329,fair,hazel,combination,blonde,P455338,The Ordinary,6.4
5,1.0,0.897436023,39.0,1.6094379124341003,3.58351893845611,light,green,combination,auburn,P455338,The Ordinary,6.4
4,1.0,0.711863995,113.72000000000116,3.5553480614894135,4.442651256490317,rich,brown,oily,black,P455338,The Ordinary,6.4
5,1.0,0.920634985,63.0,1.791759469228055,4.07753744390572,fairLight,blue,dry,blonde,P455338,The Ordinary,6.4
3,0.0,0.139534995,113.72000000000116,5.003946305945459,3.2188758248682006,fairLight,blue,combination,blonde,P455338,The Ordinary,6.4
5,1.0,1.0,24.0,0.0,3.2188758248682006,medium,brown,combination,black,P455338,The Ordinary,6.4
3,0.0,0.571429014,7.0,1.3862943611198906,1.6094379124341003,fairLight,blue,oily,brown,P438637,BeautyBio,40.0
1,0.0,0.833333015,12.0,1.0986122886681098,2.3978952727983707,light,hazel,combination,brown,P438637,BeautyBio,40.0
5,1.0,0.5,4.0,1.0986122886681098,1.0986122886681098,lightMedium,green,combination,brown,P438637,BeautyBio,40.0
5,1.0,1.0,4.0,0.0,1.6094379124341003,fair,Grey,oily,brown,P473729,SEPHORA COLLECTION,10.0
5,1.0,1.0,4.0,0.0,1.6094379124341003,fairLight,blue,normal,blonde,P469520,Paula's Choice,22.0
4,1.0,0.888889015,9.0,0.6931471805599453,2.1972245773362196,light,brown,normal,brown,P469520,Paula's Choice,22.0
5,1.0,0.93333298,15.0,0.6931471805599453,2.70805020110221,mediumTan,brown,combination,black,P122651,CLINIQUE,20.0
5,1.0,1.0,5.0,0.0,1.791759469228055,light,brown,combination,black,P122651,CLINIQUE,20.0
5,1.0,1.0,8.0,0.0,2.1972245773362196,fair,brown,combination,black,P122651,CLINIQUE,20.0
5,1.0,1.0,4.0,0.0,1.6094379124341003,lightMedium,blue,combination,blonde,P423127,Dermalogica,42.0
5,1.0,1.0,6.0,0.0,1.9459101490553132,fair,brown,dry,brown,P423127,Dermalogica,42.0
1,0.0,0.666666985,6.0,1.0986122886681098,1.6094379124341003,light,brown,oily,black,P432243,CLINIQUE,32.0
2,0.0,0.388889015,18.0,2.4849066497880004,2.0794415416798357,lightMedium,brown,oily,black,P432243,CLINIQUE,32.0
1,0.0,0.428570986,7.0,1.6094379124341003,1.3862943611198906,medium,brown,combination,black,P432243,CLINIQUE,32.0
5,1.0,0.736841977,76.0,3.044522437723423,4.04305126783455,lightMedium,brown,dry,black,P432243,CLINIQUE,32.0
5,1.0,0.800000012,15.0,1.3862943611198906,2.5649493574615367,lightMedium,green,combination,brown,P392607,Peter Thomas Roth,85.0
2,0.0,0.785713971,14.0,1.3862943611198906,2.4849066497880004,deep,brown,combination,brown,P392607,Peter Thomas Roth,85.0
4,1.0,0.875,16.0,1.0986122886681098,2.70805020110221,deep,blue,combination,brown,P392607,Peter Thomas Roth,85.0
5,1.0,0.600000024,5.0,1.0986122886681098,1.3862943611198906,deep,blue,combination,brown,P392607,Peter Thomas Roth,85.0
4,1.0,0.916666985,12.0,0.6931471805599453,2.4849066497880004,deep,blue,combination,brown,P392607,Peter Thomas Roth,85.0
2,0.0,0.5,4.0,1.0986122886681098,1.0986122886681098,lightMedium,brown,combination,black,P479722,The INKEY List,11.99
5,1.0,1.0,5.0,0.0,1.791759469228055,light,brown,combination,blonde,P479722,The INKEY List,11.99
5,1.0,0.866666973,30.0,1.6094379124341003,3.295836866004329,mediumTan,hazel,combination,brown,P417241,La Mer,245.0
1,0.0,0.600000024,10.0,1.6094379124341003,1.9459101490553132,lightMedium,brown,combination,black,P417241,La Mer,245.0
1,0.0,1.0,4.0,0.0,1.6094379124341003,light,blue,normal,blonde,P482753,TULA Skincare,38.0
1,0.0,0.882353008,17.0,1.0986122886681098,2.772588722239781,light,green,oily,blonde,P421997,Kiehl's Since 1851,47.0
5,1.0,0.833333015,6.0,0.6931471805599453,1.791759469228055,lightMedium,brown,combination,brown,P421997,Kiehl's Since 1851,47.0
1,0.0,0.519999981,25.0,2.5649493574615367,2.6390573296152584,fairLight,hazel,combination,brown,P421997,Kiehl's Since 1851,47.0
5,1.0,0.400000006,5.0,1.3862943611198906,1.0986122886681098,lightMedium,brown,combination,blonde,P424989,TAN-LUXE,60.0
5,1.0,0.826086998,23.0,1.6094379124341003,2.995732273553991,light,blue,combination,blonde,P424989,TAN-LUXE,60.0
5,1.0,0.857142985,7.0,0.6931471805599453,1.9459101490553132,lightMedium,brown,combination,black,P424989,TAN-LUXE,60.0
5,1.0,1.0,6.0,0.0,1.9459101490553132,light,brown,normal,blonde,P424989,TAN-LUXE,60.0
4,1.0,0.875,8.0,0.6931471805599453,2.0794415416798357,light,brown,dry,brown,P424989,TAN-LUXE,60.0
5,1.0,0.666666985,9.0,1.3862943611198906,1.9459101490553132,medium,brown,combination,brown,P474329,iNNBEAUTY PROJECT,25.0
2,0.0,0.888889015,9.0,0.6931471805599453,2.1972245773362196,fairLight,blue,dry,blonde,P474329,iNNBEAUTY PROJECT,25.0
3,1.0,0.833333015,6.0,0.6931471805599453,1.791759469228055,deep,brown,combination,brown,P416312,Skin Laundry,20.0
5,1.0,0.800000012,5.0,0.6931471805599453,1.6094379124341003,tan,brown,normal,black,P473172,REN Clean Skincare,54.0
5,1.0,1.0,20.0,0.0,3.044522437723423,rich,brown,combination,black,P456194,Clarins,96.0
5,1.0,0.699999988,10.0,1.3862943611198906,2.0794415416798357,fair,blue,normal,blonde,P417242,La Mer,75.0
5,1.0,0.857142985,7.0,0.6931471805599453,1.9459101490553132,fair,green,normal,blonde,P417242,La Mer,75.0
5,1.0,0.714286029,56.0,2.833213344056216,3.713572066704308,fair,brown,combination,blonde,P417242,La Mer,75.0
5,1.0,0.400000006,5.0,1.3862943611198906,1.0986122886681098,light,brown,combination,brown,P471009,Caudalie,42.0
2,0.0,0.800000012,5.0,0.6931471805599453,1.6094379124341003,mediumTan,brown,oily,brown,P455623,BeautyBio,69.0
3,0.0,0.899999976,10.0,0.6931471805599453,2.302585092994046,lightMedium,brown,normal,blonde,P432239,Kiehl's Since 1851,28.0
5,1.0,1.0,6.0,0.0,1.9459101490553132,lightMedium,brown,combination,black,P432239,Kiehl's Since 1851,28.0
4,1.0,0.0,10.0,2.3978952727983707,0.0,light,hazel,dry,brown,P432239,Kiehl's Since 1851,28.0
2,0.0,0.699999988,30.0,2.302585092994046,3.091042453358316,light,blue,combination,blonde,P429043,DERMAFLASH,199.0
1,0.0,0.305698991,113.72000000000116,4.90527477843843,4.0943445622221,fair,green,combination,brunette,P429043,DERMAFLASH,199.0
2,0.0,0.833333015,6.0,0.6931471805599453,1.791759469228055,olive,brown,dry,black,P429043,DERMAFLASH,199.0
2,0.0,0.882353008,113.72000000000116,3.367295829986474,5.351858133476067,olive,hazel,combination,brunette,P429043,DERMAFLASH,199.0
1,0.0,0.738853991,113.72000000000116,3.7376696182833684,4.762173934797756,light,brown,combination,brunette,P429043,DERMAFLASH,199.0
5,1.0,1.0,7.0,0.0,2.0794415416798357,lightMedium,brown,dry,black,P472455,Caudalie,52.0
5,1.0,1.0,6.0,0.0,1.9459101490553132,fairLight,hazel,combination,auburn,P470217,Dr. Brandt Skincare,67.0
5,1.0,0.800000012,5.0,0.6931471805599453,1.6094379124341003,fairLight,blue,combination,blonde,P470217,Dr. Brandt Skincare,67.0
3,0.0,0.75,4.0,0.6931471805599453,1.3862943611198906,fair,brown,combination,brown,P470217,Dr. Brandt Skincare,67.0
3,0.0,0.797101021,69.0,2.70805020110221,4.02535169073515,medium,brown,dry,black,P470217,Dr. Brandt Skincare,67.0
5,1.0,1.0,4.0,0.0,1.6094379124341003,lightMedium,hazel,combination,brown,P422248,Kiehl's Since 1851,28.0
2,0.0,0.142857,14.0,2.5649493574615367,1.0986122886681098,lightMedium,hazel,combination,brown,P422248,Kiehl's Since 1851,28.0
1,0.0,0.75,12.0,1.3862943611198906,2.302585092994046,light,brown,normal,blonde,P500696,ROSE INC,55.0
4,1.0,0.25,4.0,1.3862943611198906,0.6931471805599453,lightMedium,brown,combination,black,P500696,ROSE INC,55.0
5,1.0,0.777778029,9.0,1.0986122886681098,2.0794415416798357,lightMedium,brown,combination,brown,P448853,Tower 28 Beauty,12.0
5,1.0,0.800000012,5.0,0.6931471805599453,1.6094379124341003,light,brown,combination,brown,P448853,Tower 28 Beauty,12.0
2,0.0,0.5,4.0,1.0986122886681098,1.0986122886681098,fair,brown,oily,black,P448853,Tower 28 Beauty,12.0
5,1.0,0.950820029,61.0,1.3862943611198906,4.07753744390572,fair,blue,oily,blonde,P448934,IT Cosmetics,34.0
5,1.0,0.833333015,12.0,1.0986122886681098,2.3978952727983707,lightMedium,green,oily,brown,P448934,IT Cosmetics,34.0
5,1.0,0.625,8.0,1.3862943611198906,1.791759469228055,light,brown,combination,brown,P448934,IT Cosmetics,34.0
2,0.0,1.0,7.0,0.0,2.0794415416798357,light,blue,dry,blonde,P431847,HUM Nutrition,26.0
2,0.0,0.800000012,5.0,0.6931471805599453,1.6094379124341003,light,blue,combination,blonde,P431847,HUM Nutrition,26.0
5,1.0,1.0,27.0,0.0,3.332204510175204,lightMedium,brown,normal,brown,P431847,HUM Nutrition,26.0
5,1.0,0.888889015,9.0,0.6931471805599453,2.1972245773362196,light,blue,combination,blonde,P467115,First Aid Beauty,42.0
5,1.0,0.727272987,11.0,1.3862943611198906,2.1972245773362196,mediumTan,brown,combination,brown,P467115,First Aid Beauty,42.0
4,1.0,0.833333015,6.0,0.6931471805599453,1.791759469228055,fair,hazel,combination,brown,P467115,First Aid Beauty,42.0
2,0.0,0.375,8.0,1.791759469228055,1.3862943611198906,tan,brown,combination,black,P467115,First Aid Beauty,42.0
5,1.0,0.92592603,27.0,1.0986122886681098,3.258096538021482,lightMedium,brown,normal,black,P467115,First Aid Beauty,42.0
1,0.0,0.866666973,15.0,1.0986122886681098,2.6390573296152584,fair,brown,combination,brown,P501157,Dr. Dennis Gross Skincare,68.0
3,0.0,0.800000012,5.0,0.6931471805599453,1.6094379124341003,fair,blue,combination,blonde,P471541,Caudalie,45.0
2,0.0,0.75,4.0,0.6931471805599453,1.3862943611198906,fair,brown,dry,brown,P475201,TULA Skincare,38.0
1,0.0,0.448276013,29.0,2.833213344056216,2.6390573296152584,tan,brown,oily,black,P479319,Fenty Skin,42.0
5,1.0,1.0,16.0,0.0,2.833213344056216,light,brown,oily,brown,P479319,Fenty Skin,42.0
1,0.0,0.538461983,13.0,1.9459101490553132,2.0794415416798357,lightMedium,green,combination,brown,P476010,ROSE INC,32.0
3,1.0,0.333332986,24.0,2.833213344056216,2.1972245773362196,light,brown,combination,black,P504171,Glow Recipe,34.0
5,1.0,0.800000012,5.0,0.6931471805599453,1.6094379124341003,lightMedium,brown,combination,black,P461522,SEPHORA COLLECTION,3.0
4,1.0,1.0,4.0,0.0,1.6094379124341003,lightMedium,brown,combination,black,P461522,SEPHORA COLLECTION,3.0
4,1.0,0.25,4.0,1.3862943611198906,0.6931471805599453,light,brown,combination,black,P461522,SEPHORA COLLECTION,3.0
5,1.0,0.800000012,15.0,1.3862943611198906,2.5649493574615367,fair,brown,dry,brown,P461522,SEPHORA COLLECTION,3.0
5,1.0,0.944444001,18.0,0.6931471805599453,2.8903717578961645,fair,blue,combination,blonde,P385632,CLINIQUE,32.5
4,1.0,0.590909004,22.0,2.302585092994046,2.6390573296152584,fair,blue,combination,blonde,P385632,CLINIQUE,32.5
5,1.0,0.600000024,5.0,1.0986122886681098,1.3862943611198906,medium,brown,combination,black,P422011,Kiehl's Since 1851,24.0
5,1.0,1.0,5.0,0.0,1.791759469228055,lightMedium,brown,combination,brown,P422011,Kiehl's Since 1851,24.0
4,1.0,1.0,6.0,0.0,1.9459101490553132,mediumTan,brown,combination,brown,P422011,Kiehl's Since 1851,24.0
2,0.0,0.333332986,6.0,1.6094379124341003,1.0986122886681098,fair,hazel,combination,brown,P422011,Kiehl's Since 1851,24.0
1,0.0,0.400000006,5.0,1.3862943611198906,1.0986122886681098,light,blue,normal,blonde,P448192,fresh,15.0
5,1.0,1.0,5.0,0.0,1.791759469228055,lightMedium,brown,combination,black,P448192,fresh,15.0
5,1.0,0.800000012,5.0,0.6931471805599453,1.6094379124341003,medium,brown,combination,red,P503865,iNNBEAUTY PROJECT,34.0
5,1.0,1.0,5.0,0.0,1.791759469228055,fair,brown,combination,black,P503865,iNNBEAUTY PROJECT,34.0
3,0.0,0.882353008,17.0,1.0986122886681098,2.772588722239781,fair,green,combination,red,P403315,Tatcha,98.0
4,1.0,0.611110985,18.0,2.0794415416798357,2.4849066497880004,light,brown,combination,black,P403315,Tatcha,98.0
5,1.0,0.666666985,6.0,1.0986122886681098,1.6094379124341003,light,brown,dry,black,P403315,Tatcha,98.0
5,1.0,0.800000012,5.0,0.6931471805599453,1.6094379124341003,medium,hazel,oily,red,P403315,Tatcha,98.0
5,1.0,0.961538017,26.0,0.6931471805599453,3.258096538021482,fair,brown,combination,black,P403315,Tatcha,98.0
5,1.0,0.633333027,30.0,2.4849066497880004,2.995732273553991,fair,hazel,combination,brown,P424986,TAN-LUXE,38.0
4,1.0,0.866666973,15.0,1.0986122886681098,2.6390573296152584,fair,blue,combination,brown,P424986,TAN-LUXE,38.0
5,1.0,0.666666985,9.0,1.3862943611198906,1.9459101490553132,fair,green,combination,blonde,P424986,TAN-LUXE,38.0
3,0.0,0.384615004,13.0,2.1972245773362196,1.791759469228055,fair,brown,combination,blonde,P424986,TAN-LUXE,38.0
2,0.0,0.75,4.0,0.6931471805599453,1.3862943611198906,medium,brown,combination,black,P468211,Saie,38.0
5,1.0,1.0,17.0,0.0,2.8903717578961645,lightMedium,brown,dry,black,P468211,Saie,38.0
1,0.0,0.740741014,27.0,2.0794415416798357,3.044522437723423,light,brown,normal,brown,P443369,Dermalogica,89.0
2,0.0,0.850000024,20.0,1.3862943611198906,2.8903717578961645,fair,brown,combination,blonde,P481336,RANAVAT,75.0
3,0.0,0.888889015,9.0,0.6931471805599453,2.1972245773362196,medium,brown,combination,black,P472448,BeautyBio,69.0
5,1.0,0.833333015,6.0,0.6931471805599453,1.791759469228055,tan,brown,dry,brown,P472448,BeautyBio,69.0
1,0.0,0.833333015,6.0,0.6931471805599453,1.791759469228055,lightMedium,brown,combination,brown,P483453,Hanni,68.0
2,0.0,0.875,8.0,0.6931471805599453,2.0794415416798357,medium,brown,combination,black,P432824,Mount Lai,36.0
2,0.0,0.75,24.0,1.9459101490553132,2.9444389791664403,lightMedium,brown,oily,brown,P432824,Mount Lai,36.0
1,0.0,1.0,13.0,0.0,2.6390573296152584,mediumTan,brown,combination,brown,P432824,Mount Lai,36.0
5,1.0,0.916666985,24.0,1.0986122886681098,3.1354942159291497,fair,brown,combination,black,P432824,Mount Lai,36.0
1,0.0,0.844443977,45.0,2.0794415416798357,3.6635616461296463,light,brown,combination,black,P432824,Mount Lai,36.0
3,1.0,0.25,4.0,1.3862943611198906,0.6931471805599453,light,green,dry,red,P481142,Peter Thomas Roth,65.0
5,1.0,0.833333015,6.0,0.6931471805599453,1.791759469228055,lightMedium,brown,dry,brown,P465365,Peace Out,25.0
5,1.0,0.857142985,7.0,0.6931471805599453,1.9459101490553132,light,blue,dry,brown,P465365,Peace Out,25.0
2,0.0,0.5,4.0,1.0986122886681098,1.0986122886681098,lightMedium,brown,combination,brown,P440981,Flora + Bast,77.0
5,1.0,1.0,6.0,0.0,1.9459101490553132,lightMedium,brown,dry,brown,P440981,Flora + Bast,77.0
5,1.0,0.777778029,9.0,1.0986122886681098,2.0794415416798357,light,brown,combination,brown,P440981,Flora + Bast,77.0
1,0.0,0.692308009,13.0,1.6094379124341003,2.302585092994046,mediumTan,brown,combination,black,P448932,Kate Somerville,110.0
5,1.0,0.923076987,26.0,1.0986122886681098,3.2188758248682006,light,brown,combination,brown,P448932,Kate Somerville,110.0
3,1.0,0.800000012,5.0,0.6931471805599453,1.6094379124341003,light,hazel,combination,blonde,P444216,Naturally Serious,37.0
1,0.0,0.571429014,7.0,1.3862943611198906,1.6094379124341003,medium,brown,combination,black,P468813,Caudalie,30.0
5,1.0,0.5,4.0,1.0986122886681098,1.0986122886681098,lightMedium,brown,combination,blonde,P468813,Caudalie,30.0
5,1.0,1.0,14.0,0.0,2.70805020110221,fair,brown,dry,brown,P469444,Caudalie,30.0
2,0.0,0.875,16.0,1.0986122886681098,2.70805020110221,fairLight,blue,combination,brown,P443834,The INKEY List,11.99
4,1.0,1.0,4.0,0.0,1.6094379124341003,fair,brown,combination,black,P502852,NuFACE,245.0
5,1.0,0.944444001,18.0,0.6931471805599453,2.8903717578961645,light,hazel,dry,blonde,P467748,Caudalie,62.0
5,1.0,1.0,5.0,0.0,1.791759469228055,mediumTan,brown,oily,brown,P440305,Kate Somerville,44.0
3,1.0,1.0,6.0,0.0,1.9459101490553132,fair,blue,combination,blonde,P440305,Kate Somerville,44.0
5,1.0,1.0,7.0,0.0,2.0794415416798357,mediumTan,brown,dry,brown,P440305,Kate Somerville,44.0
4,1.0,0.75,4.0,0.6931471805599453,1.3862943611198906,fair,brown,normal,brown,P440305,Kate Somerville,44.0
1,1.0,0.25,8.0,1.9459101490553132,1.0986122886681098,mediumTan,brown,combination,brown,P4039,Murad,65.0
3,1.0,1.0,5.0,0.0,1.791759469228055,fair,brown,combination,brown,P4039,Murad,65.0
2,0.0,0.680000007,25.0,2.1972245773362196,2.8903717578961645,lightMedium,brown,combination,brown,P504212,LANEIGE,26.0
5,1.0,0.93333298,15.0,0.6931471805599453,2.70805020110221,fairLight,brown,combination,brown,P504212,LANEIGE,26.0
5,1.0,0.583333015,12.0,1.791759469228055,2.0794415416798357,light,green,combination,blonde,P504212,LANEIGE,26.0
5,1.0,0.916666985,12.0,0.6931471805599453,2.4849066497880004,fair,brown,dry,blonde,P503657,Caudalie,129.0
5,1.0,1.0,5.0,0.0,1.791759469228055,medium,brown,combination,brown,P461491,Saint Jane Beauty,65.0
4,1.0,0.857142985,7.0,0.6931471805599453,1.9459101490553132,light,brown,combination,gray,P455339,The Ordinary,7.8
5,1.0,0.699999988,10.0,1.3862943611198906,2.0794415416798357,light,brown,dry,brown,P455339,The Ordinary,7.8
1,0.0,0.699999988,30.0,2.302585092994046,3.091042453358316,light,brown,dry,brown,P455339,The Ordinary,7.8
3,0.0,0.666666985,12.0,1.6094379124341003,2.1972245773362196,mediumTan,brown,combination,black,P455339,The Ordinary,7.8
5,1.0,0.931034982,29.0,1.0986122886681098,3.332204510175204,fair,hazel,combination,blonde,P455339,The Ordinary,7.8
5,1.0,0.961538017,26.0,0.6931471805599453,3.258096538021482,mediumTan,brown,oily,black,P455339,The Ordinary,7.8
5,1.0,0.714286029,7.0,1.0986122886681098,1.791759469228055,lightMedium,brown,dry,brown,P430812,Peter Thomas Roth,38.0
3,1.0,0.692308009,13.0,1.6094379124341003,2.302585092994046,light,brown,dry,brown,P430812,Peter Thomas Roth,38.0
4,0.0,0.25,4.0,1.3862943611198906,0.6931471805599453,fair,brown,combination,black,P430812,Peter Thomas Roth,38.0
5,1.0,0.75,8.0,1.0986122886681098,1.9459101490553132,light,blue,normal,blonde,P430812,Peter Thomas Roth,38.0
5,1.0,1.0,5.0,0.0,1.791759469228055,light,blue,combination,blonde,P467749,Caudalie,72.0
5,1.0,1.0,4.0,0.0,1.6094379124341003,lightMedium,brown,combination,brown,P467749,Caudalie,72.0
5,1.0,0.800000012,5.0,0.6931471805599453,1.6094379124341003,lightMedium,blue,combination,brown,P467749,Caudalie,72.0
1,0.0,0.846153975,52.0,2.1972245773362196,3.8066624897703196,fair,blue,dry,brown,P468369,IT Cosmetics,69.0
3,0.0,1.0,12.0,0.0,2.5649493574615367,lightMedium,blue,combination,blonde,P402942,Slip,50.0
3,0.0,0.928570986,28.0,1.0986122886681098,3.295836866004329,light,brown,combination,blonde,P402942,Slip,50.0
2,0.0,0.911110997,45.0,1.6094379124341003,3.7376696182833684,light,green,combination,blonde,P402942,Slip,50.0
3,1.0,0.857142985,7.0,0.6931471805599453,1.9459101490553132,light,brown,combination,blonde,P402942,Slip,50.0
3,1.0,0.75,4.0,0.6931471805599453,1.3862943611198906,light,green,dry,blonde,P450583,Herbivore,54.0
4,1.0,1.0,8.0,0.0,2.1972245773362196,tan,brown,combination,black,P450583,Herbivore,54.0
5,1.0,1.0,11.0,0.0,2.4849066497880004,light,brown,oily,brown,P450583,Herbivore,54.0
1,0.0,0.304347992,69.0,3.8918202981106265,3.091042453358316,fairLight,green,oily,brown,P450583,Herbivore,54.0
5,1.0,0.888889015,18.0,1.0986122886681098,2.833213344056216,fair,green,normal,brown,P424990,TAN-LUXE,34.0
1,0.0,0.5625,16.0,2.0794415416798357,2.302585092994046,lightMedium,green,dry,brown,P424990,TAN-LUXE,34.0
5,1.0,0.947368026,19.0,0.6931471805599453,2.9444389791664403,light,brown,normal,brown,P424990,TAN-LUXE,34.0
5,1.0,1.0,18.0,0.0,2.9444389791664403,fair,hazel,oily,brown,P424990,TAN-LUXE,34.0
5,1.0,0.833333015,6.0,0.6931471805599453,1.791759469228055,lightMedium,brown,combination,brown,P432818,PMD,99.0
5,1.0,0.800000012,10.0,1.0986122886681098,2.1972245773362196,light,brown,oily,black,P432818,PMD,99.0
5,1.0,0.75,4.0,0.6931471805599453,1.3862943611198906,light,brown,oily,brown,P432818,PMD,99.0
3,0.0,0.866666973,15.0,1.0986122886681098,2.6390573296152584,light,brown,oily,brown,P432818,PMD,99.0
5,1.0,0.958333015,24.0,0.6931471805599453,3.1780538303479458,deep,brown,dry,black,P432818,PMD,99.0
3,0.0,1.0,5.0,0.0,1.791759469228055,lightMedium,hazel,normal,brown,P392144,Tata Harper,88.0
4,1.0,0.75,8.0,1.0986122886681098,1.9459101490553132,rich,brown,oily,brown,P392144,Tata Harper,88.0
4,1.0,0.916666985,12.0,0.6931471805599453,2.4849066497880004,fair,brown,dry,black,P461948,Kiehl's Since 1851,76.0
5,1.0,1.0,8.0,0.0,2.1972245773362196,fair,blue,combination,brown,P462748,Tata Harper,46.0
1,0.0,0.909090996,11.0,0.6931471805599453,2.3978952727983707,light,brown,combination,blonde,P482695,LANEIGE,40.0
5,1.0,0.866666973,15.0,1.0986122886681098,2.6390573296152584,fairLight,blue,normal,blonde,P471000,Algenist,65.0
3,0.0,1.0,5.0,0.0,1.791759469228055,light,brown,combination,brown,P471000,Algenist,65.0
1,0.0,0.777778029,9.0,1.0986122886681098,2.0794415416798357,rich,brown,oily,black,P433971,Naturally Serious,35.0
1,0.0,0.585366011,41.0,2.8903717578961645,3.2188758248682006,fair,hazel,combination,brown,P433971,Naturally Serious,35.0
5,1.0,1.0,4.0,0.0,1.6094379124341003,fair,green,combination,blonde,P440503,Mario Badescu,8.0
5,1.0,1.0,7.0,0.0,2.0794415416798357,deep,brown,combination,black,P440503,Mario Badescu,8.0
5,1.0,1.0,7.0,0.0,2.0794415416798357,fair,blue,normal,blonde,P455614,alpyn beauty,36.0
5,1.0,1.0,4.0,0.0,1.6094379124341003,mediumTan,brown,normal,brown,P455614,alpyn beauty,36.0
5,1.0,1.0,17.0,0.0,2.8903717578961645,fair,blue,combination,blonde,P455614,alpyn beauty,36.0
3,0.0,1.0,5.0,0.0,1.791759469228055,fair,blue,oily,blonde,P455612,alpyn beauty,59.0
5,1.0,0.800000012,5.0,0.6931471805599453,1.6094379124341003,light,blue,combination,brown,P455612,alpyn beauty,59.0
5,1.0,0.846153975,13.0,1.0986122886681098,2.4849066497880004,fair,blue,normal,blonde,P427404,The Ordinary,19.8
1,0.0,0.555555999,27.0,2.5649493574615367,2.772588722239781,fair,blue,combination,brown,P427404,The Ordinary,19.8
3,1.0,0.555555999,9.0,1.6094379124341003,1.791759469228055,fairLight,hazel,dry,brown,P427404,The Ordinary,19.8
1,0.0,0.90635401,113.72000000000116,3.367295829986474,5.605802066295998,mediumTan,brown,combination,brown,P427404,The Ordinary,19.8
3,0.0,0.892655015,113.72000000000116,2.995732273553991,5.0689042022202315,lightMedium,brown,combination,brown,P427404,The Ordinary,19.8
3,1.0,1.0,11.0,0.0,2.4849066497880004,lightMedium,brown,normal,brown,P467250,Fenty Skin,45.0
5,1.0,1.0,7.0,0.0,2.0794415416798357,fair,blue,combination,brown,P467250,Fenty Skin,45.0
4,1.0,0.833333015,30.0,1.791759469228055,3.258096538021482,medium,blue,normal,blonde,P467250,Fenty Skin,45.0
3,0.0,0.818181992,11.0,1.0986122886681098,2.302585092994046,deep,brown,combination,brown,P467250,Fenty Skin,45.0
5,1.0,0.25,4.0,1.3862943611198906,0.6931471805599453,light,hazel,combination,blonde,P467250,Fenty Skin,45.0
5,1.0,0.600000024,5.0,1.0986122886681098,1.3862943611198906,light,green,normal,brown,P477961,BeautyBio,199.0
1,0.0,0.230768993,52.0,3.713572066704308,2.5649493574615367,fair,brown,dry,black,P504240,Fenty Skin,26.0
5,1.0,1.0,13.0,0.0,2.6390573296152584,tan,brown,combination,black,P504240,Fenty Skin,26.0
5,1.0,0.899999976,10.0,0.6931471805599453,2.302585092994046,medium,brown,combination,black,P504240,Fenty Skin,26.0
4,1.0,0.642857015,14.0,1.791759469228055,2.302585092994046,mediumTan,brown,combination,brown,P504240,Fenty Skin,26.0
5,1.0,1.0,5.0,0.0,1.791759469228055,fair,green,combination,blonde,P504240,Fenty Skin,26.0
2,0.0,0.625,8.0,1.3862943611198906,1.791759469228055,lightMedium,brown,combination,black,P476009,ROSE INC,74.0
5,1.0,1.0,7.0,0.0,2.0794415416798357,medium,brown,dry,black,P471793,Paula's Choice,29.0
5,1.0,0.666666985,6.0,1.0986122886681098,1.6094379124341003,mediumTan,brown,combination,black,P392648,Bobbi Brown,74.0
5,1.0,0.833333015,18.0,1.3862943611198906,2.772588722239781,fair,Grey,dry,brown,P392648,Bobbi Brown,74.0
1,0.0,0.25,4.0,1.3862943611198906,0.6931471805599453,fairLight,green,normal,auburn,P392648,Bobbi Brown,74.0
5,1.0,0.899999976,20.0,1.0986122886681098,2.9444389791664403,fair,brown,dry,brown,P392648,Bobbi Brown,74.0
5,1.0,0.75,8.0,1.0986122886681098,1.9459101490553132,light,blue,combination,brown,P480274,Algenist,40.0
5,1.0,1.0,5.0,0.0,1.791759469228055,fair,blue,combination,blonde,P398717,CLINIQUE,32.5
5,1.0,0.800000012,5.0,0.6931471805599453,1.6094379124341003,fair,brown,oily,brown,P398717,CLINIQUE,32.5
5,1.0,0.800000012,45.0,2.302585092994046,3.6109179126442243,lightMedium,brown,combination,black,P448200,Shiseido,75.0
5,1.0,1.0,19.0,0.0,2.995732273553991,fair,blue,combination,blonde,P448200,Shiseido,75.0
5,1.0,0.857142985,7.0,0.6931471805599453,1.9459101490553132,light,blue,combination,brown,P500121,Tower 28 Beauty,34.0
2,1.0,1.0,10.0,0.0,2.3978952727983707,fairLight,brown,combination,brown,P500121,Tower 28 Beauty,34.0
5,1.0,0.800000012,5.0,0.6931471805599453,1.6094379124341003,lightMedium,brown,combination,black,P500121,Tower 28 Beauty,34.0
3,0.0,0.25,16.0,2.5649493574615367,1.6094379124341003,fair,blue,combination,brown,P473726,SEPHORA COLLECTION,12.0
5,1.0,0.714286029,7.0,1.0986122886681098,1.791759469228055,fair,hazel,combination,blonde,P476538,The Nue Co.,55.0
5,1.0,0.923076987,13.0,0.6931471805599453,2.5649493574615367,light,blue,combination,blonde,P442755,The Ordinary,10.0
5,1.0,0.928570986,70.0,1.791759469228055,4.189654742026425,mediumTan,brown,combination,brown,P442755,The Ordinary,10.0
5,1.0,0.803278983,61.0,2.5649493574615367,3.912023005428146,fair,green,normal,brown,P442755,The Ordinary,10.0
5,1.0,0.899999976,20.0,1.0986122886681098,2.9444389791664403,fair,blue,dry,brown,P442755,The Ordinary,10.0
5,1.0,0.944444001,18.0,0.6931471805599453,2.8903717578961645,fair,brown,normal,auburn,P442755,The Ordinary,10.0
5,1.0,1.0,6.0,0.0,1.9459101490553132,medium,brown,oily,brown,P442756,The Ordinary,14.3
4,1.0,1.0,9.0,0.0,2.302585092994046,fair,blue,combination,brown,P442756,The Ordinary,14.3
5,1.0,0.875,8.0,0.6931471805599453,2.0794415416798357,fair,brown,combination,brown,P442756,The Ordinary,14.3
5,1.0,0.960784018,51.0,1.0986122886681098,3.912023005428146,light,brown,combination,black,P442756,The Ordinary,14.3
1,0.0,0.5,4.0,1.0986122886681098,1.0986122886681098,light,hazel,combination,brown,P442713,First Aid Beauty,44.0
2,0.0,0.714286029,7.0,1.0986122886681098,1.791759469228055,fair,brown,combination,black,P442713,First Aid Beauty,44.0
4,1.0,0.625,8.0,1.3862943611198906,1.791759469228055,lightMedium,brown,normal,black,P442713,First Aid Beauty,44.0
5,1.0,0.666666985,6.0,1.0986122886681098,1.6094379124341003,light,blue,normal,brown,P442713,First Aid Beauty,44.0
5,1.0,1.0,10.0,0.0,2.3978952727983707,mediumTan,brown,oily,black,P429683,St. Tropez,44.0
2,1.0,0.391303986,23.0,2.70805020110221,2.302585092994046,fairLight,blue,combination,red,P429683,St. Tropez,44.0
5,1.0,0.75,4.0,0.6931471805599453,1.3862943611198906,fairLight,blue,combination,auburn,P465752,Drunk Elephant,22.0
2,0.0,0.25,4.0,1.3862943611198906,0.6931471805599453,lightMedium,brown,combination,brown,P465752,Drunk Elephant,22.0
2,0.0,1.0,11.0,0.0,2.4849066497880004,light,brown,oily,black,P465752,Drunk Elephant,22.0
5,1.0,0.800000012,10.0,1.0986122886681098,2.1972245773362196,light,brown,dry,brown,P408230,Clarins,67.0
3,1.0,0.899999976,10.0,0.6931471805599453,2.302585092994046,fair,brown,dry,blonde,P408230,Clarins,67.0
5,1.0,1.0,4.0,0.0,1.6094379124341003,fairLight,brown,combination,black,P408230,Clarins,67.0
4,1.0,1.0,7.0,0.0,2.0794415416798357,fair,brown,combination,brown,P416825,First Aid Beauty,58.0
5,1.0,1.0,7.0,0.0,2.0794415416798357,fair,blue,normal,blonde,P416825,First Aid Beauty,58.0
5,1.0,1.0,4.0,0.0,1.6094379124341003,lightMedium,brown,dry,black,P416825,First Aid Beauty,58.0
4,1.0,0.93333298,45.0,1.3862943611198906,3.7612001156935624,light,brown,combination,blonde,P416825,First Aid Beauty,58.0
5,1.0,0.5,4.0,1.0986122886681098,1.0986122886681098,light,blue,dry,blonde,P387511,L'Occitane,115.0
1,1.0,0.944444001,18.0,0.6931471805599453,2.8903717578961645,light,blue,combination,black,P387511,L'Occitane,115.0
4,1.0,0.916666985,12.0,0.6931471805599453,2.4849066497880004,lightMedium,brown,dry,black,P474371,REN Clean Skincare,38.0
5,1.0,0.9375,16.0,0.6931471805599453,2.772588722239781,fair,blue,dry,blonde,P432053,Sunday Riley,28.0
3,1.0,0.400000006,5.0,1.3862943611198906,1.0986122886681098,fairLight,blue,dry,brown,P432053,Sunday Riley,28.0
5,1.0,1.0,42.0,0.0,3.7612001156935624,light,brown,combination,blonde,P456421,KORRES,61.0
1,0.0,0.400000006,5.0,1.3862943611198906,1.0986122886681098,dark,brown,combination,blonde,P456421,KORRES,61.0
5,1.0,0.75,4.0,0.6931471805599453,1.3862943611198906,light,blue,combination,auburn,P456421,KORRES,61.0
5,1.0,0.97872299,47.0,0.6931471805599453,3.8501476017100584,olive,brown,combination,black,P456421,KORRES,61.0
3,0.0,0.714286029,7.0,1.0986122886681098,1.791759469228055,fairLight,green,dry,brown,P473304,Drunk Elephant,38.0
5,1.0,0.846153975,13.0,1.0986122886681098,2.4849066497880004,light,hazel,normal,blonde,P473304,Drunk Elephant,38.0
5,1.0,0.928570986,14.0,0.6931471805599453,2.6390573296152584,fair,blue,normal,brown,P473304,Drunk Elephant,38.0
5,1.0,0.703704,27.0,2.1972245773362196,2.995732273553991,fair,blue,dry,brown,P473304,Drunk Elephant,38.0
2,0.0,1.0,18.0,0.0,2.9444389791664403,light,brown,combination,brown,P422012,Kiehl's Since 1851,38.0
5,1.0,0.75,4.0,0.6931471805599453,1.3862943611198906,lightMedium,brown,normal,brown,P422012,Kiehl's Since 1851,38.0
5,1.0,0.916666985,60.0,1.791759469228055,4.02535169073515,deep,brown,combination,brown,P422012,Kiehl's Since 1851,38.0
3,0.0,0.666666985,9.0,1.3862943611198906,1.9459101490553132,fair,brown,combination,black,P416824,CLINIQUE,85.0
5,1.0,0.899999976,20.0,1.0986122886681098,2.9444389791664403,light,hazel,combination,auburn,P416824,CLINIQUE,85.0
5,1.0,0.769231021,39.0,2.302585092994046,3.4339872044851463,fair,brown,combination,brown,P416824,CLINIQUE,85.0
2,0.0,0.444444001,9.0,1.791759469228055,1.6094379124341003,light,blue,combination,brown,P418221,COOLA,54.0
3,0.0,1.0,5.0,0.0,1.791759469228055,light,blue,dry,blonde,P418221,COOLA,54.0
5,1.0,0.919354975,62.0,1.791759469228055,4.060443010546419,fair,blue,dry,blonde,P418221,COOLA,54.0
2,0.0,0.837837994,37.0,1.9459101490553132,3.4657359027997265,light,blue,combination,blonde,P418221,COOLA,54.0
5,1.0,0.965516984,29.0,0.6931471805599453,3.367295829986474,lightMedium,brown,normal,brown,P457697,Kate Somerville,98.0
1,0.0,0.893616974,47.0,1.791759469228055,3.7612001156935624,fairLight,blue,dry,brown,P483455,Hanni,42.0
5,1.0,1.0,4.0,0.0,1.6094379124341003,fair,Grey,combination,auburn,P449158,fresh,22.0
4,1.0,0.625,8.0,1.3862943611198906,1.791759469228055,light,green,dry,blonde,P449158,fresh,22.0
4,1.0,0.5,4.0,1.0986122886681098,1.0986122886681098,lightMedium,brown,oily,brown,P470007,Caudalie,30.0
4,1.0,0.625,8.0,1.3862943611198906,1.791759469228055,lightMedium,brown,combination,blonde,P470007,Caudalie,30.0
5,1.0,1.0,6.0,0.0,1.9459101490553132,deep,brown,combination,black,P500626,SEPHORA COLLECTION,12.0
5,1.0,0.899999976,20.0,1.0986122886681098,2.9444389791664403,fair,hazel,combination,brown,P474113,StriVectin,95.0
5,1.0,0.846153975,13.0,1.0986122886681098,2.4849066497880004,tan,brown,oily,black,P474117,StriVectin,15.0
5,1.0,1.0,8.0,0.0,2.1972245773362196,fair,green,combination,blonde,P474117,StriVectin,15.0
5,1.0,0.5,12.0,1.9459101490553132,1.9459101490553132,light,blue,combination,blonde,P481703,fresh,95.0
5,1.0,0.903226018,31.0,1.3862943611198906,3.367295829986474,light,blue,dry,auburn,P481703,fresh,95.0
5,1.0,0.777778029,9.0,1.0986122886681098,2.0794415416798357,lightMedium,brown,oily,blonde,P428255,Dior,110.0
5,1.0,0.800000012,15.0,1.3862943611198906,2.5649493574615367,light,green,dry,brown,P428255,Dior,110.0
5,1.0,0.800000012,10.0,1.0986122886681098,2.1972245773362196,light,blue,combination,blonde,P428255,Dior,110.0
2,1.0,1.0,5.0,0.0,1.791759469228055,light,hazel,combination,blonde,P481828,NUDESTIX,36.0
5,1.0,0.705882013,17.0,1.791759469228055,2.5649493574615367,light,brown,dry,brown,P450290,La Mer,245.0
4,1.0,1.0,6.0,0.0,1.9459101490553132,fairLight,green,dry,brown,P431840,Herbivore,22.0
4,1.0,0.666666985,6.0,1.0986122886681098,1.6094379124341003,lightMedium,blue,normal,blonde,P431840,Herbivore,22.0
2,0.0,0.75,8.0,1.0986122886681098,1.9459101490553132,medium,brown,combination,brown,P481825,LANEIGE,30.0
3,0.0,0.850000024,20.0,1.3862943611198906,2.8903717578961645,lightMedium,brown,combination,blonde,P481825,LANEIGE,30.0
5,1.0,0.833333015,6.0,0.6931471805599453,1.791759469228055,lightMedium,brown,dry,brown,P377576,CLINIQUE,54.0
5,1.0,0.833333015,12.0,1.0986122886681098,2.3978952727983707,lightMedium,brown,oily,brown,P377576,CLINIQUE,54.0
5,1.0,1.0,9.0,0.0,2.302585092994046,lightMedium,brown,combination,brown,P377576,CLINIQUE,54.0
5,1.0,0.833333015,6.0,0.6931471805599453,1.791759469228055,lightMedium,brown,oily,brown,P377576,CLINIQUE,54.0
4,1.0,1.0,4.0,0.0,1.6094379124341003,lightMedium,hazel,combination,brown,P404465,GLO Science,24.0
5,1.0,1.0,7.0,0.0,2.0794415416798357,light,hazel,combination,blonde,P404465,GLO Science,24.0
5,1.0,1.0,49.0,0.0,3.912023005428146,fair,brown,combination,brown,P404465,GLO Science,24.0
5,1.0,1.0,9.0,0.0,2.302585092994046,light,blue,combination,brown,P465803,SEPHORA COLLECTION,20.0
5,1.0,1.0,10.0,0.0,2.3978952727983707,light,green,combination,brown,P500988,Herbivore,48.0
5,1.0,1.0,4.0,0.0,1.6094379124341003,fairLight,Grey,combination,gray,P483643,alpyn beauty,28.0
5,1.0,0.714286029,7.0,1.0986122886681098,1.791759469228055,porcelain,hazel,combination,brunette,P447213,SOBEL SKIN Rx,105.0
5,1.0,0.769231021,13.0,1.3862943611198906,2.3978952727983707,medium,brown,oily,black,P447213,SOBEL SKIN Rx,105.0
5,1.0,0.133332998,15.0,2.6390573296152584,1.0986122886681098,light,brown,combination,black,P467614,Dr. Brandt Skincare,120.0
3,0.0,1.0,5.0,0.0,1.791759469228055,lightMedium,green,combination,brown,P449177,Dermalogica,155.0
4,1.0,1.0,7.0,0.0,2.0794415416798357,medium,brown,combination,black,P443839,The INKEY List,12.99
5,1.0,0.757575989,33.0,2.1972245773362196,3.258096538021482,fair,blue,dry,red,P443839,The INKEY List,12.99
2,0.0,1.0,11.0,0.0,2.4849066497880004,light,blue,combination,blonde,P427393,Dr. Dennis Gross Skincare,55.0
3,0.0,0.647059023,17.0,1.9459101490553132,2.4849066497880004,lightMedium,brown,combination,brown,P474823,Dr. Dennis Gross Skincare,82.0
5,1.0,1.0,4.0,0.0,1.6094379124341003,lightMedium,brown,combination,brown,P474823,Dr. Dennis Gross Skincare,82.0
5,1.0,0.93333298,15.0,0.6931471805599453,2.70805020110221,fair,green,combination,blonde,P416755,Dr. Dennis Gross Skincare,65.0
2,0.0,0.714286029,7.0,1.0986122886681098,1.791759469228055,fair,blue,combination,blonde,P383053,Dr. Brandt Skincare,82.0
5,1.0,0.939393997,66.0,1.6094379124341003,4.143134726391533,mediumTan,brown,combination,black,P383053,Dr. Brandt Skincare,82.0
5,1.0,0.857142985,7.0,0.6931471805599453,1.9459101490553132,fair,blue,combination,black,P383053,Dr. Brandt Skincare,82.0
4,1.0,1.0,6.0,0.0,1.9459101490553132,fair,blue,combination,black,P383053,Dr. Brandt Skincare,82.0
5,1.0,0.75,4.0,0.6931471805599453,1.3862943611198906,fair,blue,combination,black,P383053,Dr. Brandt Skincare,82.0
3,0.0,0.814814985,27.0,1.791759469228055,3.1354942159291497,light,blue,dry,brown,P388545,Shiseido,35.0
5,1.0,0.75,8.0,1.0986122886681098,1.9459101490553132,light,blue,combination,brown,P388545,Shiseido,35.0
5,1.0,0.892857015,28.0,1.3862943611198906,3.258096538021482,fair,green,dry,blonde,P476428,Hyper Skin,58.0
5,1.0,1.0,4.0,0.0,1.6094379124341003,fair,brown,oily,black,P456395,innisfree,22.0
4,1.0,0.888889015,9.0,0.6931471805599453,2.1972245773362196,lightMedium,green,combination,brown,P456395,innisfree,22.0
5,1.0,0.863636017,44.0,1.9459101490553132,3.6635616461296463,light,brown,combination,black,P419633,FOREO,159.0
4,1.0,0.785713971,28.0,1.9459101490553132,3.1354942159291497,light,blue,combination,brown,P419633,FOREO,159.0
5,1.0,0.625,8.0,1.3862943611198906,1.791759469228055,light,blue,combination,brown,P419633,FOREO,159.0
1,0.0,1.0,7.0,0.0,2.0794415416798357,lightMedium,hazel,combination,brown,P443383,CLINIQUE,37.0
2,0.0,0.9375,16.0,0.6931471805599453,2.772588722239781,fair,green,oily,brown,P443383,CLINIQUE,37.0
1,0.0,0.25,8.0,1.9459101490553132,1.0986122886681098,tan,brown,combination,black,P443383,CLINIQUE,37.0
1,0.0,0.75,8.0,1.0986122886681098,1.9459101490553132,mediumTan,brown,combination,black,P443383,CLINIQUE,37.0
5,1.0,0.947368026,19.0,0.6931471805599453,2.9444389791664403,lightMedium,brown,combination,black,P479313,Dr. Dennis Gross Skincare,77.0
5,1.0,0.600000024,5.0,1.0986122886681098,1.3862943611198906,light,hazel,normal,blonde,P479313,Dr. Dennis Gross Skincare,77.0
1,0.0,0.615384996,13.0,1.791759469228055,2.1972245773362196,fair,brown,dry,blonde,P442833,The Ordinary,11.1
5,1.0,0.931034982,29.0,1.0986122886681098,3.332204510175204,fair,brown,normal,brown,P442833,The Ordinary,11.1
5,1.0,0.846153975,13.0,1.0986122886681098,2.4849066497880004,light,green,oily,blonde,P442833,The Ordinary,11.1
5,1.0,0.877192974,57.0,2.0794415416798357,3.9318256327243257,fair,green,combination,blonde,P442833,The Ordinary,11.1
5,1.0,0.909090996,11.0,0.6931471805599453,2.3978952727983707,fair,green,oily,blonde,P455930,Shani Darden Skin Care,48.0
4,1.0,0.800000012,10.0,1.0986122886681098,2.1972245773362196,fair,blue,combination,brown,P455930,Shani Darden Skin Care,48.0
3,1.0,0.800000012,5.0,0.6931471805599453,1.6094379124341003,fair,brown,combination,brown,P443366,Dermalogica,69.0
4,1.0,0.75,8.0,1.0986122886681098,1.9459101490553132,lightMedium,blue,combination,brown,P500101,MILK MAKEUP,32.0
