rating,is_recommended,helpfulness,total_feedback_count,product_id,brand_name,price_usd,positive_ratio,tone_dark,tone_deep,tone_fair,tone_fairLight,tone_light,tone_lightMedium,tone_medium,tone_mediumTan,tone_notSureST,tone_olive,tone_porcelain,tone_rich,tone_tan,eye_Grey,eye_blue,eye_brown,eye_gray,eye_green,eye_hazel,skin_combination,skin_dry,skin_normal,skin_oily,hair_auburn,hair_black,hair_blonde,hair_brown,hair_brunette,hair_gray,hair_red
3,0.0,0.833333015,6.0,P420652,51,24.0,0.7210570543488701,0,0,0,0,1,0,0,0,0,0,0,0,0,0,0,1,0,0,0,0,1,0,0,0,0,0,1,0,0,0
1,0.0,0.800000012,5.0,P420652,51,24.0,0.6989700043360187,0,0,0,0,1,0,0,0,0,0,0,0,0,0,0,1,0,0,0,1,0,0,0,0,0,0,1,0,0,0
3,0.0,0.714286029,7.0,P420652,51,24.0,0.6199062332840658,0,0,0,0,1,0,0,0,0,0,0,0,0,0,0,1,0,0,0,1,0,0,0,0,0,0,0,0,0,1
4,1.0,0.625,8.0,P420652,51,24.0,0.5637914160289369,0,0,1,0,0,0,0,0,0,0,0,0,0,0,1,0,0,0,0,0,1,0,0,0,0,1,0,0,0,0
3,0.0,1.0,4.0,P420652,51,24.0,1.0,0,0,1,0,0,0,0,0,0,0,0,0,0,0,1,0,0,0,0,0,1,0,0,0,0,1,0,0,0,0
5,1.0,1.0,5.0,P420652,51,24.0,1.0,0,0,0,0,1,0,0,0,0,0,0,0,0,0,0,0,0,0,1,1,0,0,0,0,0,0,1,0,0,0
5,1.0,0.909090996,11.0,P420652,51,24.0,0.7757561757824245,0,0,1,0,0,0,0,0,0,0,0,0,0,0,1,0,0,0,0,0,1,0,0,0,0,1,0,0,0,0
5,1.0,0.400000006,5.0,P420652,51,24.0,0.4421141086977403,0,0,1,0,0,0,0,0,0,0,0,0,0,0,0,0,0,0,1,1,0,0,0,0,0,0,1,0,0,0
3,0.0,0.846153975,13.0,P420652,51,24.0,0.6934264036172708,0,0,0,0,1,0,0,0,0,0,0,0,0,0,0,0,0,0,1,0,0,1,0,0,0,0,1,0,0,0
4,1.0,1.0,5.0,P420652,51,24.0,1.0,0,0,0,0,0,1,0,0,0,0,0,0,0,0,0,1,0,0,0,1,0,0,0,0,1,0,0,0,0,0
5,1.0,0.75,4.0,P420652,51,24.0,0.6666666666666667,0,0,0,0,0,1,0,0,0,0,0,0,0,0,0,1,0,0,0,0,0,1,0,0,1,0,0,0,0,0
5,1.0,0.92592603,27.0,P420652,51,24.0,0.7478343556177288,0,0,0,0,0,0,0,1,0,0,0,0,0,0,0,1,0,0,0,1,0,0,0,0,1,0,0,0,0,0
2,0.0,0.400000006,5.0,P420652,51,24.0,0.4421141086977403,0,0,0,0,1,0,0,0,0,0,0,0,0,0,0,1,0,0,0,1,0,0,0,0,0,0,1,0,0,0
2,0.0,0.357143015,28.0,P420652,51,24.0,0.4488478555823177,0,0,0,0,0,1,0,0,0,0,0,0,0,0,1,0,0,0,0,0,0,1,0,0,0,0,1,0,0,0
3,1.0,0.200000003,35.0,P420652,51,24.0,0.3817774568124029,0,0,1,0,0,0,0,0,0,0,0,0,0,0,0,0,0,1,0,0,0,0,1,0,0,1,0,0,0,0
3,1.0,0.363635987,11.0,P420652,51,24.0,0.4362945258726772,0,0,1,0,0,0,0,0,0,0,0,0,0,0,0,1,0,0,0,1,0,0,0,0,0,1,0,0,0,0
5,1.0,1.0,4.0,P420652,51,24.0,1.0,0,0,0,0,0,0,0,1,0,0,0,0,0,0,0,1,0,0,0,1,0,0,0,0,1,0,0,0,0,0
4,1.0,0.5,4.0,P420652,51,24.0,0.5,0,0,0,0,1,0,0,0,0,0,0,0,0,0,0,1,0,0,0,1,0,0,0,0,0,0,1,0,0,0
5,1.0,0.75,8.0,P420652,51,24.0,0.6391511932854698,0,0,0,0,1,0,0,0,0,0,0,0,0,0,0,1,0,0,0,0,0,0,1,0,1,0,0,0,0,0
4,1.0,0.800000012,15.0,P420652,51,24.0,0.649149872836091,0,0,0,0,0,1,0,0,0,0,0,0,0,0,0,1,0,0,0,1,0,0,0,0,1,0,0,0,0,0
1,0.0,0.25,12.0,P420652,51,24.0,0.3758036494182151,0,0,0,0,0,1,0,0,0,0,0,0,0,0,0,1,0,0,0,1,0,0,0,0,0,0,1,0,0,0
5,1.0,0.714286029,7.0,P420652,51,24.0,0.6199062332840658,0,0,0,0,1,0,0,0,0,0,0,0,0,0,0,1,0,0,0,0,0,0,1,0,0,0,1,0,0,0
3,0.0,1.0,4.0,P420652,51,24.0,1.0,0,0,0,0,1,0,0,0,0,0,0,0,0,0,1,0,0,0,0,1,0,0,0,0,0,1,0,0,0,0
5,1.0,0.916666985,12.0,P420652,51,24.0,0.7818957080144684,0,0,0,0,1,0,0,0,0,0,0,0,0,0,0,1,0,0,0,1,0,0,0,0,0,0,0,1,0,0
3,0.0,0.300000012,10.0,P420652,51,24.0,0.3999999999999999,0,0,0,0,1,0,0,0,0,0,0,0,0,0,0,1,0,0,0,1,0,0,0,0,0,0,1,0,0,0
5,1.0,1.0,5.0,P420652,51,24.0,1.0,0,0,0,0,1,0,0,0,0,0,0,0,0,0,1,0,0,0,0,1,0,0,0,0,0,1,0,0,0,0
2,0.0,0.25,8.0,P420652,51,24.0,0.3608488067145302,0,0,0,0,0,0,0,0,0,0,1,0,0,0,0,0,0,1,0,0,0,0,1,0,0,0,0,0,0,1
4,1.0,1.0,10.0,P420652,51,24.0,1.0,0,0,1,0,0,0,0,0,0,0,0,0,0,0,1,0,0,0,0,1,0,0,0,0,0,1,0,0,0,0
5,1.0,1.0,4.0,P420652,51,24.0,1.0,0,0,0,0,1,0,0,0,0,0,0,0,0,0,0,0,0,0,1,1,0,0,0,0,0,0,1,0,0,0
5,1.0,0.863636017,44.0,P420652,51,24.0,0.6531027839866069,0,0,0,0,0,1,0,0,0,0,0,0,0,0,0,0,0,0,1,1,0,0,0,0,0,0,1,0,0,0
1,0.0,0.555555999,9.0,P420652,51,24.0,0.5268025545616606,0,0,0,0,0,1,0,0,0,0,0,0,0,0,0,1,0,0,0,1,0,0,0,0,1,0,0,0,0,0
1,0.0,0.600000024,5.0,P420652,51,24.0,0.5578858913022596,0,0,0,0,0,1,0,0,0,0,0,0,0,0,1,0,0,0,0,1,0,0,0,0,0,0,1,0,0,0
2,0.0,0.25,4.0,P420652,51,24.0,0.3333333333333333,0,0,0,0,1,0,0,0,0,0,0,0,0,0,1,0,0,0,0,1,0,0,0,0,0,1,0,0,0,0
5,1.0,0.75,4.0,P420652,51,24.0,0.6666666666666667,0,0,1,0,0,0,0,0,0,0,0,0,0,0,0,1,0,0,0,0,0,1,0,0,0,0,1,0,0,0
2,0.0,1.0,5.0,P420652,51,24.0,1.0,0,0,0,0,0,0,0,1,0,0,0,0,0,0,0,1,0,0,0,1,0,0,0,0,0,0,1,0,0,0
5,1.0,1.0,4.0,P420652,51,24.0,1.0,0,0,0,0,0,0,0,1,0,0,0,0,0,0,0,1,0,0,0,1,0,0,0,0,0,0,1,0,0,0
3,1.0,1.0,5.0,P420652,51,24.0,1.0,0,0,0,0,0,0,0,1,0,0,0,0,0,0,0,1,0,0,0,1,0,0,0,0,1,0,0,0,0,0
5,1.0,1.0,5.0,P420652,51,24.0,1.0,0,0,0,0,0,0,1,0,0,0,0,0,0,0,0,1,0,0,0,0,1,0,0,0,1,0,0,0,0,0
3,0.0,0.384615004,13.0,P420652,51,24.0,0.4491768952476266,0,0,1,0,0,0,0,0,0,0,0,0,0,0,0,1,0,0,0,0,0,1,0,0,0,0,1,0,0,0
5,1.0,1.0,4.0,P420652,51,24.0,1.0,0,0,1,0,0,0,0,0,0,0,0,0,0,0,1,0,0,0,0,0,1,0,0,0,0,1,0,0,0,0
1,0.0,0.875,16.0,P420652,51,24.0,0.7113975059201018,0,0,0,0,0,1,0,0,0,0,0,0,0,0,0,1,0,0,0,0,0,1,0,0,0,0,1,0,0,0
4,1.0,1.0,4.0,P420652,51,24.0,1.0,0,0,0,0,0,0,1,0,0,0,0,0,0,0,1,0,0,0,0,0,0,0,1,0,1,0,0,0,0,0
2,0.0,0.571429014,21.0,P420652,51,24.0,0.5269504270732931,0,0,1,0,0,0,0,0,0,0,0,0,0,0,0,1,0,0,0,0,1,0,0,0,0,0,1,0,0,0
5,1.0,0.800000012,5.0,P420652,51,24.0,0.6989700043360187,0,0,1,0,0,0,0,0,0,0,0,0,0,0,0,1,0,0,0,0,1,0,0,0,0,1,0,0,0,0
3,0.0,1.0,5.0,P420652,51,24.0,1.0,0,0,1,0,0,0,0,0,0,0,0,0,0,0,0,0,0,0,1,0,0,0,1,0,0,0,1,0,0,0
3,0.0,0.571429014,7.0,P420652,51,24.0,0.5372435736804816,0,0,0,0,0,0,0,0,0,0,0,0,1,0,0,1,0,0,0,0,0,0,1,0,1,0,0,0,0,0
4,0.0,0.882353008,17.0,P420652,51,24.0,0.7162089270041655,0,0,0,0,0,1,0,0,0,0,0,0,0,0,0,1,0,0,0,0,1,0,0,0,0,0,1,0,0,0
5,1.0,1.0,5.0,P420652,51,24.0,1.0,0,0,0,0,0,0,1,0,0,0,0,0,0,0,0,1,0,0,0,1,0,0,0,0,0,0,1,0,0,0
5,1.0,1.0,5.0,P420652,51,24.0,1.0,0,0,1,0,0,0,0,0,0,0,0,0,0,0,1,0,0,0,0,1,0,0,0,0,0,1,0,0,0,0
5,1.0,0.600000024,5.0,P420652,51,24.0,0.5578858913022596,0,1,0,0,0,0,0,0,0,0,0,0,0,0,0,1,0,0,0,0,0,1,0,0,0,0,1,0,0,0
5,1.0,0.800000012,5.0,P420652,51,24.0,0.6989700043360187,0,0,1,0,0,0,0,0,0,0,0,0,0,0,0,0,0,1,0,0,0,1,0,0,0,0,1,0,0,0
5,1.0,1.0,19.0,P420652,51,24.0,1.0,0,0,0,0,0,0,0,1,0,0,0,0,0,0,0,1,0,0,0,1,0,0,0,0,0,0,1,0,0,0
5,1.0,0.800000012,5.0,P420652,51,24.0,0.6989700043360187,0,0,1,0,0,0,0,0,0,0,0,0,0,0,1,0,0,0,0,0,0,0,1,0,0,0,1,0,0,0
5,1.0,1.0,4.0,P420652,51,24.0,1.0,0,0,1,0,0,0,0,0,0,0,0,0,0,0,0,0,0,0,1,1,0,0,0,1,0,0,0,0,0,0
5,1.0,1.0,9.0,P420652,51,24.0,1.0,0,0,0,0,0,1,0,0,0,0,0,0,0,0,0,0,0,1,0,0,0,1,0,0,0,0,1,0,0,0
2,0.0,0.0625,16.0,P420652,51,24.0,0.1999999999999999,0,1,0,0,0,0,0,0,0,0,0,0,0,0,0,1,0,0,0,1,0,0,0,0,1,0,0,0,0,0
5,1.0,0.909090996,22.0,P420652,51,24.0,0.7348354902219298,0,0,1,0,0,0,0,0,0,0,0,0,0,0,0,1,0,0,0,0,0,0,1,0,0,0,1,0,0,0
5,1.0,0.928570986,14.0,P420652,51,24.0,0.7919854023234905,0,0,1,0,0,0,0,0,0,0,0,0,0,0,0,0,0,0,1,0,1,0,0,0,0,0,1,0,0,0
5,1.0,1.0,9.0,P420652,51,24.0,1.0,0,0,0,0,0,1,0,0,0,0,0,0,0,0,0,1,0,0,0,0,1,0,0,0,0,0,1,0,0,0
5,1.0,1.0,7.0,P420652,51,24.0,1.0,0,0,1,0,0,0,0,0,0,0,0,0,0,0,0,1,0,0,0,1,0,0,0,0,0,0,1,0,0,0
5,1.0,0.800000012,5.0,P420652,51,24.0,0.6989700043360187,0,0,1,0,0,0,0,0,0,0,0,0,0,0,0,1,0,0,0,0,1,0,0,0,0,0,1,0,0,0
1,0.0,0.375,8.0,P420652,51,24.0,0.4362085839710631,0,0,0,1,0,0,0,0,0,0,0,0,0,0,0,0,0,1,0,0,0,1,0,0,1,0,0,0,0,0
5,1.0,1.0,4.0,P420652,51,24.0,1.0,0,0,0,0,0,0,0,0,0,1,0,0,0,0,0,1,0,0,0,1,0,0,0,1,0,0,0,0,0,0
2,0.0,0.200000003,5.0,P420652,51,24.0,0.3010299956639811,0,0,1,0,0,0,0,0,0,0,0,0,0,0,0,0,0,1,0,0,0,0,1,0,0,0,1,0,0,0
5,1.0,1.0,6.0,P420652,51,24.0,1.0,0,0,0,0,1,0,0,0,0,0,0,0,0,0,0,0,0,0,1,1,0,0,0,0,0,0,1,0,0,0
1,0.0,0.75,4.0,P420652,51,24.0,0.6666666666666667,0,0,0,0,0,0,0,1,0,0,0,0,0,0,0,1,0,0,0,1,0,0,0,0,1,0,0,0,0,0
2,0.0,0.5,4.0,P420652,51,24.0,0.5,0,0,0,0,0,0,0,1,0,0,0,0,0,0,0,1,0,0,0,0,1,0,0,0,0,0,1,0,0,0
1,0.0,0.600000024,10.0,P420652,51,24.0,0.5473191697130572,0,0,0,0,1,0,0,0,0,0,0,0,0,0,0,1,0,0,0,1,0,0,0,0,0,0,1,0,0,0
2,0.0,0.400000006,5.0,P420652,51,24.0,0.4421141086977403,0,0,1,0,0,0,0,0,0,0,0,0,0,0,0,1,0,0,0,0,1,0,0,0,0,0,1,0,0,0
5,1.0,0.800000012,5.0,P420652,51,24.0,0.6989700043360187,0,0,0,0,1,0,0,0,0,0,0,0,0,0,0,0,0,0,1,0,0,1,0,0,0,0,1,0,0,0
1,0.0,0.86956501,23.0,P420652,51,24.0,0.687124423315857,0,0,1,0,0,0,0,0,0,0,0,0,0,0,0,0,0,0,1,1,0,0,0,0,0,1,0,0,0,0
5,1.0,1.0,4.0,P420652,51,24.0,1.0,0,0,0,0,1,0,0,0,0,0,0,0,0,0,0,1,0,0,0,1,0,0,0,0,0,0,1,0,0,0
5,1.0,1.0,10.0,P420652,51,24.0,1.0,0,0,0,0,0,1,0,0,0,0,0,0,0,0,0,1,0,0,0,1,0,0,0,0,1,0,0,0,0,0
2,0.0,1.0,4.0,P420652,51,24.0,1.0,0,0,1,0,0,0,0,0,0,0,0,0,0,0,0,1,0,0,0,1,0,0,0,0,0,0,1,0,0,0
2,0.0,0.6875,16.0,P420652,51,24.0,0.5810382621965612,0,0,0,0,1,0,0,0,0,0,0,0,0,0,0,1,0,0,0,1,0,0,0,0,1,0,0,0,0,0
5,1.0,1.0,4.0,P420652,51,24.0,1.0,0,0,1,0,0,0,0,0,0,0,0,0,0,0,0,1,0,0,0,0,0,0,1,0,0,0,0,1,0,0
5,1.0,1.0,4.0,P420652,51,24.0,1.0,0,0,0,0,0,0,0,0,0,0,1,0,0,0,1,0,0,0,0,1,0,0,0,0,0,1,0,0,0,0
1,0.0,1.0,4.0,P420652,51,24.0,1.0,0,0,0,0,0,0,0,1,0,0,0,0,0,0,0,1,0,0,0,0,0,1,0,0,1,0,0,0,0,0
1,0.0,0.947368026,19.0,P420652,51,24.0,0.8094485875732266,0,0,0,0,0,0,0,1,0,0,0,0,0,0,0,1,0,0,0,1,0,0,0,0,0,0,1,0,0,0
5,1.0,1.0,5.0,P420652,51,24.0,1.0,0,0,0,0,0,1,0,0,0,0,0,0,0,0,0,1,0,0,0,1,0,0,0,0,0,1,0,0,0,0
4,1.0,0.600000024,5.0,P420652,51,24.0,0.5578858913022596,0,0,0,0,0,1,0,0,0,0,0,0,0,0,0,0,0,0,1,1,0,0,0,0,0,1,0,0,0,0
5,1.0,0.777778029,9.0,P420652,51,24.0,0.6543128759565946,0,0,0,1,0,0,0,0,0,0,0,0,0,0,0,0,0,1,0,1,0,0,0,0,0,1,0,0,0,0
2,0.0,0.833333015,6.0,P420652,51,24.0,0.7210570543488701,0,0,0,1,0,0,0,0,0,0,0,0,0,0,1,0,0,0,0,0,0,1,0,0,0,1,0,0,0,0
5,1.0,0.857142985,7.0,P420652,51,24.0,0.7373504649628064,0,1,0,0,0,0,0,0,0,0,0,0,0,0,0,1,0,0,0,0,1,0,0,0,0,0,0,0,1,0
5,1.0,0.833333015,6.0,P420652,51,24.0,0.7210570543488701,0,0,0,0,0,0,0,1,0,0,0,0,0,0,0,1,0,0,0,0,0,1,0,0,0,0,1,0,0,0
5,1.0,0.903226018,31.0,P420652,51,24.0,0.7083689789427893,0,0,0,0,1,0,0,0,0,0,0,0,0,0,0,1,0,0,0,1,0,0,0,0,0,1,0,0,0,0
1,0.0,0.8125,32.0,P420652,51,24.0,0.6287668703841153,0,0,0,0,1,0,0,0,0,0,0,0,0,0,1,0,0,0,0,1,0,0,0,0,0,1,0,0,0,0
5,1.0,0.800000012,5.0,P420652,51,24.0,0.6989700043360187,0,0,0,1,0,0,0,0,0,0,0,0,0,0,0,0,0,1,0,0,0,0,1,0,0,1,0,0,0,0
1,0.0,0.800000012,5.0,P420652,51,24.0,0.6989700043360187,0,0,0,0,0,0,0,1,0,0,0,0,0,0,0,0,0,0,1,0,1,0,0,0,0,0,1,0,0,0
5,1.0,0.800000012,5.0,P420652,51,24.0,0.6989700043360187,0,0,0,0,1,0,0,0,0,0,0,0,0,0,0,0,0,1,0,0,1,0,0,0,1,0,0,0,0,0
5,1.0,0.885713995,35.0,P420652,51,24.0,0.6828802379924107,0,0,0,1,0,0,0,0,0,0,0,0,0,0,1,0,0,0,0,0,1,0,0,0,0,0,1,0,0,0
1,0.0,0.785713971,14.0,P420652,51,24.0,0.6418955364979173,0,0,0,0,1,0,0,0,0,0,0,0,0,0,1,0,0,0,0,1,0,0,0,1,0,0,0,0,0,0
5,1.0,0.4375,16.0,P420652,51,24.0,0.4745387728193468,0,1,0,0,0,0,0,0,0,0,0,0,0,0,0,1,0,0,0,1,0,0,0,0,1,0,0,0,0,0
4,1.0,0.666666985,9.0,P420652,51,24.0,0.583970804646981,0,0,0,0,1,0,0,0,0,0,0,0,0,0,0,1,0,0,0,1,0,0,0,0,0,0,1,0,0,0
5,1.0,0.879999995,100.0,P420652,51,24.0,0.6363623472281776,0,0,0,0,1,0,0,0,0,0,0,0,0,0,0,1,0,0,0,1,0,0,0,0,0,0,1,0,0,0
5,1.0,0.75,4.0,P420652,51,24.0,0.6666666666666667,0,0,0,0,1,0,0,0,0,0,0,0,0,0,0,1,0,0,0,1,0,0,0,0,0,0,1,0,0,0
1,0.0,0.714286029,7.0,P7880,111,39.0,0.6199062332840658,0,0,0,0,0,1,0,0,0,0,0,0,0,0,0,1,0,0,0,1,0,0,0,0,0,0,1,0,0,0
3,1.0,0.5,6.0,P7880,111,39.0,0.5,0,0,0,0,1,0,0,0,0,0,0,0,0,0,0,1,0,0,0,1,0,0,0,0,0,1,0,0,0,0
1,0.0,0.888889015,9.0,P7880,111,39.0,0.7601875334318686,0,0,0,0,1,0,0,0,0,0,0,0,0,0,0,1,0,0,0,0,0,0,1,0,0,0,1,0,0,0
4,1.0,0.866666973,15.0,P7880,111,39.0,0.7060702520912807,0,0,0,1,0,0,0,0,0,0,0,0,0,0,1,0,0,0,0,0,1,0,0,0,0,0,1,0,0,0
1,0.0,0.315789014,19.0,P7880,111,39.0,0.4244108945391117,0,0,0,0,0,0,0,0,0,0,0,0,1,0,0,1,0,0,0,1,0,0,0,0,1,0,0,0,0,0
5,1.0,1.0,8.0,P7880,111,39.0,1.0,0,0,0,0,0,0,0,0,0,0,0,0,1,0,0,1,0,0,0,0,0,0,1,0,1,0,0,0,0,0
1,0.0,0.615384996,13.0,P7880,111,39.0,0.5508231047523734,0,0,0,0,0,1,0,0,0,0,0,0,0,0,0,0,0,1,0,1,0,0,0,0,0,0,1,0,0,0
5,1.0,0.777778029,9.0,P7880,111,39.0,0.6543128759565946,0,1,0,0,0,0,0,0,0,0,0,0,0,0,0,1,0,0,0,0,0,0,1,0,0,0,1,0,0,0
5,1.0,1.0,5.0,P7880,111,39.0,1.0,0,0,0,0,1,0,0,0,0,0,0,0,0,0,0,1,0,0,0,1,0,0,0,0,0,0,1,0,0,0
1,1.0,0.888889015,18.0,P7880,111,39.0,0.7205846872952778,0,0,0,0,1,0,0,0,0,0,0,0,0,0,0,1,0,0,0,1,0,0,0,0,0,0,1,0,0,0
5,1.0,1.0,4.0,P7880,111,39.0,1.0,0,0,0,0,1,0,0,0,0,0,0,0,0,0,0,1,0,0,0,1,0,0,0,0,0,0,1,0,0,0
4,1.0,1.0,9.0,P7880,111,39.0,1.0,0,0,0,0,1,0,0,0,0,0,0,0,0,0,0,1,0,0,0,0,0,1,0,0,0,0,1,0,0,0
3,1.0,0.857142985,7.0,P7880,111,39.0,0.7373504649628064,0,0,0,0,1,0,0,0,0,0,0,0,0,0,0,1,0,0,0,1,0,0,0,0,0,0,1,0,0,0
4,1.0,0.75,4.0,P7880,111,39.0,0.6666666666666667,0,0,0,0,1,0,0,0,0,0,0,0,0,0,0,1,0,0,0,1,0,0,0,0,0,0,1,0,0,0
2,1.0,0.25,4.0,P7880,111,39.0,0.3333333333333333,0,0,0,0,1,0,0,0,0,0,0,0,0,0,0,1,0,0,0,0,0,1,0,0,0,0,1,0,0,0
4,1.0,1.0,11.0,P7880,111,39.0,1.0,0,0,0,0,1,0,0,0,0,0,0,0,0,0,0,1,0,0,0,1,0,0,0,0,0,0,1,0,0,0
5,1.0,0.5,4.0,P7880,111,39.0,0.5,0,0,0,0,1,0,0,0,0,0,0,0,0,0,0,1,0,0,0,0,1,0,0,0,0,0,1,0,0,0
2,1.0,0.666666985,6.0,P7880,111,39.0,0.5943161289177871,0,0,0,0,1,0,0,0,0,0,0,0,0,0,0,1,0,0,0,1,0,0,0,0,0,0,1,0,0,0
3,1.0,0.200000003,5.0,P7880,111,39.0,0.3010299956639811,0,0,1,0,0,0,0,0,0,0,0,0,0,0,0,1,0,0,0,1,0,0,0,0,0,0,1,0,0,0
2,0.0,0.71052599,38.0,P218700,44,49.0,0.5728280616518735,0,0,0,0,1,0,0,0,0,0,0,0,0,0,0,0,0,0,1,0,1,0,0,0,0,0,1,0,0,0
2,0.0,0.307691991,13.0,P218700,44,49.0,0.411408089932221,0,0,1,0,0,0,0,0,0,0,0,0,0,0,0,0,0,1,0,0,1,0,0,0,0,0,1,0,0,0
4,1.0,0.75,4.0,P218700,44,49.0,0.6666666666666667,0,0,0,0,1,0,0,0,0,0,0,0,0,0,0,1,0,0,0,0,0,1,0,0,0,0,1,0,0,0
5,1.0,1.0,5.0,P218700,44,49.0,1.0,0,0,0,0,0,1,0,0,0,0,0,0,0,0,0,1,0,0,0,1,0,0,0,0,0,1,0,0,0,0
1,0.0,0.875,8.0,P218700,44,49.0,0.75,0,0,0,0,0,1,0,0,0,0,0,0,0,0,1,0,0,0,0,0,0,0,1,0,0,0,1,0,0,0
5,1.0,0.777778029,9.0,P218700,44,49.0,0.6543128759565946,0,0,1,0,0,0,0,0,0,0,0,0,0,0,0,0,0,1,0,0,0,0,1,0,0,1,0,0,0,0
2,1.0,1.0,10.0,P218700,44,49.0,1.0,0,0,0,0,1,0,0,0,0,0,0,0,0,0,0,1,0,0,0,1,0,0,0,0,0,0,1,0,0,0
1,1.0,0.375,8.0,P218700,44,49.0,0.4362085839710631,0,0,0,0,1,0,0,0,0,0,0,0,0,0,0,1,0,0,0,1,0,0,0,0,0,0,1,0,0,0
5,1.0,1.0,5.0,P218700,44,49.0,1.0,0,0,0,0,1,0,0,0,0,0,0,0,0,0,0,1,0,0,0,1,0,0,0,0,0,0,1,0,0,0
5,1.0,0.75,4.0,P218700,44,49.0,0.6666666666666667,0,0,0,0,1,0,0,0,0,0,0,0,0,0,0,1,0,0,0,1,0,0,0,0,0,0,1,0,0,0
5,1.0,0.800000012,5.0,P218700,44,49.0,0.6989700043360187,0,0,0,0,1,0,0,0,0,0,0,0,0,0,0,1,0,0,0,1,0,0,0,0,0,0,1,0,0,0
5,1.0,0.875,8.0,P218700,44,49.0,0.75,0,0,0,0,1,0,0,0,0,0,0,0,0,0,0,1,0,0,0,1,0,0,0,0,0,0,1,0,0,0
1,1.0,1.0,5.0,P218700,44,49.0,1.0,0,0,0,0,1,0,0,0,0,0,0,0,0,0,0,1,0,0,0,1,0,0,0,0,0,0,1,0,0,0
1,1.0,1.0,4.0,P218700,44,49.0,1.0,0,0,0,0,1,0,0,0,0,0,0,0,0,0,0,1,0,0,0,1,0,0,0,0,0,0,1,0,0,0
1,1.0,0.125,8.0,P218700,44,49.0,0.2499999999999999,0,0,0,0,1,0,0,0,0,0,0,0,0,0,0,1,0,0,0,1,0,0,0,0,0,0,1,0,0,0
1,1.0,0.0,4.0,P218700,44,49.0,0.0,0,0,0,0,1,0,0,0,0,0,0,0,0,0,0,1,0,0,0,1,0,0,0,0,0,0,1,0,0,0
1,1.0,0.666666985,12.0,P218700,44,49.0,0.5772049881597967,0,0,0,0,1,0,0,0,0,0,0,0,0,0,0,1,0,0,0,1,0,0,0,0,0,0,1,0,0,0
5,1.0,1.0,4.0,P218700,44,49.0,1.0,0,0,0,0,1,0,0,0,0,0,0,0,0,0,0,1,0,0,0,1,0,0,0,0,0,0,1,0,0,0
5,1.0,1.0,6.0,P218700,44,49.0,1.0,0,0,0,0,1,0,0,0,0,0,0,0,0,0,0,1,0,0,0,1,0,0,0,0,0,0,1,0,0,0
4,1.0,1.0,9.0,P218700,44,49.0,1.0,0,0,0,0,1,0,0,0,0,0,0,0,0,0,0,1,0,0,0,1,0,0,0,0,0,0,1,0,0,0
2,1.0,0.142857,7.0,P218700,44,49.0,0.2626495350371936,0,0,0,0,1,0,0,0,0,0,0,0,0,0,0,1,0,0,0,1,0,0,0,0,0,0,1,0,0,0
5,1.0,1.0,15.0,P218700,44,49.0,1.0,0,0,0,0,1,0,0,0,0,0,0,0,0,0,0,1,0,0,0,1,0,0,0,0,0,0,1,0,0,0
5,1.0,0.833333015,6.0,P218700,44,49.0,0.7210570543488701,0,0,0,0,1,0,0,0,0,0,0,0,0,0,0,1,0,0,0,1,0,0,0,0,0,0,1,0,0,0
2,1.0,0.800000012,5.0,P218700,44,49.0,0.6989700043360187,0,0,0,0,1,0,0,0,0,0,0,0,0,0,0,1,0,0,0,1,0,0,0,0,0,0,1,0,0,0
5,1.0,1.0,15.0,P218700,44,49.0,1.0,0,0,0,0,1,0,0,0,0,0,0,0,0,0,0,1,0,0,0,1,0,0,0,0,0,0,1,0,0,0
5,1.0,1.0,4.0,P218700,44,49.0,1.0,0,0,0,0,1,0,0,0,0,0,0,0,0,0,0,1,0,0,0,0,0,1,0,0,0,0,1,0,0,0
5,1.0,0.5,4.0,P218700,44,49.0,0.5,0,0,0,0,1,0,0,0,0,0,0,0,0,0,0,1,0,0,0,1,0,0,0,0,0,0,1,0,0,0
1,1.0,0.588235021,17.0,P218700,44,49.0,0.5355628517926954,0,0,1,0,0,0,0,0,0,0,0,0,0,0,0,1,0,0,0,0,0,0,1,0,0,0,1,0,0,0
5,1.0,0.833333015,6.0,P218700,44,49.0,0.7210570543488701,0,0,0,0,0,1,0,0,0,0,0,0,0,0,0,1,0,0,0,0,0,1,0,0,0,0,1,0,0,0
5,1.0,1.0,5.0,P248407,29,38.0,1.0,0,0,0,0,1,0,0,0,0,0,0,0,0,0,1,0,0,0,0,1,0,0,0,0,0,0,1,0,0,0
1,0.0,0.75,12.0,P248407,29,38.0,0.6241963505817848,0,0,0,0,0,1,0,0,0,0,0,0,0,0,0,1,0,0,0,1,0,0,0,0,0,1,0,0,0,0
5,1.0,0.800000012,5.0,P248407,29,38.0,0.6989700043360187,0,0,0,0,0,1,0,0,0,0,0,0,0,0,0,1,0,0,0,1,0,0,0,0,0,0,1,0,0,0
4,1.0,0.75,4.0,P248407,29,38.0,0.6666666666666667,0,0,0,0,0,1,0,0,0,0,0,0,0,0,0,1,0,0,0,1,0,0,0,0,1,0,0,0,0,0
1,0.0,1.0,4.0,P248407,29,38.0,1.0,0,0,1,0,0,0,0,0,0,0,0,0,0,0,1,0,0,0,0,0,0,1,0,0,0,0,1,0,0,0
2,0.0,0.600000024,5.0,P248407,29,38.0,0.5578858913022596,0,0,0,0,0,1,0,0,0,0,0,0,0,0,0,1,0,0,0,1,0,0,0,0,1,0,0,0,0,0
1,0.0,0.583333015,12.0,P248407,29,38.0,0.5371566952531242,0,0,0,0,0,0,1,0,0,0,0,0,0,0,0,0,0,1,0,1,0,0,0,0,0,0,1,0,0,0
2,0.0,0.857142985,14.0,P248407,29,38.0,0.7001245250427999,0,0,0,0,1,0,0,0,0,0,0,0,0,0,0,0,0,0,1,0,1,0,0,0,0,1,0,0,0,0
1,0.0,0.764706016,17.0,P248407,29,38.0,0.6211745993017163,0,0,1,0,0,0,0,0,0,0,0,0,0,0,0,1,0,0,0,1,0,0,0,0,0,0,1,0,0,0
5,1.0,1.0,6.0,P248407,29,38.0,1.0,0,0,1,0,0,0,0,0,0,0,0,0,0,0,1,0,0,0,0,0,1,0,0,0,0,1,0,0,0,0
4,0.0,0.571429014,7.0,P248407,29,38.0,0.5372435736804816,0,0,0,0,1,0,0,0,0,0,0,0,0,0,0,0,0,1,0,1,0,0,0,0,0,1,0,0,0,0
1,0.0,0.214286,28.0,P248407,29,38.0,0.3829473132397057,0,0,1,0,0,0,0,0,0,0,0,0,0,0,0,1,0,0,0,1,0,0,0,0,0,0,1,0,0,0
2,0.0,0.5,6.0,P248407,29,38.0,0.5,0,0,0,0,0,1,0,0,0,0,0,0,0,0,0,1,0,0,0,1,0,0,0,0,0,0,1,0,0,0
1,0.0,0.695652008,23.0,P248407,29,38.0,0.5767173575091713,0,0,0,0,1,0,0,0,0,0,0,0,0,0,1,0,0,0,0,1,0,0,0,0,0,1,0,0,0,0
2,0.0,0.727272987,11.0,P248407,29,38.0,0.6131471927654585,0,1,0,0,0,0,0,0,0,0,0,0,0,0,0,1,0,0,0,0,1,0,0,0,1,0,0,0,0,0
4,1.0,0.421052992,19.0,P248407,29,38.0,0.4692787260227566,0,0,1,0,0,0,0,0,0,0,0,0,0,0,1,0,0,0,0,1,0,0,0,0,0,0,1,0,0,0
5,1.0,0.777778029,9.0,P248407,29,38.0,0.6543128759565946,0,0,0,0,1,0,0,0,0,0,0,0,0,0,0,1,0,0,0,1,0,0,0,0,1,0,0,0,0,0
5,1.0,1.0,5.0,P248407,29,38.0,1.0,0,0,0,0,0,0,1,0,0,0,0,0,0,0,0,1,0,0,0,1,0,0,0,0,1,0,0,0,0,0
5,1.0,0.800000012,5.0,P248407,29,38.0,0.6989700043360187,0,0,0,0,1,0,0,0,0,0,0,0,0,0,0,1,0,0,0,1,0,0,0,0,1,0,0,0,0,0
1,0.0,0.133332998,15.0,P248407,29,38.0,0.2939297479087194,0,0,0,0,0,0,1,0,0,0,0,0,0,0,0,1,0,0,0,1,0,0,0,0,1,0,0,0,0,0
3,0.0,0.666666985,6.0,P248407,29,38.0,0.5943161289177871,0,0,0,0,0,1,0,0,0,0,0,0,0,0,0,1,0,0,0,0,1,0,0,0,1,0,0,0,0,0
5,1.0,0.777778029,9.0,P248407,29,38.0,0.6543128759565946,0,0,1,0,0,0,0,0,0,0,0,0,0,0,0,0,0,1,0,0,1,0,0,0,0,0,1,0,0,0
5,1.0,0.866666973,15.0,P248407,29,38.0,0.7060702520912807,0,0,0,0,0,0,1,0,0,0,0,0,0,0,0,1,0,0,0,0,1,0,0,0,0,0,1,0,0,0
5,1.0,0.550000012,20.0,P248407,29,38.0,0.519041448694803,0,0,0,0,1,0,0,0,0,0,0,0,0,0,0,1,0,0,0,1,0,0,0,0,0,0,1,0,0,0
5,1.0,1.0,4.0,P248407,29,38.0,1.0,0,0,1,0,0,0,0,0,0,0,0,0,0,0,0,0,0,0,1,1,0,0,0,0,0,1,0,0,0,0
5,1.0,0.857142985,7.0,P248407,29,38.0,0.7373504649628064,0,0,1,0,0,0,0,0,0,0,0,0,0,0,0,0,0,0,1,0,0,1,0,0,0,0,1,0,0,0
5,1.0,0.899999976,10.0,P248407,29,38.0,0.7686217868402409,0,0,0,0,1,0,0,0,0,0,0,0,0,0,0,1,0,0,0,1,0,0,0,0,0,0,1,0,0,0
5,1.0,0.909090996,22.0,P248407,29,38.0,0.7348354902219298,0,0,0,0,1,0,0,0,0,0,0,0,0,0,0,1,0,0,0,1,0,0,0,0,0,0,1,0,0,0
5,1.0,1.0,7.0,P248407,29,38.0,1.0,0,0,0,0,1,0,0,0,0,0,0,0,0,0,0,1,0,0,0,1,0,0,0,0,0,0,1,0,0,0
5,1.0,1.0,11.0,P248407,29,38.0,1.0,0,0,0,0,1,0,0,0,0,0,0,0,0,0,0,1,0,0,0,1,0,0,0,0,0,0,1,0,0,0
2,1.0,1.0,8.0,P248407,29,38.0,1.0,0,0,0,0,1,0,0,0,0,0,0,0,0,0,0,1,0,0,0,0,1,0,0,0,0,0,1,0,0,0
3,1.0,0.800000012,5.0,P248407,29,38.0,0.6989700043360187,0,0,0,0,1,0,0,0,0,0,0,0,0,0,0,1,0,0,0,1,0,0,0,0,0,0,1,0,0,0
4,1.0,1.0,4.0,P248407,29,38.0,1.0,0,0,0,0,1,0,0,0,0,0,0,0,0,0,0,1,0,0,0,1,0,0,0,0,0,0,1,0,0,0
3,1.0,0.857142985,7.0,P248407,29,38.0,0.7373504649628064,0,0,0,0,1,0,0,0,0,0,0,0,0,0,0,1,0,0,0,0,1,0,0,0,0,0,1,0,0,0
1,1.0,0.25,4.0,P248407,29,38.0,0.3333333333333333,0,0,0,0,1,0,0,0,0,0,0,0,0,0,0,1,0,0,0,1,0,0,0,0,0,0,1,0,0,0
5,1.0,1.0,4.0,P248407,29,38.0,1.0,0,0,0,0,1,0,0,0,0,0,0,0,0,0,0,1,0,0,0,1,0,0,0,0,0,0,1,0,0,0
1,1.0,0.625,8.0,P248407,29,38.0,0.5637914160289369,0,0,0,0,1,0,0,0,0,0,0,0,0,0,0,1,0,0,0,1,0,0,0,0,0,0,1,0,0,0
5,1.0,1.0,5.0,P248407,29,38.0,1.0,0,0,0,0,1,0,0,0,0,0,0,0,0,0,0,1,0,0,0,1,0,0,0,0,0,0,1,0,0,0
1,1.0,1.0,9.0,P248407,29,38.0,1.0,0,0,0,0,1,0,0,0,0,0,0,0,0,0,0,1,0,0,0,1,0,0,0,0,0,0,1,0,0,0
5,1.0,0.888889015,9.0,P248407,29,38.0,0.7601875334318686,0,0,0,0,1,0,0,0,0,0,0,0,0,0,0,1,0,0,0,0,0,0,1,0,0,0,1,0,0,0
1,1.0,0.899999976,10.0,P248407,29,38.0,0.7686217868402409,0,0,0,0,1,0,0,0,0,0,0,0,0,0,0,1,0,0,0,1,0,0,0,0,0,0,1,0,0,0
5,1.0,0.909090996,11.0,P248407,29,38.0,0.7757561757824245,0,0,0,0,1,0,0,0,0,0,0,0,0,0,0,1,0,0,0,1,0,0,0,0,0,0,1,0,0,0
5,1.0,1.0,4.0,P248407,29,38.0,1.0,0,0,0,0,1,0,0,0,0,0,0,0,0,0,0,1,0,0,0,0,1,0,0,0,0,0,1,0,0,0
5,1.0,1.0,6.0,P248407,29,38.0,1.0,0,0,0,0,1,0,0,0,0,0,0,0,0,0,0,1,0,0,0,1,0,0,0,0,0,0,1,0,0,0
5,1.0,0.875,8.0,P248407,29,38.0,0.75,0,0,0,0,1,0,0,0,0,0,0,0,0,0,0,1,0,0,0,0,0,0,1,0,0,0,1,0,0,0
5,1.0,1.0,7.0,P248407,29,38.0,1.0,0,0,0,0,1,0,0,0,0,0,0,0,0,0,0,1,0,0,0,1,0,0,0,0,0,0,1,0,0,0
5,1.0,1.0,8.0,P248407,29,38.0,1.0,0,0,0,0,1,0,0,0,0,0,0,0,0,0,0,1,0,0,0,1,0,0,0,0,0,0,1,0,0,0
5,1.0,1.0,15.0,P248407,29,38.0,1.0,0,0,0,0,1,0,0,0,0,0,0,0,0,0,0,1,0,0,0,1,0,0,0,0,0,0,1,0,0,0
5,1.0,0.800000012,5.0,P248407,29,38.0,0.6989700043360187,0,0,0,0,1,0,0,0,0,0,0,0,0,0,0,1,0,0,0,1,0,0,0,0,0,0,1,0,0,0
5,1.0,1.0,5.0,P248407,29,38.0,1.0,0,0,0,0,0,1,0,0,0,0,0,0,0,0,0,1,0,0,0,0,0,0,1,0,0,0,1,0,0,0
5,1.0,0.899999976,10.0,P248407,29,38.0,0.7686217868402409,0,0,0,0,0,1,0,0,0,0,0,0,0,0,0,1,0,0,0,0,1,0,0,0,0,0,1,0,0,0
5,1.0,1.0,5.0,P248407,29,38.0,1.0,0,0,0,0,1,0,0,0,0,0,0,0,0,0,0,1,0,0,0,1,0,0,0,0,0,0,1,0,0,0
5,1.0,1.0,7.0,P248407,29,38.0,1.0,0,0,0,0,1,0,0,0,0,0,0,0,0,0,0,1,0,0,0,1,0,0,0,0,0,0,1,0,0,0
5,1.0,1.0,6.0,P248407,29,38.0,1.0,0,0,1,0,0,0,0,0,0,0,0,0,0,0,0,1,0,0,0,0,1,0,0,0,0,0,1,0,0,0
5,1.0,1.0,18.0,P248407,29,38.0,1.0,0,0,1,0,0,0,0,0,0,0,0,0,0,0,0,1,0,0,0,0,1,0,0,0,0,0,1,0,0,0
2,1.0,0.5,8.0,P248407,29,38.0,0.5,0,0,1,0,0,0,0,0,0,0,0,0,0,0,0,1,0,0,0,0,1,0,0,0,0,0,1,0,0,0
5,1.0,1.0,7.0,P269122,18,92.0,1.0,0,0,0,0,1,0,0,0,0,0,0,0,0,0,0,0,0,1,0,1,0,0,0,0,0,0,0,1,0,0
5,1.0,1.0,55.0,P269122,18,92.0,1.0,0,0,0,0,1,0,0,0,0,0,0,0,0,0,1,0,0,0,0,0,1,0,0,0,0,0,1,0,0,0
5,1.0,0.714286029,21.0,P269122,18,92.0,0.5875997426017788,0,0,0,0,0,0,1,0,0,0,0,0,0,0,0,1,0,0,0,1,0,0,0,0,0,0,1,0,0,0
5,1.0,0.714286029,14.0,P269122,18,92.0,0.5983768161916053,0,0,0,0,1,0,0,0,0,0,0,0,0,0,1,0,0,0,0,0,0,1,0,0,0,0,1,0,0,0
4,1.0,1.0,4.0,P269122,18,92.0,1.0,0,0,0,0,0,1,0,0,0,0,0,0,0,0,0,1,0,0,0,0,0,0,1,0,0,0,1,0,0,0
4,1.0,1.0,4.0,P269122,18,92.0,1.0,0,0,0,0,0,1,0,0,0,0,0,0,0,0,0,1,0,0,0,1,0,0,0,1,0,0,0,0,0,0
4,1.0,0.666666985,6.0,P269122,18,92.0,0.5943161289177871,0,0,0,0,0,1,0,0,0,0,0,0,0,0,0,1,0,0,0,0,0,1,0,0,0,0,1,0,0,0
5,1.0,0.833333015,6.0,P269122,18,92.0,0.7210570543488701,0,0,0,0,0,1,0,0,0,0,0,0,0,0,0,1,0,0,0,1,0,0,0,0,0,0,1,0,0,0
5,1.0,1.0,71.0,P269122,18,92.0,1.0,0,1,0,0,0,0,0,0,0,0,0,0,0,0,0,1,0,0,0,0,0,0,1,0,1,0,0,0,0,0
5,1.0,0.916666985,12.0,P269122,18,92.0,0.7818957080144684,0,0,0,0,0,1,0,0,0,0,0,0,0,0,0,1,0,0,0,0,0,0,1,0,1,0,0,0,0,0
5,1.0,0.888889015,27.0,P269122,18,92.0,0.6989700043360187,0,0,0,0,0,1,0,0,0,0,0,0,0,0,1,0,0,0,0,1,0,0,0,0,0,1,0,0,0,0
4,1.0,1.0,6.0,P269122,18,92.0,1.0,0,0,1,0,0,0,0,0,0,0,0,0,0,0,0,0,0,0,1,0,0,1,0,0,0,0,1,0,0,0
5,1.0,0.75,8.0,P269122,18,92.0,0.6391511932854698,0,0,0,0,1,0,0,0,0,0,0,0,0,0,0,0,0,1,0,0,0,0,1,0,0,1,0,0,0,0
5,1.0,0.333332986,27.0,P269122,18,92.0,0.4388363882702649,0,0,0,0,0,1,0,0,0,0,0,0,0,0,0,0,0,0,1,0,0,1,0,0,0,0,1,0,0,0
5,1.0,0.90476203,21.0,P269122,18,92.0,0.7316756633516291,0,0,0,0,0,1,0,0,0,0,0,0,0,0,1,0,0,0,0,0,1,0,0,0,0,0,1,0,0,0
4,1.0,0.461537987,13.0,P269122,18,92.0,0.4834136986177055,0,0,0,0,0,0,1,0,0,0,0,0,0,0,0,1,0,0,0,1,0,0,0,0,1,0,0,0,0,0
2,0.0,0.521739006,23.0,P269122,18,92.0,0.5079252465375872,0,0,1,0,0,0,0,0,0,0,0,0,0,0,0,1,0,0,0,1,0,0,0,0,0,1,0,0,0,0
3,0.0,0.833333015,30.0,P269122,18,92.0,0.6451860277489462,0,0,0,0,0,0,0,1,0,0,0,0,0,0,0,0,0,0,1,0,0,0,1,0,1,0,0,0,0,0
2,0.0,0.5,4.0,P269122,18,92.0,0.5,0,0,0,0,0,1,0,0,0,0,0,0,0,0,0,0,0,0,1,0,1,0,0,0,0,0,0,0,0,1
3,0.0,0.25,24.0,P269122,18,92.0,0.3979082265979018,0,0,1,0,0,0,0,0,0,0,0,0,0,0,0,0,0,0,1,1,0,0,0,0,0,0,0,0,0,1
5,1.0,0.875,8.0,P269122,18,92.0,0.75,0,0,1,0,0,0,0,0,0,0,0,0,0,0,0,0,0,0,1,0,1,0,0,0,0,0,1,0,0,0
5,1.0,1.0,18.0,P269122,18,92.0,1.0,0,1,0,0,0,0,0,0,0,0,0,0,0,0,0,1,0,0,0,1,0,0,0,0,0,0,1,0,0,0
5,1.0,1.0,15.0,P269122,18,92.0,1.0,0,0,0,0,0,0,0,1,0,0,0,0,0,0,0,0,0,0,1,0,1,0,0,0,0,0,1,0,0,0
5,1.0,0.888889015,9.0,P269122,18,92.0,0.7601875334318686,0,0,0,0,0,0,0,1,0,0,0,0,0,0,0,1,0,0,0,0,0,0,1,0,1,0,0,0,0,0
5,1.0,1.0,5.0,P269122,18,92.0,1.0,0,0,0,0,0,0,1,0,0,0,0,0,0,0,0,0,0,0,1,1,0,0,0,0,0,0,1,0,0,0
5,1.0,0.142857,7.0,P269122,18,92.0,0.2626495350371936,0,0,0,0,0,1,0,0,0,0,0,0,0,0,0,0,0,1,0,0,1,0,0,0,0,1,0,0,0,0
5,1.0,1.0,4.0,P269122,18,92.0,1.0,0,0,0,0,0,0,0,0,0,0,0,0,1,0,0,1,0,0,0,1,0,0,0,0,0,0,1,0,0,0
5,1.0,0.941175997,17.0,P269122,18,92.0,0.8034383677671774,0,0,0,0,0,0,0,1,0,0,0,0,0,0,0,1,0,0,0,1,0,0,0,0,0,0,1,0,0,0
4,1.0,0.800000012,5.0,P269122,18,92.0,0.6989700043360187,0,0,0,1,0,0,0,0,0,0,0,0,0,0,0,0,0,0,1,1,0,0,0,0,0,1,0,0,0,0
5,1.0,0.942028999,69.0,P269122,18,92.0,0.7224672878443908,0,0,0,0,1,0,0,0,0,0,0,0,0,0,1,0,0,0,0,0,1,0,0,0,0,0,1,0,0,0
5,1.0,0.888889015,9.0,P269122,18,92.0,0.7601875334318686,0,0,0,0,0,1,0,0,0,0,0,0,0,0,0,1,0,0,0,1,0,0,0,0,1,0,0,0,0,0
5,1.0,0.75,4.0,P269122,18,92.0,0.6666666666666667,0,0,1,0,0,0,0,0,0,0,0,0,0,0,0,1,0,0,0,0,0,0,1,0,0,0,1,0,0,0
5,1.0,0.75,4.0,P269122,18,92.0,0.6666666666666667,0,0,1,0,0,0,0,0,0,0,0,0,0,0,0,1,0,0,0,1,0,0,0,0,0,0,1,0,0,0
3,1.0,0.25,4.0,P269122,18,92.0,0.3333333333333333,0,0,1,0,0,0,0,0,0,0,0,0,0,0,0,1,0,0,0,1,0,0,0,0,0,0,1,0,0,0
5,1.0,0.875,8.0,P269122,18,92.0,0.75,0,0,1,0,0,0,0,0,0,0,0,0,0,0,0,1,0,0,0,1,0,0,0,0,0,0,1,0,0,0
5,1.0,0.875,8.0,P269122,18,92.0,0.75,0,0,1,0,0,0,0,0,0,0,0,0,0,0,0,1,0,0,0,1,0,0,0,0,0,0,1,0,0,0
5,1.0,0.800000012,5.0,P269122,18,92.0,0.6989700043360187,0,0,1,0,0,0,0,0,0,0,0,0,0,0,0,1,0,0,0,1,0,0,0,0,0,0,1,0,0,0
1,1.0,0.916666985,12.0,P269122,18,92.0,0.7818957080144684,0,0,1,0,0,0,0,0,0,0,0,0,0,0,0,1,0,0,0,1,0,0,0,0,0,0,1,0,0,0
1,1.0,0.400000006,10.0,P269122,18,92.0,0.4526808302869429,0,0,1,0,0,0,0,0,0,0,0,0,0,0,0,1,0,0,0,1,0,0,0,0,0,0,1,0,0,0
5,1.0,1.0,5.0,P269122,18,92.0,1.0,0,0,1,0,0,0,0,0,0,0,0,0,0,0,0,1,0,0,0,1,0,0,0,0,0,0,1,0,0,0
5,1.0,1.0,9.0,P269122,18,92.0,1.0,0,0,1,0,0,0,0,0,0,0,0,0,0,0,0,1,0,0,0,1,0,0,0,0,0,0,1,0,0,0
1,1.0,0.833333015,6.0,P269122,18,92.0,0.7210570543488701,0,0,1,0,0,0,0,0,0,0,0,0,0,0,0,1,0,0,0,1,0,0,0,0,0,0,1,0,0,0
5,1.0,0.888889015,9.0,P269122,18,92.0,0.7601875334318686,0,0,1,0,0,0,0,0,0,0,0,0,0,0,0,1,0,0,0,1,0,0,0,0,0,0,1,0,0,0
5,1.0,1.0,5.0,P269122,18,92.0,1.0,0,0,1,0,0,0,0,0,0,0,0,0,0,0,0,1,0,0,0,1,0,0,0,0,0,0,1,0,0,0
5,1.0,0.886597991,97.0,P269122,18,92.0,0.642501385439052,0,0,1,0,0,0,0,0,0,0,0,0,0,0,0,1,0,0,0,1,0,0,0,0,0,0,1,0,0,0
3,1.0,0.600000024,5.0,P269122,18,92.0,0.5578858913022596,0,0,1,0,0,0,0,0,0,0,0,0,0,0,0,1,0,0,0,0,0,1,0,0,0,0,1,0,0,0
1,1.0,0.5,6.0,P269122,18,92.0,0.5,0,0,1,0,0,0,0,0,0,0,0,0,0,0,0,1,0,0,0,0,0,1,0,0,0,0,1,0,0,0
5,1.0,0.75,4.0,P394639,110,38.0,0.6666666666666667,0,0,0,0,1,0,0,0,0,0,0,0,0,0,0,1,0,0,0,0,1,0,0,0,0,0,1,0,0,0
2,0.0,1.0,6.0,P394639,110,38.0,1.0,0,0,0,0,0,1,0,0,0,0,0,0,0,0,0,0,0,1,0,1,0,0,0,0,0,0,1,0,0,0
5,1.0,1.0,6.0,P394639,110,38.0,1.0,0,0,0,0,1,0,0,0,0,0,0,0,0,0,1,0,0,0,0,0,1,0,0,0,0,1,0,0,0,0
5,1.0,0.25,4.0,P394639,110,38.0,0.3333333333333333,0,0,0,0,0,1,0,0,0,0,0,0,0,0,0,1,0,0,0,0,0,1,0,0,0,0,1,0,0,0
1,0.0,0.800000012,5.0,P394639,110,38.0,0.6989700043360187,0,0,0,0,1,0,0,0,0,0,0,0,0,0,1,0,0,0,0,1,0,0,0,0,0,1,0,0,0,0
5,1.0,0.833333015,6.0,P394639,110,38.0,0.7210570543488701,0,0,0,0,0,1,0,0,0,0,0,0,0,0,1,0,0,0,0,1,0,0,0,0,0,1,0,0,0,0
5,1.0,1.0,4.0,P394639,110,38.0,1.0,0,0,0,0,1,0,0,0,0,0,0,0,0,0,0,1,0,0,0,0,0,0,1,0,0,0,1,0,0,0
3,0.0,0.125,8.0,P394639,110,38.0,0.2499999999999999,0,0,0,0,0,1,0,0,0,0,0,0,0,0,0,1,0,0,0,1,0,0,0,0,0,0,1,0,0,0
2,0.0,1.0,7.0,P394639,110,38.0,1.0,0,0,1,0,0,0,0,0,0,0,0,0,0,0,0,1,0,0,0,0,0,1,0,0,0,0,1,0,0,0
1,0.0,0.714286029,14.0,P394639,110,38.0,0.5983768161916053,0,0,0,0,0,1,0,0,0,0,0,0,0,0,0,1,0,0,0,1,0,0,0,0,0,0,1,0,0,0
4,1.0,0.222222,9.0,P394639,110,38.0,0.3456871240434053,0,0,0,1,0,0,0,0,0,0,0,0,0,0,1,0,0,0,0,0,0,1,0,0,0,1,0,0,0,0
3,0.0,0.833333015,6.0,P394639,110,38.0,0.7210570543488701,0,0,0,0,1,0,0,0,0,0,0,0,0,0,0,1,0,0,0,0,1,0,0,0,0,0,1,0,0,0
5,1.0,0.9375,16.0,P394639,110,38.0,0.7999999999999999,0,0,0,0,0,1,0,0,0,0,0,0,0,0,0,1,0,0,0,1,0,0,0,0,0,0,1,0,0,0
3,1.0,1.0,4.0,P394639,110,38.0,1.0,0,0,0,0,0,1,0,0,0,0,0,0,0,0,0,1,0,0,0,1,0,0,0,0,0,0,1,0,0,0
5,1.0,0.972972989,37.0,P394639,110,38.0,0.8389552282435555,0,0,0,0,0,1,0,0,0,0,0,0,0,0,0,1,0,0,0,1,0,0,0,0,0,0,1,0,0,0
5,1.0,1.0,4.0,P394639,110,38.0,1.0,0,0,0,0,0,1,0,0,0,0,0,0,0,0,0,1,0,0,0,1,0,0,0,0,0,0,1,0,0,0
4,1.0,1.0,4.0,P394639,110,38.0,1.0,0,0,0,0,0,1,0,0,0,0,0,0,0,0,0,1,0,0,0,1,0,0,0,0,0,0,1,0,0,0
2,1.0,0.909090996,11.0,P394639,110,38.0,0.7757561757824245,0,0,0,0,0,1,0,0,0,0,0,0,0,0,0,1,0,0,0,1,0,0,0,0,0,0,1,0,0,0
1,1.0,0.6875,16.0,P394639,110,38.0,0.5810382621965612,0,0,0,0,0,1,0,0,0,0,0,0,0,0,0,1,0,0,0,1,0,0,0,0,0,0,1,0,0,0
5,1.0,1.0,6.0,P417238,27,36.0,1.0,0,0,0,0,0,1,0,0,0,0,0,0,0,0,1,0,0,0,0,0,0,1,0,0,0,0,1,0,0,0
3,0.0,0.909090996,11.0,P417238,27,36.0,0.7757561757824245,0,0,0,0,1,0,0,0,0,0,0,0,0,0,0,0,0,0,1,0,0,0,1,0,0,0,1,0,0,0
3,0.0,0.075000003,40.0,P417238,27,36.0,0.275940949504581,0,0,0,0,0,0,0,1,0,0,0,0,0,0,0,1,0,0,0,1,0,0,0,0,1,0,0,0,0,0
5,1.0,0.75,4.0,P417238,27,36.0,0.6666666666666667,0,0,0,1,0,0,0,0,0,0,0,0,0,0,1,0,0,0,0,0,1,0,0,0,0,0,1,0,0,0
1,0.0,1.0,10.0,P417238,27,36.0,1.0,0,0,1,0,0,0,0,0,0,0,0,0,0,0,0,0,0,0,1,1,0,0,0,0,0,1,0,0,0,0
5,1.0,0.947368026,19.0,P417238,27,36.0,0.8094485875732266,0,0,0,1,0,0,0,0,0,0,0,0,0,0,0,0,0,1,0,1,0,0,0,0,0,0,1,0,0,0
4,1.0,0.428570986,14.0,P417238,27,36.0,0.4696709804438595,0,0,0,1,0,0,0,0,0,0,0,0,0,0,1,0,0,0,0,0,0,1,0,0,0,1,0,0,0,0
3,0.0,0.666666985,9.0,P417238,27,36.0,0.583970804646981,0,0,0,0,1,0,0,0,0,0,0,0,0,0,0,1,0,0,0,0,0,0,1,0,0,0,1,0,0,0
5,1.0,0.928570986,28.0,P417238,27,36.0,0.75,0,0,0,0,0,1,0,0,0,0,0,0,0,0,1,0,0,0,0,0,1,0,0,0,0,1,0,0,0,0
1,0.0,0.636363983,11.0,P417238,27,36.0,0.5637054741273227,0,0,0,0,1,0,0,0,0,0,0,0,0,0,0,0,0,1,0,1,0,0,0,0,0,1,0,0,0,0
5,1.0,1.0,5.0,P417238,27,36.0,1.0,0,0,0,0,1,0,0,0,0,0,0,0,0,0,0,1,0,0,0,1,0,0,0,0,0,1,0,0,0,0
5,1.0,1.0,10.0,P417238,27,36.0,1.0,0,0,0,1,0,0,0,0,0,0,0,0,0,0,0,0,0,0,1,1,0,0,0,1,0,0,0,0,0,0
5,1.0,1.0,4.0,P417238,27,36.0,1.0,0,0,1,0,0,0,0,0,0,0,0,0,0,0,0,0,0,1,0,0,1,0,0,0,0,0,1,0,0,0
5,1.0,1.0,4.0,P417238,27,36.0,1.0,0,0,1,0,0,0,0,0,0,0,0,0,0,0,0,1,0,0,0,0,0,0,1,0,1,0,0,0,0,0
1,0.0,0.75,12.0,P417238,27,36.0,0.6241963505817848,0,0,1,0,0,0,0,0,0,0,0,0,0,0,0,0,0,0,1,1,0,0,0,0,0,0,1,0,0,0
1,0.0,0.846153975,13.0,P417238,27,36.0,0.6934264036172708,0,0,0,0,1,0,0,0,0,0,0,0,0,0,0,0,0,1,0,1,0,0,0,0,0,1,0,0,0,0
2,0.0,0.666666985,6.0,P417238,27,36.0,0.5943161289177871,0,0,1,0,0,0,0,0,0,0,0,0,0,0,0,1,0,0,0,0,0,0,1,0,0,0,1,0,0,0
4,1.0,1.0,5.0,P417238,27,36.0,1.0,0,0,0,0,1,0,0,0,0,0,0,0,0,0,0,0,0,1,0,1,0,0,0,0,0,0,1,0,0,0
5,1.0,1.0,5.0,P417238,27,36.0,1.0,0,0,0,0,0,0,1,0,0,0,0,0,0,0,0,1,0,0,0,1,0,0,0,0,1,0,0,0,0,0
5,1.0,1.0,8.0,P417238,27,36.0,1.0,0,0,0,0,0,1,0,0,0,0,0,0,0,0,0,1,0,0,0,1,0,0,0,0,0,0,1,0,0,0
1,0.0,1.0,4.0,P417238,27,36.0,1.0,0,0,0,0,0,0,0,1,0,0,0,0,0,0,0,1,0,0,0,0,0,1,0,0,1,0,0,0,0,0
5,1.0,1.0,7.0,P417238,27,36.0,1.0,0,0,0,0,0,1,0,0,0,0,0,0,0,0,0,1,0,0,0,1,0,0,0,0,1,0,0,0,0,0
1,0.0,0.375,8.0,P417238,27,36.0,0.4362085839710631,0,0,0,0,0,1,0,0,0,0,0,0,0,0,0,0,0,0,1,0,0,0,1,0,1,0,0,0,0,0
1,0.0,0.888889015,18.0,P417238,27,36.0,0.7205846872952778,0,0,0,0,1,0,0,0,0,0,0,0,0,0,0,1,0,0,0,0,1,0,0,0,0,0,0,0,0,1
3,0.0,0.5,4.0,P417238,27,36.0,0.5,0,0,0,0,0,0,0,1,0,0,0,0,0,0,0,1,0,0,0,0,1,0,0,0,1,0,0,0,0,0
2,0.0,0.666666985,9.0,P417238,27,36.0,0.583970804646981,0,0,0,0,1,0,0,0,0,0,0,0,0,0,0,1,0,0,0,0,0,1,0,0,0,0,1,0,0,0
5,1.0,0.899999976,10.0,P417238,27,36.0,0.7686217868402409,0,0,0,0,1,0,0,0,0,0,0,0,0,0,0,1,0,0,0,1,0,0,0,0,0,0,1,0,0,0
5,1.0,0.928570986,14.0,P417238,27,36.0,0.7919854023234905,0,0,0,0,1,0,0,0,0,0,0,0,0,0,0,1,0,0,0,1,0,0,0,0,0,0,1,0,0,0
3,1.0,0.571429014,7.0,P450271,27,60.0,0.5372435736804816,0,0,0,0,1,0,0,0,0,0,0,0,0,0,0,0,0,0,1,1,0,0,0,0,0,0,1,0,0,0
2,0.0,0.380952001,21.0,P450271,27,60.0,0.4543210299999297,0,0,0,0,1,0,0,0,0,0,0,0,0,0,0,0,0,0,1,1,0,0,0,0,0,0,1,0,0,0
5,1.0,1.0,5.0,P450271,27,60.0,1.0,0,0,0,0,1,0,0,0,0,0,0,0,0,0,1,0,0,0,0,0,1,0,0,0,0,0,1,0,0,0
5,1.0,0.5,4.0,P450271,27,60.0,0.5,0,0,0,0,1,0,0,0,0,0,0,0,0,0,1,0,0,0,0,1,0,0,0,0,0,0,1,0,0,0
1,0.0,0.714286029,7.0,P450271,27,60.0,0.6199062332840658,0,0,1,0,0,0,0,0,0,0,0,0,0,0,0,0,0,0,1,1,0,0,0,1,0,0,0,0,0,0
5,1.0,1.0,5.0,P450271,27,60.0,1.0,0,0,0,0,0,0,1,0,0,0,0,0,0,0,0,1,0,0,0,0,0,1,0,0,0,0,1,0,0,0
5,1.0,1.0,4.0,P450271,27,60.0,1.0,0,0,0,0,0,1,0,0,0,0,0,0,0,0,1,0,0,0,0,0,1,0,0,0,0,1,0,0,0,0
5,1.0,1.0,5.0,P450271,27,60.0,1.0,0,0,0,0,0,1,0,0,0,0,0,0,0,0,1,0,0,0,0,1,0,0,0,0,0,1,0,0,0,0
5,1.0,0.800000012,5.0,P450271,27,60.0,0.6989700043360187,0,0,0,0,0,1,0,0,0,0,0,0,0,0,0,1,0,0,0,0,0,1,0,0,0,0,1,0,0,0
5,1.0,1.0,9.0,P450271,27,60.0,1.0,0,0,0,0,1,0,0,0,0,0,0,0,0,0,0,1,0,0,0,1,0,0,0,0,0,0,1,0,0,0
2,0.0,1.0,5.0,P450271,27,60.0,1.0,0,0,1,0,0,0,0,0,0,0,0,0,0,0,0,0,0,1,0,0,1,0,0,0,0,0,1,0,0,0
5,1.0,0.5,6.0,P450271,27,60.0,0.5,0,0,0,0,1,0,0,0,0,0,0,0,0,0,0,0,0,1,0,0,0,0,1,0,0,1,0,0,0,0
2,0.0,1.0,8.0,P450271,27,60.0,1.0,0,0,0,0,0,0,0,1,0,0,0,0,0,0,0,1,0,0,0,0,0,1,0,0,0,0,1,0,0,0
5,1.0,1.0,5.0,P450271,27,60.0,1.0,0,0,0,0,0,1,0,0,0,0,0,0,0,0,0,1,0,0,0,0,0,0,1,0,0,0,1,0,0,0
4,1.0,0.0,7.0,P450271,27,60.0,0.0,0,0,0,0,0,1,0,0,0,0,0,0,0,0,0,0,0,0,1,1,0,0,0,0,0,0,1,0,0,0
1,0.0,1.0,11.0,P450271,27,60.0,1.0,0,0,0,0,0,0,1,0,0,0,0,0,0,0,0,1,0,0,0,0,1,0,0,0,0,0,1,0,0,0
3,1.0,1.0,9.0,P450271,27,60.0,1.0,0,0,1,0,0,0,0,0,0,0,0,0,0,0,0,1,0,0,0,1,0,0,0,0,0,0,1,0,0,0
4,0.0,1.0,14.0,P450271,27,60.0,1.0,0,0,0,0,1,0,0,0,0,0,0,0,0,0,0,0,0,1,0,0,1,0,0,0,0,0,0,0,1,0
5,1.0,0.833333015,6.0,P450271,27,60.0,0.7210570543488701,0,0,0,0,1,0,0,0,0,0,0,0,0,0,0,1,0,0,0,1,0,0,0,0,0,0,1,0,0,0
5,1.0,0.875,8.0,P450271,27,60.0,0.75,0,0,0,0,1,0,0,0,0,0,0,0,0,0,0,0,0,0,1,0,0,1,0,0,0,0,1,0,0,0
4,1.0,0.833333015,6.0,P450271,27,60.0,0.7210570543488701,0,0,0,0,0,1,0,0,0,0,0,0,0,0,0,1,0,0,0,1,0,0,0,0,1,0,0,0,0,0
1,0.0,0.375,16.0,P450271,27,60.0,0.4479735992007008,0,0,0,0,0,1,0,0,0,0,0,0,0,0,1,0,0,0,0,0,0,0,1,0,0,1,0,0,0,0
5,1.0,0.75,4.0,P450271,27,60.0,0.6666666666666667,0,0,0,0,1,0,0,0,0,0,0,0,0,0,0,0,0,0,1,1,0,0,0,0,0,0,1,0,0,0
5,1.0,0.875,8.0,P450271,27,60.0,0.75,0,0,0,0,1,0,0,0,0,0,0,0,0,0,0,1,0,0,0,1,0,0,0,0,0,0,1,0,0,0
4,1.0,1.0,9.0,P427421,22,68.0,1.0,0,0,1,0,0,0,0,0,0,0,0,0,0,0,0,0,0,0,1,1,0,0,0,0,0,1,0,0,0,0
4,1.0,0.833333015,12.0,P427421,22,68.0,0.6857972507265685,0,0,1,0,0,0,0,0,0,0,0,0,0,0,0,1,0,0,0,1,0,0,0,0,0,0,1,0,0,0
5,1.0,0.833333015,6.0,P427421,22,68.0,0.7210570543488701,0,0,0,0,0,0,0,1,0,0,0,0,0,0,0,1,0,0,0,1,0,0,0,0,0,0,1,0,0,0
1,0.0,0.5,4.0,P427421,22,68.0,0.5,0,0,0,0,0,1,0,0,0,0,0,0,0,0,0,1,0,0,0,0,1,0,0,0,0,0,1,0,0,0
4,1.0,0.176470995,17.0,P427421,22,68.0,0.3385876151975628,0,0,0,0,1,0,0,0,0,0,0,0,0,0,0,0,0,1,0,0,1,0,0,0,0,1,0,0,0,0
4,1.0,1.0,7.0,P427421,22,68.0,1.0,0,0,0,0,0,0,1,0,0,0,0,0,0,0,0,1,0,0,0,1,0,0,0,0,0,0,1,0,0,0
5,1.0,1.0,4.0,P427421,22,68.0,1.0,0,0,0,0,0,0,1,0,0,0,0,0,0,0,0,1,0,0,0,1,0,0,0,0,1,0,0,0,0,0
3,0.0,0.800000012,5.0,P427421,22,68.0,0.6989700043360187,0,0,1,0,0,0,0,0,0,0,0,0,0,0,1,0,0,0,0,0,0,1,0,0,0,1,0,0,0,0
4,1.0,0.0,4.0,P427421,22,68.0,0.0,0,0,0,0,1,0,0,0,0,0,0,0,0,0,0,0,0,0,1,1,0,0,0,0,0,0,1,0,0,0
1,0.0,0.555555999,9.0,P427421,22,68.0,0.5268025545616606,0,0,0,0,0,1,0,0,0,0,0,0,0,0,0,1,0,0,0,1,0,0,0,0,0,0,1,0,0,0
5,1.0,0.5,4.0,P427421,22,68.0,0.5,0,0,0,0,0,1,0,0,0,0,0,0,0,0,0,1,0,0,0,0,0,1,0,0,0,0,1,0,0,0
2,0.0,0.0,6.0,P427421,22,68.0,0.0,0,0,0,0,0,1,0,0,0,0,0,0,0,0,0,1,0,0,0,1,0,0,0,0,0,0,1,0,0,0
5,1.0,1.0,4.0,P427421,22,68.0,1.0,0,0,0,0,0,0,1,0,0,0,0,0,0,0,0,1,0,0,0,1,0,0,0,0,0,0,1,0,0,0
5,1.0,0.75,4.0,P427421,22,68.0,0.6666666666666667,0,0,0,0,0,1,0,0,0,0,0,0,0,0,0,1,0,0,0,0,0,0,1,0,0,0,1,0,0,0
3,1.0,0.5,16.0,P427421,22,68.0,0.5,0,0,0,0,1,0,0,0,0,0,0,0,0,0,0,1,0,0,0,1,0,0,0,0,0,0,1,0,0,0
1,0.0,0.941175997,34.0,P427421,22,68.0,0.7609175985614538,0,0,0,0,0,1,0,0,0,0,0,0,0,0,0,1,0,0,0,0,0,0,1,0,1,0,0,0,0,0
3,1.0,0.875,8.0,P427421,22,68.0,0.75,0,0,0,0,0,1,0,0,0,0,0,0,0,0,0,1,0,0,0,1,0,0,0,0,1,0,0,0,0,0
3,0.0,0.833333015,6.0,P427421,22,68.0,0.7210570543488701,0,0,0,0,0,0,0,1,0,0,0,0,0,0,0,1,0,0,0,1,0,0,0,0,0,0,1,0,0,0
5,1.0,1.0,5.0,P427421,22,68.0,1.0,0,0,0,0,0,1,0,0,0,0,0,0,0,0,0,1,0,0,0,0,1,0,0,0,1,0,0,0,0,0
3,0.0,0.75,8.0,P427421,22,68.0,0.6391511932854698,0,0,0,0,1,0,0,0,0,0,0,0,0,0,0,1,0,0,0,0,0,1,0,0,1,0,0,0,0,0
1,0.0,0.75,16.0,P427421,22,68.0,0.6144493051612967,0,0,0,0,0,0,0,1,0,0,0,0,0,0,0,1,0,0,0,0,1,0,0,0,1,0,0,0,0,0
5,1.0,1.0,4.0,P427421,22,68.0,1.0,0,0,0,0,0,1,0,0,0,0,0,0,0,0,0,1,0,0,0,0,0,1,0,0,1,0,0,0,0,0
3,0.0,0.0,17.0,P427421,22,68.0,0.0,0,0,0,0,0,1,0,0,0,0,0,0,0,0,0,1,0,0,0,0,0,1,0,0,0,0,1,0,0,0
1,0.0,0.5,6.0,P427421,22,68.0,0.5,0,0,1,0,0,0,0,0,0,0,0,0,0,0,0,1,0,0,0,0,1,0,0,0,0,1,0,0,0,0
5,1.0,0.75,4.0,P427421,22,68.0,0.6666666666666667,0,0,0,0,1,0,0,0,0,0,0,0,0,0,1,0,0,0,0,0,1,0,0,0,0,1,0,0,0,0
1,0.0,0.15625,32.0,P427421,22,68.0,0.3496822921531788,0,0,1,0,0,0,0,0,0,0,0,0,0,0,0,1,0,0,0,1,0,0,0,0,0,1,0,0,0,0
3,0.0,0.833333015,6.0,P427421,22,68.0,0.7210570543488701,0,0,1,0,0,0,0,0,0,0,0,0,0,0,1,0,0,0,0,0,1,0,0,0,0,0,1,0,0,0
2,0.0,1.0,7.0,P427421,22,68.0,1.0,0,0,1,0,0,0,0,0,0,0,0,0,0,0,0,0,0,1,0,1,0,0,0,0,0,1,0,0,0,0
2,0.0,0.800000012,5.0,P427421,22,68.0,0.6989700043360187,0,0,1,0,0,0,0,0,0,0,0,0,0,0,0,0,0,1,0,1,0,0,0,0,0,0,0,0,0,1
1,0.0,0.75,12.0,P427421,22,68.0,0.6241963505817848,0,0,0,0,0,0,0,0,0,0,0,0,1,0,0,1,0,0,0,0,1,0,0,0,0,0,1,0,0,0
2,0.0,1.0,7.0,P427421,22,68.0,1.0,0,0,0,0,1,0,0,0,0,0,0,0,0,0,0,1,0,0,0,0,1,0,0,0,1,0,0,0,0,0
5,1.0,1.0,9.0,P427421,22,68.0,1.0,0,0,0,0,1,0,0,0,0,0,0,0,0,0,0,1,0,0,0,1,0,0,0,0,0,0,1,0,0,0
5,1.0,1.0,5.0,P427421,22,68.0,1.0,0,0,0,0,0,1,0,0,0,0,0,0,0,0,0,1,0,0,0,1,0,0,0,0,0,1,0,0,0,0
1,0.0,0.571429014,7.0,P427421,22,68.0,0.5372435736804816,0,0,1,0,0,0,0,0,0,0,0,0,0,0,0,1,0,0,0,0,1,0,0,0,0,1,0,0,0,0
2,0.0,0.833333015,6.0,P427421,22,68.0,0.7210570543488701,0,0,1,0,0,0,0,0,0,0,0,0,0,0,0,1,0,0,0,0,1,0,0,0,0,0,1,0,0,0
4,1.0,1.0,5.0,P427421,22,68.0,1.0,0,0,1,0,0,0,0,0,0,0,0,0,0,0,0,0,0,0,1,0,1,0,0,0,0,0,1,0,0,0
1,0.0,0.875,8.0,P427421,22,68.0,0.75,0,0,0,0,0,0,0,0,0,0,0,0,1,0,0,1,0,0,0,1,0,0,0,0,1,0,0,0,0,0
2,0.0,0.888889015,9.0,P427421,22,68.0,0.7601875334318686,0,0,0,0,0,0,0,1,0,0,0,0,0,0,0,1,0,0,0,0,0,0,1,0,0,0,1,0,0,0
5,1.0,0.899999976,10.0,P427421,22,68.0,0.7686217868402409,0,0,0,0,0,1,0,0,0,0,0,0,0,0,0,1,0,0,0,1,0,0,0,0,1,0,0,0,0,0
5,1.0,0.970588028,34.0,P427421,22,68.0,0.8357279500379498,0,0,1,0,0,0,0,0,0,0,0,0,0,0,1,0,0,0,0,1,0,0,0,0,0,0,1,0,0,0
1,0.0,0.833333015,6.0,P427421,22,68.0,0.7210570543488701,0,0,0,0,0,0,0,1,0,0,0,0,0,0,0,0,0,1,0,1,0,0,0,0,1,0,0,0,0,0
5,1.0,0.833333015,6.0,P427421,22,68.0,0.7210570543488701,0,0,0,0,1,0,0,0,0,0,0,0,0,0,0,0,0,0,1,0,0,0,1,0,0,0,1,0,0,0
5,1.0,0.888889015,9.0,P427421,22,68.0,0.7601875334318686,0,0,1,0,0,0,0,0,0,0,0,0,0,0,0,1,0,0,0,1,0,0,0,0,0,0,1,0,0,0
5,1.0,0.931818008,44.0,P427421,22,68.0,0.7294488472806673,0,0,1,0,0,0,0,0,0,0,0,0,0,0,0,0,0,1,0,1,0,0,0,0,0,1,0,0,0,0
4,1.0,0.5,4.0,P427421,22,68.0,0.5,0,0,1,0,0,0,0,0,0,0,0,0,0,0,0,1,0,0,0,1,0,0,0,0,0,0,1,0,0,0
3,1.0,0.899999976,10.0,P427421,22,68.0,0.7686217868402409,0,0,0,0,1,0,0,0,0,0,0,0,0,0,0,1,0,0,0,1,0,0,0,0,0,0,1,0,0,0
3,0.0,0.935483992,31.0,P427421,22,68.0,0.7558536095622292,0,0,1,0,0,0,0,0,0,0,0,0,0,0,0,1,0,0,0,1,0,0,0,0,0,0,1,0,0,0
3,1.0,0.833333015,12.0,P427421,22,68.0,0.6857972507265685,0,0,0,0,1,0,0,0,0,0,0,0,0,0,1,0,0,0,0,0,0,1,0,0,0,1,0,0,0,0
1,0.0,0.545454979,22.0,P427421,22,68.0,0.5168304769853754,0,0,0,1,0,0,0,0,0,0,0,0,0,0,0,0,0,0,1,1,0,0,0,0,0,1,0,0,0,0
1,0.0,0.75,12.0,P427421,22,68.0,0.6241963505817848,0,0,1,0,0,0,0,0,0,0,0,0,0,0,1,0,0,0,0,1,0,0,0,0,0,1,0,0,0,0
4,1.0,0.699999988,10.0,P427421,22,68.0,0.6,0,0,0,0,1,0,0,0,0,0,0,0,0,0,0,1,0,0,0,0,0,1,0,0,0,0,1,0,0,0
1,0.0,0.909090996,44.0,P427421,22,68.0,0.6976451446189836,0,1,0,0,0,0,0,0,0,0,0,0,0,0,0,1,0,0,0,1,0,0,0,0,1,0,0,0,0,0
4,1.0,0.800000012,5.0,P427421,22,68.0,0.6989700043360187,0,0,1,0,0,0,0,0,0,0,0,0,0,0,0,0,0,0,1,1,0,0,0,0,0,0,1,0,0,0
4,1.0,0.800000012,5.0,P427421,22,68.0,0.6989700043360187,0,0,0,0,1,0,0,0,0,0,0,0,0,0,0,1,0,0,0,1,0,0,0,0,0,0,1,0,0,0
2,1.0,0.833333015,6.0,P427421,22,68.0,0.7210570543488701,0,0,0,0,1,0,0,0,0,0,0,0,0,0,0,0,0,1,0,1,0,0,0,0,0,1,0,0,0,0
5,1.0,0.909090996,11.0,P427421,22,68.0,0.7757561757824245,0,0,0,0,0,1,0,0,0,0,0,0,0,0,0,0,0,1,0,0,1,0,0,0,0,0,1,0,0,0
5,1.0,0.857142985,14.0,P427421,22,68.0,0.7001245250427999,0,0,0,1,0,0,0,0,0,0,0,0,0,0,1,0,0,0,0,0,1,0,0,0,0,1,0,0,0,0
5,1.0,0.833333015,6.0,P427421,22,68.0,0.7210570543488701,0,0,0,0,1,0,0,0,0,0,0,0,0,0,0,1,0,0,0,1,0,0,0,0,0,0,1,0,0,0
5,1.0,0.927536011,69.0,P427421,22,68.0,0.699678947304734,0,0,0,0,0,1,0,0,0,0,0,0,0,0,0,1,0,0,0,1,0,0,0,0,0,1,0,0,0,0
5,1.0,0.833333015,6.0,P427421,22,68.0,0.7210570543488701,0,0,1,0,0,0,0,0,0,0,0,0,0,0,1,0,0,0,0,1,0,0,0,0,0,0,0,0,0,1
5,1.0,0.867646992,68.0,P427421,22,68.0,0.6400483955429328,0,0,0,0,1,0,0,0,0,0,0,0,0,0,1,0,0,0,0,0,1,0,0,0,0,1,0,0,0,0
4,1.0,0.727272987,22.0,P427421,22,68.0,0.5928311641538279,0,0,0,0,0,0,0,1,0,0,0,0,0,0,0,0,0,0,1,1,0,0,0,0,0,0,1,0,0,0
5,1.0,0.809524,42.0,P427421,22,68.0,0.6180448791716995,0,0,0,0,0,1,0,0,0,0,0,0,0,0,0,1,0,0,0,0,0,0,1,1,0,0,0,0,0,0
2,0.0,1.0,8.0,P411387,107,39.0,1.0,0,0,1,0,0,0,0,0,0,0,0,0,0,0,0,0,0,1,0,1,0,0,0,0,0,1,0,0,0,0
1,0.0,0.294117987,17.0,P411387,107,39.0,0.4112644522515654,0,0,0,0,0,1,0,0,0,0,0,0,0,0,0,1,0,0,0,1,0,0,0,0,1,0,0,0,0,0
2,0.0,0.400000006,10.0,P411387,107,39.0,0.4526808302869429,0,0,0,0,0,0,0,1,0,0,0,0,0,0,0,1,0,0,0,0,1,0,0,0,1,0,0,0,0,0
2,0.0,0.800000012,5.0,P411387,107,39.0,0.6989700043360187,0,0,0,0,1,0,0,0,0,0,0,0,0,0,0,0,0,0,1,0,0,0,1,0,0,0,1,0,0,0
5,1.0,1.0,5.0,P411387,107,39.0,1.0,0,0,1,0,0,0,0,0,0,0,0,0,0,0,0,1,0,0,0,1,0,0,0,0,0,0,1,0,0,0
5,1.0,0.200000003,5.0,P411387,107,39.0,0.3010299956639811,0,0,0,0,1,0,0,0,0,0,0,0,0,0,1,0,0,0,0,0,0,0,1,0,0,0,1,0,0,0
1,0.0,0.75,8.0,P411387,107,39.0,0.6391511932854698,0,0,0,0,1,0,0,0,0,0,0,0,0,0,0,0,0,1,0,1,0,0,0,0,0,0,0,0,0,1
4,1.0,0.800000012,5.0,P411387,107,39.0,0.6989700043360187,0,0,0,0,1,0,0,0,0,0,0,0,0,0,0,1,0,0,0,1,0,0,0,0,0,0,1,0,0,0
5,1.0,0.800000012,5.0,P411387,107,39.0,0.6989700043360187,0,0,0,0,0,0,0,1,0,0,0,0,0,0,0,1,0,0,0,0,0,1,0,0,1,0,0,0,0,0
1,0.0,0.714286029,7.0,P411387,107,39.0,0.6199062332840658,0,0,1,0,0,0,0,0,0,0,0,0,0,0,0,1,0,0,0,1,0,0,0,0,0,0,1,0,0,0
5,1.0,1.0,5.0,P411387,107,39.0,1.0,0,0,0,0,1,0,0,0,0,0,0,0,0,0,0,1,0,0,0,0,0,0,1,0,0,0,1,0,0,0
5,1.0,0.888889015,9.0,P411387,107,39.0,0.7601875334318686,0,0,0,0,0,1,0,0,0,0,0,0,0,0,0,1,0,0,0,0,0,1,0,0,0,0,1,0,0,0
3,0.0,0.75,4.0,P411387,107,39.0,0.6666666666666667,0,0,0,0,1,0,0,0,0,0,0,0,0,0,0,0,0,1,0,0,0,0,1,0,0,0,1,0,0,0
1,0.0,0.395832986,48.0,P411387,107,39.0,0.4683078343860212,0,0,0,0,1,0,0,0,0,0,0,0,0,0,0,0,0,0,1,1,0,0,0,0,0,0,1,0,0,0
3,0.0,1.0,8.0,P411387,107,39.0,1.0,0,0,0,0,1,0,0,0,0,0,0,0,0,0,0,0,0,1,0,1,0,0,0,0,0,0,1,0,0,0
5,1.0,0.5,4.0,P411387,107,39.0,0.5,0,0,0,0,0,0,0,1,0,0,0,0,0,0,0,1,0,0,0,1,0,0,0,0,1,0,0,0,0,0
5,1.0,0.600000024,5.0,P411387,107,39.0,0.5578858913022596,0,0,0,0,1,0,0,0,0,0,0,0,0,0,0,0,0,0,1,1,0,0,0,0,0,1,0,0,0,0
4,0.0,1.0,4.0,P411387,107,39.0,1.0,0,0,0,1,0,0,0,0,0,0,0,0,0,0,1,0,0,0,0,1,0,0,0,0,0,0,1,0,0,0
1,0.0,0.600000024,5.0,P411387,107,39.0,0.5578858913022596,0,0,0,0,1,0,0,0,0,0,0,0,0,0,0,1,0,0,0,1,0,0,0,0,0,0,1,0,0,0
5,1.0,0.5,4.0,P411387,107,39.0,0.5,0,0,1,0,0,0,0,0,0,0,0,0,0,0,0,0,0,0,1,1,0,0,0,0,0,0,1,0,0,0
1,0.0,0.909090996,11.0,P411387,107,39.0,0.7757561757824245,0,0,0,1,0,0,0,0,0,0,0,0,0,0,0,0,0,1,0,0,1,0,0,0,0,1,0,0,0,0
5,1.0,1.0,7.0,P411387,107,39.0,1.0,0,0,0,0,1,0,0,0,0,0,0,0,0,0,0,1,0,0,0,1,0,0,0,0,1,0,0,0,0,0
1,0.0,0.736841977,19.0,P411387,107,39.0,0.6018143876079656,0,0,0,0,1,0,0,0,0,0,0,0,0,0,0,1,0,0,0,1,0,0,0,0,0,0,1,0,0,0
4,1.0,0.899999976,10.0,P411387,107,39.0,0.7686217868402409,0,0,1,0,0,0,0,0,0,0,0,0,0,0,0,0,0,1,0,1,0,0,0,0,0,1,0,0,0,0
3,0.0,0.333332986,9.0,P411387,107,39.0,0.4160291953530189,0,0,1,0,0,0,0,0,0,0,0,0,0,0,1,0,0,0,0,1,0,0,0,0,0,1,0,0,0,0
5,1.0,1.0,14.0,P411387,107,39.0,1.0,0,0,0,0,0,0,0,1,0,0,0,0,0,0,0,1,0,0,0,0,0,0,1,0,0,0,1,0,0,0
4,1.0,1.0,7.0,P411387,107,39.0,1.0,0,0,0,0,0,1,0,0,0,0,0,0,0,0,0,0,0,0,1,1,0,0,0,0,0,1,0,0,0,0
5,1.0,1.0,5.0,P411387,107,39.0,1.0,0,0,1,0,0,0,0,0,0,0,0,0,0,0,1,0,0,0,0,1,0,0,0,0,0,0,1,0,0,0
5,1.0,0.875,8.0,P411387,107,39.0,0.75,0,0,0,0,0,0,0,1,0,0,0,0,0,0,0,1,0,0,0,1,0,0,0,0,0,0,1,0,0,0
3,0.0,1.0,7.0,P411387,107,39.0,1.0,0,0,0,0,1,0,0,0,0,0,0,0,0,0,0,1,0,0,0,1,0,0,0,0,1,0,0,0,0,0
5,1.0,1.0,4.0,P411387,107,39.0,1.0,0,0,1,0,0,0,0,0,0,0,0,0,0,0,1,0,0,0,0,1,0,0,0,0,0,1,0,0,0,0
5,1.0,1.0,8.0,P411387,107,39.0,1.0,0,0,0,0,0,1,0,0,0,0,0,0,0,0,0,1,0,0,0,1,0,0,0,0,0,1,0,0,0,0
4,1.0,1.0,17.0,P411387,107,39.0,1.0,0,0,0,0,0,0,0,0,0,0,0,0,1,0,0,1,0,0,0,1,0,0,0,0,1,0,0,0,0,0
5,1.0,1.0,6.0,P411387,107,39.0,1.0,0,0,0,0,0,1,0,0,0,0,0,0,0,0,0,0,0,0,1,0,1,0,0,0,1,0,0,0,0,0
5,1.0,1.0,4.0,P411387,107,39.0,1.0,0,0,1,0,0,0,0,0,0,0,0,0,0,0,0,0,0,0,1,1,0,0,0,0,0,0,1,0,0,0
5,1.0,1.0,4.0,P411387,107,39.0,1.0,0,0,0,0,0,0,0,1,0,0,0,0,0,0,0,1,0,0,0,1,0,0,0,0,1,0,0,0,0,0
5,1.0,0.714286029,28.0,P411387,107,39.0,0.5808220864105899,0,0,0,0,1,0,0,0,0,0,0,0,0,0,0,1,0,0,0,0,0,0,1,0,0,0,1,0,0,0
5,1.0,1.0,4.0,P411387,107,39.0,1.0,0,0,1,0,0,0,0,0,0,0,0,0,0,0,1,0,0,0,0,1,0,0,0,0,0,0,1,0,0,0
3,0.0,0.818181992,11.0,P411387,107,39.0,0.6769924925288455,0,0,1,0,0,0,0,0,0,0,0,0,0,0,0,0,0,0,1,1,0,0,0,0,0,0,1,0,0,0
4,1.0,0.75,4.0,P411387,107,39.0,0.6666666666666667,0,0,0,1,0,0,0,0,0,0,0,0,0,0,1,0,0,0,0,0,0,1,0,0,0,1,0,0,0,0
5,1.0,0.833333015,6.0,P411387,107,39.0,0.7210570543488701,0,0,0,0,1,0,0,0,0,0,0,0,0,0,0,0,0,0,1,1,0,0,0,0,0,0,1,0,0,0
5,1.0,1.0,4.0,P411387,107,39.0,1.0,0,0,0,0,0,0,0,0,0,0,0,0,1,0,0,1,0,0,0,1,0,0,0,0,1,0,0,0,0,0
1,0.0,0.923076987,26.0,P411387,107,39.0,0.7455436448745024,0,0,0,0,0,0,0,1,0,0,0,0,0,0,0,1,0,0,0,1,0,0,0,0,1,0,0,0,0,0
5,1.0,0.75,8.0,P411387,107,39.0,0.6391511932854698,0,0,0,0,1,0,0,0,0,0,0,0,0,0,0,1,0,0,0,1,0,0,0,0,0,0,1,0,0,0
2,0.0,0.400000006,5.0,P411387,107,39.0,0.4421141086977403,0,0,1,0,0,0,0,0,0,0,0,0,0,0,0,0,0,1,0,0,0,1,0,0,0,0,1,0,0,0
4,1.0,0.850220025,113.72000000000116,P411387,107,39.0,0.5970457934885848,0,0,0,0,0,0,1,0,0,0,0,0,0,0,0,1,0,0,0,1,0,0,0,0,0,0,1,0,0,0
5,1.0,1.0,8.0,P411387,107,39.0,1.0,0,0,0,0,0,0,0,0,0,0,0,0,1,0,0,1,0,0,0,0,0,0,1,0,1,0,0,0,0,0
5,1.0,0.554422021,113.72000000000116,P411387,107,39.0,0.5108720683497865,0,0,0,0,1,0,0,0,0,0,0,0,0,0,0,0,0,0,1,0,1,0,0,0,0,0,1,0,0,0
1,0.0,0.652173996,23.0,P411387,107,39.0,0.5578858913022595,0,0,0,0,1,0,0,0,0,0,0,0,0,0,1,0,0,0,0,0,1,0,0,0,0,1,0,0,0,0
5,1.0,0.800000012,5.0,P411387,107,39.0,0.6989700043360187,0,0,0,0,1,0,0,0,0,0,0,0,0,0,0,1,0,0,0,0,1,0,0,0,0,0,1,0,0,0
5,1.0,0.93333298,15.0,P411387,107,39.0,0.7962049529094938,0,0,0,0,1,0,0,0,0,0,0,0,0,0,0,1,0,0,0,0,0,0,1,0,0,0,1,0,0,0
5,1.0,0.875,8.0,P411387,107,39.0,0.75,0,0,0,0,1,0,0,0,0,0,0,0,0,0,0,1,0,0,0,1,0,0,0,0,0,0,1,0,0,0
1,0.0,0.0,4.0,P441644,107,14.0,0.0,0,0,0,1,0,0,0,0,0,0,0,0,0,0,0,1,0,0,0,1,0,0,0,0,0,0,1,0,0,0
1,0.0,0.846153975,13.0,P441644,107,14.0,0.6934264036172708,0,0,0,0,0,0,1,0,0,0,0,0,0,0,0,1,0,0,0,0,1,0,0,0,1,0,0,0,0,0
5,1.0,1.0,7.0,P441644,107,14.0,1.0,0,0,0,0,0,1,0,0,0,0,0,0,0,0,0,1,0,0,0,1,0,0,0,0,1,0,0,0,0,0
1,0.0,0.642857015,42.0,P441644,107,14.0,0.5458341312007094,0,0,0,0,0,1,0,0,0,0,0,0,0,0,0,1,0,0,0,1,0,0,0,0,0,0,1,0,0,0
5,1.0,0.5,4.0,P441644,107,14.0,0.5,0,0,1,0,0,0,0,0,0,0,0,0,0,0,0,1,0,0,0,0,1,0,0,0,0,0,1,0,0,0
5,1.0,0.928570986,28.0,P441644,107,14.0,0.75,0,0,0,0,0,0,1,0,0,0,0,0,0,0,0,1,0,0,0,1,0,0,0,0,0,0,1,0,0,0
1,0.0,1.0,4.0,P441644,107,14.0,1.0,0,0,0,0,0,0,0,1,0,0,0,0,0,0,0,1,0,0,0,0,1,0,0,0,1,0,0,0,0,0
5,1.0,1.0,4.0,P441644,107,14.0,1.0,0,0,0,0,0,0,0,1,0,0,0,0,0,0,0,1,0,0,0,1,0,0,0,0,1,0,0,0,0,0
4,1.0,0.941175997,17.0,P441644,107,14.0,0.8034383677671774,0,0,1,0,0,0,0,0,0,0,0,0,0,0,0,0,0,1,0,0,0,0,1,0,0,0,1,0,0,0
2,0.0,0.666666985,6.0,P441644,107,14.0,0.5943161289177871,0,0,0,0,0,1,0,0,0,0,0,0,0,0,1,0,0,0,0,1,0,0,0,0,0,1,0,0,0,0
1,0.0,0.818181992,11.0,P441644,107,14.0,0.6769924925288455,0,0,1,0,0,0,0,0,0,0,0,0,0,0,0,0,0,0,1,1,0,0,0,0,0,0,1,0,0,0
1,0.0,0.0,6.0,P441644,107,14.0,0.0,0,0,0,0,0,1,0,0,0,0,0,0,0,0,0,0,0,0,1,1,0,0,0,0,0,0,1,0,0,0
5,1.0,1.0,5.0,P441644,107,14.0,1.0,0,0,0,0,0,1,0,0,0,0,0,0,0,0,0,0,0,1,0,1,0,0,0,0,0,0,0,0,1,0
1,0.0,0.769231021,13.0,P441644,107,14.0,0.6336614981727328,0,0,0,0,1,0,0,0,0,0,0,0,0,0,0,1,0,0,0,1,0,0,0,0,1,0,0,0,0,0
2,0.0,0.5,6.0,P441644,107,14.0,0.5,0,0,0,0,1,0,0,0,0,0,0,0,0,0,0,0,0,0,1,1,0,0,0,0,0,0,1,0,0,0
4,1.0,1.0,6.0,P441644,107,14.0,1.0,0,0,0,0,1,0,0,0,0,0,0,0,0,0,0,1,0,0,0,1,0,0,0,0,1,0,0,0,0,0
2,0.0,0.600000024,5.0,P441644,107,14.0,0.5578858913022596,0,0,0,0,0,1,0,0,0,0,0,0,0,0,0,1,0,0,0,0,0,0,1,0,0,0,1,0,0,0
5,1.0,0.5,6.0,P441644,107,14.0,0.5,0,0,0,0,0,0,1,0,0,0,0,0,0,0,0,1,0,0,0,1,0,0,0,0,0,0,1,0,0,0
5,1.0,0.875,8.0,P441644,107,14.0,0.75,0,0,0,1,0,0,0,0,0,0,0,0,0,0,1,0,0,0,0,1,0,0,0,0,0,1,0,0,0,0
5,1.0,1.0,7.0,P441644,107,14.0,1.0,0,0,0,0,0,1,0,0,0,0,0,0,0,0,0,1,0,0,0,1,0,0,0,0,1,0,0,0,0,0
5,1.0,1.0,4.0,P441644,107,14.0,1.0,0,0,0,0,0,1,0,0,0,0,0,0,0,0,0,1,0,0,0,1,0,0,0,0,0,0,1,0,0,0
5,1.0,1.0,12.0,P441644,107,14.0,1.0,0,0,0,0,1,0,0,0,0,0,0,0,0,0,0,1,0,0,0,0,0,0,1,0,0,0,1,0,0,0
4,1.0,1.0,10.0,P441644,107,14.0,1.0,0,0,0,0,0,0,1,0,0,0,0,0,0,0,0,1,0,0,0,1,0,0,0,0,0,0,1,0,0,0
4,1.0,1.0,11.0,P441644,107,14.0,1.0,0,0,0,0,1,0,0,0,0,0,0,0,0,0,1,0,0,0,0,0,0,0,1,0,0,1,0,0,0,0
3,0.0,0.888889015,9.0,P441644,107,14.0,0.7601875334318686,0,0,0,0,1,0,0,0,0,0,0,0,0,0,1,0,0,0,0,0,0,0,1,0,0,1,0,0,0,0
5,1.0,1.0,4.0,P441644,107,14.0,1.0,0,0,0,0,1,0,0,0,0,0,0,0,0,0,0,1,0,0,0,1,0,0,0,0,0,0,1,0,0,0
5,1.0,0.800000012,5.0,P441644,107,14.0,0.6989700043360187,0,0,0,0,0,0,0,0,0,0,0,0,1,0,0,1,0,0,0,0,1,0,0,0,1,0,0,0,0,0
2,0.0,0.153845996,13.0,P441644,107,14.0,0.3065735963827292,0,0,1,0,0,0,0,0,0,0,0,0,0,0,1,0,0,0,0,0,0,0,1,0,0,1,0,0,0,0
3,0.0,0.833333015,6.0,P441644,107,14.0,0.7210570543488701,0,0,0,0,0,0,0,0,0,0,0,0,1,0,0,1,0,0,0,0,0,1,0,0,1,0,0,0,0,0
4,1.0,0.428570986,7.0,P441644,107,14.0,0.4627564263195183,0,0,1,0,0,0,0,0,0,0,0,0,0,0,0,1,0,0,0,0,1,0,0,0,0,0,1,0,0,0
5,1.0,1.0,4.0,P441644,107,14.0,1.0,0,0,0,0,0,1,0,0,0,0,0,0,0,0,0,1,0,0,0,1,0,0,0,0,0,0,1,0,0,0
5,1.0,0.5,8.0,P441644,107,14.0,0.5,0,0,0,0,0,1,0,0,0,0,0,0,0,0,0,1,0,0,0,0,0,0,1,0,0,0,1,0,0,0
5,1.0,1.0,57.0,P441644,107,14.0,1.0,0,0,0,0,0,0,0,1,0,0,0,0,0,0,0,0,0,0,1,0,1,0,0,0,0,0,1,0,0,0
1,0.0,1.0,6.0,P441644,107,14.0,1.0,0,0,0,0,0,1,0,0,0,0,0,0,0,0,1,0,0,0,0,1,0,0,0,0,0,1,0,0,0,0
3,0.0,0.800000012,5.0,P441644,107,14.0,0.6989700043360187,0,0,0,0,1,0,0,0,0,0,0,0,0,0,0,1,0,0,0,0,0,0,1,0,0,0,1,0,0,0
5,1.0,1.0,6.0,P441644,107,14.0,1.0,0,0,0,0,1,0,0,0,0,0,0,0,0,0,1,0,0,0,0,1,0,0,0,0,0,1,0,0,0,0
5,1.0,0.9375,16.0,P441644,107,14.0,0.7999999999999999,0,0,0,0,0,1,0,0,0,0,0,0,0,0,0,1,0,0,0,1,0,0,0,0,0,1,0,0,0,0
5,1.0,0.857142985,7.0,P441644,107,14.0,0.7373504649628064,0,0,0,0,0,0,0,1,0,0,0,0,0,0,0,1,0,0,0,1,0,0,0,0,1,0,0,0,0,0
5,1.0,0.916666985,12.0,P441644,107,14.0,0.7818957080144684,0,0,0,0,1,0,0,0,0,0,0,0,0,0,1,0,0,0,0,1,0,0,0,0,0,1,0,0,0,0
5,1.0,0.949999988,20.0,P441644,107,14.0,0.8120981752908923,0,0,0,0,0,0,0,0,0,0,0,0,1,0,0,1,0,0,0,0,1,0,0,0,1,0,0,0,0,0
5,1.0,0.837499976,80.0,P441644,107,14.0,0.6152172770502078,0,0,0,0,0,1,0,0,0,0,0,0,0,0,0,1,0,0,0,1,0,0,0,0,0,0,1,0,0,0
5,1.0,0.916666985,12.0,P441644,107,14.0,0.7818957080144684,0,0,0,0,0,1,0,0,0,0,0,0,0,0,0,1,0,0,0,1,0,0,0,0,0,0,1,0,0,0
5,1.0,0.666666985,9.0,P427417,101,6.0,0.583970804646981,0,0,0,0,1,0,0,0,0,0,0,0,0,0,0,1,0,0,0,1,0,0,0,0,0,0,1,0,0,0
5,1.0,0.75,4.0,P427417,101,6.0,0.6666666666666667,0,0,0,0,1,0,0,0,0,0,0,0,0,0,0,1,0,0,0,1,0,0,0,0,0,0,1,0,0,0
5,1.0,0.5,6.0,P427417,101,6.0,0.5,0,0,1,0,0,0,0,0,0,0,0,0,0,0,0,0,0,1,0,1,0,0,0,0,0,0,1,0,0,0
5,1.0,0.818181992,11.0,P427417,101,6.0,0.6769924925288455,0,0,1,0,0,0,0,0,0,0,0,0,0,1,0,0,0,0,0,1,0,0,0,0,0,0,1,0,0,0
5,1.0,0.5,6.0,P427417,101,6.0,0.5,0,0,0,0,0,1,0,0,0,0,0,0,0,0,0,1,0,0,0,0,0,1,0,0,1,0,0,0,0,0
5,1.0,1.0,4.0,P427417,101,6.0,1.0,0,0,0,0,1,0,0,0,0,0,0,0,0,0,0,1,0,0,0,1,0,0,0,0,0,0,1,0,0,0
5,1.0,0.75,4.0,P427417,101,6.0,0.6666666666666667,0,0,0,0,0,1,0,0,0,0,0,0,0,0,0,1,0,0,0,1,0,0,0,0,1,0,0,0,0,0
5,1.0,0.800000012,5.0,P427417,101,6.0,0.6989700043360187,0,0,0,0,0,0,0,0,0,0,0,0,1,0,0,1,0,0,0,1,0,0,0,0,1,0,0,0,0,0
4,1.0,0.800000012,5.0,P427417,101,6.0,0.6989700043360187,0,0,0,0,0,0,0,0,0,0,0,0,1,0,0,1,0,0,0,1,0,0,0,0,1,0,0,0,0,0
2,0.0,0.800000012,5.0,P427417,101,6.0,0.6989700043360187,0,0,1,0,0,0,0,0,0,0,0,0,0,1,0,0,0,0,0,1,0,0,0,0,0,1,0,0,0,0
4,1.0,0.800000012,5.0,P427417,101,6.0,0.6989700043360187,0,0,1,0,0,0,0,0,0,0,0,0,0,0,0,0,0,0,1,0,0,1,0,0,0,0,1,0,0,0
5,1.0,0.190476,42.0,P427417,101,6.0,0.3819551208283004,0,0,1,0,0,0,0,0,0,0,0,0,0,0,0,1,0,0,0,1,0,0,0,0,0,0,1,0,0,0
3,0.0,0.5,4.0,P427417,101,6.0,0.5,0,0,0,0,1,0,0,0,0,0,0,0,0,0,0,1,0,0,0,0,0,0,1,0,1,0,0,0,0,0
1,0.0,0.758620977,29.0,P427417,101,6.0,0.6012527021745621,0,0,0,0,1,0,0,0,0,0,0,0,0,0,1,0,0,0,0,1,0,0,0,0,0,1,0,0,0,0
5,1.0,0.75,4.0,P427417,101,6.0,0.6666666666666667,0,0,0,0,0,0,0,1,0,0,0,0,0,0,0,1,0,0,0,1,0,0,0,0,1,0,0,0,0,0
4,1.0,1.0,5.0,P427417,101,6.0,1.0,0,0,0,0,0,1,0,0,0,0,0,0,0,0,0,1,0,0,0,0,0,0,1,0,1,0,0,0,0,0
5,1.0,1.0,5.0,P427417,101,6.0,1.0,0,0,1,0,0,0,0,0,0,0,0,0,0,0,0,1,0,0,0,0,0,0,1,0,0,0,0,0,0,1
5,1.0,0.75,4.0,P427417,101,6.0,0.6666666666666667,0,0,0,0,0,0,1,0,0,0,0,0,0,0,0,1,0,0,0,1,0,0,0,0,1,0,0,0,0,0
4,1.0,0.947368026,38.0,P427417,101,6.0,0.7667257153671132,0,0,0,0,1,0,0,0,0,0,0,0,0,0,0,1,0,0,0,0,1,0,0,0,1,0,0,0,0,0
5,1.0,0.875,8.0,P427417,101,6.0,0.75,0,0,0,0,0,1,0,0,0,0,0,0,0,0,0,1,0,0,0,1,0,0,0,0,0,0,1,0,0,0
5,1.0,1.0,7.0,P427417,101,6.0,1.0,0,0,1,0,0,0,0,0,0,0,0,0,0,0,1,0,0,0,0,0,1,0,0,0,0,1,0,0,0,0
2,0.0,1.0,4.0,P427417,101,6.0,1.0,0,1,0,0,0,0,0,0,0,0,0,0,0,0,0,1,0,0,0,1,0,0,0,0,1,0,0,0,0,0
1,0.0,0.899999976,10.0,P427417,101,6.0,0.7686217868402409,0,0,0,0,1,0,0,0,0,0,0,0,0,0,0,0,0,1,0,1,0,0,0,0,0,1,0,0,0,0
5,1.0,1.0,13.0,P427417,101,6.0,1.0,0,0,0,0,1,0,0,0,0,0,0,0,0,0,0,1,0,0,0,1,0,0,0,0,1,0,0,0,0,0
5,1.0,0.600000024,5.0,P427417,101,6.0,0.5578858913022596,0,0,0,0,0,1,0,0,0,0,0,0,0,0,0,1,0,0,0,1,0,0,0,0,0,0,1,0,0,0
5,1.0,1.0,4.0,P427417,101,6.0,1.0,0,0,0,0,1,0,0,0,0,0,0,0,0,0,1,0,0,0,0,0,1,0,0,0,0,1,0,0,0,0
1,0.0,0.375,8.0,P427417,101,6.0,0.4362085839710631,0,0,0,0,0,1,0,0,0,0,0,0,0,0,0,1,0,0,0,1,0,0,0,0,0,0,1,0,0,0
5,1.0,0.916666985,12.0,P427417,101,6.0,0.7818957080144684,0,0,1,0,0,0,0,0,0,0,0,0,0,0,0,1,0,0,0,0,1,0,0,0,0,0,1,0,0,0
4,1.0,0.800000012,35.0,P427417,101,6.0,0.618222543187597,0,0,0,0,0,0,1,0,0,0,0,0,0,0,0,0,0,1,0,0,0,0,1,0,0,0,1,0,0,0
3,1.0,0.642857015,14.0,P427417,101,6.0,0.5623818557528476,0,0,0,0,0,1,0,0,0,0,0,0,0,0,0,0,0,0,1,1,0,0,0,0,0,0,1,0,0,0
5,1.0,0.941581011,113.72000000000116,P427417,101,6.0,0.6602417748273524,0,0,0,0,1,0,0,0,0,0,0,0,0,0,0,1,0,0,0,1,0,0,0,0,0,0,1,0,0,0
4,1.0,0.714286029,7.0,P427417,101,6.0,0.6199062332840658,0,0,1,0,0,0,0,0,0,0,0,0,0,0,1,0,0,0,0,0,1,0,0,0,0,1,0,0,0,0
5,1.0,0.875,8.0,P427417,101,6.0,0.75,0,0,0,0,1,0,0,0,0,0,0,0,0,0,0,0,0,1,0,0,0,1,0,0,1,0,0,0,0,0
4,1.0,0.666666985,6.0,P427417,101,6.0,0.5943161289177871,0,0,1,0,0,0,0,0,0,0,0,0,0,0,0,0,0,0,1,1,0,0,0,0,0,1,0,0,0,0
5,1.0,0.75,8.0,P427417,101,6.0,0.6391511932854698,0,0,1,0,0,0,0,0,0,0,0,0,0,0,1,0,0,0,0,1,0,0,0,0,0,0,1,0,0,0
5,1.0,1.0,4.0,P427417,101,6.0,1.0,0,0,0,0,1,0,0,0,0,0,0,0,0,0,1,0,0,0,0,1,0,0,0,0,0,0,1,0,0,0
4,1.0,1.0,4.0,P427417,101,6.0,1.0,0,0,0,0,0,1,0,0,0,0,0,0,0,0,0,1,0,0,0,0,0,0,1,0,1,0,0,0,0,0
5,1.0,0.25,4.0,P427417,101,6.0,0.3333333333333333,0,0,0,0,0,0,1,0,0,0,0,0,0,0,0,1,0,0,0,1,0,0,0,0,0,0,1,0,0,0
5,1.0,0.931034982,29.0,P427417,101,6.0,0.7520519717820634,0,0,0,1,0,0,0,0,0,0,0,0,0,0,0,0,0,0,1,0,1,0,0,1,0,0,0,0,0,0
1,0.0,0.5,4.0,P427417,101,6.0,0.5,0,0,0,0,1,0,0,0,0,0,0,0,0,0,0,0,0,1,0,0,0,0,1,0,0,0,1,0,0,0
1,0.0,0.360000014,25.0,P427417,101,6.0,0.4483402378845171,0,0,0,0,1,0,0,0,0,0,0,0,0,0,0,0,0,1,0,0,0,1,0,0,0,1,0,0,0,0
1,0.0,1.0,4.0,P427417,101,6.0,1.0,0,0,1,0,0,0,0,0,0,0,0,0,0,0,0,1,0,0,0,1,0,0,0,0,0,0,1,0,0,0
5,1.0,0.75,12.0,P427417,101,6.0,0.6241963505817848,0,0,0,0,1,0,0,0,0,0,0,0,0,0,0,1,0,0,0,0,1,0,0,0,1,0,0,0,0,0
5,1.0,0.967742026,31.0,P427417,101,6.0,0.832051221042958,0,0,0,0,0,0,1,0,0,0,0,0,0,0,0,0,0,0,1,1,0,0,0,0,0,0,1,0,0,0
4,1.0,0.954545021,22.0,P427417,101,6.0,0.8168307490863663,0,0,0,0,0,1,0,0,0,0,0,0,0,0,0,1,0,0,0,1,0,0,0,0,1,0,0,0,0,0
5,1.0,0.571429014,7.0,P427417,101,6.0,0.5372435736804816,0,0,0,1,0,0,0,0,0,0,0,0,0,0,0,1,0,0,0,0,0,1,0,0,0,0,1,0,0,0
3,1.0,0.333332986,12.0,P427417,101,6.0,0.4227950118402033,0,0,0,0,0,0,1,0,0,0,0,0,0,0,0,1,0,0,0,0,0,0,1,0,0,0,1,0,0,0
5,1.0,1.0,5.0,P427417,101,6.0,1.0,0,0,0,0,0,0,0,1,0,0,0,0,0,0,0,1,0,0,0,0,1,0,0,0,0,0,1,0,0,0
5,1.0,0.600000024,5.0,P427417,101,6.0,0.5578858913022596,0,0,0,0,0,1,0,0,0,0,0,0,0,0,0,0,0,0,1,1,0,0,0,0,0,0,1,0,0,0
4,1.0,0.958333015,24.0,P427417,101,6.0,0.8209477682489587,0,0,0,0,0,0,1,0,0,0,0,0,0,0,0,1,0,0,0,0,0,0,1,0,0,0,1,0,0,0
5,1.0,1.0,9.0,P427417,101,6.0,1.0,0,0,0,0,0,1,0,0,0,0,0,0,0,0,0,1,0,0,0,0,0,0,1,0,1,0,0,0,0,0
2,0.0,0.806451976,31.0,P427417,101,6.0,0.6260746255596429,0,0,0,1,0,0,0,0,0,0,0,0,0,0,1,0,0,0,0,0,0,1,0,1,0,0,0,0,0,0
1,0.0,0.796296,54.0,P427417,101,6.0,0.6036260192324029,0,0,0,0,0,0,0,1,0,0,0,0,0,0,0,0,0,0,1,1,0,0,0,0,0,0,1,0,0,0
5,1.0,1.0,12.0,P427417,101,6.0,1.0,0,0,0,0,0,0,0,0,0,0,0,0,1,0,0,1,0,0,0,0,0,0,1,0,1,0,0,0,0,0
5,1.0,1.0,4.0,P427417,101,6.0,1.0,0,0,0,0,0,1,0,0,0,0,0,0,0,0,0,1,0,0,0,1,0,0,0,0,0,0,1,0,0,0
2,0.0,0.777778029,18.0,P427417,101,6.0,0.6272281775627488,0,0,0,0,0,0,0,1,0,0,0,0,0,0,0,1,0,0,0,0,0,1,0,0,1,0,0,0,0,0
5,1.0,0.928570986,14.0,P427417,101,6.0,0.7919854023234905,0,0,0,0,1,0,0,0,0,0,0,0,0,0,0,0,0,1,0,0,0,0,1,0,0,1,0,0,0,0
5,1.0,0.875,8.0,P427417,101,6.0,0.75,0,0,1,0,0,0,0,0,0,0,0,0,0,0,0,1,0,0,0,0,0,0,1,0,0,0,1,0,0,0
5,1.0,0.714286029,7.0,P427417,101,6.0,0.6199062332840658,0,0,1,0,0,0,0,0,0,0,0,0,0,0,0,0,0,0,1,0,1,0,0,0,0,1,0,0,0,0
5,1.0,0.899999976,20.0,P427417,101,6.0,0.7282714920267325,0,0,0,0,1,0,0,0,0,0,0,0,0,0,0,1,0,0,0,0,0,0,1,0,0,0,1,0,0,0
5,1.0,1.0,6.0,P427417,101,6.0,1.0,0,0,0,1,0,0,0,0,0,0,0,0,0,0,1,0,0,0,0,0,0,0,1,0,0,1,0,0,0,0
5,1.0,0.400000006,5.0,P427417,101,6.0,0.4421141086977403,0,0,0,0,0,1,0,0,0,0,0,0,0,0,0,1,0,0,0,1,0,0,0,0,0,0,1,0,0,0
5,1.0,1.0,49.0,P427417,101,6.0,1.0,0,0,1,0,0,0,0,0,0,0,0,0,0,0,0,0,0,0,1,0,0,1,0,0,0,1,0,0,0,0
5,1.0,0.5,6.0,P427417,101,6.0,0.5,0,0,0,0,1,0,0,0,0,0,0,0,0,0,1,0,0,0,0,0,0,0,1,0,0,1,0,0,0,0
5,1.0,1.0,7.0,P427417,101,6.0,1.0,0,0,0,0,0,1,0,0,0,0,0,0,0,0,1,0,0,0,0,0,0,0,1,0,0,1,0,0,0,0
4,1.0,1.0,7.0,P427417,101,6.0,1.0,0,0,0,0,0,0,1,0,0,0,0,0,0,0,0,1,0,0,0,1,0,0,0,0,0,0,1,0,0,0
4,1.0,0.818181992,11.0,P427417,101,6.0,0.6769924925288455,0,0,0,0,1,0,0,0,0,0,0,0,0,0,0,1,0,0,0,0,1,0,0,0,1,0,0,0,0,0
5,1.0,1.0,14.0,P427417,101,6.0,1.0,0,0,1,0,0,0,0,0,0,0,0,0,0,0,0,1,0,0,0,0,0,0,1,0,0,0,1,0,0,0
5,1.0,0.714286029,7.0,P427417,101,6.0,0.6199062332840658,0,0,0,0,1,0,0,0,0,0,0,0,0,0,0,1,0,0,0,1,0,0,0,0,0,0,1,0,0,0
3,0.0,0.26087001,23.0,P427417,101,6.0,0.4023566422499771,0,0,0,0,1,0,0,0,0,0,0,0,0,0,0,1,0,0,0,0,0,0,1,0,0,0,1,0,0,0
5,1.0,1.0,7.0,P427417,101,6.0,1.0,0,0,1,0,0,0,0,0,0,0,0,0,0,0,0,0,0,1,0,1,0,0,0,0,0,1,0,0,0,0
4,1.0,1.0,9.0,P427417,101,6.0,1.0,0,0,0,0,0,0,0,0,0,0,0,1,0,0,0,1,0,0,0,1,0,0,0,0,1,0,0,0,0,0
2,0.0,0.818181992,11.0,P427417,101,6.0,0.6769924925288455,0,0,0,0,0,1,0,0,0,0,0,0,0,0,0,1,0,0,0,0,0,0,1,0,0,0,1,0,0,0
5,1.0,0.777778029,9.0,P427417,101,6.0,0.6543128759565946,0,0,0,0,0,1,0,0,0,0,0,0,0,0,0,1,0,0,0,0,0,0,1,0,1,0,0,0,0,0
2,0.0,1.0,4.0,P427417,101,6.0,1.0,0,0,0,0,0,0,1,0,0,0,0,0,0,0,0,1,0,0,0,0,0,0,1,0,0,0,1,0,0,0
4,1.0,0.851852,27.0,P427417,101,6.0,0.663824399308761,0,0,0,0,1,0,0,0,0,0,0,0,0,0,0,1,0,0,0,0,0,0,1,0,0,0,1,0,0,0
5,1.0,1.0,11.0,P427417,101,6.0,1.0,0,0,1,0,0,0,0,0,0,0,0,0,0,0,1,0,0,0,0,1,0,0,0,0,0,1,0,0,0,0
1,0.0,1.0,11.0,P427417,101,6.0,1.0,0,0,0,0,0,0,0,1,0,0,0,0,0,0,0,1,0,0,0,1,0,0,0,0,0,0,1,0,0,0
2,0.0,0.5,4.0,P427417,101,6.0,0.5,0,0,0,0,0,1,0,0,0,0,0,0,0,0,0,1,0,0,0,1,0,0,0,1,0,0,0,0,0,0
4,1.0,0.882353008,34.0,P427417,101,6.0,0.6808839478879348,0,0,0,0,1,0,0,0,0,0,0,0,0,0,0,1,0,0,0,0,0,0,1,0,1,0,0,0,0,0
5,1.0,1.0,5.0,P427417,101,6.0,1.0,0,0,0,0,0,0,0,0,0,0,0,0,1,0,0,1,0,0,0,0,0,0,1,0,1,0,0,0,0,0
5,1.0,1.0,23.0,P427417,101,6.0,1.0,0,0,0,0,1,0,0,0,0,0,0,0,0,0,0,1,0,0,0,1,0,0,0,0,0,1,0,0,0,0
2,0.0,0.666666985,9.0,P427417,101,6.0,0.583970804646981,0,0,0,0,0,0,0,0,0,0,0,0,1,0,0,1,0,0,0,1,0,0,0,0,1,0,0,0,0,0
5,1.0,1.0,5.0,P427417,101,6.0,1.0,0,0,0,1,0,0,0,0,0,0,0,0,0,0,0,0,0,0,1,1,0,0,0,0,0,0,1,0,0,0
5,1.0,1.0,14.0,P427417,101,6.0,1.0,0,0,0,0,0,1,0,0,0,0,0,0,0,0,0,1,0,0,0,0,0,1,0,0,0,0,1,0,0,0
1,0.0,0.486110985,72.0,P427417,101,6.0,0.496256305611458,0,0,0,0,1,0,0,0,0,0,0,0,0,0,0,1,0,0,0,0,0,1,0,0,1,0,0,0,0,0
1,0.0,0.75999999,25.0,P427417,101,6.0,0.6062219839800091,0,1,0,0,0,0,0,0,0,0,0,0,0,0,0,1,0,0,0,1,0,0,0,0,0,0,1,0,0,0
5,1.0,0.681818008,22.0,P427417,101,6.0,0.5714285714285713,0,0,0,0,0,0,1,0,0,0,0,0,0,0,0,1,0,0,0,1,0,0,0,0,0,0,1,0,0,0
5,1.0,0.727272987,22.0,P427417,101,6.0,0.5928311641538279,0,0,1,0,0,0,0,0,0,0,0,0,0,0,0,0,0,0,1,1,0,0,0,0,0,0,1,0,0,0
5,1.0,1.0,8.0,P427417,101,6.0,1.0,0,0,0,0,0,1,0,0,0,0,0,0,0,0,0,1,0,0,0,0,0,0,1,0,1,0,0,0,0,0
5,1.0,1.0,17.0,P427417,101,6.0,1.0,0,0,0,0,0,0,0,1,0,0,0,0,0,0,0,1,0,0,0,1,0,0,0,0,0,0,1,0,0,0
3,0.0,0.839999974,25.0,P427417,101,6.0,0.657601396626028,0,0,1,0,0,0,0,0,0,0,0,0,0,0,1,0,0,0,0,0,0,1,0,0,0,1,0,0,0,0
5,1.0,1.0,4.0,P427417,101,6.0,1.0,0,0,0,0,1,0,0,0,0,0,0,0,0,0,0,1,0,0,0,1,0,0,0,1,0,0,0,0,0,0
4,1.0,0.882353008,17.0,P427417,101,6.0,0.7162089270041655,0,0,0,0,0,1,0,0,0,0,0,0,0,0,0,1,0,0,0,1,0,0,0,0,1,0,0,0,0,0
5,1.0,0.583333015,24.0,P427417,101,6.0,0.5303719389375796,0,0,0,0,1,0,0,0,0,0,0,0,0,0,0,1,0,0,0,1,0,0,0,0,0,1,0,0,0,0
2,0.0,0.846153975,13.0,P427417,101,6.0,0.6934264036172708,0,0,0,0,1,0,0,0,0,0,0,0,0,0,0,1,0,0,0,0,0,0,1,0,0,0,1,0,0,0
5,1.0,1.0,26.0,P427417,101,6.0,1.0,0,0,1,0,0,0,0,0,0,0,0,0,0,0,0,1,0,0,0,1,0,0,0,0,1,0,0,0,0,0
1,1.0,0.666666985,12.0,P427417,101,6.0,0.5772049881597967,0,0,0,0,0,1,0,0,0,0,0,0,0,0,0,1,0,0,0,1,0,0,0,0,0,0,1,0,0,0
5,1.0,0.899999976,10.0,P427417,101,6.0,0.7686217868402409,0,0,0,0,0,0,0,1,0,0,0,0,0,0,0,0,0,0,1,1,0,0,0,0,0,1,0,0,0,0
4,1.0,0.857142985,113.72000000000116,P427417,101,6.0,0.6159025831801342,0,0,0,0,1,0,0,0,0,0,0,0,0,0,0,1,0,0,0,1,0,0,0,0,0,0,1,0,0,0
2,0.0,0.846153975,13.0,P427417,101,6.0,0.6934264036172708,0,0,1,0,0,0,0,0,0,0,0,0,0,0,0,0,0,0,1,0,0,0,1,0,1,0,0,0,0,0
5,1.0,1.0,5.0,P427417,101,6.0,1.0,0,0,0,0,0,0,1,0,0,0,0,0,0,0,0,1,0,0,0,1,0,0,0,0,1,0,0,0,0,0
5,1.0,0.75,4.0,P309308,93,122.0,0.6666666666666667,0,0,0,0,1,0,0,0,0,0,0,0,0,0,0,1,0,0,0,0,1,0,0,0,0,0,1,0,0,0
5,1.0,0.454544991,11.0,P309308,93,122.0,0.4793787713240883,0,0,0,0,1,0,0,0,0,0,0,0,0,0,0,1,0,0,0,1,0,0,0,0,1,0,0,0,0,0
5,1.0,1.0,7.0,P309308,93,122.0,1.0,0,0,1,0,0,0,0,0,0,0,0,0,0,0,1,0,0,0,0,1,0,0,0,0,0,1,0,0,0,0
5,1.0,1.0,5.0,P309308,93,122.0,1.0,0,0,0,0,0,1,0,0,0,0,0,0,0,0,0,1,0,0,0,1,0,0,0,0,1,0,0,0,0,0
5,1.0,0.600000024,5.0,P309308,93,122.0,0.5578858913022596,0,0,0,0,1,0,0,0,0,0,0,0,0,0,1,0,0,0,0,1,0,0,0,0,0,0,1,0,0,0
5,1.0,0.952381015,21.0,P309308,93,122.0,0.814550976584631,0,0,1,0,0,0,0,0,0,0,0,0,0,0,1,0,0,0,0,0,1,0,0,0,0,1,0,0,0,0
5,1.0,1.0,4.0,P309308,93,122.0,1.0,0,0,0,0,0,0,0,1,0,0,0,0,0,0,0,1,0,0,0,0,1,0,0,0,1,0,0,0,0,0
5,1.0,1.0,6.0,P309308,93,122.0,1.0,0,0,0,0,0,0,1,0,0,0,0,0,0,0,0,1,0,0,0,0,0,1,0,0,0,0,1,0,0,0
5,1.0,0.857142985,7.0,P309308,93,122.0,0.7373504649628064,0,0,0,0,0,1,0,0,0,0,0,0,0,0,0,1,0,0,0,0,1,0,0,0,0,1,0,0,0,0
1,0.0,0.853658974,41.0,P309308,93,122.0,0.6480811819342656,0,0,0,0,1,0,0,0,0,0,0,0,0,0,0,0,0,1,0,0,1,0,0,0,0,1,0,0,0,0
5,1.0,0.92592603,27.0,P309308,93,122.0,0.7478343556177288,0,0,0,0,0,0,0,0,0,0,0,0,1,0,0,1,0,0,0,1,0,0,0,0,0,0,1,0,0,0
5,1.0,0.833333015,18.0,P309308,93,122.0,0.6666666666666667,0,0,0,0,1,0,0,0,0,0,0,0,0,0,0,1,0,0,0,1,0,0,0,0,0,0,1,0,0,0
5,1.0,0.818181992,11.0,P309308,93,122.0,0.6769924925288455,0,0,0,0,0,1,0,0,0,0,0,0,0,0,0,1,0,0,0,0,0,0,1,0,0,0,1,0,0,0
5,1.0,1.0,5.0,P309308,93,122.0,1.0,0,0,0,0,0,1,0,0,0,0,0,0,0,0,1,0,0,0,0,0,1,0,0,0,0,0,0,0,0,1
5,1.0,0.600000024,5.0,P309308,93,122.0,0.5578858913022596,0,0,0,0,0,0,1,0,0,0,0,0,0,0,0,1,0,0,0,1,0,0,0,0,0,0,1,0,0,0
3,0.0,0.625,8.0,P309308,93,122.0,0.5637914160289369,0,0,0,0,0,0,0,1,0,0,0,0,0,0,0,1,0,0,0,1,0,0,0,0,1,0,0,0,0,0
5,1.0,0.5,8.0,P309308,93,122.0,0.5,0,0,0,0,0,1,0,0,0,0,0,0,0,0,0,1,0,0,0,1,0,0,0,0,0,0,1,0,0,0
1,0.0,0.899999976,30.0,P309308,93,122.0,0.7062001286991106,0,0,0,0,1,0,0,0,0,0,0,0,0,0,0,1,0,0,0,1,0,0,0,0,0,0,1,0,0,0
1,0.0,0.894737005,38.0,P309308,93,122.0,0.6883824575577786,0,0,1,0,0,0,0,0,0,0,0,0,0,0,0,0,0,1,0,0,1,0,0,0,0,1,0,0,0,0
1,0.0,0.894737005,57.0,P309308,93,122.0,0.6700255423664012,0,0,1,0,0,0,0,0,0,0,0,0,0,0,1,0,0,0,0,0,1,0,0,0,0,1,0,0,0,0
5,1.0,1.0,19.0,P309308,93,122.0,1.0,0,0,0,0,1,0,0,0,0,0,0,0,0,0,0,0,0,0,1,1,0,0,0,0,0,1,0,0,0,0
5,1.0,1.0,12.0,P309308,93,122.0,1.0,0,0,0,0,0,0,0,0,0,0,0,0,1,0,0,1,0,0,0,1,0,0,0,0,0,0,1,0,0,0
5,1.0,0.639999986,25.0,P309308,93,122.0,0.5516597621154828,0,0,0,0,0,0,0,0,0,0,0,0,1,0,0,1,0,0,0,1,0,0,0,0,1,0,0,0,0,0
1,0.0,1.0,5.0,P309308,93,122.0,1.0,0,0,0,0,1,0,0,0,0,0,0,0,0,0,0,0,0,1,0,1,0,0,0,0,0,0,1,0,0,0
1,0.0,0.888889015,9.0,P309308,93,122.0,0.7601875334318686,0,0,0,0,1,0,0,0,0,0,0,0,0,0,0,1,0,0,0,0,0,1,0,0,1,0,0,0,0,0
5,1.0,0.75,4.0,P309308,93,122.0,0.6666666666666667,0,0,0,0,0,1,0,0,0,0,0,0,0,0,0,1,0,0,0,1,0,0,0,0,0,1,0,0,0,0
1,0.0,1.0,10.0,P309308,93,122.0,1.0,0,0,0,0,0,1,0,0,0,0,0,0,0,0,0,1,0,0,0,0,0,0,1,0,0,0,1,0,0,0
1,0.0,0.888889015,9.0,P309308,93,122.0,0.7601875334318686,0,0,0,0,0,0,0,1,0,0,0,0,0,0,0,1,0,0,0,1,0,0,0,0,0,0,1,0,0,0
2,0.0,1.0,18.0,P309308,93,122.0,1.0,0,0,0,0,0,0,0,1,0,0,0,0,0,0,0,1,0,0,0,0,0,0,1,0,0,0,1,0,0,0
5,1.0,0.800000012,5.0,P309308,93,122.0,0.6989700043360187,0,0,0,0,0,1,0,0,0,0,0,0,0,0,0,0,0,0,1,1,0,0,0,0,0,1,0,0,0,0
5,1.0,1.0,4.0,P309308,93,122.0,1.0,0,0,0,0,1,0,0,0,0,0,0,0,0,0,0,0,0,0,1,1,0,0,0,0,0,1,0,0,0,0
5,1.0,0.800000012,5.0,P309308,93,122.0,0.6989700043360187,0,0,0,0,0,1,0,0,0,0,0,0,0,0,0,0,0,0,1,1,0,0,0,0,0,0,1,0,0,0
5,1.0,0.833333015,6.0,P309308,93,122.0,0.7210570543488701,0,0,1,0,0,0,0,0,0,0,0,0,0,0,0,1,0,0,0,1,0,0,0,0,0,0,1,0,0,0
5,1.0,0.833333015,6.0,P309308,93,122.0,0.7210570543488701,0,0,0,0,1,0,0,0,0,0,0,0,0,0,0,1,0,0,0,1,0,0,0,0,0,0,1,0,0,0
5,1.0,0.909090996,11.0,P309308,93,122.0,0.7757561757824245,0,0,0,0,1,0,0,0,0,0,0,0,0,0,1,0,0,0,0,1,0,0,0,0,0,1,0,0,0,0
4,1.0,0.821429014,28.0,P309308,93,122.0,0.6394714728255649,0,0,0,0,0,0,0,1,0,0,0,0,0,0,0,0,0,1,0,0,0,0,1,0,0,1,0,0,0,0
5,1.0,0.918033004,61.0,P309308,93,122.0,0.692919008007092,0,0,0,0,1,0,0,0,0,0,0,0,0,0,0,0,0,0,1,0,0,1,0,0,0,1,0,0,0,0
5,1.0,0.833333015,6.0,P309308,93,122.0,0.7210570543488701,0,0,1,0,0,0,0,0,0,0,0,0,0,0,0,0,0,1,0,1,0,0,0,0,0,0,1,0,0,0
5,1.0,0.916666985,12.0,P309308,93,122.0,0.7818957080144684,0,0,0,0,1,0,0,0,0,0,0,0,0,0,0,1,0,0,0,1,0,0,0,0,0,0,1,0,0,0
5,1.0,0.666666985,9.0,P309308,93,122.0,0.583970804646981,0,0,0,0,1,0,0,0,0,0,0,0,0,0,0,1,0,0,0,1,0,0,0,0,0,0,1,0,0,0
5,1.0,0.958333015,24.0,P309308,93,122.0,0.8209477682489587,0,0,0,0,1,0,0,0,0,0,0,0,0,0,0,1,0,0,0,1,0,0,0,0,0,0,1,0,0,0
1,1.0,0.545454979,11.0,P309308,93,122.0,0.5206212286759117,0,0,0,0,1,0,0,0,0,0,0,0,0,0,0,1,0,0,0,0,0,0,1,0,0,0,1,0,0,0
5,1.0,0.888889015,9.0,P309308,93,122.0,0.7601875334318686,0,0,0,0,1,0,0,0,0,0,0,0,0,0,0,1,0,0,0,1,0,0,0,0,0,0,1,0,0,0
5,1.0,0.800000012,5.0,P309308,93,122.0,0.6989700043360187,0,0,0,0,1,0,0,0,0,0,0,0,0,0,0,1,0,0,0,0,0,0,1,0,0,0,1,0,0,0
5,1.0,1.0,44.0,P309308,93,122.0,1.0,0,0,0,0,1,0,0,0,0,0,0,0,0,0,0,1,0,0,0,1,0,0,0,0,0,0,1,0,0,0
5,1.0,0.75,4.0,P309308,93,122.0,0.6666666666666667,0,0,0,0,1,0,0,0,0,0,0,0,0,0,0,1,0,0,0,1,0,0,0,0,0,0,1,0,0,0
5,1.0,1.0,4.0,P309308,93,122.0,1.0,0,0,0,0,1,0,0,0,0,0,0,0,0,0,0,1,0,0,0,1,0,0,0,0,0,0,1,0,0,0
4,1.0,0.975000024,40.0,P309308,93,122.0,0.8418204090602177,0,0,0,0,1,0,0,0,0,0,0,0,0,0,0,1,0,0,0,0,0,1,0,0,0,0,1,0,0,0
4,1.0,0.75,4.0,P309308,93,122.0,0.6666666666666667,0,0,0,0,1,0,0,0,0,0,0,0,0,0,0,1,0,0,0,1,0,0,0,0,0,0,1,0,0,0
5,1.0,0.947368026,57.0,P309308,93,122.0,0.7429755115261114,0,0,0,0,1,0,0,0,0,0,0,0,0,0,0,1,0,0,0,1,0,0,0,0,0,0,1,0,0,0
1,1.0,0.941175997,17.0,P309308,93,122.0,0.8034383677671774,0,0,0,0,1,0,0,0,0,0,0,0,0,0,0,1,0,0,0,1,0,0,0,0,0,0,1,0,0,0
5,1.0,0.947368026,19.0,P309308,93,122.0,0.8094485875732266,0,0,0,0,1,0,0,0,0,0,0,0,0,0,0,1,0,0,0,1,0,0,0,0,0,0,1,0,0,0
1,1.0,0.8125,16.0,P309308,93,122.0,0.6556091324118037,0,0,0,0,1,0,0,0,0,0,0,0,0,0,0,1,0,0,0,1,0,0,0,0,0,0,1,0,0,0
3,1.0,0.857142985,7.0,P309308,93,122.0,0.7373504649628064,0,0,0,0,1,0,0,0,0,0,0,0,0,0,0,1,0,0,0,1,0,0,0,0,0,0,1,0,0,0
5,1.0,0.961538017,26.0,P309308,93,122.0,0.8245749364180455,0,0,0,0,1,0,0,0,0,0,0,0,0,0,0,1,0,0,0,1,0,0,0,0,0,0,1,0,0,0
5,1.0,0.959999979,25.0,P309308,93,122.0,0.8228161798644421,0,0,0,0,1,0,0,0,0,0,0,0,0,0,0,1,0,0,0,1,0,0,0,0,0,0,1,0,0,0
5,1.0,0.833333015,6.0,P309308,93,122.0,0.7210570543488701,0,0,0,0,1,0,0,0,0,0,0,0,0,0,0,1,0,0,0,0,0,1,0,0,0,0,1,0,0,0
2,1.0,0.5,10.0,P309308,93,122.0,0.5,0,0,0,0,1,0,0,0,0,0,0,0,0,0,0,1,0,0,0,1,0,0,0,0,0,0,1,0,0,0
5,1.0,0.958333015,24.0,P309308,93,122.0,0.8209477682489587,0,0,0,0,1,0,0,0,0,0,0,0,0,0,0,1,0,0,0,1,0,0,0,0,0,0,1,0,0,0
5,1.0,0.909090996,11.0,P309308,93,122.0,0.7757561757824245,0,0,0,0,1,0,0,0,0,0,0,0,0,0,0,1,0,0,0,1,0,0,0,0,0,0,1,0,0,0
2,1.0,0.5,22.0,P309308,93,122.0,0.5,0,0,0,0,1,0,0,0,0,0,0,0,0,0,0,1,0,0,0,0,0,1,0,0,0,0,1,0,0,0
5,1.0,1.0,4.0,P309308,93,122.0,1.0,0,0,0,0,1,0,0,0,0,0,0,0,0,0,0,1,0,0,0,0,0,0,1,0,0,0,1,0,0,0
5,1.0,0.75,4.0,P309308,93,122.0,0.6666666666666667,0,0,0,0,1,0,0,0,0,0,0,0,0,0,0,1,0,0,0,0,1,0,0,0,0,0,1,0,0,0
5,1.0,0.800000012,5.0,P309308,93,122.0,0.6989700043360187,0,0,0,0,1,0,0,0,0,0,0,0,0,0,0,1,0,0,0,1,0,0,0,0,0,0,1,0,0,0
4,1.0,0.75,8.0,P309308,93,122.0,0.6391511932854698,0,0,0,0,1,0,0,0,0,0,0,0,0,0,0,1,0,0,0,1,0,0,0,0,0,0,1,0,0,0
5,1.0,0.952381015,21.0,P309308,93,122.0,0.814550976584631,0,0,0,0,1,0,0,0,0,0,0,0,0,0,0,1,0,0,0,1,0,0,0,0,0,0,1,0,0,0
1,1.0,0.833333015,6.0,P309308,93,122.0,0.7210570543488701,0,0,0,0,1,0,0,0,0,0,0,0,0,0,0,1,0,0,0,0,0,1,0,0,0,0,1,0,0,0
4,1.0,0.941175997,17.0,P309308,93,122.0,0.8034383677671774,0,0,0,0,1,0,0,0,0,0,0,0,0,0,0,1,0,0,0,0,0,0,1,0,0,0,1,0,0,0
5,1.0,0.967742026,31.0,P309308,93,122.0,0.832051221042958,0,0,0,0,1,0,0,0,0,0,0,0,0,0,0,1,0,0,0,0,1,0,0,0,0,0,1,0,0,0
5,1.0,0.833333015,6.0,P309308,93,122.0,0.7210570543488701,0,0,0,0,1,0,0,0,0,0,0,0,0,0,0,1,0,0,0,1,0,0,0,0,0,0,1,0,0,0
5,1.0,1.0,5.0,P309308,93,122.0,1.0,0,0,0,0,1,0,0,0,0,0,0,0,0,0,0,1,0,0,0,1,0,0,0,0,0,0,1,0,0,0
1,0.0,1.0,4.0,P411540,19,52.0,1.0,0,0,1,0,0,0,0,0,0,0,0,0,0,0,0,1,0,0,0,0,1,0,0,0,0,0,1,0,0,0
2,0.0,1.0,5.0,P411540,19,52.0,1.0,0,0,0,0,0,1,0,0,0,0,0,0,0,0,0,1,0,0,0,0,0,0,1,0,1,0,0,0,0,0
2,0.0,1.0,4.0,P411540,19,52.0,1.0,0,0,0,0,0,1,0,0,0,0,0,0,0,0,0,1,0,0,0,0,1,0,0,0,1,0,0,0,0,0
1,0.0,0.666666985,6.0,P411540,19,52.0,0.5943161289177871,0,0,1,0,0,0,0,0,0,0,0,0,0,0,0,1,0,0,0,0,1,0,0,0,1,0,0,0,0,0
5,1.0,1.0,54.0,P411540,19,52.0,1.0,0,0,0,1,0,0,0,0,0,0,0,0,0,0,0,1,0,0,0,0,1,0,0,0,0,0,1,0,0,0
1,0.0,1.0,4.0,P411540,19,52.0,1.0,0,1,0,0,0,0,0,0,0,0,0,0,0,0,0,1,0,0,0,1,0,0,0,0,1,0,0,0,0,0
5,1.0,0.800000012,15.0,P411540,19,52.0,0.649149872836091,0,0,0,1,0,0,0,0,0,0,0,0,0,0,0,0,0,1,0,0,1,0,0,0,0,0,1,0,0,0
2,0.0,0.714286029,7.0,P411540,19,52.0,0.6199062332840658,0,0,0,0,1,0,0,0,0,0,0,0,0,0,0,1,0,0,0,1,0,0,0,0,0,0,1,0,0,0
5,1.0,0.75,4.0,P411540,19,52.0,0.6666666666666667,0,0,0,0,1,0,0,0,0,0,0,0,0,0,1,0,0,0,0,1,0,0,0,0,0,1,0,0,0,0
5,1.0,0.714286029,7.0,P411540,19,52.0,0.6199062332840658,0,0,0,1,0,0,0,0,0,0,0,0,0,0,1,0,0,0,0,1,0,0,0,0,0,1,0,0,0,0
4,1.0,0.896552026,29.0,P411540,19,52.0,0.7039180890341348,0,0,0,0,1,0,0,0,0,0,0,0,0,0,0,0,0,1,0,0,0,0,1,0,0,0,1,0,0,0
4,1.0,0.800000012,5.0,P411540,19,52.0,0.6989700043360187,0,0,0,0,0,1,0,0,0,0,0,0,0,0,0,1,0,0,0,1,0,0,0,0,1,0,0,0,0,0
1,0.0,0.842104971,19.0,P411540,19,52.0,0.6714559000758995,0,0,0,0,0,0,0,0,0,0,0,0,1,0,0,1,0,0,0,0,1,0,0,0,1,0,0,0,0,0
5,1.0,1.0,4.0,P411540,19,52.0,1.0,0,0,0,0,1,0,0,0,0,0,0,0,0,0,1,0,0,0,0,1,0,0,0,0,0,0,1,0,0,0
4,1.0,0.75,4.0,P411540,19,52.0,0.6666666666666667,0,0,0,0,0,1,0,0,0,0,0,0,0,0,1,0,0,0,0,0,0,0,1,0,0,0,1,0,0,0
5,1.0,0.75,4.0,P411540,19,52.0,0.6666666666666667,0,0,0,0,0,1,0,0,0,0,0,0,0,0,0,1,0,0,0,1,0,0,0,0,1,0,0,0,0,0
5,1.0,0.942308009,52.0,P411540,19,52.0,0.7383519587043745,0,0,1,0,0,0,0,0,0,0,0,0,0,0,0,1,0,0,0,1,0,0,0,0,0,1,0,0,0,0
5,1.0,0.75,4.0,P411540,19,52.0,0.6666666666666667,0,0,1,0,0,0,0,0,0,0,0,0,0,0,1,0,0,0,0,1,0,0,0,0,0,0,1,0,0,0
3,0.0,1.0,8.0,P411540,19,52.0,1.0,0,0,0,0,0,1,0,0,0,0,0,0,0,0,0,1,0,0,0,1,0,0,0,0,0,0,1,0,0,0
3,0.0,0.5625,16.0,P411540,19,52.0,0.5254612271806531,0,0,0,0,1,0,0,0,0,0,0,0,0,0,0,1,0,0,0,1,0,0,0,0,0,1,0,0,0,0
3,0.0,1.0,9.0,P411540,19,52.0,1.0,0,0,0,0,0,1,0,0,0,0,0,0,0,0,0,1,0,0,0,0,0,1,0,0,0,0,1,0,0,0
5,1.0,0.800000012,10.0,P411540,19,52.0,0.6666666666666666,0,0,0,0,1,0,0,0,0,0,0,0,0,0,0,0,0,0,1,1,0,0,0,1,0,0,0,0,0,0
5,1.0,0.899999976,10.0,P411540,19,52.0,0.7686217868402409,0,0,1,0,0,0,0,0,0,0,0,0,0,0,1,0,0,0,0,1,0,0,0,0,0,1,0,0,0,0
5,1.0,0.899999976,10.0,P411540,19,52.0,0.7686217868402409,0,0,0,0,1,0,0,0,0,0,0,0,0,0,0,1,0,0,0,0,0,0,1,0,0,1,0,0,0,0
4,1.0,1.0,23.0,P411540,19,52.0,1.0,0,0,0,0,1,0,0,0,0,0,0,0,0,0,0,1,0,0,0,1,0,0,0,0,0,0,1,0,0,0
3,1.0,1.0,4.0,P411540,19,52.0,1.0,0,0,0,0,1,0,0,0,0,0,0,0,0,0,0,0,0,1,0,0,0,0,1,0,0,0,1,0,0,0
4,1.0,0.833333015,6.0,P411540,19,52.0,0.7210570543488701,0,0,1,0,0,0,0,0,0,0,0,0,0,0,0,1,0,0,0,0,0,0,1,0,0,0,1,0,0,0
2,0.0,0.800000012,5.0,P411540,19,52.0,0.6989700043360187,0,0,0,0,1,0,0,0,0,0,0,0,0,0,1,0,0,0,0,1,0,0,0,0,0,1,0,0,0,0
5,1.0,1.0,7.0,P411540,19,52.0,1.0,0,0,1,0,0,0,0,0,0,0,0,0,0,0,0,1,0,0,0,0,0,1,0,0,0,0,1,0,0,0
1,0.0,0.034482799,29.0,P411540,19,52.0,0.1707072796637201,0,0,1,0,0,0,0,0,0,0,0,0,0,0,0,1,0,0,0,1,0,0,0,0,0,0,1,0,0,0
2,0.0,1.0,8.0,P411540,19,52.0,1.0,0,0,0,0,1,0,0,0,0,0,0,0,0,0,1,0,0,0,0,1,0,0,0,0,0,1,0,0,0,0
5,1.0,1.0,4.0,P411540,19,52.0,1.0,0,0,1,0,0,0,0,0,0,0,0,0,0,0,0,0,0,1,0,1,0,0,0,0,0,0,0,0,0,1
5,1.0,1.0,13.0,P411540,19,52.0,1.0,0,0,1,0,0,0,0,0,0,0,0,0,0,0,1,0,0,0,0,0,1,0,0,0,0,0,1,0,0,0
1,0.0,0.86956501,23.0,P411540,19,52.0,0.687124423315857,0,0,0,0,0,1,0,0,0,0,0,0,0,0,0,1,0,0,0,1,0,0,0,0,0,0,1,0,0,0
5,1.0,0.699999988,10.0,P411540,19,52.0,0.6,0,0,1,0,0,0,0,0,0,0,0,0,0,0,0,1,0,0,0,0,1,0,0,0,0,0,0,0,0,1
5,1.0,0.961538017,26.0,P411540,19,52.0,0.8245749364180455,0,0,1,0,0,0,0,0,0,0,0,0,0,0,0,0,0,0,1,0,1,0,0,1,0,0,0,0,0,0
5,1.0,1.0,8.0,P411540,19,52.0,1.0,0,0,0,0,1,0,0,0,0,0,0,0,0,0,0,1,0,0,0,0,0,0,1,0,0,0,1,0,0,0
4,1.0,0.857142985,7.0,P411540,19,52.0,0.7373504649628064,0,0,0,0,1,0,0,0,0,0,0,0,0,0,0,1,0,0,0,0,1,0,0,0,0,0,1,0,0,0
5,1.0,1.0,6.0,P411540,19,52.0,1.0,0,0,0,0,1,0,0,0,0,0,0,0,0,0,0,1,0,0,0,1,0,0,0,0,0,0,1,0,0,0
5,1.0,0.899999976,10.0,P411540,19,52.0,0.7686217868402409,0,0,0,0,1,0,0,0,0,0,0,0,0,0,0,1,0,0,0,1,0,0,0,0,0,0,1,0,0,0
5,1.0,0.964286029,28.0,P411540,19,52.0,0.8278045662059019,0,0,0,0,1,0,0,0,0,0,0,0,0,0,0,1,0,0,0,0,0,0,1,0,0,0,1,0,0,0
5,1.0,1.0,5.0,P411540,19,52.0,1.0,0,0,0,0,1,0,0,0,0,0,0,0,0,0,0,1,0,0,0,1,0,0,0,0,0,0,1,0,0,0
4,1.0,0.947368026,19.0,P411540,19,52.0,0.8094485875732266,0,0,0,0,1,0,0,0,0,0,0,0,0,0,0,1,0,0,0,1,0,0,0,0,0,0,1,0,0,0
5,1.0,0.949999988,20.0,P411540,19,52.0,0.8120981752908923,0,0,0,0,1,0,0,0,0,0,0,0,0,0,0,1,0,0,0,1,0,0,0,0,0,0,1,0,0,0
5,1.0,0.764706016,34.0,P411540,19,52.0,0.6,0,0,0,0,1,0,0,0,0,0,0,0,0,0,0,1,0,0,0,1,0,0,0,0,0,0,1,0,0,0
5,1.0,0.777778029,9.0,P411540,19,52.0,0.6543128759565946,0,0,0,0,1,0,0,0,0,0,0,0,0,0,0,1,0,0,0,1,0,0,0,0,0,0,1,0,0,0
5,1.0,0.916666985,12.0,P411540,19,52.0,0.7818957080144684,0,0,0,0,1,0,0,0,0,0,0,0,0,0,0,1,0,0,0,0,0,1,0,0,0,0,1,0,0,0
5,1.0,1.0,8.0,P411540,19,52.0,1.0,0,0,0,0,1,0,0,0,0,0,0,0,0,0,0,1,0,0,0,1,0,0,0,0,0,0,1,0,0,0
5,1.0,1.0,5.0,P42204,77,7.0,1.0,0,0,0,0,1,0,0,0,0,0,0,0,0,0,0,1,0,0,0,1,0,0,0,0,1,0,0,0,0,0
4,1.0,1.0,8.0,P42204,77,7.0,1.0,0,0,0,0,0,0,0,1,0,0,0,0,0,0,0,1,0,0,0,0,0,1,0,0,0,0,1,0,0,0
5,1.0,1.0,13.0,P42204,77,7.0,1.0,0,0,0,0,0,0,1,0,0,0,0,0,0,0,0,1,0,0,0,0,1,0,0,0,0,0,1,0,0,0
1,1.0,0.571429014,7.0,P42204,77,7.0,0.5372435736804816,0,0,0,0,1,0,0,0,0,0,0,0,0,0,0,1,0,0,0,0,1,0,0,0,0,0,1,0,0,0
4,1.0,0.75,4.0,P42204,77,7.0,0.6666666666666667,0,0,0,0,1,0,0,0,0,0,0,0,0,0,0,1,0,0,0,1,0,0,0,0,0,0,1,0,0,0
4,1.0,0.75,4.0,P42204,77,7.0,0.6666666666666667,0,0,0,0,0,0,0,1,0,0,0,0,0,0,0,1,0,0,0,0,1,0,0,0,0,0,1,0,0,0
4,1.0,0.333332986,6.0,P42204,77,7.0,0.4056838710822129,0,0,1,0,0,0,0,0,0,0,0,0,0,0,0,1,0,0,0,0,0,0,1,0,0,0,1,0,0,0
5,1.0,1.0,4.0,P42204,77,7.0,1.0,0,0,0,0,1,0,0,0,0,0,0,0,0,0,0,1,0,0,0,1,0,0,0,0,0,0,1,0,0,0
4,1.0,1.0,6.0,P471546,19,21.0,1.0,0,0,0,0,1,0,0,0,0,0,0,0,0,0,0,0,0,0,1,1,0,0,0,0,0,0,1,0,0,0
3,0.0,0.5,6.0,P471546,19,21.0,0.5,0,0,0,0,1,0,0,0,0,0,0,0,0,0,0,1,0,0,0,1,0,0,0,0,1,0,0,0,0,0
2,0.0,0.65517199,29.0,P471546,19,21.0,0.5554206789046762,0,0,1,0,0,0,0,0,0,0,0,0,0,0,1,0,0,0,0,1,0,0,0,0,0,1,0,0,0,0
3,0.0,1.0,5.0,P471546,19,21.0,1.0,0,0,0,0,1,0,0,0,0,0,0,0,0,0,0,1,0,0,0,0,0,0,1,0,1,0,0,0,0,0
4,1.0,0.800000012,5.0,P471546,19,21.0,0.6989700043360187,0,0,1,0,0,0,0,0,0,0,0,0,0,0,0,1,0,0,0,1,0,0,0,0,0,0,1,0,0,0
2,0.0,1.0,6.0,P471546,19,21.0,1.0,0,0,0,0,0,0,0,1,0,0,0,0,0,0,0,1,0,0,0,1,0,0,0,0,0,0,1,0,0,0
5,1.0,0.983870983,62.0,P471546,19,21.0,0.8562019311266225,0,0,0,0,0,1,0,0,0,0,0,0,0,0,0,1,0,0,0,0,1,0,0,0,1,0,0,0,0,0
5,1.0,0.125,16.0,P471546,19,21.0,0.2886024940798983,0,0,0,0,0,0,1,0,0,0,0,0,0,0,0,1,0,0,0,1,0,0,0,0,1,0,0,0,0,0
3,0.0,0.666666985,6.0,P471546,19,21.0,0.5943161289177871,0,0,0,1,0,0,0,0,0,0,0,0,0,0,0,0,0,1,0,1,0,0,0,0,0,1,0,0,0,0
1,0.0,0.649999976,20.0,P471546,19,21.0,0.5593001930486659,0,0,1,0,0,0,0,0,0,0,0,0,0,0,0,1,0,0,0,1,0,0,0,0,0,0,1,0,0,0
5,1.0,1.0,5.0,P471546,19,21.0,1.0,0,0,0,0,1,0,0,0,0,0,0,0,0,0,0,0,0,0,1,1,0,0,0,1,0,0,0,0,0,0
2,0.0,1.0,6.0,P471546,19,21.0,1.0,0,0,0,0,1,0,0,0,0,0,0,0,0,0,0,0,0,0,1,1,0,0,0,0,0,0,1,0,0,0
5,1.0,1.0,6.0,P471546,19,21.0,1.0,0,0,0,0,0,1,0,0,0,0,0,0,0,0,0,1,0,0,0,1,0,0,0,0,1,0,0,0,0,0
5,1.0,0.5,6.0,P471546,19,21.0,0.5,0,0,1,0,0,0,0,0,0,0,0,0,0,0,0,1,0,0,0,1,0,0,0,0,0,0,1,0,0,0
4,1.0,1.0,4.0,P471546,19,21.0,1.0,0,0,0,0,1,0,0,0,0,0,0,0,0,0,1,0,0,0,0,1,0,0,0,0,0,1,0,0,0,0
5,1.0,1.0,4.0,P471546,19,21.0,1.0,0,0,0,0,0,1,0,0,0,0,0,0,0,0,0,1,0,0,0,1,0,0,0,0,0,0,1,0,0,0
5,1.0,0.75,8.0,P471546,19,21.0,0.6391511932854698,0,0,1,0,0,0,0,0,0,0,0,0,0,0,0,1,0,0,0,1,0,0,0,0,0,0,1,0,0,0
5,1.0,1.0,4.0,P471546,19,21.0,1.0,0,0,0,0,1,0,0,0,0,0,0,0,0,0,0,0,0,1,0,1,0,0,0,0,0,1,0,0,0,0
4,1.0,1.0,7.0,P471546,19,21.0,1.0,0,0,0,0,0,1,0,0,0,0,0,0,0,0,0,0,0,0,1,0,1,0,0,0,0,0,1,0,0,0
5,1.0,0.857142985,7.0,P471546,19,21.0,0.7373504649628064,0,0,1,0,0,0,0,0,0,0,0,0,0,0,0,1,0,0,0,1,0,0,0,0,0,1,0,0,0,0
1,0.0,0.5,6.0,P471546,19,21.0,0.5,0,0,0,1,0,0,0,0,0,0,0,0,0,0,0,1,0,0,0,1,0,0,0,0,0,0,1,0,0,0
3,1.0,0.818181992,11.0,P471546,19,21.0,0.6769924925288455,0,0,0,0,1,0,0,0,0,0,0,0,0,0,0,0,0,0,1,1,0,0,0,0,0,0,1,0,0,0
5,1.0,0.9375,16.0,P471546,19,21.0,0.7999999999999999,0,0,0,1,0,0,0,0,0,0,0,0,0,0,1,0,0,0,0,1,0,0,0,0,0,1,0,0,0,0
4,1.0,0.857142985,7.0,P471546,19,21.0,0.7373504649628064,0,0,0,0,0,0,0,1,0,0,0,0,0,0,0,1,0,0,0,1,0,0,0,0,0,0,1,0,0,0
4,1.0,1.0,5.0,P471546,19,21.0,1.0,0,0,0,0,1,0,0,0,0,0,0,0,0,0,0,1,0,0,0,1,0,0,0,0,1,0,0,0,0,0
4,1.0,0.866666973,15.0,P471546,19,21.0,0.7060702520912807,0,0,0,0,0,0,1,0,0,0,0,0,0,0,0,1,0,0,0,1,0,0,0,0,0,0,1,0,0,0
5,1.0,0.800000012,10.0,P471546,19,21.0,0.6666666666666666,0,0,0,0,1,0,0,0,0,0,0,0,0,0,1,0,0,0,0,1,0,0,0,1,0,0,0,0,0,0
3,1.0,0.714286029,7.0,P471546,19,21.0,0.6199062332840658,0,0,0,0,1,0,0,0,0,0,0,0,0,0,0,0,0,0,1,1,0,0,0,0,0,0,1,0,0,0
5,1.0,1.0,13.0,P471546,19,21.0,1.0,0,0,0,0,1,0,0,0,0,0,0,0,0,0,0,0,0,0,1,0,0,0,1,0,0,0,1,0,0,0
2,0.0,0.5,6.0,P471546,19,21.0,0.5,0,0,0,0,1,0,0,0,0,0,0,0,0,0,1,0,0,0,0,1,0,0,0,0,0,0,1,0,0,0
5,1.0,0.800000012,15.0,P471546,19,21.0,0.649149872836091,0,0,0,0,0,1,0,0,0,0,0,0,0,0,0,0,0,1,0,1,0,0,0,0,0,1,0,0,0,0
5,1.0,0.800000012,5.0,P471546,19,21.0,0.6989700043360187,0,0,1,0,0,0,0,0,0,0,0,0,0,0,0,0,0,1,0,0,1,0,0,0,0,0,1,0,0,0
5,1.0,1.0,7.0,P471546,19,21.0,1.0,0,0,1,0,0,0,0,0,0,0,0,0,0,0,0,1,0,0,0,1,0,0,0,1,0,0,0,0,0,0
5,1.0,0.857142985,7.0,P471546,19,21.0,0.7373504649628064,0,0,1,0,0,0,0,0,0,0,0,0,0,0,1,0,0,0,0,1,0,0,0,0,0,1,0,0,0,0
5,1.0,0.666666985,6.0,P471546,19,21.0,0.5943161289177871,0,0,0,0,1,0,0,0,0,0,0,0,0,0,0,1,0,0,0,1,0,0,0,0,0,1,0,0,0,0
5,1.0,1.0,4.0,P471546,19,21.0,1.0,0,0,0,0,0,1,0,0,0,0,0,0,0,0,1,0,0,0,0,1,0,0,0,0,0,0,1,0,0,0
5,1.0,0.833333015,6.0,P471546,19,21.0,0.7210570543488701,0,0,0,1,0,0,0,0,0,0,0,0,0,0,1,0,0,0,0,0,0,1,0,0,0,1,0,0,0,0
5,1.0,1.0,7.0,P471546,19,21.0,1.0,0,0,1,0,0,0,0,0,0,0,0,0,0,0,1,0,0,0,0,1,0,0,0,0,0,1,0,0,0,0
3,0.0,0.714286029,7.0,P471546,19,21.0,0.6199062332840658,0,0,1,0,0,0,0,0,0,0,0,0,0,0,0,0,0,1,0,0,0,1,0,0,0,1,0,0,0,0
5,1.0,1.0,9.0,P471546,19,21.0,1.0,0,0,0,0,1,0,0,0,0,0,0,0,0,0,0,1,0,0,0,1,0,0,0,0,0,1,0,0,0,0
4,1.0,0.75,4.0,P471546,19,21.0,0.6666666666666667,0,0,0,1,0,0,0,0,0,0,0,0,0,0,0,0,0,1,0,0,0,0,1,0,0,1,0,0,0,0
2,0.0,1.0,7.0,P471546,19,21.0,1.0,0,0,0,0,0,1,0,0,0,0,0,0,0,0,0,0,0,1,0,1,0,0,0,0,0,0,1,0,0,0
1,0.0,0.75,4.0,P471546,19,21.0,0.6666666666666667,0,0,0,0,0,0,1,0,0,0,0,0,0,0,0,1,0,0,0,0,0,0,1,0,1,0,0,0,0,0
1,0.0,0.800000012,5.0,P471546,19,21.0,0.6989700043360187,0,0,0,0,1,0,0,0,0,0,0,0,0,0,0,1,0,0,0,1,0,0,0,0,1,0,0,0,0,0
1,0.0,0.666666985,9.0,P471546,19,21.0,0.583970804646981,0,0,0,0,0,1,0,0,0,0,0,0,0,0,1,0,0,0,0,0,1,0,0,0,0,0,1,0,0,0
3,1.0,0.800000012,5.0,P471546,19,21.0,0.6989700043360187,0,0,0,1,0,0,0,0,0,0,0,0,0,0,1,0,0,0,0,0,1,0,0,0,0,1,0,0,0,0
5,1.0,0.875,8.0,P471546,19,21.0,0.75,0,0,0,0,1,0,0,0,0,0,0,0,0,0,0,1,0,0,0,1,0,0,0,0,0,0,1,0,0,0
5,1.0,0.800000012,5.0,P471546,19,21.0,0.6989700043360187,0,0,0,0,1,0,0,0,0,0,0,0,0,0,0,1,0,0,0,1,0,0,0,0,0,0,1,0,0,0
3,1.0,0.800000012,5.0,P471546,19,21.0,0.6989700043360187,0,0,0,0,1,0,0,0,0,0,0,0,0,0,0,1,0,0,0,1,0,0,0,0,0,0,1,0,0,0
5,1.0,0.75,4.0,P471546,19,21.0,0.6666666666666667,0,0,0,0,1,0,0,0,0,0,0,0,0,0,0,1,0,0,0,1,0,0,0,0,0,0,1,0,0,0
5,1.0,0.947368026,19.0,P471546,19,21.0,0.8094485875732266,0,0,0,0,1,0,0,0,0,0,0,0,0,0,0,1,0,0,0,1,0,0,0,0,0,0,1,0,0,0
5,1.0,1.0,7.0,P471546,19,21.0,1.0,0,0,0,0,1,0,0,0,0,0,0,0,0,0,0,1,0,0,0,1,0,0,0,0,0,0,1,0,0,0
4,1.0,0.75,4.0,P471546,19,21.0,0.6666666666666667,0,0,0,0,1,0,0,0,0,0,0,0,0,0,0,1,0,0,0,1,0,0,0,0,0,0,1,0,0,0
5,1.0,0.931034982,29.0,P471546,19,21.0,0.7520519717820634,0,0,0,0,1,0,0,0,0,0,0,0,0,0,0,1,0,0,0,1,0,0,0,0,0,0,1,0,0,0
5,1.0,0.923076987,13.0,P471546,19,21.0,0.7872539464466368,0,0,0,0,1,0,0,0,0,0,0,0,0,0,0,1,0,0,0,0,0,1,0,0,0,0,1,0,0,0
3,1.0,0.857142985,7.0,P471546,19,21.0,0.7373504649628064,0,0,0,0,1,0,0,0,0,0,0,0,0,0,0,1,0,0,0,1,0,0,0,0,0,0,1,0,0,0
5,1.0,1.0,5.0,P471546,19,21.0,1.0,0,0,0,0,1,0,0,0,0,0,0,0,0,0,0,1,0,0,0,1,0,0,0,0,0,0,1,0,0,0
2,1.0,0.75,4.0,P471546,19,21.0,0.6666666666666667,0,0,0,0,1,0,0,0,0,0,0,0,0,0,0,1,0,0,0,1,0,0,0,0,0,0,1,0,0,0
3,1.0,0.899999976,10.0,P471546,19,21.0,0.7686217868402409,0,0,0,0,1,0,0,0,0,0,0,0,0,0,0,1,0,0,0,1,0,0,0,0,0,0,1,0,0,0
2,0.0,0.375,8.0,P248404,29,24.0,0.4362085839710631,0,0,0,0,1,0,0,0,0,0,0,0,0,0,1,0,0,0,0,0,1,0,0,0,0,0,1,0,0,0
5,1.0,0.75,4.0,P248404,29,24.0,0.6666666666666667,0,0,0,0,1,0,0,0,0,0,0,0,0,0,0,0,0,1,0,0,0,1,0,0,0,0,1,0,0,0
3,0.0,0.928570986,14.0,P248404,29,24.0,0.7919854023234905,0,0,0,0,0,0,0,1,0,0,0,0,0,0,0,1,0,0,0,1,0,0,0,0,0,0,1,0,0,0
5,1.0,1.0,6.0,P248404,29,24.0,1.0,0,0,0,1,0,0,0,0,0,0,0,0,0,0,0,1,0,0,0,0,1,0,0,0,0,0,0,0,0,1
5,1.0,0.9375,16.0,P248404,29,24.0,0.7999999999999999,0,0,0,0,0,0,0,1,0,0,0,0,0,0,0,1,0,0,0,1,0,0,0,0,0,0,1,0,0,0
1,0.0,0.75,4.0,P248404,29,24.0,0.6666666666666667,0,0,0,1,0,0,0,0,0,0,0,0,0,0,0,0,0,1,0,1,0,0,0,0,0,1,0,0,0,0
3,1.0,1.0,5.0,P248404,29,24.0,1.0,0,0,0,1,0,0,0,0,0,0,0,0,0,0,0,0,0,0,1,0,1,0,0,0,0,0,1,0,0,0
1,0.0,0.666666985,9.0,P248404,29,24.0,0.583970804646981,0,0,0,1,0,0,0,0,0,0,0,0,0,0,1,0,0,0,0,0,0,1,0,0,0,0,1,0,0,0
1,1.0,0.0,5.0,P248404,29,24.0,0.0,0,0,0,0,1,0,0,0,0,0,0,0,0,0,0,1,0,0,0,1,0,0,0,0,0,0,1,0,0,0
5,1.0,0.833333015,6.0,P248404,29,24.0,0.7210570543488701,0,0,0,0,1,0,0,0,0,0,0,0,0,0,0,1,0,0,0,1,0,0,0,0,0,0,1,0,0,0
5,1.0,1.0,5.0,P248404,29,24.0,1.0,0,0,0,0,1,0,0,0,0,0,0,0,0,0,0,1,0,0,0,1,0,0,0,0,0,0,1,0,0,0
5,1.0,1.0,5.0,P248404,29,24.0,1.0,0,0,0,0,1,0,0,0,0,0,0,0,0,0,0,1,0,0,0,0,1,0,0,0,0,0,1,0,0,0
5,1.0,1.0,7.0,P248404,29,24.0,1.0,0,0,0,0,1,0,0,0,0,0,0,0,0,0,0,1,0,0,0,1,0,0,0,0,0,0,1,0,0,0
5,1.0,1.0,5.0,P248404,29,24.0,1.0,0,0,0,0,1,0,0,0,0,0,0,0,0,0,0,1,0,0,0,0,1,0,0,0,0,0,1,0,0,0
5,1.0,1.0,11.0,P248404,29,24.0,1.0,0,0,0,0,0,0,0,1,0,0,0,0,0,0,0,1,0,0,0,1,0,0,0,0,0,0,1,0,0,0
5,1.0,1.0,5.0,P443352,14,18.0,1.0,0,0,0,0,1,0,0,0,0,0,0,0,0,0,0,0,0,1,0,1,0,0,0,0,0,1,0,0,0,0
1,0.0,0.375,8.0,P443352,14,18.0,0.4362085839710631,0,0,0,1,0,0,0,0,0,0,0,0,0,0,0,0,0,1,0,0,1,0,0,1,0,0,0,0,0,0
5,1.0,1.0,4.0,P443352,14,18.0,1.0,0,0,1,0,0,0,0,0,0,0,0,0,0,0,0,0,0,0,1,0,1,0,0,1,0,0,0,0,0,0
5,1.0,0.5,6.0,P443352,14,18.0,0.5,0,0,0,0,0,0,0,1,0,0,0,0,0,0,0,1,0,0,0,1,0,0,0,0,1,0,0,0,0,0
4,1.0,1.0,5.0,P443352,14,18.0,1.0,0,0,0,0,0,1,0,0,0,0,0,0,0,0,0,1,0,0,0,1,0,0,0,0,0,0,1,0,0,0
3,1.0,0.076923102,13.0,P443352,14,18.0,0.2127460535533631,0,0,1,0,0,0,0,0,0,0,0,0,0,0,0,0,0,0,1,1,0,0,0,0,0,0,1,0,0,0
5,1.0,0.875,8.0,P443352,14,18.0,0.75,0,0,0,0,1,0,0,0,0,0,0,0,0,0,0,0,0,0,1,1,0,0,0,0,0,0,1,0,0,0
5,1.0,1.0,6.0,P443352,14,18.0,1.0,0,0,0,0,0,0,0,0,0,0,0,0,1,0,0,1,0,0,0,1,0,0,0,0,1,0,0,0,0,0
4,1.0,0.111111,18.0,P443352,14,18.0,0.2794153127047222,0,0,0,0,1,0,0,0,0,0,0,0,0,0,1,0,0,0,0,0,0,1,0,0,0,1,0,0,0,0
4,1.0,1.0,8.0,P443352,14,18.0,1.0,0,1,0,0,0,0,0,0,0,0,0,0,0,0,0,1,0,0,0,1,0,0,0,0,1,0,0,0,0,0
5,1.0,0.600000024,5.0,P443352,14,18.0,0.5578858913022596,0,0,0,0,0,1,0,0,0,0,0,0,0,0,0,0,0,0,1,1,0,0,0,0,0,0,1,0,0,0
5,1.0,0.800000012,5.0,P443352,14,18.0,0.6989700043360187,0,0,0,0,0,0,0,1,0,0,0,0,0,0,0,1,0,0,0,1,0,0,0,0,1,0,0,0,0,0
5,1.0,0.5,4.0,P443352,14,18.0,0.5,0,1,0,0,0,0,0,0,0,0,0,0,0,0,0,1,0,0,0,0,0,0,1,0,1,0,0,0,0,0
5,1.0,0.714286029,7.0,P443352,14,18.0,0.6199062332840658,0,0,0,0,1,0,0,0,0,0,0,0,0,0,0,1,0,0,0,1,0,0,0,0,0,0,1,0,0,0
5,1.0,0.888889015,9.0,P443352,14,18.0,0.7601875334318686,0,0,0,0,0,1,0,0,0,0,0,0,0,0,0,1,0,0,0,1,0,0,0,0,1,0,0,0,0,0
5,1.0,0.75,8.0,P423688,14,65.0,0.6391511932854698,0,0,0,0,1,0,0,0,0,0,0,0,0,0,1,0,0,0,0,1,0,0,0,0,0,0,1,0,0,0
5,1.0,0.800000012,5.0,P423688,14,65.0,0.6989700043360187,0,0,0,0,1,0,0,0,0,0,0,0,0,0,0,0,0,0,1,0,0,0,1,0,0,0,1,0,0,0
1,0.0,0.538461983,13.0,P423688,14,65.0,0.5165863013822944,0,0,0,0,1,0,0,0,0,0,0,0,0,0,0,1,0,0,0,1,0,0,0,0,0,1,0,0,0,0
5,1.0,1.0,4.0,P423688,14,65.0,1.0,0,0,0,0,0,0,0,1,0,0,0,0,0,0,0,1,0,0,0,1,0,0,0,0,1,0,0,0,0,0
5,1.0,0.916666985,12.0,P423688,14,65.0,0.7818957080144684,0,0,0,0,1,0,0,0,0,0,0,0,0,0,0,0,0,0,1,1,0,0,0,0,0,0,1,0,0,0
3,0.0,1.0,12.0,P423688,14,65.0,1.0,0,0,1,0,0,0,0,0,0,0,0,0,0,0,0,1,0,0,0,1,0,0,0,0,0,0,1,0,0,0
5,1.0,1.0,8.0,P423688,14,65.0,1.0,0,0,0,1,0,0,0,0,0,0,0,0,0,0,0,1,0,0,0,1,0,0,0,0,1,0,0,0,0,0
5,1.0,1.0,7.0,P423688,14,65.0,1.0,0,0,1,0,0,0,0,0,0,0,0,0,0,0,1,0,0,0,0,1,0,0,0,0,0,1,0,0,0,0
5,1.0,0.714286029,14.0,P423688,14,65.0,0.5983768161916053,0,1,0,0,0,0,0,0,0,0,0,0,0,0,0,1,0,0,0,0,0,1,0,0,1,0,0,0,0,0
5,1.0,0.571429014,7.0,P423688,14,65.0,0.5372435736804816,0,0,0,0,0,0,0,0,0,0,0,1,0,0,0,1,0,0,0,0,1,0,0,0,1,0,0,0,0,0
5,1.0,1.0,4.0,P423688,14,65.0,1.0,0,0,0,0,0,0,0,1,0,0,0,0,0,0,0,0,0,0,1,0,1,0,0,0,0,0,1,0,0,0
5,1.0,1.0,4.0,P423688,14,65.0,1.0,0,0,1,0,0,0,0,0,0,0,0,0,0,0,0,0,0,1,0,1,0,0,0,0,0,1,0,0,0,0
2,0.0,0.076923102,13.0,P423688,14,65.0,0.2127460535533631,0,0,1,0,0,0,0,0,0,0,0,0,0,0,0,1,0,0,0,1,0,0,0,0,0,0,1,0,0,0
1,0.0,0.75,40.0,P423688,14,65.0,0.5888299734881991,0,1,0,0,0,0,0,0,0,0,0,0,0,0,0,1,0,0,0,1,0,0,0,0,1,0,0,0,0,0
4,1.0,1.0,6.0,P421275,71,19.0,1.0,0,0,0,0,1,0,0,0,0,0,0,0,0,0,0,1,0,0,0,1,0,0,0,0,0,0,1,0,0,0
4,1.0,1.0,6.0,P421275,71,19.0,1.0,0,0,1,0,0,0,0,0,0,0,0,0,0,0,1,0,0,0,0,1,0,0,0,0,0,1,0,0,0,0
5,1.0,0.75,4.0,P421275,71,19.0,0.6666666666666667,0,0,0,1,0,0,0,0,0,0,0,0,0,0,0,0,0,0,1,0,0,1,0,0,0,0,1,0,0,0
1,0.0,0.5,8.0,P421275,71,19.0,0.5,0,0,0,0,1,0,0,0,0,0,0,0,0,0,1,0,0,0,0,0,1,0,0,0,0,0,1,0,0,0
5,1.0,1.0,4.0,P421275,71,19.0,1.0,0,0,0,0,1,0,0,0,0,0,0,0,0,0,0,0,0,0,1,0,1,0,0,1,0,0,0,0,0,0
3,1.0,0.200000003,5.0,P421275,71,19.0,0.3010299956639811,0,0,1,0,0,0,0,0,0,0,0,0,0,0,0,0,0,0,1,1,0,0,0,0,0,0,1,0,0,0
5,1.0,0.800000012,5.0,P421275,71,19.0,0.6989700043360187,0,0,0,0,0,1,0,0,0,0,0,0,0,0,0,1,0,0,0,1,0,0,0,0,0,0,1,0,0,0
2,0.0,0.0,4.0,P421275,71,19.0,0.0,0,0,0,0,0,0,0,1,0,0,0,0,0,0,0,1,0,0,0,0,0,0,1,0,0,1,0,0,0,0
1,0.0,0.111111,9.0,P421275,71,19.0,0.2398124665681313,0,0,0,0,1,0,0,0,0,0,0,0,0,0,0,1,0,0,0,1,0,0,0,0,1,0,0,0,0,0
5,1.0,1.0,22.0,P421275,71,19.0,1.0,0,0,1,0,0,0,0,0,0,0,0,0,0,0,1,0,0,0,0,1,0,0,0,0,0,0,1,0,0,0
4,1.0,1.0,6.0,P421275,71,19.0,1.0,0,0,0,0,0,1,0,0,0,0,0,0,0,0,0,1,0,0,0,1,0,0,0,0,1,0,0,0,0,0
3,0.0,0.5,4.0,P421275,71,19.0,0.5,0,0,1,0,0,0,0,0,0,0,0,0,0,0,0,0,0,0,1,0,0,1,0,0,1,0,0,0,0,0
3,0.0,0.0,6.0,P421275,71,19.0,0.0,0,0,1,0,0,0,0,0,0,0,0,0,0,0,0,0,0,0,1,1,0,0,0,0,0,0,1,0,0,0
5,1.0,1.0,9.0,P421275,71,19.0,1.0,0,0,0,0,0,0,1,0,0,0,0,0,0,0,0,1,0,0,0,0,0,1,0,0,1,0,0,0,0,0
4,1.0,1.0,10.0,P421275,71,19.0,1.0,0,0,0,0,0,0,0,0,0,0,0,0,1,0,0,1,0,0,0,1,0,0,0,0,0,0,1,0,0,0
5,1.0,1.0,22.0,P421275,71,19.0,1.0,0,0,1,0,0,0,0,0,0,0,0,0,0,0,0,0,0,0,1,0,1,0,0,1,0,0,0,0,0,0
5,1.0,1.0,10.0,P421275,71,19.0,1.0,0,0,0,0,0,1,0,0,0,0,0,0,0,0,1,0,0,0,0,0,0,1,0,0,0,1,0,0,0,0
1,0.0,0.5,6.0,P421275,71,19.0,0.5,0,0,0,0,0,1,0,0,0,0,0,0,0,0,0,1,0,0,0,1,0,0,0,0,1,0,0,0,0,0
2,0.0,0.200000003,5.0,P421275,71,19.0,0.3010299956639811,0,0,0,0,0,0,1,0,0,0,0,0,0,0,0,1,0,0,0,0,1,0,0,0,0,0,1,0,0,0
3,0.0,0.25,16.0,P421275,71,19.0,0.3855506948387032,0,0,0,0,0,0,0,1,0,0,0,0,0,0,0,1,0,0,0,1,0,0,0,0,0,0,1,0,0,0
3,0.0,0.333332986,6.0,P421275,71,19.0,0.4056838710822129,0,0,0,0,1,0,0,0,0,0,0,0,0,0,0,0,0,1,0,1,0,0,0,0,0,1,0,0,0,0
5,1.0,1.0,12.0,P421275,71,19.0,1.0,0,0,0,0,1,0,0,0,0,0,0,0,0,0,1,0,0,0,0,1,0,0,0,0,0,1,0,0,0,0
2,0.0,0.333332986,6.0,P421275,71,19.0,0.4056838710822129,0,0,0,1,0,0,0,0,0,0,0,0,0,0,0,0,0,1,0,1,0,0,0,0,0,1,0,0,0,0
3,0.0,0.75,8.0,P421275,71,19.0,0.6391511932854698,0,0,1,0,0,0,0,0,0,0,0,0,0,0,0,0,0,0,1,1,0,0,0,1,0,0,0,0,0,0
3,1.0,1.0,4.0,P421275,71,19.0,1.0,0,0,0,0,0,0,0,0,0,0,0,0,1,0,0,1,0,0,0,0,0,0,1,0,1,0,0,0,0,0
1,0.0,0.0,5.0,P421275,71,19.0,0.0,0,0,0,0,0,0,0,1,0,0,0,0,0,0,0,1,0,0,0,0,0,0,1,0,1,0,0,0,0,0
5,1.0,1.0,6.0,P421275,71,19.0,1.0,0,1,0,0,0,0,0,0,0,0,0,0,0,0,0,1,0,0,0,1,0,0,0,0,1,0,0,0,0,0
1,0.0,0.0,4.0,P421275,71,19.0,0.0,0,0,1,0,0,0,0,0,0,0,0,0,0,0,0,0,0,0,1,0,0,1,0,0,0,0,0,0,0,1
5,1.0,0.833333015,6.0,P421275,71,19.0,0.7210570543488701,0,0,0,0,0,1,0,0,0,0,0,0,0,0,0,1,0,0,0,1,0,0,0,0,0,0,1,0,0,0
4,1.0,0.800000012,5.0,P421275,71,19.0,0.6989700043360187,0,0,0,0,1,0,0,0,0,0,0,0,0,0,0,1,0,0,0,1,0,0,0,0,0,0,1,0,0,0
1,1.0,0.055555601,18.0,P421275,71,19.0,0.1934264036172708,0,0,0,0,1,0,0,0,0,0,0,0,0,0,0,1,0,0,0,1,0,0,0,0,0,0,1,0,0,0
5,1.0,0.966666996,30.0,P421275,71,19.0,0.8307061924012187,0,0,0,0,1,0,0,0,0,0,0,0,0,0,0,1,0,0,0,1,0,0,0,0,0,0,1,0,0,0
5,1.0,0.5,4.0,P297524,68,17.0,0.5,0,0,0,0,1,0,0,0,0,0,0,0,0,0,0,0,0,0,1,0,0,1,0,0,0,0,1,0,0,0
5,1.0,0.833333015,6.0,P297524,68,17.0,0.7210570543488701,0,0,1,0,0,0,0,0,0,0,0,0,0,0,0,0,0,0,1,1,0,0,0,0,0,0,1,0,0,0
5,1.0,0.833333015,6.0,P297524,68,17.0,0.7210570543488701,0,0,1,0,0,0,0,0,0,0,0,0,0,0,0,0,0,0,1,0,0,0,1,0,0,0,1,0,0,0
4,1.0,0.090909101,22.0,P297524,68,17.0,0.2651645097780702,0,0,0,0,0,1,0,0,0,0,0,0,0,0,0,1,0,0,0,0,0,1,0,0,1,0,0,0,0,0
1,0.0,0.555555999,9.0,P297524,68,17.0,0.5268025545616606,0,0,0,0,0,0,0,0,0,0,0,0,1,0,0,1,0,0,0,1,0,0,0,0,1,0,0,0,0,0
5,1.0,0.75,4.0,P297524,68,17.0,0.6666666666666667,0,0,0,0,1,0,0,0,0,0,0,0,0,0,0,1,0,0,0,1,0,0,0,0,0,0,1,0,0,0
5,1.0,1.0,5.0,P297524,68,17.0,1.0,0,0,0,0,1,0,0,0,0,0,0,0,0,0,0,1,0,0,0,1,0,0,0,0,0,0,1,0,0,0
1,1.0,0.75,4.0,P297524,68,17.0,0.6666666666666667,0,0,0,0,1,0,0,0,0,0,0,0,0,0,0,1,0,0,0,1,0,0,0,0,0,0,1,0,0,0
5,1.0,0.857142985,7.0,P297524,68,17.0,0.7373504649628064,0,0,0,0,1,0,0,0,0,0,0,0,0,0,0,1,0,0,0,1,0,0,0,0,0,0,1,0,0,0
5,1.0,0.75,4.0,P297524,68,17.0,0.6666666666666667,0,0,0,0,1,0,0,0,0,0,0,0,0,0,0,1,0,0,0,1,0,0,0,0,0,0,1,0,0,0
5,1.0,1.0,8.0,P297524,68,17.0,1.0,0,0,0,0,1,0,0,0,0,0,0,0,0,0,0,1,0,0,0,1,0,0,0,0,0,0,1,0,0,0
3,1.0,0.5,10.0,P297524,68,17.0,0.5,0,0,0,0,1,0,0,0,0,0,0,0,0,0,0,1,0,0,0,1,0,0,0,0,0,0,1,0,0,0
5,1.0,1.0,5.0,P297524,68,17.0,1.0,0,0,0,0,1,0,0,0,0,0,0,0,0,0,0,1,0,0,0,1,0,0,0,0,0,0,1,0,0,0
5,1.0,0.875,8.0,P297524,68,17.0,0.75,0,0,0,0,1,0,0,0,0,0,0,0,0,0,0,1,0,0,0,1,0,0,0,0,0,0,1,0,0,0
5,1.0,0.0,8.0,P297524,68,17.0,0.0,0,0,0,0,1,0,0,0,0,0,0,0,0,0,0,1,0,0,0,1,0,0,0,0,0,0,1,0,0,0
4,1.0,1.0,8.0,P297524,68,17.0,1.0,0,0,0,0,1,0,0,0,0,0,0,0,0,0,0,1,0,0,0,1,0,0,0,0,0,0,1,0,0,0
5,1.0,1.0,7.0,P297524,68,17.0,1.0,0,0,0,0,1,0,0,0,0,0,0,0,0,0,0,1,0,0,0,1,0,0,0,0,0,0,1,0,0,0
5,1.0,1.0,5.0,P297524,68,17.0,1.0,0,0,0,0,1,0,0,0,0,0,0,0,0,0,0,1,0,0,0,1,0,0,0,0,0,0,1,0,0,0
5,1.0,1.0,14.0,P297524,68,17.0,1.0,0,0,0,0,1,0,0,0,0,0,0,0,0,0,0,1,0,0,0,1,0,0,0,0,0,0,1,0,0,0
4,1.0,1.0,7.0,P297524,68,17.0,1.0,0,0,0,0,1,0,0,0,0,0,0,0,0,0,0,1,0,0,0,1,0,0,0,0,0,0,1,0,0,0
4,1.0,1.0,4.0,P297524,68,17.0,1.0,0,0,0,0,1,0,0,0,0,0,0,0,0,0,0,1,0,0,0,1,0,0,0,0,0,0,1,0,0,0
5,1.0,1.0,6.0,P297524,68,17.0,1.0,0,0,0,0,1,0,0,0,0,0,0,0,0,0,0,1,0,0,0,1,0,0,0,0,0,0,1,0,0,0
5,1.0,0.800000012,5.0,P297524,68,17.0,0.6989700043360187,0,0,0,0,1,0,0,0,0,0,0,0,0,0,0,1,0,0,0,1,0,0,0,0,0,0,1,0,0,0
4,1.0,0.75,4.0,P297524,68,17.0,0.6666666666666667,0,0,0,0,1,0,0,0,0,0,0,0,0,0,0,1,0,0,0,1,0,0,0,0,0,0,1,0,0,0
5,1.0,1.0,4.0,P297524,68,17.0,1.0,0,0,0,0,1,0,0,0,0,0,0,0,0,0,0,1,0,0,0,1,0,0,0,0,0,0,1,0,0,0
5,1.0,1.0,7.0,P297524,68,17.0,1.0,0,0,0,0,1,0,0,0,0,0,0,0,0,0,0,1,0,0,0,1,0,0,0,0,0,0,1,0,0,0
5,1.0,1.0,9.0,P297524,68,17.0,1.0,0,0,0,0,0,1,0,0,0,0,0,0,0,0,0,1,0,0,0,1,0,0,0,0,0,0,1,0,0,0
5,1.0,1.0,5.0,P297524,68,17.0,1.0,0,0,0,0,0,0,0,0,0,0,0,0,1,0,0,1,0,0,0,1,0,0,0,0,0,0,1,0,0,0
3,0.0,1.0,7.0,P394624,110,38.0,1.0,0,0,0,0,1,0,0,0,0,0,0,0,0,0,0,0,0,0,1,1,0,0,0,0,0,0,1,0,0,0
5,1.0,0.25,4.0,P394624,110,38.0,0.3333333333333333,0,0,0,0,0,0,0,1,0,0,0,0,0,0,0,1,0,0,0,0,0,0,1,0,1,0,0,0,0,0
5,1.0,0.909090996,11.0,P394624,110,38.0,0.7757561757824245,0,0,0,0,1,0,0,0,0,0,0,0,0,0,0,1,0,0,0,1,0,0,0,0,0,0,1,0,0,0
5,1.0,0.833333015,6.0,P394624,110,38.0,0.7210570543488701,0,0,0,0,1,0,0,0,0,0,0,0,0,0,0,1,0,0,0,1,0,0,0,0,0,0,1,0,0,0
5,1.0,0.966666996,30.0,P394624,110,38.0,0.8307061924012187,0,0,0,0,1,0,0,0,0,0,0,0,0,0,0,1,0,0,0,1,0,0,0,0,0,0,1,0,0,0
5,1.0,1.0,6.0,P394624,110,38.0,1.0,0,0,0,0,1,0,0,0,0,0,0,0,0,0,0,1,0,0,0,0,1,0,0,0,0,0,1,0,0,0
1,1.0,0.714286029,7.0,P394624,110,38.0,0.6199062332840658,0,0,0,0,1,0,0,0,0,0,0,0,0,0,0,1,0,0,0,1,0,0,0,0,0,0,1,0,0,0
1,1.0,0.800000012,5.0,P394624,110,38.0,0.6989700043360187,0,0,0,0,1,0,0,0,0,0,0,0,0,0,0,1,0,0,0,1,0,0,0,0,0,0,1,0,0,0
5,1.0,1.0,14.0,P394624,110,38.0,1.0,0,0,0,0,1,0,0,0,0,0,0,0,0,0,0,1,0,0,0,1,0,0,0,0,0,0,1,0,0,0
4,1.0,0.857142985,7.0,P429952,92,49.0,0.7373504649628064,0,0,1,0,0,0,0,0,0,0,0,0,0,0,1,0,0,0,0,0,1,0,0,0,0,1,0,0,0,0
5,1.0,0.800000012,10.0,P429952,92,49.0,0.6666666666666666,0,0,0,0,0,0,0,1,0,0,0,0,0,0,0,1,0,0,0,1,0,0,0,0,0,0,1,0,0,0
1,0.0,0.625,8.0,P429952,92,49.0,0.5637914160289369,0,0,0,0,1,0,0,0,0,0,0,0,0,0,0,0,0,1,0,0,1,0,0,0,0,1,0,0,0,0
5,1.0,0.375,8.0,P429952,92,49.0,0.4362085839710631,0,0,0,0,0,0,1,0,0,0,0,0,0,0,0,1,0,0,0,0,0,0,1,0,1,0,0,0,0,0
3,0.0,0.777778029,9.0,P429952,92,49.0,0.6543128759565946,0,0,0,0,1,0,0,0,0,0,0,0,0,0,1,0,0,0,0,1,0,0,0,0,0,0,1,0,0,0
1,0.0,0.958333015,24.0,P429952,92,49.0,0.8209477682489587,0,0,1,0,0,0,0,0,0,0,0,0,0,0,0,0,0,0,1,0,1,0,0,0,0,0,0,1,0,0
1,0.0,0.92682898,41.0,P429952,92,49.0,0.7254784375772821,0,0,0,0,0,1,0,0,0,0,0,0,0,0,0,1,0,0,0,0,0,1,0,0,1,0,0,0,0,0
4,1.0,1.0,5.0,P429952,92,49.0,1.0,0,0,0,0,0,1,0,0,0,0,0,0,0,0,0,1,0,0,0,1,0,0,0,0,1,0,0,0,0,0
1,0.0,0.833333015,12.0,P429952,92,49.0,0.6857972507265685,0,0,0,1,0,0,0,0,0,0,0,0,0,0,1,0,0,0,0,1,0,0,0,0,0,1,0,0,0,0
2,0.0,0.461537987,13.0,P429952,92,49.0,0.4834136986177055,0,0,0,0,0,0,1,0,0,0,0,0,0,0,0,0,0,0,1,0,0,1,0,0,0,0,0,1,0,0
1,0.0,0.857142985,14.0,P429952,92,49.0,0.7001245250427999,0,0,1,0,0,0,0,0,0,0,0,0,0,0,0,0,0,1,0,1,0,0,0,0,0,0,1,0,0,0
1,0.0,1.0,4.0,P429952,92,49.0,1.0,0,0,0,0,1,0,0,0,0,0,0,0,0,0,0,1,0,0,0,1,0,0,0,0,0,0,0,1,0,0
5,1.0,1.0,4.0,P429952,92,49.0,1.0,0,0,0,0,0,0,0,1,0,0,0,0,0,0,0,1,0,0,0,0,1,0,0,0,1,0,0,0,0,0
1,0.0,0.736841977,19.0,P429952,92,49.0,0.6018143876079656,0,0,0,0,0,0,0,0,0,0,1,0,0,0,1,0,0,0,0,0,0,0,1,0,0,1,0,0,0,0
1,0.0,0.375,8.0,P429952,92,49.0,0.4362085839710631,0,0,0,0,0,0,1,0,0,0,0,0,0,0,0,0,0,1,0,1,0,0,0,0,0,0,0,1,0,0
5,1.0,0.833333015,6.0,P429952,92,49.0,0.7210570543488701,0,0,0,0,1,0,0,0,0,0,0,0,0,0,0,1,0,0,0,1,0,0,0,0,1,0,0,0,0,0
5,1.0,1.0,4.0,P429952,92,49.0,1.0,0,0,0,0,0,0,1,0,0,0,0,0,0,0,0,0,0,0,1,1,0,0,0,1,0,0,0,0,0,0
1,0.0,0.333332986,6.0,P429952,92,49.0,0.4056838710822129,0,0,0,1,0,0,0,0,0,0,0,0,0,0,0,1,0,0,0,1,0,0,0,0,0,0,1,0,0,0
5,1.0,0.75,4.0,P429952,92,49.0,0.6666666666666667,0,0,1,0,0,0,0,0,0,0,0,0,0,0,0,0,0,0,1,1,0,0,0,1,0,0,0,0,0,0
5,1.0,0.727272987,11.0,P429952,92,49.0,0.6131471927654585,0,0,0,0,1,0,0,0,0,0,0,0,0,0,0,0,0,0,1,1,0,0,0,0,0,0,1,0,0,0
3,1.0,0.92424202,66.0,P429952,92,49.0,0.6972813648390579,0,0,1,0,0,0,0,0,0,0,0,0,0,0,1,0,0,0,0,0,1,0,0,0,0,1,0,0,0,0
5,1.0,0.899999976,20.0,P429952,92,49.0,0.7282714920267325,0,0,1,0,0,0,0,0,0,0,0,0,0,0,0,0,0,1,0,0,0,0,1,0,0,0,1,0,0,0
2,0.0,0.911764979,68.0,P429952,92,49.0,0.6804244033572652,0,0,0,0,0,1,0,0,0,0,0,0,0,0,1,0,0,0,0,1,0,0,0,0,0,0,1,0,0,0
5,1.0,0.870967984,62.0,P429952,92,49.0,0.6458692687830555,0,0,0,0,1,0,0,0,0,0,0,0,0,0,1,0,0,0,0,1,0,0,0,0,0,0,1,0,0,0
5,1.0,0.875,8.0,P429952,92,49.0,0.75,0,0,0,0,1,0,0,0,0,0,0,0,0,0,0,0,0,0,1,1,0,0,0,0,0,0,1,0,0,0
5,1.0,0.75,4.0,P429952,92,49.0,0.6666666666666667,0,0,0,0,0,1,0,0,0,0,0,0,0,0,1,0,0,0,0,0,0,1,0,0,0,1,0,0,0,0
2,0.0,0.703704,27.0,P480630,92,26.0,0.5768837214660166,0,0,0,0,1,0,0,0,0,0,0,0,0,0,0,0,0,1,0,1,0,0,0,0,0,0,1,0,0,0
4,1.0,0.75,4.0,P480630,92,26.0,0.6666666666666667,0,1,0,0,0,0,0,0,0,0,0,0,0,0,0,1,0,0,0,1,0,0,0,0,1,0,0,0,0,0
5,1.0,0.833333015,6.0,P480630,92,26.0,0.7210570543488701,0,0,0,0,0,1,0,0,0,0,0,0,0,0,0,1,0,0,0,0,0,0,1,0,0,0,1,0,0,0
3,0.0,0.818181992,11.0,P480630,92,26.0,0.6769924925288455,0,0,0,0,0,0,1,0,0,0,0,0,0,0,0,0,0,1,0,0,0,1,0,0,0,0,1,0,0,0
5,1.0,0.777778029,9.0,P480630,92,26.0,0.6543128759565946,0,0,0,0,0,1,0,0,0,0,0,0,0,0,0,1,0,0,0,1,0,0,0,0,0,0,1,0,0,0
5,1.0,1.0,6.0,P480630,92,26.0,1.0,0,0,0,0,0,1,0,0,0,0,0,0,0,0,0,1,0,0,0,1,0,0,0,0,1,0,0,0,0,0
4,1.0,0.888889015,9.0,P480630,92,26.0,0.7601875334318686,0,1,0,0,0,0,0,0,0,0,0,0,0,0,0,1,0,0,0,0,1,0,0,0,1,0,0,0,0,0
5,1.0,0.625,8.0,P480630,92,26.0,0.5637914160289369,0,0,1,0,0,0,0,0,0,0,0,0,0,0,0,0,0,0,1,1,0,0,0,1,0,0,0,0,0,0
5,1.0,1.0,13.0,P480630,92,26.0,1.0,0,0,0,0,0,0,1,0,0,0,0,0,0,0,0,1,0,0,0,0,0,0,1,0,0,0,0,1,0,0
5,1.0,1.0,34.0,P480630,92,26.0,1.0,0,0,0,0,1,0,0,0,0,0,0,0,0,0,0,1,0,0,0,0,1,0,0,0,1,0,0,0,0,0
2,0.0,0.0,5.0,P480630,92,26.0,0.0,0,0,0,0,0,0,0,0,0,0,0,0,1,0,0,1,0,0,0,1,0,0,0,0,1,0,0,0,0,0
4,1.0,0.75,4.0,P480630,92,26.0,0.6666666666666667,0,0,0,0,0,0,0,0,0,0,1,0,0,0,0,0,0,1,0,1,0,0,0,0,0,1,0,0,0,0
1,0.0,0.736841977,19.0,P480630,92,26.0,0.6018143876079656,0,0,0,0,0,0,0,1,0,0,0,0,0,0,0,1,0,0,0,0,1,0,0,0,0,1,0,0,0,0
1,0.0,0.349999994,20.0,P480630,92,26.0,0.4406998069513341,0,0,1,0,0,0,0,0,0,0,0,0,0,0,0,0,0,1,0,1,0,0,0,0,0,1,0,0,0,0
5,1.0,0.916666985,12.0,P480630,92,26.0,0.7818957080144684,0,0,0,0,0,1,0,0,0,0,0,0,0,0,0,1,0,0,0,1,0,0,0,0,0,0,1,0,0,0
5,1.0,1.0,4.0,P480630,92,26.0,1.0,0,0,0,0,1,0,0,0,0,0,0,0,0,0,1,0,0,0,0,1,0,0,0,0,0,1,0,0,0,0
5,1.0,1.0,4.0,P480630,92,26.0,1.0,0,0,0,0,1,0,0,0,0,0,0,0,0,0,1,0,0,0,0,1,0,0,0,0,0,1,0,0,0,0
2,0.0,1.0,4.0,P480630,92,26.0,1.0,0,0,1,0,0,0,0,0,0,0,0,0,0,0,1,0,0,0,0,1,0,0,0,0,0,0,1,0,0,0
1,0.0,0.300000012,10.0,P480630,92,26.0,0.3999999999999999,0,0,0,0,0,1,0,0,0,0,0,0,0,0,0,0,0,0,1,1,0,0,0,0,0,0,1,0,0,0
3,0.0,1.0,12.0,P480630,92,26.0,1.0,0,0,1,0,0,0,0,0,0,0,0,0,0,0,0,0,0,1,0,1,0,0,0,0,0,1,0,0,0,0
1,0.0,1.0,21.0,P480630,92,26.0,1.0,0,0,0,0,1,0,0,0,0,0,0,0,0,0,1,0,0,0,0,1,0,0,0,0,0,1,0,0,0,0
1,0.0,0.899999976,10.0,P480630,92,26.0,0.7686217868402409,0,0,1,0,0,0,0,0,0,0,0,0,0,0,0,0,0,1,0,1,0,0,0,0,0,1,0,0,0,0
1,0.0,0.966666996,90.0,P480630,92,26.0,0.7635774966732134,0,0,0,0,1,0,0,0,0,0,0,0,0,0,1,0,0,0,0,0,1,0,0,0,0,1,0,0,0,0
5,1.0,1.0,4.0,P480630,92,26.0,1.0,0,0,0,0,0,1,0,0,0,0,0,0,0,0,0,1,0,0,0,1,0,0,0,1,0,0,0,0,0,0
1,0.0,0.75,4.0,P480630,92,26.0,0.6666666666666667,0,0,0,0,1,0,0,0,0,0,0,0,0,0,0,0,0,0,1,0,1,0,0,0,0,0,1,0,0,0
1,0.0,0.875,8.0,P480630,92,26.0,0.75,0,0,0,0,1,0,0,0,0,0,0,0,0,0,0,1,0,0,0,1,0,0,0,0,0,0,1,0,0,0
1,0.0,0.75,4.0,P480630,92,26.0,0.6666666666666667,0,0,0,0,0,1,0,0,0,0,0,0,0,0,0,1,0,0,0,0,1,0,0,0,0,0,1,0,0,0
1,0.0,0.5,4.0,P480630,92,26.0,0.5,0,0,0,0,1,0,0,0,0,0,0,0,0,0,1,0,0,0,0,0,1,0,0,0,0,1,0,0,0,0
5,1.0,0.866666973,15.0,P480630,92,26.0,0.7060702520912807,0,0,0,0,0,1,0,0,0,0,0,0,0,0,0,0,0,0,1,1,0,0,0,0,0,0,1,0,0,0
1,0.0,0.666666985,12.0,P480630,92,26.0,0.5772049881597967,0,0,0,0,0,0,1,0,0,0,0,0,0,0,0,1,0,0,0,0,0,1,0,0,1,0,0,0,0,0
5,1.0,0.903226018,31.0,P480630,92,26.0,0.7083689789427893,0,0,0,0,1,0,0,0,0,0,0,0,0,0,1,0,0,0,0,1,0,0,0,0,0,1,0,0,0,0
5,1.0,0.800000012,5.0,P480630,92,26.0,0.6989700043360187,0,0,0,0,1,0,0,0,0,0,0,0,0,0,0,0,0,0,1,0,0,1,0,0,0,0,1,0,0,0
5,1.0,0.899999976,10.0,P480630,92,26.0,0.7686217868402409,0,0,0,0,0,0,0,1,0,0,0,0,0,0,0,1,0,0,0,0,0,0,1,0,0,0,1,0,0,0
2,0.0,0.600000024,5.0,P480630,92,26.0,0.5578858913022596,0,0,0,0,0,1,0,0,0,0,0,0,0,0,0,1,0,0,0,0,1,0,0,0,0,0,1,0,0,0
5,1.0,0.699999988,10.0,P480630,92,26.0,0.6,0,0,0,0,0,0,0,1,0,0,0,0,0,0,0,0,0,0,1,1,0,0,0,0,0,0,1,0,0,0
5,1.0,0.854544997,55.0,P480630,92,26.0,0.6379251017607052,0,0,0,0,1,0,0,0,0,0,0,0,0,0,0,0,0,0,1,0,1,0,0,0,0,0,1,0,0,0
1,0.0,0.823529005,68.0,P480630,92,26.0,0.6118418409885352,0,0,1,0,0,0,0,0,0,0,0,0,0,0,0,0,0,1,0,0,1,0,0,0,0,0,1,0,0,0
1,0.0,0.660549998,109.0,P480630,92,26.0,0.5411749196643096,0,0,0,0,0,0,1,0,0,0,0,0,0,0,1,0,0,0,0,1,0,0,0,0,0,1,0,0,0,0
4,1.0,0.777778029,9.0,P126301,7,38.0,0.6543128759565946,0,0,1,0,0,0,0,0,0,0,0,0,0,0,0,0,0,1,0,0,0,1,0,0,0,0,1,0,0,0
5,1.0,1.0,4.0,P126301,7,38.0,1.0,0,0,0,0,0,1,0,0,0,0,0,0,0,0,0,1,0,0,0,1,0,0,0,0,0,0,1,0,0,0
5,1.0,1.0,5.0,P126301,7,38.0,1.0,0,0,1,0,0,0,0,0,0,0,0,0,0,0,0,0,0,0,1,1,0,0,0,0,0,1,0,0,0,0
5,1.0,1.0,4.0,P126301,7,38.0,1.0,0,0,0,0,1,0,0,0,0,0,0,0,0,0,0,1,0,0,0,0,0,1,0,0,0,0,1,0,0,0
4,1.0,1.0,7.0,P126301,7,38.0,1.0,0,0,0,0,1,0,0,0,0,0,0,0,0,0,0,1,0,0,0,1,0,0,0,0,0,0,1,0,0,0
5,1.0,0.600000024,5.0,P126301,7,38.0,0.5578858913022596,0,0,0,0,0,1,0,0,0,0,0,0,0,0,0,1,0,0,0,1,0,0,0,0,0,0,1,0,0,0
5,1.0,0.75,4.0,P126301,7,38.0,0.6666666666666667,0,0,0,0,1,0,0,0,0,0,0,0,0,0,0,0,0,1,0,0,0,1,0,0,0,0,1,0,0,0
4,1.0,0.0,4.0,P126301,7,38.0,0.0,0,0,0,0,0,0,1,0,0,0,0,0,0,0,0,1,0,0,0,0,1,0,0,0,0,0,1,0,0,0
2,0.0,0.800000012,5.0,P126301,7,38.0,0.6989700043360187,0,0,0,0,0,0,1,0,0,0,0,0,0,0,0,1,0,0,0,0,0,1,0,0,0,0,1,0,0,0
4,1.0,0.800000012,5.0,P126301,7,38.0,0.6989700043360187,0,0,1,0,0,0,0,0,0,0,0,0,0,0,0,1,0,0,0,1,0,0,0,0,0,0,1,0,0,0
1,1.0,0.333332986,6.0,P126301,7,38.0,0.4056838710822129,0,0,1,0,0,0,0,0,0,0,0,0,0,0,0,1,0,0,0,1,0,0,0,0,0,0,1,0,0,0
5,1.0,1.0,4.0,P126301,7,38.0,1.0,0,0,1,0,0,0,0,0,0,0,0,0,0,0,0,1,0,0,0,1,0,0,0,0,0,0,1,0,0,0
5,1.0,0.800000012,5.0,P126301,7,38.0,0.6989700043360187,0,0,1,0,0,0,0,0,0,0,0,0,0,0,0,1,0,0,0,1,0,0,0,0,0,0,1,0,0,0
5,1.0,0.833333015,6.0,P126301,7,38.0,0.7210570543488701,0,0,1,0,0,0,0,0,0,0,0,0,0,0,0,1,0,0,0,0,0,0,1,0,0,0,1,0,0,0
5,1.0,0.857142985,7.0,P126301,7,38.0,0.7373504649628064,0,0,1,0,0,0,0,0,0,0,0,0,0,0,0,1,0,0,0,1,0,0,0,0,0,0,1,0,0,0
5,1.0,0.928570986,14.0,P126301,7,38.0,0.7919854023234905,0,0,1,0,0,0,0,0,0,0,0,0,0,0,0,1,0,0,0,0,1,0,0,0,0,0,1,0,0,0
5,1.0,0.930555999,72.0,P126301,7,38.0,0.7019331503252216,0,0,1,0,0,0,0,0,0,0,0,0,0,0,0,1,0,0,0,0,0,0,1,0,0,0,1,0,0,0
2,1.0,0.200000003,5.0,P126301,7,38.0,0.3010299956639811,0,0,1,0,0,0,0,0,0,0,0,0,0,0,0,1,0,0,0,1,0,0,0,0,0,0,1,0,0,0
4,1.0,0.625,8.0,P126301,7,38.0,0.5637914160289369,0,0,1,0,0,0,0,0,0,0,0,0,0,0,0,1,0,0,0,0,0,0,1,0,0,0,1,0,0,0
5,1.0,1.0,4.0,P126301,7,38.0,1.0,0,0,1,0,0,0,0,0,0,0,0,0,0,0,0,1,0,0,0,1,0,0,0,0,0,0,1,0,0,0
5,1.0,0.949999988,20.0,P126301,7,38.0,0.8120981752908923,0,0,1,0,0,0,0,0,0,0,0,0,0,0,0,1,0,0,0,0,0,1,0,0,0,0,1,0,0,0
3,1.0,0.5,4.0,P453816,7,14.0,0.5,0,0,0,0,0,1,0,0,0,0,0,0,0,0,0,0,0,0,1,0,0,1,0,0,0,1,0,0,0,0
5,1.0,0.75,4.0,P453816,7,14.0,0.6666666666666667,0,0,0,0,0,0,1,0,0,0,0,0,0,0,0,1,0,0,0,0,1,0,0,0,1,0,0,0,0,0
1,0.0,0.400000006,5.0,P453816,7,14.0,0.4421141086977403,0,0,0,0,1,0,0,0,0,0,0,0,0,0,0,0,0,0,1,0,0,1,0,0,0,0,1,0,0,0
5,1.0,0.888889015,9.0,P453816,7,14.0,0.7601875334318686,0,0,0,0,1,0,0,0,0,0,0,0,0,0,0,1,0,0,0,1,0,0,0,0,0,1,0,0,0,0
2,0.0,1.0,7.0,P453816,7,14.0,1.0,0,0,0,0,0,0,0,1,0,0,0,0,0,0,0,1,0,0,0,1,0,0,0,0,1,0,0,0,0,0
5,1.0,1.0,8.0,P453816,7,14.0,1.0,0,0,0,0,1,0,0,0,0,0,0,0,0,0,0,0,0,1,0,1,0,0,0,0,1,0,0,0,0,0
4,0.0,0.625,8.0,P453816,7,14.0,0.5637914160289369,0,0,0,0,0,1,0,0,0,0,0,0,0,0,0,1,0,0,0,0,0,1,0,0,0,0,1,0,0,0
2,0.0,0.844443977,45.0,P453816,7,14.0,0.6379173972785162,0,0,0,0,0,1,0,0,0,0,0,0,0,0,1,0,0,0,0,1,0,0,0,0,0,0,1,0,0,0
3,0.0,1.0,8.0,P453816,7,14.0,1.0,0,0,1,0,0,0,0,0,0,0,0,0,0,0,0,0,0,1,0,1,0,0,0,0,0,1,0,0,0,0
1,0.0,0.636363983,22.0,P453816,7,14.0,0.552069012118482,0,0,0,0,1,0,0,0,0,0,0,0,0,0,0,0,0,0,1,0,0,1,0,0,0,0,1,0,0,0
5,1.0,1.0,7.0,P453816,7,14.0,1.0,0,0,0,0,0,0,0,0,0,0,0,0,1,0,0,1,0,0,0,1,0,0,0,0,1,0,0,0,0,0
5,1.0,0.875,8.0,P453816,7,14.0,0.75,0,0,0,0,1,0,0,0,0,0,0,0,0,0,0,0,0,0,1,1,0,0,0,0,0,1,0,0,0,0
5,1.0,1.0,15.0,P453816,7,14.0,1.0,0,0,0,0,0,1,0,0,0,0,0,0,0,0,0,1,0,0,0,1,0,0,0,0,0,0,1,0,0,0
5,1.0,0.833333015,6.0,P453816,7,14.0,0.7210570543488701,0,0,0,0,0,1,0,0,0,0,0,0,0,0,0,1,0,0,0,0,0,1,0,0,0,0,1,0,0,0
5,1.0,1.0,18.0,P453816,7,14.0,1.0,0,0,0,0,0,1,0,0,0,0,0,0,0,0,0,1,0,0,0,1,0,0,0,0,0,0,1,0,0,0
3,1.0,0.25,8.0,P453816,7,14.0,0.3608488067145302,0,0,0,0,0,1,0,0,0,0,0,0,0,0,0,1,0,0,0,1,0,0,0,0,0,0,1,0,0,0
1,1.0,0.515120029,113.72000000000116,P453816,7,14.0,0.5024444644488769,0,0,0,0,0,1,0,0,0,0,0,0,0,0,0,1,0,0,0,1,0,0,0,0,0,0,1,0,0,0
5,1.0,0.923076987,13.0,P453816,7,14.0,0.7872539464466368,0,0,0,0,0,1,0,0,0,0,0,0,0,0,0,1,0,0,0,1,0,0,0,0,0,0,1,0,0,0
5,1.0,0.928570986,14.0,P453816,7,14.0,0.7919854023234905,0,0,0,0,0,1,0,0,0,0,0,0,0,0,0,1,0,0,0,0,0,1,0,0,0,0,1,0,0,0
5,1.0,1.0,13.0,P453816,7,14.0,1.0,0,0,0,0,0,1,0,0,0,0,0,0,0,0,0,1,0,0,0,1,0,0,0,0,0,0,1,0,0,0
5,1.0,0.777778029,9.0,P453816,7,14.0,0.6543128759565946,0,0,0,0,0,1,0,0,0,0,0,0,0,0,0,1,0,0,0,0,0,1,0,0,0,0,1,0,0,0
1,1.0,0.666666985,24.0,P453816,7,14.0,0.5632140557798547,0,0,0,0,0,1,0,0,0,0,0,0,0,0,0,1,0,0,0,1,0,0,0,0,0,0,1,0,0,0
5,1.0,1.0,11.0,P453816,7,14.0,1.0,0,0,0,0,0,1,0,0,0,0,0,0,0,0,0,1,0,0,0,1,0,0,0,0,0,0,1,0,0,0
3,1.0,0.5,4.0,P453816,7,14.0,0.5,0,0,0,0,0,0,0,0,0,0,0,0,1,0,0,1,0,0,0,0,0,0,1,0,0,0,1,0,0,0
3,1.0,0.923076987,13.0,P453816,7,14.0,0.7872539464466368,0,0,0,0,1,0,0,0,0,0,0,0,0,0,0,1,0,0,0,1,0,0,0,0,0,0,1,0,0,0
5,1.0,0.666666985,6.0,P456412,46,28.0,0.5943161289177871,0,0,0,0,1,0,0,0,0,0,0,0,0,0,0,0,0,0,1,1,0,0,0,0,0,0,1,0,0,0
2,0.0,0.741935015,31.0,P456412,46,28.0,0.5912352048230277,0,0,0,0,1,0,0,0,0,0,0,0,0,0,0,1,0,0,0,1,0,0,0,0,0,0,1,0,0,0
5,1.0,1.0,4.0,P456412,46,28.0,1.0,0,0,0,0,0,1,0,0,0,0,0,0,0,0,0,0,0,0,1,1,0,0,0,0,0,0,1,0,0,0
4,1.0,0.800000012,5.0,P456412,46,28.0,0.6989700043360187,0,0,0,0,1,0,0,0,0,0,0,0,0,0,0,1,0,0,0,0,0,1,0,0,0,0,1,0,0,0
5,1.0,0.75,4.0,P456412,46,28.0,0.6666666666666667,0,0,0,0,1,0,0,0,0,0,0,0,0,0,0,1,0,0,0,0,1,0,0,0,0,0,1,0,0,0
5,1.0,1.0,5.0,P456412,46,28.0,1.0,0,0,0,0,0,0,1,0,0,0,0,0,0,0,0,0,0,1,0,0,1,0,0,0,0,0,1,0,0,0
5,1.0,1.0,4.0,P456412,46,28.0,1.0,0,0,0,0,0,1,0,0,0,0,0,0,0,0,0,1,0,0,0,0,1,0,0,0,1,0,0,0,0,0
2,0.0,0.909090996,11.0,P456412,46,28.0,0.7757561757824245,0,0,1,0,0,0,0,0,0,0,0,0,0,0,0,1,0,0,0,1,0,0,0,0,1,0,0,0,0,0
5,1.0,1.0,11.0,P456412,46,28.0,1.0,0,0,0,0,0,1,0,0,0,0,0,0,0,0,0,1,0,0,0,1,0,0,0,0,0,0,1,0,0,0
5,1.0,0.600000024,5.0,P456412,46,28.0,0.5578858913022596,0,0,1,0,0,0,0,0,0,0,0,0,0,0,0,0,0,0,1,0,1,0,0,0,0,0,0,0,0,1
1,0.0,0.733332992,15.0,P456412,46,28.0,0.6069119518459337,0,0,0,0,1,0,0,0,0,0,0,0,0,0,0,0,0,1,0,1,0,0,0,0,0,0,0,1,0,0
1,1.0,0.75,4.0,P456412,46,28.0,0.6666666666666667,0,0,0,0,1,0,0,0,0,0,0,0,0,0,0,1,0,0,0,1,0,0,0,0,0,0,0,1,0,0
5,1.0,0.75,4.0,P456412,46,28.0,0.6666666666666667,0,0,0,0,1,0,0,0,0,0,0,0,0,0,0,1,0,0,0,0,1,0,0,0,0,0,0,1,0,0
5,1.0,0.800000012,5.0,P418218,98,70.0,0.6989700043360187,0,0,0,0,0,1,0,0,0,0,0,0,0,0,0,1,0,0,0,0,1,0,0,0,0,0,1,0,0,0
2,0.0,0.692308009,13.0,P418218,98,70.0,0.588591910067779,0,0,0,0,0,0,0,0,0,0,0,0,1,0,0,1,0,0,0,1,0,0,0,0,1,0,0,0,0,0
1,0.0,0.777778029,36.0,P418218,98,70.0,0.6051367563600346,0,0,1,0,0,0,0,0,0,0,0,0,0,0,0,1,0,0,0,0,0,0,1,0,0,0,1,0,0,0
2,0.0,0.25,36.0,P418218,98,70.0,0.4086372793225452,0,0,0,0,1,0,0,0,0,0,0,0,0,0,0,1,0,0,0,0,1,0,0,0,1,0,0,0,0,0
1,0.0,0.176470995,17.0,P418218,98,70.0,0.3385876151975628,0,0,0,1,0,0,0,0,0,0,0,0,0,0,0,0,0,1,0,0,1,0,0,0,0,1,0,0,0,0
2,0.0,0.833333015,12.0,P418218,98,70.0,0.6857972507265685,0,0,0,0,1,0,0,0,0,0,0,0,0,0,1,0,0,0,0,0,0,0,1,0,0,0,1,0,0,0
5,1.0,0.666666985,6.0,P418218,98,70.0,0.5943161289177871,0,0,0,0,1,0,0,0,0,0,0,0,0,0,0,1,0,0,0,0,0,0,1,0,1,0,0,0,0,0
1,0.0,0.263157994,19.0,P418218,98,70.0,0.3981856123920343,0,0,1,0,0,0,0,0,0,0,0,0,0,0,0,1,0,0,0,0,0,0,1,0,0,0,1,0,0,0
3,1.0,0.333332986,9.0,P418218,98,70.0,0.4160291953530189,0,0,0,0,0,1,0,0,0,0,0,0,0,0,0,1,0,0,0,1,0,0,0,0,0,0,1,0,0,0
5,1.0,1.0,7.0,P418218,98,70.0,1.0,0,0,1,0,0,0,0,0,0,0,0,0,0,0,0,1,0,0,0,1,0,0,0,0,0,0,1,0,0,0
3,1.0,1.0,4.0,P418218,98,70.0,1.0,0,0,0,0,1,0,0,0,0,0,0,0,0,0,0,0,0,1,0,1,0,0,0,0,0,0,1,0,0,0
4,1.0,0.944444001,18.0,P418218,98,70.0,0.8065735963827292,0,0,1,0,0,0,0,0,0,0,0,0,0,0,0,0,0,1,0,0,1,0,0,0,0,0,1,0,0,0
5,1.0,1.0,7.0,P418218,98,70.0,1.0,0,0,0,1,0,0,0,0,0,0,0,0,0,0,0,1,0,0,0,1,0,0,0,1,0,0,0,0,0,0
5,1.0,0.777778029,9.0,P418218,98,70.0,0.6543128759565946,0,0,0,0,0,1,0,0,0,0,0,0,0,0,0,1,0,0,0,1,0,0,0,0,1,0,0,0,0,0
5,1.0,0.571429014,7.0,P418218,98,70.0,0.5372435736804816,0,0,0,0,0,0,0,0,0,0,0,0,1,0,0,1,0,0,0,0,0,0,1,0,1,0,0,0,0,0
5,1.0,0.857142985,7.0,P418218,98,70.0,0.7373504649628064,0,0,0,0,0,1,0,0,0,0,0,0,0,0,0,1,0,0,0,1,0,0,0,0,0,0,1,0,0,0
4,1.0,0.800000012,5.0,P418218,98,70.0,0.6989700043360187,0,0,0,0,1,0,0,0,0,0,0,0,0,0,0,0,0,0,1,1,0,0,0,0,0,0,1,0,0,0
5,1.0,0.800000012,5.0,P418218,98,70.0,0.6989700043360187,0,0,0,0,0,0,0,0,0,0,0,0,1,0,0,1,0,0,0,1,0,0,0,0,1,0,0,0,0,0
5,1.0,0.857142985,7.0,P418218,98,70.0,0.7373504649628064,0,0,0,0,0,0,0,1,0,0,0,0,0,0,0,1,0,0,0,1,0,0,0,0,1,0,0,0,0,0
5,1.0,1.0,8.0,P418218,98,70.0,1.0,0,0,0,0,0,0,0,1,0,0,0,0,0,0,0,1,0,0,0,1,0,0,0,0,0,1,0,0,0,0
1,0.0,0.800000012,5.0,P418218,98,70.0,0.6989700043360187,0,0,0,0,1,0,0,0,0,0,0,0,0,0,0,0,0,1,0,1,0,0,0,0,0,0,1,0,0,0
5,1.0,1.0,9.0,P418218,98,70.0,1.0,0,0,0,0,1,0,0,0,0,0,0,0,0,0,1,0,0,0,0,0,0,0,1,0,0,0,1,0,0,0
5,1.0,1.0,4.0,P418218,98,70.0,1.0,0,0,0,0,1,0,0,0,0,0,0,0,0,0,0,1,0,0,0,1,0,0,0,0,0,0,1,0,0,0
5,1.0,1.0,5.0,P418218,98,70.0,1.0,0,0,0,0,0,1,0,0,0,0,0,0,0,0,0,1,0,0,0,1,0,0,0,0,1,0,0,0,0,0
5,1.0,0.875,16.0,P418218,98,70.0,0.7113975059201018,0,0,0,0,0,0,0,0,0,0,0,0,1,0,0,1,0,0,0,0,0,0,1,0,1,0,0,0,0,0
5,1.0,0.833333015,6.0,P418218,98,70.0,0.7210570543488701,0,0,1,0,0,0,0,0,0,0,0,0,0,0,1,0,0,0,0,1,0,0,0,0,0,0,1,0,0,0
5,1.0,1.0,6.0,P418218,98,70.0,1.0,0,0,0,0,1,0,0,0,0,0,0,0,0,0,0,0,0,1,0,1,0,0,0,0,0,0,1,0,0,0
1,0.0,0.875,16.0,P418218,98,70.0,0.7113975059201018,0,0,0,0,1,0,0,0,0,0,0,0,0,0,0,0,0,1,0,0,0,0,1,0,0,0,1,0,0,0
3,0.0,0.909090996,11.0,P418218,98,70.0,0.7757561757824245,0,0,0,1,0,0,0,0,0,0,0,0,0,1,0,0,0,0,0,0,1,0,0,0,0,1,0,0,0,0
1,0.0,0.75,8.0,P418218,98,70.0,0.6391511932854698,0,0,0,0,0,1,0,0,0,0,0,0,0,0,0,1,0,0,0,1,0,0,0,0,0,0,1,0,0,0
1,0.0,0.833333015,6.0,P418218,98,70.0,0.7210570543488701,0,0,0,1,0,0,0,0,0,0,0,0,0,0,0,0,0,1,0,1,0,0,0,0,0,1,0,0,0,0
2,0.0,0.428570986,7.0,P418218,98,70.0,0.4627564263195183,0,0,1,0,0,0,0,0,0,0,0,0,0,0,1,0,0,0,0,0,0,0,1,0,0,1,0,0,0,0
5,1.0,0.9375,16.0,P418218,98,70.0,0.7999999999999999,0,0,0,0,0,0,0,1,0,0,0,0,0,0,0,1,0,0,0,1,0,0,0,0,0,0,1,0,0,0
5,1.0,1.0,7.0,P418218,98,70.0,1.0,0,0,0,0,0,0,0,1,0,0,0,0,0,0,0,1,0,0,0,1,0,0,0,0,1,0,0,0,0,0
1,0.0,0.928570986,14.0,P418218,98,70.0,0.7919854023234905,0,0,1,0,0,0,0,0,0,0,0,0,0,0,0,0,0,0,1,1,0,0,0,0,0,1,0,0,0,0
5,1.0,1.0,7.0,P418218,98,70.0,1.0,0,0,0,0,0,0,1,0,0,0,0,0,0,0,0,1,0,0,0,1,0,0,0,0,1,0,0,0,0,0
5,1.0,1.0,9.0,P418218,98,70.0,1.0,0,0,0,0,1,0,0,0,0,0,0,0,0,0,0,1,0,0,0,1,0,0,0,0,0,0,1,0,0,0
5,1.0,1.0,4.0,P418218,98,70.0,1.0,0,0,0,0,0,1,0,0,0,0,0,0,0,0,0,1,0,0,0,0,0,0,1,0,0,1,0,0,0,0
1,0.0,0.75,16.0,P418218,98,70.0,0.6144493051612967,0,0,0,0,0,1,0,0,0,0,0,0,0,0,0,1,0,0,0,1,0,0,0,0,0,0,1,0,0,0
4,0.0,1.0,4.0,P418218,98,70.0,1.0,0,0,0,0,0,1,0,0,0,0,0,0,0,0,0,1,0,0,0,0,0,0,1,0,0,0,1,0,0,0
3,0.0,1.0,4.0,P418218,98,70.0,1.0,0,0,0,0,1,0,0,0,0,0,0,0,0,0,0,1,0,0,0,0,1,0,0,0,0,0,1,0,0,0
3,1.0,1.0,5.0,P418218,98,70.0,1.0,0,0,0,0,1,0,0,0,0,0,0,0,0,0,1,0,0,0,0,0,0,0,1,0,0,0,1,0,0,0
4,1.0,0.833333015,6.0,P418218,98,70.0,0.7210570543488701,0,0,0,0,0,1,0,0,0,0,0,0,0,0,1,0,0,0,0,1,0,0,0,0,0,0,1,0,0,0
3,0.0,0.833333015,6.0,P418218,98,70.0,0.7210570543488701,0,0,0,1,0,0,0,0,0,0,0,0,0,0,0,0,0,0,1,0,1,0,0,0,0,0,0,0,0,1
2,0.0,0.888889015,9.0,P418218,98,70.0,0.7601875334318686,0,0,0,0,0,1,0,0,0,0,0,0,0,0,0,1,0,0,0,0,0,0,1,0,0,0,1,0,0,0
1,0.0,0.833333015,6.0,P418218,98,70.0,0.7210570543488701,0,0,0,1,0,0,0,0,0,0,0,0,0,0,0,0,0,1,0,1,0,0,0,0,0,1,0,0,0,0
5,1.0,0.899999976,40.0,P418218,98,70.0,0.6916995763579098,0,0,1,0,0,0,0,0,0,0,0,0,0,0,1,0,0,0,0,0,0,0,1,0,0,0,1,0,0,0
3,1.0,0.875,8.0,P418218,98,70.0,0.75,0,0,0,0,0,0,1,0,0,0,0,0,0,0,0,1,0,0,0,1,0,0,0,0,0,0,1,0,0,0
3,1.0,0.25,4.0,P418218,98,70.0,0.3333333333333333,0,0,0,0,1,0,0,0,0,0,0,0,0,0,0,1,0,0,0,1,0,0,0,0,0,0,1,0,0,0
5,1.0,0.903226018,31.0,P418218,98,70.0,0.7083689789427893,0,0,0,0,1,0,0,0,0,0,0,0,0,0,0,1,0,0,0,0,1,0,0,0,0,0,1,0,0,0
5,1.0,0.899999976,20.0,P418218,98,70.0,0.7282714920267325,0,0,0,0,1,0,0,0,0,0,0,0,0,0,0,1,0,0,0,0,0,1,0,0,0,0,1,0,0,0
5,1.0,0.800000012,5.0,P454794,98,22.0,0.6989700043360187,0,0,0,0,0,1,0,0,0,0,0,0,0,0,0,1,0,0,0,0,1,0,0,0,0,0,1,0,0,0
2,0.0,0.692308009,13.0,P454794,98,22.0,0.588591910067779,0,0,0,0,0,0,0,0,0,0,0,0,1,0,0,1,0,0,0,1,0,0,0,0,1,0,0,0,0,0
1,0.0,0.777778029,36.0,P454794,98,22.0,0.6051367563600346,0,0,1,0,0,0,0,0,0,0,0,0,0,0,0,1,0,0,0,0,0,0,1,0,0,0,1,0,0,0
2,0.0,0.25,36.0,P454794,98,22.0,0.4086372793225452,0,0,0,0,1,0,0,0,0,0,0,0,0,0,0,1,0,0,0,0,1,0,0,0,1,0,0,0,0,0
1,0.0,0.176470995,17.0,P454794,98,22.0,0.3385876151975628,0,0,0,1,0,0,0,0,0,0,0,0,0,0,0,0,0,1,0,0,1,0,0,0,0,1,0,0,0,0
2,0.0,0.833333015,12.0,P454794,98,22.0,0.6857972507265685,0,0,0,0,1,0,0,0,0,0,0,0,0,0,1,0,0,0,0,0,0,0,1,0,0,0,1,0,0,0
5,1.0,0.666666985,6.0,P454794,98,22.0,0.5943161289177871,0,0,0,0,1,0,0,0,0,0,0,0,0,0,0,1,0,0,0,0,0,0,1,0,1,0,0,0,0,0
1,0.0,0.263157994,19.0,P454794,98,22.0,0.3981856123920343,0,0,1,0,0,0,0,0,0,0,0,0,0,0,0,1,0,0,0,0,0,0,1,0,0,0,1,0,0,0
3,1.0,0.333332986,9.0,P454794,98,22.0,0.4160291953530189,0,0,0,0,0,1,0,0,0,0,0,0,0,0,0,1,0,0,0,1,0,0,0,0,0,0,1,0,0,0
5,1.0,1.0,7.0,P454794,98,22.0,1.0,0,0,1,0,0,0,0,0,0,0,0,0,0,0,0,1,0,0,0,1,0,0,0,0,0,0,1,0,0,0
3,1.0,1.0,4.0,P454794,98,22.0,1.0,0,0,0,0,1,0,0,0,0,0,0,0,0,0,0,0,0,1,0,1,0,0,0,0,0,0,1,0,0,0
4,1.0,0.944444001,18.0,P454794,98,22.0,0.8065735963827292,0,0,1,0,0,0,0,0,0,0,0,0,0,0,0,0,0,1,0,0,1,0,0,0,0,0,1,0,0,0
5,1.0,1.0,7.0,P454794,98,22.0,1.0,0,0,0,1,0,0,0,0,0,0,0,0,0,0,0,1,0,0,0,1,0,0,0,1,0,0,0,0,0,0
5,1.0,0.777778029,9.0,P454794,98,22.0,0.6543128759565946,0,0,0,0,0,1,0,0,0,0,0,0,0,0,0,1,0,0,0,1,0,0,0,0,1,0,0,0,0,0
5,1.0,0.571429014,7.0,P454794,98,22.0,0.5372435736804816,0,0,0,0,0,0,0,0,0,0,0,0,1,0,0,1,0,0,0,0,0,0,1,0,1,0,0,0,0,0
5,1.0,0.857142985,7.0,P454794,98,22.0,0.7373504649628064,0,0,0,0,0,1,0,0,0,0,0,0,0,0,0,1,0,0,0,1,0,0,0,0,0,0,1,0,0,0
4,1.0,0.800000012,5.0,P454794,98,22.0,0.6989700043360187,0,0,0,0,1,0,0,0,0,0,0,0,0,0,0,0,0,0,1,1,0,0,0,0,0,0,1,0,0,0
5,1.0,0.800000012,5.0,P454794,98,22.0,0.6989700043360187,0,0,0,0,0,0,0,0,0,0,0,0,1,0,0,1,0,0,0,1,0,0,0,0,1,0,0,0,0,0
5,1.0,0.857142985,7.0,P454794,98,22.0,0.7373504649628064,0,0,0,0,0,0,0,1,0,0,0,0,0,0,0,1,0,0,0,1,0,0,0,0,1,0,0,0,0,0
5,1.0,1.0,8.0,P454794,98,22.0,1.0,0,0,0,0,0,0,0,1,0,0,0,0,0,0,0,1,0,0,0,1,0,0,0,0,0,1,0,0,0,0
1,0.0,0.800000012,5.0,P454794,98,22.0,0.6989700043360187,0,0,0,0,1,0,0,0,0,0,0,0,0,0,0,0,0,1,0,1,0,0,0,0,0,0,1,0,0,0
5,1.0,1.0,9.0,P454794,98,22.0,1.0,0,0,0,0,1,0,0,0,0,0,0,0,0,0,1,0,0,0,0,0,0,0,1,0,0,0,1,0,0,0
5,1.0,1.0,4.0,P454794,98,22.0,1.0,0,0,0,0,1,0,0,0,0,0,0,0,0,0,0,1,0,0,0,1,0,0,0,0,0,0,1,0,0,0
5,1.0,1.0,5.0,P454794,98,22.0,1.0,0,0,0,0,0,1,0,0,0,0,0,0,0,0,0,1,0,0,0,1,0,0,0,0,1,0,0,0,0,0
5,1.0,0.875,16.0,P454794,98,22.0,0.7113975059201018,0,0,0,0,0,0,0,0,0,0,0,0,1,0,0,1,0,0,0,0,0,0,1,0,1,0,0,0,0,0
5,1.0,0.833333015,6.0,P454794,98,22.0,0.7210570543488701,0,0,1,0,0,0,0,0,0,0,0,0,0,0,1,0,0,0,0,1,0,0,0,0,0,0,1,0,0,0
5,1.0,1.0,6.0,P454794,98,22.0,1.0,0,0,0,0,1,0,0,0,0,0,0,0,0,0,0,0,0,1,0,1,0,0,0,0,0,0,1,0,0,0
1,0.0,0.875,16.0,P454794,98,22.0,0.7113975059201018,0,0,0,0,1,0,0,0,0,0,0,0,0,0,0,0,0,1,0,0,0,0,1,0,0,0,1,0,0,0
3,0.0,0.909090996,11.0,P454794,98,22.0,0.7757561757824245,0,0,0,1,0,0,0,0,0,0,0,0,0,1,0,0,0,0,0,0,1,0,0,0,0,1,0,0,0,0
1,0.0,0.75,8.0,P454794,98,22.0,0.6391511932854698,0,0,0,0,0,1,0,0,0,0,0,0,0,0,0,1,0,0,0,1,0,0,0,0,0,0,1,0,0,0
1,0.0,0.833333015,6.0,P454794,98,22.0,0.7210570543488701,0,0,0,1,0,0,0,0,0,0,0,0,0,0,0,0,0,1,0,1,0,0,0,0,0,1,0,0,0,0
2,0.0,0.428570986,7.0,P454794,98,22.0,0.4627564263195183,0,0,1,0,0,0,0,0,0,0,0,0,0,0,1,0,0,0,0,0,0,0,1,0,0,1,0,0,0,0
5,1.0,0.9375,16.0,P454794,98,22.0,0.7999999999999999,0,0,0,0,0,0,0,1,0,0,0,0,0,0,0,1,0,0,0,1,0,0,0,0,0,0,1,0,0,0
5,1.0,1.0,7.0,P454794,98,22.0,1.0,0,0,0,0,0,0,0,1,0,0,0,0,0,0,0,1,0,0,0,1,0,0,0,0,1,0,0,0,0,0
1,0.0,0.928570986,14.0,P454794,98,22.0,0.7919854023234905,0,0,1,0,0,0,0,0,0,0,0,0,0,0,0,0,0,0,1,1,0,0,0,0,0,1,0,0,0,0
5,1.0,1.0,7.0,P454794,98,22.0,1.0,0,0,0,0,0,0,1,0,0,0,0,0,0,0,0,1,0,0,0,1,0,0,0,0,1,0,0,0,0,0
5,1.0,1.0,9.0,P454794,98,22.0,1.0,0,0,0,0,1,0,0,0,0,0,0,0,0,0,0,1,0,0,0,1,0,0,0,0,0,0,1,0,0,0
5,1.0,1.0,4.0,P454794,98,22.0,1.0,0,0,0,0,0,1,0,0,0,0,0,0,0,0,0,1,0,0,0,0,0,0,1,0,0,1,0,0,0,0
1,0.0,0.75,16.0,P454794,98,22.0,0.6144493051612967,0,0,0,0,0,1,0,0,0,0,0,0,0,0,0,1,0,0,0,1,0,0,0,0,0,0,1,0,0,0
4,0.0,1.0,4.0,P454794,98,22.0,1.0,0,0,0,0,0,1,0,0,0,0,0,0,0,0,0,1,0,0,0,0,0,0,1,0,0,0,1,0,0,0
3,0.0,1.0,4.0,P454794,98,22.0,1.0,0,0,0,0,1,0,0,0,0,0,0,0,0,0,0,1,0,0,0,0,1,0,0,0,0,0,1,0,0,0
3,1.0,1.0,5.0,P454794,98,22.0,1.0,0,0,0,0,1,0,0,0,0,0,0,0,0,0,1,0,0,0,0,0,0,0,1,0,0,0,1,0,0,0
4,1.0,0.833333015,6.0,P454794,98,22.0,0.7210570543488701,0,0,0,0,0,1,0,0,0,0,0,0,0,0,1,0,0,0,0,1,0,0,0,0,0,0,1,0,0,0
3,0.0,0.833333015,6.0,P454794,98,22.0,0.7210570543488701,0,0,0,1,0,0,0,0,0,0,0,0,0,0,0,0,0,0,1,0,1,0,0,0,0,0,0,0,0,1
2,0.0,0.888889015,9.0,P454794,98,22.0,0.7601875334318686,0,0,0,0,0,1,0,0,0,0,0,0,0,0,0,1,0,0,0,0,0,0,1,0,0,0,1,0,0,0
1,0.0,0.833333015,6.0,P454794,98,22.0,0.7210570543488701,0,0,0,1,0,0,0,0,0,0,0,0,0,0,0,0,0,1,0,1,0,0,0,0,0,1,0,0,0,0
5,1.0,0.899999976,40.0,P454794,98,22.0,0.6916995763579098,0,0,1,0,0,0,0,0,0,0,0,0,0,0,1,0,0,0,0,0,0,0,1,0,0,0,1,0,0,0
3,1.0,0.875,8.0,P454794,98,22.0,0.75,0,0,0,0,0,0,1,0,0,0,0,0,0,0,0,1,0,0,0,1,0,0,0,0,0,0,1,0,0,0
3,1.0,0.25,4.0,P454794,98,22.0,0.3333333333333333,0,0,0,0,1,0,0,0,0,0,0,0,0,0,0,1,0,0,0,1,0,0,0,0,0,0,1,0,0,0
5,1.0,0.903226018,31.0,P454794,98,22.0,0.7083689789427893,0,0,0,0,1,0,0,0,0,0,0,0,0,0,0,1,0,0,0,0,1,0,0,0,0,0,1,0,0,0
5,1.0,0.899999976,20.0,P454794,98,22.0,0.7282714920267325,0,0,0,0,1,0,0,0,0,0,0,0,0,0,0,1,0,0,0,0,0,1,0,0,0,0,1,0,0,0
4,1.0,0.818181992,11.0,P122900,7,32.5,0.6769924925288455,0,0,0,0,1,0,0,0,0,0,0,0,0,0,0,1,0,0,0,1,0,0,0,0,1,0,0,0,0,0
1,1.0,0.714286029,7.0,P122900,7,32.5,0.6199062332840658,0,0,0,0,1,0,0,0,0,0,0,0,0,0,0,1,0,0,0,1,0,0,0,0,1,0,0,0,0,0
5,1.0,1.0,6.0,P122900,7,32.5,1.0,0,0,0,0,1,0,0,0,0,0,0,0,0,0,0,1,0,0,0,0,0,0,1,0,1,0,0,0,0,0
5,1.0,0.5,4.0,P122900,7,32.5,0.5,0,0,0,0,1,0,0,0,0,0,0,0,0,0,0,1,0,0,0,1,0,0,0,0,1,0,0,0,0,0
5,1.0,1.0,9.0,P122900,7,32.5,1.0,0,0,1,0,0,0,0,0,0,0,0,0,0,0,0,1,0,0,0,0,0,1,0,0,1,0,0,0,0,0
5,1.0,0.800000012,5.0,P122900,7,32.5,0.6989700043360187,0,0,1,0,0,0,0,0,0,0,0,0,0,0,0,1,0,0,0,0,0,0,1,0,1,0,0,0,0,0
1,1.0,0.0,4.0,P122900,7,32.5,0.0,0,0,0,0,1,0,0,0,0,0,0,0,0,0,0,1,0,0,0,1,0,0,0,0,1,0,0,0,0,0
5,1.0,1.0,7.0,P122900,7,32.5,1.0,0,0,0,0,1,0,0,0,0,0,0,0,0,0,0,1,0,0,0,1,0,0,0,0,1,0,0,0,0,0
5,1.0,0.625,8.0,P409800,78,3.0,0.5637914160289369,0,0,0,0,1,0,0,0,0,0,0,0,0,0,1,0,0,0,0,1,0,0,0,0,0,0,1,0,0,0
5,1.0,1.0,5.0,P409800,78,3.0,1.0,0,0,1,0,0,0,0,0,0,0,0,0,0,0,1,0,0,0,0,1,0,0,0,0,0,1,0,0,0,0
5,1.0,1.0,4.0,P409800,78,3.0,1.0,0,0,0,0,1,0,0,0,0,0,0,0,0,0,1,0,0,0,0,1,0,0,0,0,0,1,0,0,0,0
4,1.0,0.833333015,6.0,P409800,78,3.0,0.7210570543488701,0,0,0,0,0,0,1,0,0,0,0,0,0,0,0,1,0,0,0,0,0,0,1,0,0,0,1,0,0,0
4,1.0,1.0,4.0,P409800,78,3.0,1.0,0,0,0,0,0,1,0,0,0,0,0,0,0,0,0,1,0,0,0,1,0,0,0,0,0,1,0,0,0,0
5,0.0,1.0,30.0,P409800,78,3.0,1.0,0,0,0,0,0,1,0,0,0,0,0,0,0,0,0,0,0,0,1,1,0,0,0,0,1,0,0,0,0,0
5,1.0,0.888889015,9.0,P409800,78,3.0,0.7601875334318686,0,0,0,0,1,0,0,0,0,0,0,0,0,0,0,1,0,0,0,1,0,0,0,0,0,0,1,0,0,0
1,1.0,0.866666973,15.0,P409800,78,3.0,0.7060702520912807,0,0,0,0,1,0,0,0,0,0,0,0,0,0,0,1,0,0,0,1,0,0,0,0,0,0,1,0,0,0
5,1.0,0.25,4.0,P427419,101,15.7,0.3333333333333333,0,0,0,0,1,0,0,0,0,0,0,0,0,0,0,1,0,0,0,1,0,0,0,0,1,0,0,0,0,0
1,0.0,0.333332986,24.0,P427419,101,15.7,0.4367859442201452,0,0,1,0,0,0,0,0,0,0,0,0,0,0,0,1,0,0,0,1,0,0,0,0,0,0,1,0,0,0
5,1.0,1.0,25.0,P427419,101,15.7,1.0,0,0,0,0,0,0,0,0,0,0,0,0,1,0,0,1,0,0,0,1,0,0,0,0,0,0,1,0,0,0
5,1.0,0.75,8.0,P427419,101,15.7,0.6391511932854698,0,0,0,0,0,0,0,1,0,0,0,0,0,0,0,1,0,0,0,1,0,0,0,0,1,0,0,0,0,0
5,1.0,0.5,6.0,P427419,101,15.7,0.5,0,0,0,0,0,0,1,0,0,0,0,0,0,0,0,0,0,0,1,1,0,0,0,0,0,1,0,0,0,0
4,1.0,0.800000012,5.0,P427419,101,15.7,0.6989700043360187,0,0,0,0,1,0,0,0,0,0,0,0,0,0,1,0,0,0,0,0,0,0,1,1,0,0,0,0,0,0
1,0.0,0.800000012,5.0,P427419,101,15.7,0.6989700043360187,0,0,0,0,0,0,0,0,0,0,0,0,1,0,0,1,0,0,0,1,0,0,0,0,1,0,0,0,0,0
2,0.0,0.5,4.0,P427419,101,15.7,0.5,0,0,0,0,1,0,0,0,0,0,0,0,0,0,0,0,0,1,0,0,1,0,0,0,0,0,1,0,0,0
1,0.0,1.0,9.0,P427419,101,15.7,1.0,0,0,0,0,0,0,1,0,0,0,0,0,0,0,0,1,0,0,0,1,0,0,0,0,1,0,0,0,0,0
5,1.0,0.777778029,9.0,P427419,101,15.7,0.6543128759565946,0,0,0,0,1,0,0,0,0,0,0,0,0,0,0,1,0,0,0,1,0,0,0,0,0,0,1,0,0,0
5,1.0,1.0,6.0,P427419,101,15.7,1.0,0,0,0,0,0,0,1,0,0,0,0,0,0,0,0,1,0,0,0,0,1,0,0,0,0,0,1,0,0,0
4,1.0,1.0,23.0,P427419,101,15.7,1.0,0,0,0,0,1,0,0,0,0,0,0,0,0,0,0,0,0,1,0,1,0,0,0,0,0,1,0,0,0,0
4,1.0,1.0,4.0,P427419,101,15.7,1.0,0,0,0,0,0,0,0,0,0,0,0,0,1,0,0,1,0,0,0,1,0,0,0,0,0,0,0,0,1,0
5,1.0,1.0,8.0,P427419,101,15.7,1.0,0,0,0,0,0,1,0,0,0,0,0,0,0,0,0,1,0,0,0,0,1,0,0,0,0,0,1,0,0,0
5,1.0,0.222222,9.0,P427419,101,15.7,0.3456871240434053,0,0,0,0,1,0,0,0,0,0,0,0,0,0,0,1,0,0,0,1,0,0,0,0,0,0,1,0,0,0
5,1.0,0.75,4.0,P427419,101,15.7,0.6666666666666667,0,0,0,0,0,1,0,0,0,0,0,0,0,0,0,1,0,0,0,1,0,0,0,0,0,0,1,0,0,0
5,1.0,0.25,8.0,P427419,101,15.7,0.3608488067145302,0,0,0,0,0,0,0,0,0,0,0,0,1,0,0,1,0,0,0,1,0,0,0,0,0,0,1,0,0,0
5,1.0,0.125,8.0,P427419,101,15.7,0.2499999999999999,0,0,0,1,0,0,0,0,0,0,0,0,0,0,0,0,0,0,1,0,1,0,0,0,0,1,0,0,0,0
5,1.0,1.0,6.0,P427419,101,15.7,1.0,0,0,0,0,0,1,0,0,0,0,0,0,0,0,1,0,0,0,0,1,0,0,0,0,0,1,0,0,0,0
4,1.0,1.0,5.0,P427419,101,15.7,1.0,0,0,1,0,0,0,0,0,0,0,0,0,0,0,0,1,0,0,0,0,1,0,0,0,0,0,1,0,0,0
5,1.0,0.883720994,43.0,P427419,101,15.7,0.671557469974786,0,0,0,1,0,0,0,0,0,0,0,0,0,0,0,0,0,0,1,1,0,0,0,0,0,0,1,0,0,0
5,1.0,0.75,4.0,P427419,101,15.7,0.6666666666666667,0,0,1,0,0,0,0,0,0,0,0,0,0,0,1,0,0,0,0,1,0,0,0,0,0,0,1,0,0,0
5,1.0,0.833333015,12.0,P427419,101,15.7,0.6857972507265685,0,0,0,0,0,1,0,0,0,0,0,0,0,0,0,0,0,1,0,1,0,0,0,0,0,0,1,0,0,0
5,1.0,1.0,5.0,P427419,101,15.7,1.0,0,0,0,0,1,0,0,0,0,0,0,0,0,0,0,0,0,1,0,1,0,0,0,0,0,0,1,0,0,0
5,1.0,1.0,8.0,P427419,101,15.7,1.0,0,0,0,0,1,0,0,0,0,0,0,0,0,0,0,1,0,0,0,1,0,0,0,0,0,0,1,0,0,0
4,1.0,1.0,5.0,P427419,101,15.7,1.0,0,0,0,0,0,0,0,1,0,0,0,0,0,0,0,1,0,0,0,0,0,1,0,0,0,0,1,0,0,0
5,1.0,1.0,4.0,P427419,101,15.7,1.0,0,0,1,0,0,0,0,0,0,0,0,0,0,0,1,0,0,0,0,0,1,0,0,0,0,1,0,0,0,0
4,1.0,0.833333015,6.0,P427419,101,15.7,0.7210570543488701,0,0,1,0,0,0,0,0,0,0,0,0,0,0,1,0,0,0,0,1,0,0,0,0,0,1,0,0,0,0
5,1.0,0.818181992,22.0,P427419,101,15.7,0.646578519633974,0,0,0,0,1,0,0,0,0,0,0,0,0,0,1,0,0,0,0,1,0,0,0,0,0,1,0,0,0,0
4,1.0,0.75,4.0,P427419,101,15.7,0.6666666666666667,0,0,0,0,0,1,0,0,0,0,0,0,0,0,0,1,0,0,0,1,0,0,0,0,0,0,1,0,0,0
5,1.0,0.709676981,31.0,P427419,101,15.7,0.5765811857109555,0,0,0,0,1,0,0,0,0,0,0,0,0,0,0,1,0,0,0,1,0,0,0,0,0,0,1,0,0,0
5,1.0,0.75,4.0,P427419,101,15.7,0.6666666666666667,0,0,1,0,0,0,0,0,0,0,0,0,0,0,1,0,0,0,0,0,1,0,0,0,0,1,0,0,0,0
5,1.0,1.0,5.0,P427419,101,15.7,1.0,0,0,0,1,0,0,0,0,0,0,0,0,0,0,1,0,0,0,0,0,0,1,0,0,0,1,0,0,0,0
5,1.0,1.0,10.0,P427419,101,15.7,1.0,0,0,1,0,0,0,0,0,0,0,0,0,0,0,0,1,0,0,0,1,0,0,0,0,0,0,1,0,0,0
5,1.0,0.5,4.0,P427419,101,15.7,0.5,0,0,0,0,0,1,0,0,0,0,0,0,0,0,0,1,0,0,0,1,0,0,0,0,0,0,1,0,0,0
5,1.0,1.0,10.0,P427419,101,15.7,1.0,0,0,0,0,1,0,0,0,0,0,0,0,0,0,0,1,0,0,0,0,1,0,0,0,0,0,1,0,0,0
2,0.0,0.839999974,25.0,P427419,101,15.7,0.657601396626028,0,0,0,0,1,0,0,0,0,0,0,0,0,0,0,0,0,1,0,0,1,0,0,1,0,0,0,0,0,0
5,1.0,0.966666996,30.0,P427419,101,15.7,0.8307061924012187,0,0,0,0,0,0,0,0,0,0,0,0,1,0,0,1,0,0,0,1,0,0,0,0,1,0,0,0,0,0
2,0.0,0.714286029,14.0,P427419,101,15.7,0.5983768161916053,0,1,0,0,0,0,0,0,0,0,0,0,0,0,0,1,0,0,0,1,0,0,0,0,0,1,0,0,0,0
5,1.0,1.0,7.0,P427419,101,15.7,1.0,0,0,0,0,1,0,0,0,0,0,0,0,0,0,0,1,0,0,0,0,0,1,0,0,0,0,1,0,0,0
1,0.0,0.470587999,17.0,P427419,101,15.7,0.4882927808755417,0,0,0,0,0,1,0,0,0,0,0,0,0,0,0,0,0,1,0,1,0,0,0,0,0,1,0,0,0,0
5,1.0,1.0,10.0,P427419,101,15.7,1.0,0,0,0,0,0,1,0,0,0,0,0,0,0,0,0,0,0,0,1,0,1,0,0,0,1,0,0,0,0,0
5,1.0,0.944444001,18.0,P427419,101,15.7,0.8065735963827292,0,0,0,0,0,1,0,0,0,0,0,0,0,0,0,1,0,0,0,0,1,0,0,0,1,0,0,0,0,0
2,0.0,0.777778029,27.0,P427419,101,15.7,0.6136731268579214,0,0,0,0,1,0,0,0,0,0,0,0,0,0,0,0,0,1,0,1,0,0,0,0,0,0,1,0,0,0
1,0.0,0.25,40.0,P427419,101,15.7,0.4111700265118009,0,0,0,0,0,1,0,0,0,0,0,0,0,0,0,0,0,1,0,0,1,0,0,0,0,0,1,0,0,0
5,1.0,0.800000012,5.0,P427419,101,15.7,0.6989700043360187,0,0,0,0,1,0,0,0,0,0,0,0,0,0,0,0,0,0,1,1,0,0,0,0,0,1,0,0,0,0
5,1.0,0.899999976,10.0,P427419,101,15.7,0.7686217868402409,0,0,0,0,1,0,0,0,0,0,0,0,0,0,0,1,0,0,0,0,1,0,0,1,0,0,0,0,0,0
5,1.0,1.0,12.0,P427419,101,15.7,1.0,0,0,0,0,1,0,0,0,0,0,0,0,0,0,0,0,0,1,0,0,1,0,0,0,0,1,0,0,0,0
3,1.0,0.0,8.0,P427419,101,15.7,0.0,0,0,0,0,1,0,0,0,0,0,0,0,0,0,1,0,0,0,0,0,0,0,1,0,0,1,0,0,0,0
4,1.0,0.833333015,6.0,P427419,101,15.7,0.7210570543488701,0,1,0,0,0,0,0,0,0,0,0,0,0,0,0,1,0,0,0,0,0,0,1,0,1,0,0,0,0,0
3,0.0,0.5,4.0,P427419,101,15.7,0.5,0,0,0,0,1,0,0,0,0,0,0,0,0,0,0,0,0,0,1,0,0,0,1,0,0,0,1,0,0,0
1,0.0,0.800000012,25.0,P427419,101,15.7,0.6295171572499421,0,0,0,0,1,0,0,0,0,0,0,0,0,0,0,1,0,0,0,0,1,0,0,0,0,0,1,0,0,0
5,1.0,0.968084991,113.72000000000116,P427419,101,15.7,0.7280499825649774,0,0,0,0,0,1,0,0,0,0,0,0,0,0,0,1,0,0,0,1,0,0,0,0,1,0,0,0,0,0
5,1.0,0.923076987,26.0,P427419,101,15.7,0.7455436448745024,0,0,1,0,0,0,0,0,0,0,0,0,0,0,1,0,0,0,0,0,1,0,0,0,0,0,1,0,0,0
5,1.0,0.800000012,15.0,P427419,101,15.7,0.649149872836091,0,0,0,1,0,0,0,0,0,0,0,0,0,0,1,0,0,0,0,0,1,0,0,0,0,1,0,0,0,0
1,0.0,0.882353008,51.0,P427419,101,15.7,0.6630196936146913,0,0,0,0,1,0,0,0,0,0,0,0,0,0,0,1,0,0,0,0,1,0,0,0,0,0,1,0,0,0
5,1.0,0.897436023,39.0,P427419,101,15.7,0.6900729278815017,0,0,0,0,0,0,0,1,0,0,0,0,0,0,0,1,0,0,0,1,0,0,0,0,0,0,1,0,0,0
4,1.0,0.909090996,11.0,P427419,101,15.7,0.7757561757824245,0,0,0,0,1,0,0,0,0,0,0,0,0,0,0,0,0,1,0,0,1,0,0,0,0,0,1,0,0,0
4,1.0,1.0,6.0,P460779,109,65.0,1.0,0,0,0,0,0,1,0,0,0,0,0,0,0,0,0,1,0,0,0,0,0,0,1,0,1,0,0,0,0,0
5,1.0,1.0,4.0,P443563,51,18.0,1.0,0,0,0,0,0,0,0,0,0,0,0,0,1,0,0,0,0,0,1,0,0,1,0,0,0,0,1,0,0,0
2,0.0,0.571429014,7.0,P443563,51,18.0,0.5372435736804816,0,0,0,0,1,0,0,0,0,0,0,0,0,0,0,1,0,0,0,1,0,0,0,0,0,0,1,0,0,0
4,1.0,1.0,12.0,P443563,51,18.0,1.0,0,0,0,0,0,0,0,0,0,0,0,0,1,0,0,1,0,0,0,1,0,0,0,0,1,0,0,0,0,0
5,1.0,0.800000012,5.0,P443563,51,18.0,0.6989700043360187,0,0,0,0,1,0,0,0,0,0,0,0,0,0,0,1,0,0,0,0,0,1,0,0,0,0,1,0,0,0
2,0.0,0.899999976,10.0,P443563,51,18.0,0.7686217868402409,0,0,0,0,0,0,0,0,0,0,0,0,1,0,0,1,0,0,0,0,0,0,1,0,0,0,0,1,0,0
1,0.0,0.75,12.0,P443563,51,18.0,0.6241963505817848,0,0,0,0,1,0,0,0,0,0,0,0,0,0,0,1,0,0,0,1,0,0,0,0,1,0,0,0,0,0
5,1.0,1.0,12.0,P443563,51,18.0,1.0,0,0,0,0,1,0,0,0,0,0,0,0,0,0,0,1,0,0,0,0,1,0,0,0,0,0,1,0,0,0
4,1.0,0.181817994,11.0,P443563,51,18.0,0.3230075074711545,0,0,0,0,1,0,0,0,0,0,0,0,0,0,0,1,0,0,0,1,0,0,0,0,0,0,1,0,0,0
1,1.0,0.340909004,44.0,P443563,51,18.0,0.449090505498313,0,0,0,0,1,0,0,0,0,0,0,0,0,0,0,1,0,0,0,0,0,0,1,0,1,0,0,0,0,0
4,1.0,1.0,5.0,P443563,51,18.0,1.0,0,0,0,0,1,0,0,0,0,0,0,0,0,0,0,0,0,1,0,1,0,0,0,0,0,1,0,0,0,0
4,1.0,0.357143015,28.0,P443563,51,18.0,0.4488478555823177,0,0,0,0,1,0,0,0,0,0,0,0,0,0,0,1,0,0,0,1,0,0,0,0,0,0,1,0,0,0
5,1.0,1.0,50.0,P443563,51,18.0,1.0,0,0,0,0,0,1,0,0,0,0,0,0,0,0,0,1,0,0,0,0,0,1,0,0,1,0,0,0,0,0
5,1.0,1.0,8.0,P443563,51,18.0,1.0,0,0,0,1,0,0,0,0,0,0,0,0,0,0,0,0,0,1,0,0,0,1,0,0,0,0,0,0,0,1
4,1.0,0.5,6.0,P443563,51,18.0,0.5,0,0,1,0,0,0,0,0,0,0,0,0,0,0,0,0,0,0,1,0,0,1,0,0,0,0,1,0,0,0
4,1.0,0.571429014,7.0,P443563,51,18.0,0.5372435736804816,0,0,0,0,0,1,0,0,0,0,0,0,0,0,0,1,0,0,0,1,0,0,0,0,0,0,1,0,0,0
3,0.0,0.5,4.0,P443563,51,18.0,0.5,0,0,0,0,1,0,0,0,0,0,0,0,0,0,0,0,0,0,1,1,0,0,0,0,0,1,0,0,0,0
3,1.0,0.285714,7.0,P443563,51,18.0,0.3800937667159343,0,0,1,0,0,0,0,0,0,0,0,0,0,0,1,0,0,0,0,1,0,0,0,0,0,1,0,0,0,0
3,0.0,0.642857015,14.0,P443563,51,18.0,0.5623818557528476,0,0,1,0,0,0,0,0,0,0,0,0,0,0,0,0,0,0,1,1,0,0,0,0,0,1,0,0,0,0
5,1.0,0.888889015,9.0,P443563,51,18.0,0.7601875334318686,0,0,0,0,0,1,0,0,0,0,0,0,0,0,0,0,0,0,1,1,0,0,0,0,1,0,0,0,0,0
5,1.0,0.666666985,6.0,P443563,51,18.0,0.5943161289177871,0,0,1,0,0,0,0,0,0,0,0,0,0,0,1,0,0,0,0,0,1,0,0,0,0,0,1,0,0,0
3,1.0,0.823529005,17.0,P443563,51,18.0,0.6614123848024371,0,0,1,0,0,0,0,0,0,0,0,0,0,0,1,0,0,0,0,0,1,0,0,0,0,1,0,0,0,0
3,0.0,0.75,16.0,P443563,51,18.0,0.6144493051612967,0,0,0,0,0,0,1,0,0,0,0,0,0,0,0,1,0,0,0,0,0,0,1,0,0,0,1,0,0,0
5,1.0,0.200000003,5.0,P443563,51,18.0,0.3010299956639811,0,0,0,0,1,0,0,0,0,0,0,0,0,0,0,1,0,0,0,1,0,0,0,0,0,0,1,0,0,0
3,0.0,0.571429014,7.0,P12573,43,10.0,0.5372435736804816,0,0,1,0,0,0,0,0,0,0,0,0,0,0,1,0,0,0,0,0,1,0,0,0,0,0,1,0,0,0
5,1.0,1.0,4.0,P12573,43,10.0,1.0,0,0,0,0,0,0,1,0,0,0,0,0,0,0,0,1,0,0,0,0,0,1,0,0,0,0,1,0,0,0
4,1.0,0.5,8.0,P12573,43,10.0,0.5,0,0,1,0,0,0,0,0,0,0,0,0,0,0,0,1,0,0,0,1,0,0,0,0,0,0,1,0,0,0
5,1.0,1.0,7.0,P12573,43,10.0,1.0,0,0,0,1,0,0,0,0,0,0,0,0,0,0,1,0,0,0,0,0,1,0,0,0,0,1,0,0,0,0
3,0.0,0.666666985,6.0,P12573,43,10.0,0.5943161289177871,0,0,0,0,0,1,0,0,0,0,0,0,0,0,0,0,0,0,1,1,0,0,0,0,0,1,0,0,0,0
5,1.0,1.0,4.0,P12573,43,10.0,1.0,0,0,0,0,0,1,0,0,0,0,0,0,0,0,0,1,0,0,0,1,0,0,0,0,0,0,1,0,0,0
5,1.0,0.600000024,5.0,P12573,43,10.0,0.5578858913022596,0,0,0,0,0,1,0,0,0,0,0,0,0,0,0,1,0,0,0,0,0,0,1,0,1,0,0,0,0,0
4,1.0,0.833333015,6.0,P12573,43,10.0,0.7210570543488701,0,0,1,0,0,0,0,0,0,0,0,0,0,0,0,1,0,0,0,0,0,1,0,0,0,0,1,0,0,0
4,1.0,1.0,8.0,P12573,43,10.0,1.0,0,0,1,0,0,0,0,0,0,0,0,0,0,0,0,1,0,0,0,1,0,0,0,0,0,0,1,0,0,0
5,1.0,1.0,11.0,P12573,43,10.0,1.0,0,0,1,0,0,0,0,0,0,0,0,0,0,0,0,1,0,0,0,0,0,1,0,0,0,0,1,0,0,0
5,1.0,0.833333015,6.0,P12573,43,10.0,0.7210570543488701,0,0,1,0,0,0,0,0,0,0,0,0,0,0,0,1,0,0,0,1,0,0,0,0,0,0,1,0,0,0
5,1.0,0.25,4.0,P270594,5,66.0,0.3333333333333333,0,0,0,0,1,0,0,0,0,0,0,0,0,0,0,1,0,0,0,0,0,0,1,0,0,0,1,0,0,0
5,1.0,0.800000012,5.0,P270594,5,66.0,0.6989700043360187,0,0,0,0,1,0,0,0,0,0,0,0,0,0,0,1,0,0,0,1,0,0,0,0,1,0,0,0,0,0
5,1.0,0.882353008,17.0,P270594,5,66.0,0.7162089270041655,0,0,1,0,0,0,0,0,0,0,0,0,0,0,0,0,0,1,0,0,1,0,0,0,0,0,1,0,0,0
5,1.0,0.966666996,30.0,P270594,5,66.0,0.8307061924012187,0,0,1,0,0,0,0,0,0,0,0,0,0,0,0,0,0,1,0,1,0,0,0,0,0,1,0,0,0,0
5,1.0,1.0,14.0,P270594,5,66.0,1.0,0,0,0,0,1,0,0,0,0,0,0,0,0,0,0,1,0,0,0,0,0,0,1,0,0,1,0,0,0,0
5,1.0,0.965516984,58.0,P270594,5,66.0,0.786331354318449,0,0,0,0,0,1,0,0,0,0,0,0,0,0,1,0,0,0,0,0,1,0,0,0,0,1,0,0,0,0
4,1.0,0.785713971,14.0,P270594,5,66.0,0.6418955364979173,0,0,0,0,1,0,0,0,0,0,0,0,0,0,0,1,0,0,0,1,0,0,0,0,0,1,0,0,0,0
5,1.0,0.888889015,18.0,P270594,5,66.0,0.7205846872952778,0,0,0,0,1,0,0,0,0,0,0,0,0,0,0,0,0,0,1,1,0,0,0,0,0,1,0,0,0,0
5,1.0,1.0,22.0,P270594,5,66.0,1.0,0,0,1,0,0,0,0,0,0,0,0,0,0,0,0,1,0,0,0,1,0,0,0,0,0,0,1,0,0,0
5,1.0,1.0,8.0,P270594,5,66.0,1.0,0,0,0,0,0,0,1,0,0,0,0,0,0,0,0,1,0,0,0,1,0,0,0,0,1,0,0,0,0,0
5,1.0,1.0,6.0,P270594,5,66.0,1.0,0,0,0,1,0,0,0,0,0,0,0,0,0,0,0,0,0,1,0,1,0,0,0,0,0,1,0,0,0,0
5,1.0,1.0,16.0,P270594,5,66.0,1.0,0,0,0,0,0,0,0,1,0,0,0,0,0,0,1,0,0,0,0,0,0,1,0,0,0,0,1,0,0,0
5,1.0,0.666666985,9.0,P270594,5,66.0,0.583970804646981,0,0,1,0,0,0,0,0,0,0,0,0,0,0,0,1,0,0,0,0,1,0,0,0,0,0,1,0,0,0
2,1.0,0.111111,9.0,P270594,5,66.0,0.2398124665681313,0,0,0,0,1,0,0,0,0,0,0,0,0,0,0,1,0,0,0,1,0,0,0,0,0,0,1,0,0,0
5,1.0,0.857142985,7.0,P270594,5,66.0,0.7373504649628064,0,0,0,0,1,0,0,0,0,0,0,0,0,0,0,1,0,0,0,1,0,0,0,0,0,0,1,0,0,0
5,1.0,0.75,4.0,P270594,5,66.0,0.6666666666666667,0,0,0,0,1,0,0,0,0,0,0,0,0,0,0,1,0,0,0,1,0,0,0,0,0,0,1,0,0,0
5,1.0,0.888889015,9.0,P270594,5,66.0,0.7601875334318686,0,0,0,0,1,0,0,0,0,0,0,0,0,0,0,1,0,0,0,1,0,0,0,0,0,0,1,0,0,0
5,1.0,0.833333015,6.0,P270594,5,66.0,0.7210570543488701,0,0,0,0,1,0,0,0,0,0,0,0,0,0,0,1,0,0,0,1,0,0,0,0,0,0,1,0,0,0
5,1.0,0.75,4.0,P270594,5,66.0,0.6666666666666667,0,0,0,0,1,0,0,0,0,0,0,0,0,0,0,1,0,0,0,0,0,1,0,0,0,0,1,0,0,0
5,1.0,0.699999988,10.0,P392246,22,90.0,0.6,0,0,1,0,0,0,0,0,0,0,0,0,0,0,0,1,0,0,0,1,0,0,0,0,0,0,1,0,0,0
4,1.0,0.75,4.0,P392246,22,90.0,0.6666666666666667,0,0,0,0,1,0,0,0,0,0,0,0,0,0,0,1,0,0,0,1,0,0,0,0,0,0,1,0,0,0
1,0.0,0.727272987,11.0,P392246,22,90.0,0.6131471927654585,0,0,0,0,1,0,0,0,0,0,0,0,0,0,0,1,0,0,0,1,0,0,0,0,1,0,0,0,0,0
4,1.0,0.699999988,10.0,P392246,22,90.0,0.6,0,0,0,0,1,0,0,0,0,0,0,0,0,0,0,1,0,0,0,0,0,1,0,0,0,0,1,0,0,0
5,1.0,0.875,8.0,P392246,22,90.0,0.75,0,0,0,0,0,1,0,0,0,0,0,0,0,0,0,0,0,0,1,0,1,0,0,0,0,0,1,0,0,0
5,1.0,0.5,6.0,P392246,22,90.0,0.5,0,0,0,0,1,0,0,0,0,0,0,0,0,0,0,1,0,0,0,0,1,0,0,0,0,0,1,0,0,0
4,1.0,0.875,8.0,P392246,22,90.0,0.75,0,0,0,0,0,0,1,0,0,0,0,0,0,0,0,1,0,0,0,1,0,0,0,0,1,0,0,0,0,0
1,0.0,0.269230992,52.0,P392246,22,90.0,0.4250180748657376,0,0,0,0,1,0,0,0,0,0,0,0,0,0,0,1,0,0,0,0,0,0,1,0,1,0,0,0,0,0
5,1.0,0.818181992,11.0,P392246,22,90.0,0.6769924925288455,0,0,0,0,1,0,0,0,0,0,0,0,0,0,1,0,0,0,0,1,0,0,0,0,0,1,0,0,0,0
4,0.0,0.846153975,52.0,P392246,22,90.0,0.6340329934961401,0,0,0,0,1,0,0,0,0,0,0,0,0,0,1,0,0,0,0,1,0,0,0,0,0,0,1,0,0,0
5,1.0,0.642857015,14.0,P392246,22,90.0,0.5623818557528476,0,0,0,0,1,0,0,0,0,0,0,0,0,0,0,1,0,0,0,0,1,0,0,0,1,0,0,0,0,0
5,1.0,0.714286029,7.0,P392246,22,90.0,0.6199062332840658,0,0,0,0,0,1,0,0,0,0,0,0,0,0,0,1,0,0,0,0,1,0,0,0,1,0,0,0,0,0
5,1.0,0.888889015,9.0,P392246,22,90.0,0.7601875334318686,0,0,0,0,1,0,0,0,0,0,0,0,0,0,1,0,0,0,0,0,0,1,0,1,0,0,0,0,0,0
4,1.0,1.0,4.0,P392246,22,90.0,1.0,0,0,0,0,1,0,0,0,0,0,0,0,0,0,1,0,0,0,0,1,0,0,0,0,0,0,1,0,0,0
5,1.0,1.0,6.0,P392246,22,90.0,1.0,0,0,0,0,1,0,0,0,0,0,0,0,0,0,0,1,0,0,0,0,0,0,1,0,0,0,1,0,0,0
5,1.0,1.0,5.0,P392246,22,90.0,1.0,0,0,0,0,0,0,1,0,0,0,0,0,0,0,0,0,0,0,1,0,0,0,1,0,1,0,0,0,0,0
5,1.0,1.0,6.0,P392246,22,90.0,1.0,0,0,0,0,1,0,0,0,0,0,0,0,0,0,0,0,0,1,0,0,0,0,1,0,0,0,1,0,0,0
1,0.0,1.0,4.0,P392246,22,90.0,1.0,0,0,0,0,0,0,1,0,0,0,0,0,0,0,0,1,0,0,0,0,0,0,1,0,1,0,0,0,0,0
5,1.0,0.600000024,5.0,P392246,22,90.0,0.5578858913022596,0,0,0,1,0,0,0,0,0,0,0,0,0,0,0,1,0,0,0,1,0,0,0,0,0,0,1,0,0,0
5,1.0,1.0,12.0,P392246,22,90.0,1.0,0,0,0,0,1,0,0,0,0,0,0,0,0,0,0,1,0,0,0,0,1,0,0,0,1,0,0,0,0,0
4,1.0,0.625,8.0,P392246,22,90.0,0.5637914160289369,0,0,0,0,1,0,0,0,0,0,0,0,0,0,0,1,0,0,0,1,0,0,0,0,0,0,1,0,0,0
5,1.0,1.0,26.0,P392246,22,90.0,1.0,0,0,1,0,0,0,0,0,0,0,0,0,0,0,1,0,0,0,0,0,0,0,1,0,0,1,0,0,0,0
2,0.0,0.857142985,7.0,P392246,22,90.0,0.7373504649628064,0,0,0,0,1,0,0,0,0,0,0,0,0,0,0,1,0,0,0,1,0,0,0,0,0,0,1,0,0,0
1,0.0,0.800000012,5.0,P392246,22,90.0,0.6989700043360187,0,0,1,0,0,0,0,0,0,0,0,0,0,0,0,0,0,1,0,0,0,1,0,0,0,0,1,0,0,0
1,0.0,0.923076987,13.0,P392246,22,90.0,0.7872539464466368,0,0,0,0,1,0,0,0,0,0,0,0,0,0,0,0,0,0,1,0,1,0,0,0,0,1,0,0,0,0
5,1.0,0.5,4.0,P392246,22,90.0,0.5,0,0,0,0,1,0,0,0,0,0,0,0,0,0,1,0,0,0,0,0,0,0,1,0,0,0,1,0,0,0
5,1.0,0.800000012,5.0,P392246,22,90.0,0.6989700043360187,0,1,0,0,0,0,0,0,0,0,0,0,0,0,0,1,0,0,0,1,0,0,0,0,1,0,0,0,0,0
4,1.0,0.875,8.0,P392246,22,90.0,0.75,0,0,1,0,0,0,0,0,0,0,0,0,0,0,0,0,0,1,0,0,0,1,0,0,0,0,1,0,0,0
5,1.0,0.473684013,19.0,P392246,22,90.0,0.4898616553642111,0,0,0,0,0,1,0,0,0,0,0,0,0,0,0,1,0,0,0,1,0,0,0,0,1,0,0,0,0,0
5,1.0,0.982758999,58.0,P392246,22,90.0,0.8541844894713946,0,0,0,0,1,0,0,0,0,0,0,0,0,0,0,1,0,0,0,1,0,0,0,0,0,0,1,0,0,0
5,1.0,0.947368026,19.0,P392246,22,90.0,0.8094485875732266,0,0,0,0,1,0,0,0,0,0,0,0,0,0,0,1,0,0,0,1,0,0,0,0,0,0,1,0,0,0
3,1.0,0.875,8.0,P392246,22,90.0,0.75,0,0,0,0,1,0,0,0,0,0,0,0,0,0,0,1,0,0,0,1,0,0,0,0,0,0,1,0,0,0
4,1.0,1.0,4.0,P392246,22,90.0,1.0,0,0,0,0,1,0,0,0,0,0,0,0,0,0,0,1,0,0,0,1,0,0,0,0,0,0,1,0,0,0
1,1.0,0.636363983,11.0,P392246,22,90.0,0.5637054741273227,0,0,0,0,1,0,0,0,0,0,0,0,0,0,0,1,0,0,0,1,0,0,0,0,0,0,1,0,0,0
1,1.0,0.9375,16.0,P392246,22,90.0,0.7999999999999999,0,0,0,0,1,0,0,0,0,0,0,0,0,0,0,1,0,0,0,1,0,0,0,0,0,0,1,0,0,0
5,1.0,0.961538017,26.0,P392246,22,90.0,0.8245749364180455,0,0,0,0,1,0,0,0,0,0,0,0,0,0,0,1,0,0,0,1,0,0,0,0,0,0,1,0,0,0
5,1.0,0.928570986,14.0,P392246,22,90.0,0.7919854023234905,0,0,0,0,1,0,0,0,0,0,0,0,0,0,0,1,0,0,0,0,1,0,0,0,0,0,1,0,0,0
5,1.0,0.947368026,19.0,P392246,22,90.0,0.8094485875732266,0,0,0,0,1,0,0,0,0,0,0,0,0,0,0,1,0,0,0,0,0,1,0,0,0,0,1,0,0,0
5,1.0,0.928570986,14.0,P392246,22,90.0,0.7919854023234905,0,0,0,0,1,0,0,0,0,0,0,0,0,0,0,1,0,0,0,1,0,0,0,0,0,0,1,0,0,0
5,1.0,0.733332992,15.0,P392246,22,90.0,0.6069119518459337,0,0,0,0,1,0,0,0,0,0,0,0,0,0,0,1,0,0,0,1,0,0,0,0,0,0,1,0,0,0
5,1.0,0.833333015,6.0,P392246,22,90.0,0.7210570543488701,0,0,0,0,1,0,0,0,0,0,0,0,0,0,0,1,0,0,0,1,0,0,0,0,0,0,1,0,0,0
5,1.0,0.666666985,12.0,P433520,10,100.0,0.5772049881597967,0,0,1,0,0,0,0,0,0,0,0,0,0,0,0,0,0,0,1,1,0,0,0,0,0,0,1,0,0,0
5,1.0,1.0,6.0,P433520,10,100.0,1.0,0,0,0,0,0,1,0,0,0,0,0,0,0,0,0,1,0,0,0,0,0,1,0,0,0,0,1,0,0,0
4,1.0,1.0,7.0,P433520,10,100.0,1.0,0,0,1,0,0,0,0,0,0,0,0,0,0,0,1,0,0,0,0,1,0,0,0,0,0,1,0,0,0,0
1,0.0,1.0,5.0,P433520,10,100.0,1.0,0,0,0,0,0,1,0,0,0,0,0,0,0,0,0,1,0,0,0,1,0,0,0,0,0,0,1,0,0,0
5,1.0,0.888889015,9.0,P433520,10,100.0,0.7601875334318686,0,0,0,0,0,0,1,0,0,0,0,0,0,0,0,1,0,0,0,1,0,0,0,0,0,0,1,0,0,0
5,1.0,0.93333298,15.0,P433520,10,100.0,0.7962049529094938,0,0,0,0,1,0,0,0,0,0,0,0,0,0,0,1,0,0,0,1,0,0,0,0,0,0,1,0,0,0
1,0.0,0.826086998,23.0,P433520,10,100.0,0.6505149978319905,0,0,0,0,0,1,0,0,0,0,0,0,0,0,0,0,0,0,1,0,0,1,0,0,0,1,0,0,0,0
4,1.0,0.833333015,6.0,P433520,10,100.0,0.7210570543488701,0,0,0,0,0,0,1,0,0,0,0,0,0,0,0,1,0,0,0,1,0,0,0,0,0,0,1,0,0,0
5,1.0,0.882353008,17.0,P433520,10,100.0,0.7162089270041655,0,0,0,0,0,0,1,0,0,0,0,0,0,0,0,1,0,0,0,1,0,0,0,0,1,0,0,0,0,0
5,1.0,0.833333015,6.0,P433520,10,100.0,0.7210570543488701,0,0,0,0,0,0,0,1,0,0,0,0,0,0,0,1,0,0,0,0,0,0,1,0,1,0,0,0,0,0
5,1.0,0.800000012,30.0,P433520,10,100.0,0.6232350848844429,0,0,1,0,0,0,0,0,0,0,0,0,0,0,0,1,0,0,0,1,0,0,0,0,0,0,0,0,0,1
3,0.0,0.842857003,113.72000000000116,P433520,10,100.0,0.6038350390129963,0,0,1,0,0,0,0,0,0,0,0,0,0,0,0,1,0,0,0,0,0,1,0,0,0,0,1,0,0,0
4,1.0,0.333332986,18.0,P433520,10,100.0,0.4313834528085061,0,0,0,0,0,1,0,0,0,0,0,0,0,0,0,1,0,0,0,0,0,0,1,0,0,0,1,0,0,0
2,0.0,1.0,4.0,P481817,9,49.0,1.0,0,0,0,0,1,0,0,0,0,0,0,0,0,0,0,1,0,0,0,1,0,0,0,0,0,1,0,0,0,0
3,0.0,1.0,16.0,P481817,9,49.0,1.0,0,0,0,0,1,0,0,0,0,0,0,0,0,0,0,1,0,0,0,0,1,0,0,0,0,1,0,0,0,0
1,0.0,0.636363983,11.0,P481817,9,49.0,0.5637054741273227,0,0,0,0,0,0,1,0,0,0,0,0,0,0,0,1,0,0,0,1,0,0,0,0,0,0,1,0,0,0
2,0.0,0.529411972,17.0,P481817,9,49.0,0.5117072191244583,0,0,0,0,1,0,0,0,0,0,0,0,0,0,0,0,0,0,1,0,0,0,1,0,0,1,0,0,0,0
5,1.0,0.800000012,5.0,P481817,9,49.0,0.6989700043360187,0,0,0,0,0,0,0,0,0,0,1,0,0,0,0,0,1,0,0,0,0,1,0,1,0,0,0,0,0,0
4,1.0,1.0,4.0,P481817,9,49.0,1.0,0,0,0,0,0,0,0,0,0,0,1,0,0,0,0,1,0,0,0,0,0,0,1,0,1,0,0,0,0,0
5,1.0,1.0,8.0,P481817,9,49.0,1.0,0,0,0,0,1,0,0,0,0,0,0,0,0,0,0,1,0,0,0,0,0,1,0,0,0,0,0,1,0,0
3,0.0,0.846153975,13.0,P481817,9,49.0,0.6934264036172708,0,0,0,0,1,0,0,0,0,0,0,0,0,0,0,0,0,1,0,1,0,0,0,0,0,0,0,1,0,0
1,0.0,0.25,4.0,P481817,9,49.0,0.3333333333333333,0,0,0,0,1,0,0,0,0,0,0,0,0,0,0,1,0,0,0,0,1,0,0,0,0,0,0,1,0,0
1,1.0,0.333332986,6.0,P481817,9,49.0,0.4056838710822129,0,0,0,0,1,0,0,0,0,0,0,0,0,0,0,1,0,0,0,1,0,0,0,0,0,1,0,0,0,0
1,1.0,0.727272987,11.0,P481817,9,49.0,0.6131471927654585,0,0,0,0,1,0,0,0,0,0,0,0,0,0,0,1,0,0,0,1,0,0,0,0,0,1,0,0,0,0
4,1.0,0.333332986,12.0,P481817,9,49.0,0.4227950118402033,0,0,0,0,1,0,0,0,0,0,0,0,0,0,0,1,0,0,0,1,0,0,0,0,0,1,0,0,0,0
1,1.0,0.200000003,10.0,P481817,9,49.0,0.3333333333333332,0,0,0,0,1,0,0,0,0,0,0,0,0,0,0,1,0,0,0,1,0,0,0,0,0,1,0,0,0,0
2,1.0,0.200000003,5.0,P481817,9,49.0,0.3010299956639811,0,0,0,0,1,0,0,0,0,0,0,0,0,0,0,1,0,0,0,1,0,0,0,0,0,1,0,0,0,0
5,1.0,0.857142985,7.0,P481817,9,49.0,0.7373504649628064,0,1,0,0,0,0,0,0,0,0,0,0,0,0,0,1,0,0,0,0,0,1,0,0,0,1,0,0,0,0
5,1.0,0.600000024,5.0,P458219,34,34.0,0.5578858913022596,0,0,1,0,0,0,0,0,0,0,0,0,0,0,0,0,0,0,1,0,0,1,0,0,1,0,0,0,0,0
5,1.0,0.75,4.0,P458219,34,34.0,0.6666666666666667,0,0,0,0,1,0,0,0,0,0,0,0,0,0,0,0,0,1,0,1,0,0,0,0,0,1,0,0,0,0
1,0.0,0.25,4.0,P458219,34,34.0,0.3333333333333333,0,0,0,0,0,1,0,0,0,0,0,0,0,0,0,1,0,0,0,0,1,0,0,0,1,0,0,0,0,0
4,1.0,0.75,4.0,P458219,34,34.0,0.6666666666666667,0,0,0,0,1,0,0,0,0,0,0,0,0,0,1,0,0,0,0,1,0,0,0,0,0,0,1,0,0,0
3,0.0,0.5,4.0,P458219,34,34.0,0.5,0,0,0,0,0,1,0,0,0,0,0,0,0,0,0,0,0,1,0,1,0,0,0,0,0,0,1,0,0,0
4,1.0,0.800000012,5.0,P458219,34,34.0,0.6989700043360187,0,0,1,0,0,0,0,0,0,0,0,0,0,1,0,0,0,0,0,0,0,1,0,0,0,0,1,0,0,0
5,1.0,1.0,5.0,P458219,34,34.0,1.0,0,0,0,0,1,0,0,0,0,0,0,0,0,0,0,1,0,0,0,0,1,0,0,0,0,1,0,0,0,0
5,1.0,1.0,6.0,P458219,34,34.0,1.0,0,0,1,0,0,0,0,0,0,0,0,0,0,1,0,0,0,0,0,1,0,0,0,0,0,0,1,0,0,0
4,1.0,0.5,6.0,P458219,34,34.0,0.5,0,0,0,0,0,1,0,0,0,0,0,0,0,0,0,1,0,0,0,1,0,0,0,0,0,0,1,0,0,0
3,0.0,0.600000024,5.0,P458219,34,34.0,0.5578858913022596,0,0,0,1,0,0,0,0,0,0,0,0,0,0,0,0,0,1,0,0,1,0,0,1,0,0,0,0,0,0
3,0.0,0.600000024,5.0,P458219,34,34.0,0.5578858913022596,0,0,0,0,0,1,0,0,0,0,0,0,0,0,0,0,0,0,1,1,0,0,0,0,0,0,1,0,0,0
5,1.0,0.800000012,5.0,P458219,34,34.0,0.6989700043360187,0,0,0,0,0,1,0,0,0,0,0,0,0,0,0,1,0,0,0,1,0,0,0,0,1,0,0,0,0,0
5,1.0,1.0,8.0,P458219,34,34.0,1.0,0,0,0,0,0,1,0,0,0,0,0,0,0,0,0,1,0,0,0,0,0,0,1,0,0,0,1,0,0,0
3,0.0,0.285714,7.0,P458219,34,34.0,0.3800937667159343,0,0,1,0,0,0,0,0,0,0,0,0,0,0,0,1,0,0,0,0,1,0,0,0,1,0,0,0,0,0
2,0.0,0.923076987,13.0,P458219,34,34.0,0.7872539464466368,0,0,0,0,1,0,0,0,0,0,0,0,0,0,0,0,0,1,0,0,0,0,1,1,0,0,0,0,0,0
5,1.0,0.666666985,6.0,P458219,34,34.0,0.5943161289177871,0,0,1,0,0,0,0,0,0,0,0,0,0,0,1,0,0,0,0,1,0,0,0,0,1,0,0,0,0,0
1,0.0,0.404762,42.0,P458219,34,34.0,0.4700962286518194,0,0,0,0,0,1,0,0,0,0,0,0,0,0,0,0,0,1,0,0,1,0,0,0,0,0,1,0,0,0
4,1.0,1.0,4.0,P458219,34,34.0,1.0,0,0,1,0,0,0,0,0,0,0,0,0,0,0,0,1,0,0,0,1,0,0,0,0,0,0,1,0,0,0
2,0.0,0.846153975,13.0,P458219,34,34.0,0.6934264036172708,0,0,0,0,0,0,0,0,0,0,0,0,1,0,0,1,0,0,0,0,0,0,1,0,0,0,1,0,0,0
5,1.0,0.75,4.0,P458219,34,34.0,0.6666666666666667,0,0,1,0,0,0,0,0,0,0,0,0,0,0,1,0,0,0,0,1,0,0,0,0,0,1,0,0,0,0
5,1.0,1.0,15.0,P458219,34,34.0,1.0,0,0,1,0,0,0,0,0,0,0,0,0,0,0,1,0,0,0,0,1,0,0,0,0,0,1,0,0,0,0
5,1.0,0.867924988,53.0,P458219,34,34.0,0.6493110245255479,0,0,0,0,0,0,0,1,0,0,0,0,0,0,0,1,0,0,0,0,0,0,1,0,1,0,0,0,0,0
5,1.0,1.0,6.0,P467762,34,15.0,1.0,0,0,0,0,0,0,0,1,0,0,0,0,0,0,0,1,0,0,0,0,1,0,0,0,0,0,1,0,0,0
5,1.0,0.777778029,9.0,P467762,34,15.0,0.6543128759565946,0,0,0,0,1,0,0,0,0,0,0,0,0,0,0,1,0,0,0,0,0,1,0,1,0,0,0,0,0,0
5,1.0,1.0,14.0,P467762,34,15.0,1.0,0,0,1,0,0,0,0,0,0,0,0,0,0,0,0,1,0,0,0,0,1,0,0,0,0,0,1,0,0,0
3,0.0,1.0,5.0,P467762,34,15.0,1.0,0,0,0,0,0,1,0,0,0,0,0,0,0,0,0,1,0,0,0,0,0,0,1,0,0,0,1,0,0,0
5,1.0,1.0,4.0,P467762,34,15.0,1.0,0,0,0,0,0,0,0,1,0,0,0,0,0,0,0,1,0,0,0,1,0,0,0,0,1,0,0,0,0,0
5,1.0,0.200000003,20.0,P467762,34,15.0,0.3622696942693522,0,0,0,0,1,0,0,0,0,0,0,0,0,0,0,0,0,0,1,1,0,0,0,0,0,0,1,0,0,0
5,1.0,1.0,4.0,P467762,34,15.0,1.0,0,0,0,0,0,0,1,0,0,0,0,0,0,0,0,1,0,0,0,1,0,0,0,0,1,0,0,0,0,0
4,1.0,1.0,4.0,P467762,34,15.0,1.0,0,0,0,0,1,0,0,0,0,0,0,0,0,0,1,0,0,0,0,1,0,0,0,0,0,0,1,0,0,0
5,1.0,1.0,5.0,P467762,34,15.0,1.0,0,0,0,0,0,1,0,0,0,0,0,0,0,0,0,0,0,1,0,0,0,1,0,0,0,0,1,0,0,0
4,1.0,1.0,4.0,P467762,34,15.0,1.0,0,0,0,0,0,1,0,0,0,0,0,0,0,0,0,1,0,0,0,0,0,0,1,0,0,0,1,0,0,0
4,1.0,0.5,4.0,P467762,34,15.0,0.5,0,0,0,0,0,1,0,0,0,0,0,0,0,0,0,1,0,0,0,1,0,0,0,0,1,0,0,0,0,0
5,1.0,1.0,5.0,P467762,34,15.0,1.0,0,0,1,0,0,0,0,0,0,0,0,0,0,0,0,0,0,1,0,1,0,0,0,0,0,0,1,0,0,0
3,0.0,1.0,7.0,P467762,34,15.0,1.0,0,0,0,1,0,0,0,0,0,0,0,0,0,0,0,0,0,0,1,0,1,0,0,0,0,0,1,0,0,0
2,0.0,1.0,4.0,P467762,34,15.0,1.0,0,0,1,0,0,0,0,0,0,0,0,0,0,0,0,0,0,0,1,1,0,0,0,0,0,0,1,0,0,0
5,1.0,0.800000012,5.0,P467762,34,15.0,0.6989700043360187,0,0,0,1,0,0,0,0,0,0,0,0,0,0,1,0,0,0,0,1,0,0,0,0,0,1,0,0,0,0
5,1.0,1.0,4.0,P467762,34,15.0,1.0,0,0,0,0,1,0,0,0,0,0,0,0,0,0,0,1,0,0,0,1,0,0,0,0,0,1,0,0,0,0
5,1.0,0.818181992,11.0,P467762,34,15.0,0.6769924925288455,0,0,1,0,0,0,0,0,0,0,0,0,0,0,1,0,0,0,0,0,0,0,1,0,0,0,1,0,0,0
3,0.0,0.877192974,57.0,P467762,34,15.0,0.6540760073792675,0,0,0,0,1,0,0,0,0,0,0,0,0,0,0,1,0,0,0,0,0,1,0,0,0,0,1,0,0,0
5,1.0,1.0,6.0,P467762,34,15.0,1.0,0,0,0,0,1,0,0,0,0,0,0,0,0,0,1,0,0,0,0,1,0,0,0,0,0,0,1,0,0,0
5,1.0,1.0,10.0,P467762,34,15.0,1.0,0,0,1,0,0,0,0,0,0,0,0,0,0,0,0,0,0,0,1,0,1,0,0,0,0,1,0,0,0,0
1,0.0,0.800000012,10.0,P467762,34,15.0,0.6666666666666666,0,0,0,0,1,0,0,0,0,0,0,0,0,0,0,1,0,0,0,1,0,0,0,0,0,0,1,0,0,0
5,1.0,1.0,5.0,P467762,34,15.0,1.0,0,0,1,0,0,0,0,0,0,0,0,0,0,0,0,1,0,0,0,0,0,0,1,0,0,1,0,0,0,0
5,1.0,0.75,4.0,P467762,34,15.0,0.6666666666666667,0,0,0,0,0,1,0,0,0,0,0,0,0,0,1,0,0,0,0,1,0,0,0,0,0,1,0,0,0,0
5,1.0,1.0,5.0,P467762,34,15.0,1.0,0,0,1,0,0,0,0,0,0,0,0,0,0,0,0,1,0,0,0,1,0,0,0,0,0,0,1,0,0,0
1,0.0,0.720000029,25.0,P467762,34,15.0,0.5860885757431284,0,0,0,0,1,0,0,0,0,0,0,0,0,0,0,1,0,0,0,1,0,0,0,0,0,0,1,0,0,0
5,1.0,0.5,4.0,P467762,34,15.0,0.5,0,0,0,0,1,0,0,0,0,0,0,0,0,0,0,0,0,0,1,0,1,0,0,0,0,0,1,0,0,0
1,0.0,0.5,14.0,P467762,34,15.0,0.5,0,0,0,0,0,1,0,0,0,0,0,0,0,0,0,1,0,0,0,1,0,0,0,0,0,0,1,0,0,0
5,1.0,1.0,9.0,P467762,34,15.0,1.0,0,0,0,0,0,0,0,0,0,0,0,0,1,0,0,1,0,0,0,0,0,0,1,0,0,0,1,0,0,0
1,0.0,0.545454979,11.0,P467762,34,15.0,0.5206212286759117,0,0,0,0,0,1,0,0,0,0,0,0,0,0,1,0,0,0,0,0,1,0,0,0,0,0,1,0,0,0
1,0.0,0.205881998,34.0,P467762,34,15.0,0.3842530575271143,0,0,1,0,0,0,0,0,0,0,0,0,0,0,0,1,0,0,0,0,0,0,1,0,0,0,1,0,0,0
5,1.0,0.75,4.0,P467762,34,15.0,0.6666666666666667,0,0,0,1,0,0,0,0,0,0,0,0,0,0,1,0,0,0,0,1,0,0,0,0,0,0,0,0,0,1
5,1.0,0.714286029,7.0,P467762,34,15.0,0.6199062332840658,0,0,1,0,0,0,0,0,0,0,0,0,0,0,0,1,0,0,0,1,0,0,0,0,0,0,1,0,0,0
4,1.0,1.0,4.0,P467762,34,15.0,1.0,0,0,0,0,0,0,0,1,0,0,0,0,0,0,0,1,0,0,0,0,1,0,0,0,0,0,1,0,0,0
5,1.0,0.875,8.0,P467762,34,15.0,0.75,0,0,0,0,0,0,1,0,0,0,0,0,0,0,0,0,0,1,0,1,0,0,0,0,0,0,1,0,0,0
5,1.0,1.0,4.0,P467762,34,15.0,1.0,0,0,0,0,1,0,0,0,0,0,0,0,0,0,0,0,0,1,0,0,0,0,1,0,0,0,1,0,0,0
3,0.0,0.875,8.0,P467762,34,15.0,0.75,0,0,0,0,1,0,0,0,0,0,0,0,0,0,0,0,0,0,1,1,0,0,0,0,0,0,1,0,0,0
5,1.0,1.0,4.0,P467762,34,15.0,1.0,0,0,0,0,1,0,0,0,0,0,0,0,0,0,0,1,0,0,0,0,0,0,1,0,0,0,1,0,0,0
5,1.0,0.800000012,15.0,P467762,34,15.0,0.649149872836091,0,0,0,0,1,0,0,0,0,0,0,0,0,0,0,1,0,0,0,0,1,0,0,0,0,0,1,0,0,0
5,1.0,1.0,4.0,P297516,68,27.0,1.0,0,0,0,0,1,0,0,0,0,0,0,0,0,0,0,1,0,0,0,1,0,0,0,0,0,0,1,0,0,0
2,0.0,0.800000012,5.0,P297516,68,27.0,0.6989700043360187,0,0,0,0,1,0,0,0,0,0,0,0,0,0,1,0,0,0,0,0,1,0,0,0,0,1,0,0,0,0
5,1.0,1.0,4.0,P297516,68,27.0,1.0,0,0,0,0,1,0,0,0,0,0,0,0,0,0,1,0,0,0,0,1,0,0,0,0,0,1,0,0,0,0
5,1.0,1.0,7.0,P297516,68,27.0,1.0,0,0,1,0,0,0,0,0,0,0,0,0,0,0,0,1,0,0,0,1,0,0,0,0,0,1,0,0,0,0
5,1.0,1.0,6.0,P297516,68,27.0,1.0,0,0,0,0,1,0,0,0,0,0,0,0,0,0,0,1,0,0,0,1,0,0,0,0,0,0,1,0,0,0
5,1.0,1.0,4.0,P297516,68,27.0,1.0,0,0,0,0,1,0,0,0,0,0,0,0,0,0,0,1,0,0,0,1,0,0,0,0,0,0,1,0,0,0
5,1.0,1.0,5.0,P297516,68,27.0,1.0,0,0,0,0,1,0,0,0,0,0,0,0,0,0,0,1,0,0,0,0,1,0,0,0,0,0,1,0,0,0
5,1.0,1.0,5.0,P297516,68,27.0,1.0,0,0,0,0,1,0,0,0,0,0,0,0,0,0,0,1,0,0,0,0,0,1,0,0,0,0,1,0,0,0
5,1.0,1.0,9.0,P297516,68,27.0,1.0,0,0,0,0,1,0,0,0,0,0,0,0,0,0,0,1,0,0,0,0,1,0,0,0,0,0,1,0,0,0
5,1.0,0.75,4.0,P297516,68,27.0,0.6666666666666667,0,0,1,0,0,0,0,0,0,0,0,0,0,0,0,1,0,0,0,1,0,0,0,0,0,0,1,0,0,0
2,0.0,1.0,8.0,P454380,94,48.0,1.0,0,0,0,0,0,1,0,0,0,0,0,0,0,0,0,1,0,0,0,1,0,0,0,0,1,0,0,0,0,0
4,1.0,0.833333015,6.0,P454380,94,48.0,0.7210570543488701,0,0,0,0,0,0,1,0,0,0,0,0,0,0,0,1,0,0,0,0,1,0,0,0,0,0,1,0,0,0
5,1.0,0.0,4.0,P454380,94,48.0,0.0,0,0,0,0,0,0,1,0,0,0,0,0,0,0,0,1,0,0,0,1,0,0,0,0,0,0,1,0,0,0
1,0.0,0.428570986,14.0,P454380,94,48.0,0.4696709804438595,0,0,0,0,1,0,0,0,0,0,0,0,0,0,0,1,0,0,0,0,0,0,1,0,1,0,0,0,0,0
1,0.0,0.444444001,9.0,P454380,94,48.0,0.4731974454383393,0,0,0,0,1,0,0,0,0,0,0,0,0,0,0,0,0,0,1,0,0,0,1,0,0,1,0,0,0,0
5,1.0,1.0,7.0,P454380,94,48.0,1.0,0,0,1,0,0,0,0,0,0,0,0,0,0,0,1,0,0,0,0,0,0,1,0,0,0,0,1,0,0,0
2,0.0,1.0,8.0,P454380,94,48.0,1.0,0,0,0,0,0,0,1,0,0,0,0,0,0,0,1,0,0,0,0,0,1,0,0,0,0,1,0,0,0,0
5,1.0,0.955695987,113.72000000000116,P454380,94,48.0,0.7072578825265404,0,0,0,0,1,0,0,0,0,0,0,0,0,0,0,0,0,1,0,0,0,1,0,0,0,0,1,0,0,0
2,0.0,0.823529005,17.0,P454380,94,48.0,0.6614123848024371,0,0,0,1,0,0,0,0,0,0,0,0,0,0,1,0,0,0,0,0,0,0,1,1,0,0,0,0,0,0
5,1.0,0.957143009,70.0,P454380,94,48.0,0.7527036551192616,0,0,0,0,0,0,0,0,0,0,0,1,0,0,0,1,0,0,0,0,0,0,1,0,1,0,0,0,0,0
5,1.0,0.600000024,5.0,P454380,94,48.0,0.5578858913022596,0,0,1,0,0,0,0,0,0,0,0,0,0,0,0,1,0,0,0,1,0,0,0,0,0,0,1,0,0,0
5,1.0,0.833333015,6.0,P454380,94,48.0,0.7210570543488701,0,0,0,0,1,0,0,0,0,0,0,0,0,0,1,0,0,0,0,0,0,1,0,0,0,1,0,0,0,0
4,1.0,0.875,8.0,P454380,94,48.0,0.75,0,0,0,0,0,1,0,0,0,0,0,0,0,0,0,1,0,0,0,1,0,0,0,0,1,0,0,0,0,0
5,1.0,1.0,6.0,P454380,94,48.0,1.0,0,0,1,0,0,0,0,0,0,0,0,0,0,0,0,0,0,0,1,0,1,0,0,1,0,0,0,0,0,0
4,1.0,1.0,6.0,P454380,94,48.0,1.0,0,0,0,0,1,0,0,0,0,0,0,0,0,0,0,1,0,0,0,1,0,0,0,0,0,0,1,0,0,0
5,1.0,1.0,20.0,P454380,94,48.0,1.0,0,0,0,0,1,0,0,0,0,0,0,0,0,0,0,0,0,0,1,1,0,0,0,0,0,0,1,0,0,0
1,0.0,0.408163011,49.0,P454380,94,48.0,0.4723324195021611,0,0,0,0,0,0,1,0,0,0,0,0,0,0,0,1,0,0,0,1,0,0,0,0,0,0,1,0,0,0
5,1.0,1.0,4.0,P454380,94,48.0,1.0,0,0,0,0,1,0,0,0,0,0,0,0,0,0,0,1,0,0,0,1,0,0,0,0,0,0,1,0,0,0
4,1.0,1.0,9.0,P454380,94,48.0,1.0,0,0,0,0,0,0,1,0,0,0,0,0,0,0,0,0,0,1,0,1,0,0,0,0,0,1,0,0,0,0
5,1.0,1.0,5.0,P454380,94,48.0,1.0,0,0,1,0,0,0,0,0,0,0,0,0,0,0,0,0,0,0,1,0,1,0,0,0,0,0,1,0,0,0
5,1.0,1.0,6.0,P454380,94,48.0,1.0,0,0,1,0,0,0,0,0,0,0,0,0,0,0,0,1,0,0,0,1,0,0,0,0,0,0,1,0,0,0
5,1.0,1.0,8.0,P454380,94,48.0,1.0,0,0,0,0,0,1,0,0,0,0,0,0,0,0,0,1,0,0,0,0,0,0,1,0,0,0,1,0,0,0
5,1.0,0.200000003,5.0,P454380,94,48.0,0.3010299956639811,0,0,1,0,0,0,0,0,0,0,0,0,0,0,0,0,0,0,1,1,0,0,0,0,0,0,1,0,0,0
3,0.0,0.833333015,6.0,P454380,94,48.0,0.7210570543488701,0,0,0,0,0,0,1,0,0,0,0,0,0,0,0,0,0,1,0,1,0,0,0,0,0,0,1,0,0,0
5,1.0,0.75,4.0,P454380,94,48.0,0.6666666666666667,0,0,0,1,0,0,0,0,0,0,0,0,0,0,0,0,0,1,0,0,0,1,0,0,0,0,0,0,0,1
5,1.0,0.916666985,12.0,P454380,94,48.0,0.7818957080144684,0,0,0,0,1,0,0,0,0,0,0,0,0,0,0,0,0,1,0,0,0,0,1,0,0,1,0,0,0,0
5,1.0,1.0,9.0,P454380,94,48.0,1.0,0,1,0,0,0,0,0,0,0,0,0,0,0,0,0,1,0,0,0,1,0,0,0,0,0,0,1,0,0,0
5,1.0,1.0,16.0,P454380,94,48.0,1.0,0,1,0,0,0,0,0,0,0,0,0,0,0,0,0,1,0,0,0,0,1,0,0,0,1,0,0,0,0,0
2,0.0,0.400000006,5.0,P454380,94,48.0,0.4421141086977403,0,0,0,0,1,0,0,0,0,0,0,0,0,0,0,1,0,0,0,0,0,1,0,0,0,0,1,0,0,0
5,1.0,0.949999988,20.0,P454380,94,48.0,0.8120981752908923,0,1,0,0,0,0,0,0,0,0,0,0,0,0,0,1,0,0,0,0,1,0,0,0,1,0,0,0,0,0
5,1.0,0.75,4.0,P454380,94,48.0,0.6666666666666667,0,0,1,0,0,0,0,0,0,0,0,0,0,0,0,0,0,0,1,0,0,1,0,0,0,1,0,0,0,0
1,0.0,1.0,4.0,P454380,94,48.0,1.0,0,0,0,0,1,0,0,0,0,0,0,0,0,0,0,1,0,0,0,1,0,0,0,0,0,0,1,0,0,0
5,1.0,1.0,7.0,P454380,94,48.0,1.0,0,0,0,0,0,1,0,0,0,0,0,0,0,0,0,1,0,0,0,0,0,0,1,0,1,0,0,0,0,0
1,0.0,0.833333015,6.0,P454380,94,48.0,0.7210570543488701,0,0,0,0,0,0,1,0,0,0,0,0,0,0,0,1,0,0,0,1,0,0,0,0,1,0,0,0,0,0
1,0.0,0.529411972,17.0,P454380,94,48.0,0.5117072191244583,0,0,0,1,0,0,0,0,0,0,0,0,0,0,0,0,0,0,1,1,0,0,0,0,0,0,1,0,0,0
5,1.0,1.0,16.0,P454380,94,48.0,1.0,0,1,0,0,0,0,0,0,0,0,0,0,0,0,0,1,0,0,0,0,0,0,1,0,1,0,0,0,0,0
5,1.0,0.899999976,10.0,P454380,94,48.0,0.7686217868402409,0,0,0,0,0,1,0,0,0,0,0,0,0,0,0,1,0,0,0,1,0,0,0,0,0,0,1,0,0,0
4,1.0,0.96875,32.0,P454380,94,48.0,0.8333333333333334,0,0,0,0,1,0,0,0,0,0,0,0,0,0,0,1,0,0,0,1,0,0,0,0,0,0,1,0,0,0
5,1.0,0.958333015,24.0,P454380,94,48.0,0.8209477682489587,0,0,0,0,0,0,1,0,0,0,0,0,0,0,0,1,0,0,0,1,0,0,0,0,0,0,1,0,0,0
5,1.0,1.0,15.0,P454380,94,48.0,1.0,0,0,0,0,1,0,0,0,0,0,0,0,0,1,0,0,0,0,0,1,0,0,0,0,0,1,0,0,0,0
3,0.0,0.879310012,58.0,P454380,94,48.0,0.6551898412967833,0,0,0,0,1,0,0,0,0,0,0,0,0,0,0,1,0,0,0,0,0,0,1,0,1,0,0,0,0,0
5,1.0,0.928570986,14.0,P454380,94,48.0,0.7919854023234905,0,0,1,0,0,0,0,0,0,0,0,0,0,0,0,1,0,0,0,0,1,0,0,0,0,0,0,0,1,0
5,1.0,0.888429999,113.72000000000116,P454380,94,48.0,0.6173171349735606,0,0,0,0,0,0,0,0,0,0,0,0,1,0,0,1,0,0,0,1,0,0,0,0,0,0,1,0,0,0
4,1.0,0.75,8.0,P470255,94,22.0,0.6391511932854698,0,0,1,0,0,0,0,0,0,0,0,0,0,0,0,0,0,0,1,1,0,0,0,0,0,0,1,0,0,0
4,1.0,1.0,4.0,P470255,94,22.0,1.0,0,0,1,0,0,0,0,0,0,0,0,0,0,0,0,1,0,0,0,1,0,0,0,0,0,1,0,0,0,0
2,0.0,0.166666999,6.0,P470255,94,22.0,0.2789429456511298,0,0,0,0,1,0,0,0,0,0,0,0,0,0,0,1,0,0,0,1,0,0,0,0,0,0,0,0,0,1
3,0.0,0.600000024,5.0,P470255,94,22.0,0.5578858913022596,0,0,0,1,0,0,0,0,0,0,0,0,0,0,1,0,0,0,0,1,0,0,0,0,0,1,0,0,0,0
5,1.0,1.0,5.0,P470255,94,22.0,1.0,0,0,0,0,0,0,1,0,0,0,0,0,0,0,0,1,0,0,0,1,0,0,0,0,1,0,0,0,0,0
5,1.0,1.0,14.0,P470255,94,22.0,1.0,0,0,0,0,0,0,0,0,0,0,0,0,1,0,0,1,0,0,0,0,0,0,1,0,1,0,0,0,0,0
5,1.0,1.0,7.0,P470255,94,22.0,1.0,0,0,1,0,0,0,0,0,0,0,0,0,0,1,0,0,0,0,0,1,0,0,0,0,0,0,1,0,0,0
4,1.0,0.75,4.0,P470255,94,22.0,0.6666666666666667,0,0,0,0,0,0,0,0,0,0,0,0,1,0,0,1,0,0,0,1,0,0,0,0,1,0,0,0,0,0
3,1.0,0.0,6.0,P470255,94,22.0,0.0,0,0,1,0,0,0,0,0,0,0,0,0,0,0,0,0,0,1,0,1,0,0,0,0,0,1,0,0,0,0
1,0.0,0.857142985,7.0,P470255,94,22.0,0.7373504649628064,0,0,0,0,1,0,0,0,0,0,0,0,0,0,0,0,0,1,0,1,0,0,0,0,0,0,1,0,0,0
3,0.0,1.0,5.0,P470255,94,22.0,1.0,0,0,0,0,0,1,0,0,0,0,0,0,0,0,0,1,0,0,0,0,0,1,0,0,0,0,1,0,0,0
3,0.0,0.227273002,22.0,P470255,94,22.0,0.3826803184943108,0,0,0,0,1,0,0,0,0,0,0,0,0,0,1,0,0,0,0,1,0,0,0,0,0,0,1,0,0,0
1,0.0,0.857142985,7.0,P470255,94,22.0,0.7373504649628064,0,0,0,0,0,1,0,0,0,0,0,0,0,0,0,0,0,1,0,0,0,0,1,0,0,0,1,0,0,0
2,0.0,0.666666985,9.0,P470255,94,22.0,0.583970804646981,0,0,0,0,1,0,0,0,0,0,0,0,0,0,0,1,0,0,0,1,0,0,0,0,0,1,0,0,0,0
3,1.0,1.0,4.0,P470255,94,22.0,1.0,0,0,0,0,0,0,0,1,0,0,0,0,0,0,0,1,0,0,0,0,1,0,0,0,1,0,0,0,0,0
5,1.0,1.0,6.0,P470255,94,22.0,1.0,0,1,0,0,0,0,0,0,0,0,0,0,0,0,0,1,0,0,0,1,0,0,0,0,1,0,0,0,0,0
3,1.0,0.647059023,17.0,P470255,94,22.0,0.5608236049020798,0,1,0,0,0,0,0,0,0,0,0,0,0,0,0,0,0,0,1,0,1,0,0,0,0,0,1,0,0,0
5,1.0,0.93333298,15.0,P470255,94,22.0,0.7962049529094938,0,0,1,0,0,0,0,0,0,0,0,0,0,0,0,1,0,0,0,0,0,0,1,0,0,0,1,0,0,0
5,1.0,1.0,8.0,P470255,94,22.0,1.0,0,0,0,0,0,0,1,0,0,0,0,0,0,0,0,1,0,0,0,0,0,1,0,0,0,0,1,0,0,0
5,1.0,0.0,4.0,P470255,94,22.0,0.0,0,0,0,0,0,1,0,0,0,0,0,0,0,0,0,1,0,0,0,1,0,0,0,0,0,0,1,0,0,0
4,1.0,0.833333015,6.0,P470255,94,22.0,0.7210570543488701,0,0,0,0,0,1,0,0,0,0,0,0,0,0,0,1,0,0,0,0,0,0,1,0,0,0,1,0,0,0
5,1.0,1.0,5.0,P470255,94,22.0,1.0,0,0,0,0,0,0,0,0,0,0,0,1,0,0,0,1,0,0,0,0,0,0,1,0,1,0,0,0,0,0
5,1.0,0.899999976,10.0,P470255,94,22.0,0.7686217868402409,0,0,1,0,0,0,0,0,0,0,0,0,0,0,0,0,0,1,0,1,0,0,0,0,0,0,1,0,0,0
4,1.0,1.0,6.0,P470255,94,22.0,1.0,0,0,0,0,0,0,0,0,0,0,0,0,1,0,0,1,0,0,0,0,0,0,1,0,0,0,1,0,0,0
5,1.0,1.0,12.0,P470255,94,22.0,1.0,0,0,0,0,0,0,0,0,0,0,0,0,1,0,0,1,0,0,0,0,0,1,0,0,1,0,0,0,0,0
5,1.0,1.0,7.0,P470255,94,22.0,1.0,0,0,0,0,0,0,0,0,0,0,0,0,1,0,0,1,0,0,0,1,0,0,0,0,1,0,0,0,0,0
2,0.0,0.833333015,6.0,P470255,94,22.0,0.7210570543488701,0,0,1,0,0,0,0,0,0,0,0,0,0,0,1,0,0,0,0,0,1,0,0,0,0,0,1,0,0,0
5,1.0,1.0,10.0,P470255,94,22.0,1.0,0,0,0,0,0,0,0,0,0,0,0,0,1,0,0,1,0,0,0,1,0,0,0,0,1,0,0,0,0,0
2,0.0,0.952381015,21.0,P470255,94,22.0,0.814550976584631,0,0,1,0,0,0,0,0,0,0,0,0,0,0,0,0,0,0,1,1,0,0,0,0,0,0,1,0,0,0
5,1.0,1.0,4.0,P470255,94,22.0,1.0,0,0,0,0,0,1,0,0,0,0,0,0,0,0,0,1,0,0,0,0,0,0,1,0,1,0,0,0,0,0
5,1.0,1.0,4.0,P470255,94,22.0,1.0,0,0,0,0,1,0,0,0,0,0,0,0,0,0,0,0,0,0,1,1,0,0,0,0,0,0,1,0,0,0
5,1.0,1.0,10.0,P470255,94,22.0,1.0,0,0,1,0,0,0,0,0,0,0,0,0,0,0,0,1,0,0,0,0,1,0,0,1,0,0,0,0,0,0
2,0.0,0.219512001,41.0,P470255,94,22.0,0.3970595453795606,0,0,1,0,0,0,0,0,0,0,0,0,0,0,0,1,0,0,0,0,0,1,0,0,1,0,0,0,0,0
3,1.0,0.666666985,15.0,P470255,94,22.0,0.5723372020956964,0,0,0,0,0,0,0,1,0,0,0,0,0,0,0,1,0,0,0,1,0,0,0,0,0,0,1,0,0,0
5,1.0,1.0,8.0,P470255,94,22.0,1.0,0,0,0,0,0,0,1,0,0,0,0,0,0,0,0,1,0,0,0,1,0,0,0,0,0,0,1,0,0,0
5,1.0,0.75,4.0,P470255,94,22.0,0.6666666666666667,0,0,0,0,1,0,0,0,0,0,0,0,0,0,0,1,0,0,0,1,0,0,0,0,0,0,1,0,0,0
5,1.0,0.909090996,11.0,P470255,94,22.0,0.7757561757824245,0,1,0,0,0,0,0,0,0,0,0,0,0,0,0,1,0,0,0,0,0,0,1,0,1,0,0,0,0,0
5,1.0,1.0,7.0,P470255,94,22.0,1.0,0,1,0,0,0,0,0,0,0,0,0,0,0,0,0,1,0,0,0,1,0,0,0,0,1,0,0,0,0,0
5,1.0,0.899999976,10.0,P470255,94,22.0,0.7686217868402409,0,0,0,0,1,0,0,0,0,0,0,0,0,0,0,1,0,0,0,1,0,0,0,0,1,0,0,0,0,0
5,1.0,0.25,4.0,P470255,94,22.0,0.3333333333333333,0,0,0,0,1,0,0,0,0,0,0,0,0,0,0,1,0,0,0,1,0,0,0,0,0,0,1,0,0,0
5,1.0,0.899999976,30.0,P470255,94,22.0,0.7062001286991106,0,0,0,0,0,0,0,0,0,0,0,0,1,0,0,1,0,0,0,1,0,0,0,0,0,0,1,0,0,0
5,1.0,0.814814985,27.0,P470255,94,22.0,0.6363573739615787,0,0,0,0,0,1,0,0,0,0,0,0,0,0,0,1,0,0,0,1,0,0,0,0,0,0,1,0,0,0
4,1.0,0.800000012,5.0,P442563,101,9.5,0.6989700043360187,0,0,0,0,1,0,0,0,0,0,0,0,0,0,0,1,0,0,0,0,1,0,0,0,0,0,1,0,0,0
5,1.0,1.0,13.0,P442563,101,9.5,1.0,0,0,1,0,0,0,0,0,0,0,0,0,0,0,0,1,0,0,0,0,1,0,0,0,0,0,1,0,0,0
3,1.0,0.800000012,15.0,P442563,101,9.5,0.649149872836091,0,0,0,1,0,0,0,0,0,0,0,0,0,0,1,0,0,0,0,1,0,0,0,0,0,0,0,0,0,1
5,1.0,0.833333015,30.0,P442563,101,9.5,0.6451860277489462,0,0,1,0,0,0,0,0,0,0,0,0,0,0,1,0,0,0,0,0,1,0,0,0,0,1,0,0,0,0
4,1.0,1.0,4.0,P442563,101,9.5,1.0,0,0,1,0,0,0,0,0,0,0,0,0,0,1,0,0,0,0,0,0,0,1,0,0,0,0,1,0,0,0
4,1.0,0.714286029,14.0,P442563,101,9.5,0.5983768161916053,0,0,0,0,0,0,0,1,0,0,0,0,0,0,0,0,0,0,1,1,0,0,0,0,1,0,0,0,0,0
5,1.0,0.25,4.0,P442563,101,9.5,0.3333333333333333,0,0,0,0,0,1,0,0,0,0,0,0,0,0,0,0,0,0,1,1,0,0,0,0,0,0,1,0,0,0
5,1.0,0.571429014,7.0,P442563,101,9.5,0.5372435736804816,0,0,0,0,1,0,0,0,0,0,0,0,0,0,0,1,0,0,0,1,0,0,0,0,0,0,1,0,0,0
5,1.0,0.75,4.0,P442563,101,9.5,0.6666666666666667,0,0,0,0,0,0,1,0,0,0,0,0,0,0,1,0,0,0,0,0,0,1,0,0,0,1,0,0,0,0
5,1.0,0.666666985,9.0,P442563,101,9.5,0.583970804646981,0,0,0,0,1,0,0,0,0,0,0,0,0,1,0,0,0,0,0,1,0,0,0,0,0,0,1,0,0,0
4,1.0,0.923076987,13.0,P442563,101,9.5,0.7872539464466368,0,0,0,1,0,0,0,0,0,0,0,0,0,0,0,1,0,0,0,0,1,0,0,0,0,0,1,0,0,0
3,0.0,0.222222,9.0,P442563,101,9.5,0.3456871240434053,0,0,0,0,0,1,0,0,0,0,0,0,0,0,0,0,0,1,0,1,0,0,0,0,0,0,1,0,0,0
5,1.0,0.833333015,6.0,P442563,101,9.5,0.7210570543488701,0,0,0,0,0,1,0,0,0,0,0,0,0,0,0,1,0,0,0,0,1,0,0,0,0,0,1,0,0,0
5,1.0,1.0,9.0,P442563,101,9.5,1.0,0,0,1,0,0,0,0,0,0,0,0,0,0,0,0,1,0,0,0,0,0,0,1,0,0,1,0,0,0,0
5,1.0,1.0,12.0,P442563,101,9.5,1.0,0,0,0,0,0,0,1,0,0,0,0,0,0,0,0,1,0,0,0,1,0,0,0,0,0,0,1,0,0,0
5,1.0,0.875,16.0,P442563,101,9.5,0.7113975059201018,0,0,0,0,1,0,0,0,0,0,0,0,0,0,0,1,0,0,0,1,0,0,0,0,0,0,1,0,0,0
5,1.0,1.0,5.0,P442563,101,9.5,1.0,0,0,1,0,0,0,0,0,0,0,0,0,0,0,0,0,0,1,0,0,1,0,0,0,0,1,0,0,0,0
5,1.0,0.714286029,7.0,P442563,101,9.5,0.6199062332840658,0,0,0,0,1,0,0,0,0,0,0,0,0,0,0,0,0,1,0,0,0,0,1,0,0,0,1,0,0,0
5,1.0,1.0,12.0,P442563,101,9.5,1.0,0,0,0,0,0,0,0,0,0,0,0,1,0,0,0,1,0,0,0,0,0,1,0,0,1,0,0,0,0,0
4,1.0,1.0,7.0,P442563,101,9.5,1.0,0,0,0,1,0,0,0,0,0,0,0,0,0,0,0,0,0,1,0,0,1,0,0,0,0,0,1,0,0,0
2,0.0,0.857142985,7.0,P442563,101,9.5,0.7373504649628064,0,0,0,1,0,0,0,0,0,0,0,0,0,0,1,0,0,0,0,1,0,0,0,0,0,1,0,0,0,0
5,1.0,0.800000012,5.0,P442563,101,9.5,0.6989700043360187,0,0,0,0,0,0,1,0,0,0,0,0,0,0,0,1,0,0,0,0,0,0,1,0,1,0,0,0,0,0
5,1.0,0.733332992,15.0,P442563,101,9.5,0.6069119518459337,0,0,0,0,0,0,1,0,0,0,0,0,0,0,0,1,0,0,0,0,0,0,1,0,0,0,1,0,0,0
4,1.0,0.699999988,10.0,P442563,101,9.5,0.6,0,0,0,0,1,0,0,0,0,0,0,0,0,0,0,0,0,0,1,1,0,0,0,0,0,0,1,0,0,0
4,1.0,0.964286029,28.0,P442563,101,9.5,0.8278045662059019,0,0,0,0,1,0,0,0,0,0,0,0,0,0,0,1,0,0,0,1,0,0,0,0,1,0,0,0,0,0
5,1.0,1.0,9.0,P442563,101,9.5,1.0,0,0,0,0,0,1,0,0,0,0,0,0,0,0,0,0,0,1,0,1,0,0,0,0,0,0,1,0,0,0
4,1.0,0.5,4.0,P442563,101,9.5,0.5,0,0,0,0,0,0,1,0,0,0,0,0,0,0,0,1,0,0,0,0,0,0,1,0,1,0,0,0,0,0
5,1.0,1.0,11.0,P442563,101,9.5,1.0,0,0,0,0,0,1,0,0,0,0,0,0,0,0,0,0,0,1,0,0,0,1,0,0,0,1,0,0,0,0
5,1.0,0.9375,16.0,P442563,101,9.5,0.7999999999999999,0,0,0,0,0,1,0,0,0,0,0,0,0,0,0,1,0,0,0,0,0,0,1,0,0,0,1,0,0,0
5,1.0,1.0,13.0,P442563,101,9.5,1.0,0,0,1,0,0,0,0,0,0,0,0,0,0,0,1,0,0,0,0,0,0,1,0,0,0,1,0,0,0,0
5,1.0,0.882353008,17.0,P442563,101,9.5,0.7162089270041655,0,0,1,0,0,0,0,0,0,0,0,0,0,0,0,0,0,1,0,1,0,0,0,0,0,0,1,0,0,0
5,1.0,0.388889015,18.0,P442563,101,9.5,0.4555834599925897,0,0,0,0,0,1,0,0,0,0,0,0,0,0,0,1,0,0,0,1,0,0,0,0,1,0,0,0,0,0
5,1.0,0.916666985,12.0,P442563,101,9.5,0.7818957080144684,0,0,0,0,0,1,0,0,0,0,0,0,0,0,1,0,0,0,0,1,0,0,0,0,0,1,0,0,0,0
4,1.0,0.5,4.0,P442563,101,9.5,0.5,0,0,0,0,1,0,0,0,0,0,0,0,0,0,0,1,0,0,0,1,0,0,0,0,0,0,1,0,0,0
5,1.0,0.588235021,17.0,P442563,101,9.5,0.5355628517926954,0,1,0,0,0,0,0,0,0,0,0,0,0,0,0,1,0,0,0,1,0,0,0,1,0,0,0,0,0,0
5,1.0,1.0,16.0,P442563,101,9.5,1.0,0,0,1,0,0,0,0,0,0,0,0,0,0,0,0,0,0,0,1,0,0,1,0,0,0,1,0,0,0,0
4,1.0,0.727272987,33.0,P442563,101,9.5,0.5829753887155029,0,0,0,0,1,0,0,0,0,0,0,0,0,0,0,1,0,0,0,0,0,0,1,0,0,0,1,0,0,0
5,1.0,1.0,17.0,P442563,101,9.5,1.0,0,0,0,0,1,0,0,0,0,0,0,0,0,0,0,1,0,0,0,0,0,0,1,0,0,0,1,0,0,0
1,0.0,0.81666702,113.72000000000116,P442563,101,9.5,0.5944055428024135,0,0,0,0,1,0,0,0,0,0,0,0,0,0,0,1,0,0,0,1,0,0,0,0,0,0,1,0,0,0
5,1.0,0.928570986,14.0,P442563,101,9.5,0.7919854023234905,0,0,0,0,0,0,1,0,0,0,0,0,0,0,0,1,0,0,0,1,0,0,0,0,0,0,1,0,0,0
5,1.0,0.5,14.0,P442563,101,9.5,0.5,0,0,1,0,0,0,0,0,0,0,0,0,0,0,0,1,0,0,0,1,0,0,0,0,0,0,1,0,0,0
4,1.0,1.0,28.0,P442563,101,9.5,1.0,0,0,1,0,0,0,0,0,0,0,0,0,0,0,0,0,0,1,0,1,0,0,0,0,0,0,1,0,0,0
4,1.0,0.899999976,20.0,P442563,101,9.5,0.7282714920267325,0,0,0,0,1,0,0,0,0,0,0,0,0,0,0,1,0,0,0,0,0,1,0,0,1,0,0,0,0,0
2,0.0,0.840909004,44.0,P442563,101,9.5,0.6362722641402709,0,0,0,0,1,0,0,0,0,0,0,0,0,0,0,0,0,0,1,1,0,0,0,0,0,0,1,0,0,0
5,1.0,0.833333015,12.0,P442563,101,9.5,0.6857972507265685,0,0,0,0,0,1,0,0,0,0,0,0,0,0,0,1,0,0,0,0,0,1,0,0,0,0,1,0,0,0
4,1.0,0.666666985,12.0,P442563,101,9.5,0.5772049881597967,0,0,0,0,0,0,0,0,0,0,0,1,0,0,0,1,0,0,0,1,0,0,0,0,1,0,0,0,0,0
5,1.0,1.0,9.0,P442563,101,9.5,1.0,0,0,0,0,1,0,0,0,0,0,0,0,0,0,1,0,0,0,0,1,0,0,0,0,0,1,0,0,0,0
5,1.0,0.928570986,14.0,P442563,101,9.5,0.7919854023234905,0,0,0,1,0,0,0,0,0,0,0,0,0,0,0,1,0,0,0,1,0,0,0,0,0,1,0,0,0,0
3,1.0,0.0666667,15.0,P442563,101,9.5,0.2037950470905061,0,0,0,0,0,1,0,0,0,0,0,0,0,0,0,1,0,0,0,1,0,0,0,0,0,0,1,0,0,0
5,1.0,0.966666996,30.0,P442563,101,9.5,0.8307061924012187,0,0,0,0,0,1,0,0,0,0,0,0,0,0,0,1,0,0,0,1,0,0,0,0,0,0,1,0,0,0
5,1.0,0.871794999,39.0,P442563,101,9.5,0.6649105223833719,0,0,1,0,0,0,0,0,0,0,0,0,0,0,0,1,0,0,0,1,0,0,0,0,1,0,0,0,0,0
5,1.0,0.79310298,29.0,P442563,101,9.5,0.6202334448725115,0,0,0,0,0,0,0,1,0,0,0,0,0,0,1,0,0,0,0,0,0,1,0,0,0,1,0,0,0,0
5,1.0,0.899999976,20.0,P442563,101,9.5,0.7282714920267325,0,0,0,0,0,0,1,0,0,0,0,0,0,0,0,1,0,0,0,0,0,1,0,0,0,0,1,0,0,0
5,1.0,0.818181992,11.0,P442563,101,9.5,0.6769924925288455,0,0,0,0,1,0,0,0,0,0,0,0,0,0,0,1,0,0,0,1,0,0,0,1,0,0,0,0,0,0
5,1.0,0.714286029,7.0,P442563,101,9.5,0.6199062332840658,0,0,0,0,0,0,1,0,0,0,0,0,0,0,0,0,0,0,1,1,0,0,0,0,0,0,1,0,0,0
5,1.0,0.707316995,41.0,P442563,101,9.5,0.5700827569926186,0,0,0,0,1,0,0,0,0,0,0,0,0,0,0,1,0,0,0,0,0,0,1,0,1,0,0,0,0,0
5,1.0,0.890411019,73.0,P442563,101,9.5,0.6559783788813652,0,1,0,0,0,0,0,0,0,0,0,0,0,0,0,1,0,0,0,0,0,0,1,0,0,0,1,0,0,0
5,1.0,1.0,8.0,P442563,101,9.5,1.0,0,0,0,0,0,1,0,0,0,0,0,0,0,0,0,1,0,0,0,0,0,0,1,0,0,1,0,0,0,0
5,1.0,0.899999976,10.0,P442563,101,9.5,0.7686217868402409,0,0,1,0,0,0,0,0,0,0,0,0,0,0,0,0,0,1,0,0,0,0,1,0,0,1,0,0,0,0
5,1.0,0.75,4.0,P442563,101,9.5,0.6666666666666667,0,0,0,0,1,0,0,0,0,0,0,0,0,0,1,0,0,0,0,0,0,0,1,0,0,0,0,0,0,1
5,1.0,0.875,8.0,P442563,101,9.5,0.75,0,0,0,0,1,0,0,0,0,0,0,0,0,0,0,0,0,0,1,1,0,0,0,0,0,0,1,0,0,0
5,1.0,0.75,8.0,P442563,101,9.5,0.6391511932854698,0,1,0,0,0,0,0,0,0,0,0,0,0,0,0,1,0,0,0,0,0,1,0,0,1,0,0,0,0,0
5,1.0,0.92592603,54.0,P442563,101,9.5,0.7095539854190267,0,0,0,0,1,0,0,0,0,0,0,0,0,0,0,0,0,0,1,1,0,0,0,0,0,0,1,0,0,0
5,1.0,1.0,6.0,P442563,101,9.5,1.0,0,1,0,0,0,0,0,0,0,0,0,0,0,0,0,1,0,0,0,0,1,0,0,0,1,0,0,0,0,0
4,1.0,0.899999976,10.0,P442563,101,9.5,0.7686217868402409,0,0,0,0,0,1,0,0,0,0,0,0,0,0,0,1,0,0,0,0,0,1,0,1,0,0,0,0,0,0
2,0.0,0.176470995,17.0,P442563,101,9.5,0.3385876151975628,0,0,0,0,0,1,0,0,0,0,0,0,0,0,0,1,0,0,0,0,0,0,1,0,0,0,1,0,0,0
5,1.0,0.800000012,5.0,P442563,101,9.5,0.6989700043360187,0,0,0,0,0,1,0,0,0,0,0,0,0,0,0,1,0,0,0,0,1,0,0,0,1,0,0,0,0,0
5,1.0,0.833333015,12.0,P442563,101,9.5,0.6857972507265685,0,0,0,1,0,0,0,0,0,0,0,0,0,0,0,0,0,1,0,0,1,0,0,1,0,0,0,0,0,0
5,1.0,0.740741014,27.0,P442563,101,9.5,0.594173270921001,0,0,0,0,1,0,0,0,0,0,0,0,0,0,0,1,0,0,0,0,1,0,0,0,1,0,0,0,0,0
5,1.0,0.5,10.0,P442563,101,9.5,0.5,0,0,0,1,0,0,0,0,0,0,0,0,0,0,1,0,0,0,0,1,0,0,0,0,1,0,0,0,0,0
5,1.0,0.899999976,10.0,P232903,47,28.0,0.7686217868402409,0,0,1,0,0,0,0,0,0,0,0,0,0,0,1,0,0,0,0,1,0,0,0,0,0,1,0,0,0,0
5,1.0,0.666666985,15.0,P232903,47,28.0,0.5723372020956964,0,0,0,0,0,1,0,0,0,0,0,0,0,0,0,1,0,0,0,1,0,0,0,0,0,0,1,0,0,0
5,1.0,0.75,4.0,P232903,47,28.0,0.6666666666666667,0,0,1,0,0,0,0,0,0,0,0,0,0,0,0,0,0,1,0,1,0,0,0,0,0,0,0,0,0,1
1,0.0,0.699999988,10.0,P232903,47,28.0,0.6,0,0,0,0,0,0,0,1,0,0,0,0,0,0,0,1,0,0,0,0,1,0,0,0,0,0,1,0,0,0
5,1.0,0.941175997,34.0,P232903,47,28.0,0.7609175985614538,0,0,1,0,0,0,0,0,0,0,0,0,0,0,0,1,0,0,0,0,0,1,0,0,0,0,1,0,0,0
4,1.0,1.0,4.0,P232903,47,28.0,1.0,0,0,0,0,1,0,0,0,0,0,0,0,0,0,0,1,0,0,0,1,0,0,0,0,0,0,1,0,0,0
1,1.0,0.25,4.0,P232903,47,28.0,0.3333333333333333,0,0,0,0,1,0,0,0,0,0,0,0,0,0,0,1,0,0,0,1,0,0,0,0,0,0,1,0,0,0
5,1.0,1.0,14.0,P232903,47,28.0,1.0,0,0,0,0,1,0,0,0,0,0,0,0,0,0,0,1,0,0,0,1,0,0,0,0,0,0,1,0,0,0
5,1.0,1.0,5.0,P232903,47,28.0,1.0,0,0,0,0,1,0,0,0,0,0,0,0,0,0,0,1,0,0,0,1,0,0,0,0,0,0,1,0,0,0
4,1.0,0.899999976,10.0,P232903,47,28.0,0.7686217868402409,0,0,0,0,1,0,0,0,0,0,0,0,0,0,0,1,0,0,0,1,0,0,0,0,0,0,1,0,0,0
5,1.0,1.0,4.0,P232903,47,28.0,1.0,0,0,0,0,1,0,0,0,0,0,0,0,0,0,0,1,0,0,0,1,0,0,0,0,0,0,1,0,0,0
4,1.0,0.899999976,10.0,P232903,47,28.0,0.7686217868402409,0,0,0,0,1,0,0,0,0,0,0,0,0,0,0,1,0,0,0,0,0,1,0,0,0,0,1,0,0,0
3,1.0,1.0,5.0,P232903,47,28.0,1.0,0,0,0,0,1,0,0,0,0,0,0,0,0,0,0,1,0,0,0,1,0,0,0,0,0,0,1,0,0,0
1,0.0,0.428570986,7.0,P441101,98,70.0,0.4627564263195183,0,0,1,0,0,0,0,0,0,0,0,0,0,0,0,1,0,0,0,0,0,1,0,0,0,0,1,0,0,0
4,1.0,0.833333015,12.0,P441101,98,70.0,0.6857972507265685,0,0,0,0,1,0,0,0,0,0,0,0,0,0,0,0,0,0,1,0,1,0,0,0,0,1,0,0,0,0
2,0.0,0.333332986,6.0,P441101,98,70.0,0.4056838710822129,0,0,0,0,1,0,0,0,0,0,0,0,0,0,0,1,0,0,0,0,1,0,0,1,0,0,0,0,0,0
5,1.0,0.777778029,9.0,P441101,98,70.0,0.6543128759565946,0,0,0,0,1,0,0,0,0,0,0,0,0,0,0,1,0,0,0,0,1,0,0,0,1,0,0,0,0,0
1,0.0,0.515151978,33.0,P441101,98,70.0,0.5049932352556836,0,0,0,0,0,1,0,0,0,0,0,0,0,1,0,0,0,0,0,1,0,0,0,0,0,1,0,0,0,0
5,1.0,1.0,6.0,P441101,98,70.0,1.0,0,0,0,0,1,0,0,0,0,0,0,0,0,0,0,0,0,0,1,0,1,0,0,0,0,0,1,0,0,0
5,1.0,0.666666985,9.0,P441101,98,70.0,0.583970804646981,0,0,0,0,1,0,0,0,0,0,0,0,0,0,1,0,0,0,0,1,0,0,0,0,0,0,1,0,0,0
5,1.0,1.0,4.0,P441101,98,70.0,1.0,0,0,0,0,0,1,0,0,0,0,0,0,0,0,0,1,0,0,0,0,0,0,1,0,0,0,1,0,0,0
2,0.0,0.800000012,5.0,P441101,98,70.0,0.6989700043360187,0,0,0,0,1,0,0,0,0,0,0,0,0,0,1,0,0,0,0,1,0,0,0,0,0,1,0,0,0,0
5,1.0,0.800000012,5.0,P441101,98,70.0,0.6989700043360187,0,0,0,0,1,0,0,0,0,0,0,0,0,0,0,0,0,0,1,0,1,0,0,0,0,1,0,0,0,0
4,1.0,0.666666985,6.0,P441101,98,70.0,0.5943161289177871,0,0,0,0,0,0,1,0,0,0,0,0,0,0,0,0,0,0,1,0,0,1,0,0,0,0,1,0,0,0
2,0.0,0.266667008,15.0,P441101,98,70.0,0.3930880481540662,0,0,0,0,0,1,0,0,0,0,0,0,0,0,0,1,0,0,0,0,1,0,0,0,0,0,1,0,0,0
2,0.0,0.649999976,20.0,P441101,98,70.0,0.5593001930486659,0,0,0,1,0,0,0,0,0,0,0,0,0,0,0,0,0,1,0,0,1,0,0,0,0,0,1,0,0,0
5,1.0,0.833333015,6.0,P441101,98,70.0,0.7210570543488701,0,0,1,0,0,0,0,0,0,0,0,0,0,0,0,1,0,0,0,1,0,0,0,0,1,0,0,0,0,0
5,1.0,0.75,4.0,P441101,98,70.0,0.6666666666666667,0,0,0,0,0,0,1,0,0,0,0,0,0,0,0,1,0,0,0,0,1,0,0,0,0,0,1,0,0,0
2,0.0,0.388889015,18.0,P441101,98,70.0,0.4555834599925897,0,0,0,0,0,1,0,0,0,0,0,0,0,0,0,1,0,0,0,1,0,0,0,0,0,0,1,0,0,0
3,1.0,0.600000024,10.0,P441101,98,70.0,0.5473191697130572,0,0,1,0,0,0,0,0,0,0,0,0,0,0,0,0,0,1,0,1,0,0,0,0,0,1,0,0,0,0
1,0.0,0.444444001,9.0,P441101,98,70.0,0.4731974454383393,0,0,0,0,1,0,0,0,0,0,0,0,0,0,0,0,0,1,0,1,0,0,0,0,0,0,1,0,0,0
1,0.0,0.5,4.0,P441101,98,70.0,0.5,0,0,0,0,1,0,0,0,0,0,0,0,0,0,0,0,0,0,1,0,1,0,0,0,0,0,1,0,0,0
2,0.0,0.5,4.0,P441101,98,70.0,0.5,0,0,1,0,0,0,0,0,0,0,0,0,0,0,0,0,0,0,1,1,0,0,0,0,0,0,1,0,0,0
2,0.0,0.5,6.0,P441101,98,70.0,0.5,0,0,0,0,1,0,0,0,0,0,0,0,0,0,1,0,0,0,0,0,1,0,0,0,0,0,1,0,0,0
5,1.0,0.777778029,9.0,P441101,98,70.0,0.6543128759565946,0,0,0,1,0,0,0,0,0,0,0,0,0,0,1,0,0,0,0,1,0,0,0,1,0,0,0,0,0,0
5,1.0,1.0,4.0,P441101,98,70.0,1.0,0,0,0,0,1,0,0,0,0,0,0,0,0,0,0,1,0,0,0,0,1,0,0,0,1,0,0,0,0,0
5,1.0,0.866666973,15.0,P441101,98,70.0,0.7060702520912807,0,0,0,0,0,1,0,0,0,0,0,0,0,0,0,1,0,0,0,1,0,0,0,0,0,0,1,0,0,0
5,1.0,1.0,4.0,P441101,98,70.0,1.0,0,0,1,0,0,0,0,0,0,0,0,0,0,0,1,0,0,0,0,1,0,0,0,0,0,1,0,0,0,0
5,1.0,1.0,11.0,P441101,98,70.0,1.0,0,0,0,0,1,0,0,0,0,0,0,0,0,0,1,0,0,0,0,0,1,0,0,0,0,0,1,0,0,0
5,1.0,0.800000012,5.0,P441101,98,70.0,0.6989700043360187,0,0,0,0,0,0,0,1,0,0,0,0,0,0,0,0,0,0,1,0,1,0,0,0,1,0,0,0,0,0
3,0.0,0.333332986,6.0,P441101,98,70.0,0.4056838710822129,0,0,0,0,0,1,0,0,0,0,0,0,0,0,0,1,0,0,0,1,0,0,0,0,0,0,1,0,0,0
3,0.0,0.75,8.0,P441101,98,70.0,0.6391511932854698,0,0,0,0,0,1,0,0,0,0,0,0,0,0,0,1,0,0,0,1,0,0,0,0,0,0,0,0,1,0
5,1.0,0.75,8.0,P441101,98,70.0,0.6391511932854698,0,0,1,0,0,0,0,0,0,0,0,0,0,0,1,0,0,0,0,0,0,1,0,0,0,1,0,0,0,0
5,1.0,0.842104971,19.0,P441101,98,70.0,0.6714559000758995,0,0,0,0,1,0,0,0,0,0,0,0,0,0,0,1,0,0,0,0,1,0,0,0,0,0,1,0,0,0
5,1.0,1.0,6.0,P441101,98,70.0,1.0,0,0,0,0,1,0,0,0,0,0,0,0,0,0,0,0,0,0,1,1,0,0,0,0,0,0,1,0,0,0
5,1.0,1.0,5.0,P441101,98,70.0,1.0,0,0,0,0,0,0,1,0,0,0,0,0,0,0,0,1,0,0,0,0,0,0,1,0,0,1,0,0,0,0
2,0.0,0.53125,32.0,P441101,98,70.0,0.510399422357752,0,0,1,0,0,0,0,0,0,0,0,0,0,0,0,0,0,1,0,1,0,0,0,0,0,0,1,0,0,0
5,1.0,1.0,4.0,P441101,98,70.0,1.0,0,0,1,0,0,0,0,0,0,0,0,0,0,0,1,0,0,0,0,1,0,0,0,0,0,0,1,0,0,0
2,0.0,1.0,6.0,P441101,98,70.0,1.0,0,0,0,1,0,0,0,0,0,0,0,0,0,0,1,0,0,0,0,0,1,0,0,0,0,0,1,0,0,0
5,1.0,1.0,10.0,P441101,98,70.0,1.0,0,0,0,0,0,0,1,0,0,0,0,0,0,0,0,1,0,0,0,1,0,0,0,0,0,0,1,0,0,0
2,0.0,0.899999976,20.0,P441101,98,70.0,0.7282714920267325,0,0,0,0,0,1,0,0,0,0,0,0,0,0,0,1,0,0,0,0,0,1,0,0,0,1,0,0,0,0
5,1.0,0.800000012,5.0,P441101,98,70.0,0.6989700043360187,0,0,0,0,1,0,0,0,0,0,0,0,0,0,1,0,0,0,0,1,0,0,0,0,0,1,0,0,0,0
3,1.0,0.800000012,5.0,P441101,98,70.0,0.6989700043360187,0,0,0,0,0,1,0,0,0,0,0,0,0,0,0,1,0,0,0,1,0,0,0,0,1,0,0,0,0,0
1,0.0,0.25,4.0,P441101,98,70.0,0.3333333333333333,0,0,0,0,0,0,1,0,0,0,0,0,0,0,0,1,0,0,0,1,0,0,0,0,0,0,1,0,0,0
1,0.0,0.833333015,6.0,P441101,98,70.0,0.7210570543488701,0,0,1,0,0,0,0,0,0,0,0,0,0,0,1,0,0,0,0,1,0,0,0,0,0,1,0,0,0,0
3,0.0,0.75,4.0,P441101,98,70.0,0.6666666666666667,0,0,0,0,0,0,1,0,0,0,0,0,0,0,0,1,0,0,0,1,0,0,0,0,1,0,0,0,0,0
5,0.0,0.97142899,35.0,P441101,98,70.0,0.8368487803164891,0,0,0,0,0,0,0,0,0,0,0,0,1,0,0,1,0,0,0,0,1,0,0,0,1,0,0,0,0,0
5,1.0,0.875,8.0,P441101,98,70.0,0.75,0,0,1,0,0,0,0,0,0,0,0,0,0,0,1,0,0,0,0,0,1,0,0,0,0,0,1,0,0,0
4,1.0,0.854166985,48.0,P441101,98,70.0,0.6425302036530123,0,0,1,0,0,0,0,0,0,0,0,0,0,0,0,1,0,0,0,0,0,1,0,0,0,0,1,0,0,0
5,1.0,0.285714,7.0,P441101,98,70.0,0.3800937667159343,0,0,0,0,1,0,0,0,0,0,0,0,0,0,0,0,0,1,0,0,1,0,0,0,0,1,0,0,0,0
1,0.0,0.75,12.0,P378852,68,36.0,0.6241963505817848,0,0,1,0,0,0,0,0,0,0,0,0,0,0,0,0,0,1,0,1,0,0,0,0,0,1,0,0,0,0
2,0.0,0.928570986,14.0,P378852,68,36.0,0.7919854023234905,0,1,0,0,0,0,0,0,0,0,0,0,0,0,0,1,0,0,0,0,0,0,1,0,0,0,1,0,0,0
1,0.0,0.5,6.0,P378852,68,36.0,0.5,0,0,0,0,1,0,0,0,0,0,0,0,0,0,1,0,0,0,0,1,0,0,0,0,0,0,1,0,0,0
5,1.0,0.857142985,7.0,P378852,68,36.0,0.7373504649628064,0,0,1,0,0,0,0,0,0,0,0,0,0,0,0,1,0,0,0,1,0,0,0,0,0,0,1,0,0,0
5,1.0,0.857142985,7.0,P378852,68,36.0,0.7373504649628064,0,0,1,0,0,0,0,0,0,0,0,0,0,0,0,1,0,0,0,1,0,0,0,0,0,0,1,0,0,0
4,1.0,0.916666985,12.0,P378852,68,36.0,0.7818957080144684,0,0,1,0,0,0,0,0,0,0,0,0,0,0,0,1,0,0,0,1,0,0,0,0,0,0,1,0,0,0
2,1.0,1.0,4.0,P378852,68,36.0,1.0,0,0,1,0,0,0,0,0,0,0,0,0,0,0,0,1,0,0,0,0,1,0,0,0,0,0,1,0,0,0
4,1.0,1.0,5.0,P378852,68,36.0,1.0,0,0,1,0,0,0,0,0,0,0,0,0,0,0,0,1,0,0,0,1,0,0,0,0,0,0,1,0,0,0
5,1.0,1.0,4.0,P378852,68,36.0,1.0,0,0,1,0,0,0,0,0,0,0,0,0,0,0,0,1,0,0,0,1,0,0,0,0,0,0,1,0,0,0
5,1.0,0.75,4.0,P456207,46,38.5,0.6666666666666667,0,0,0,0,1,0,0,0,0,0,0,0,0,0,0,1,0,0,0,1,0,0,0,0,1,0,0,0,0,0
5,1.0,0.0,5.0,P456207,46,38.5,0.0,0,0,0,0,0,1,0,0,0,0,0,0,0,0,0,1,0,0,0,1,0,0,0,0,1,0,0,0,0,0
1,0.0,0.333332986,6.0,P456207,46,38.5,0.4056838710822129,0,0,0,0,1,0,0,0,0,0,0,0,0,0,0,1,0,0,0,1,0,0,0,0,0,0,1,0,0,0
4,1.0,0.928570986,14.0,P232915,47,98.0,0.7919854023234905,0,0,0,0,0,0,1,0,0,0,0,0,0,0,0,1,0,0,0,1,0,0,0,0,0,0,1,0,0,0
5,1.0,0.777778029,9.0,P232915,47,98.0,0.6543128759565946,0,0,0,0,1,0,0,0,0,0,0,0,0,0,0,1,0,0,0,1,0,0,0,0,0,0,1,0,0,0
4,1.0,0.699999988,10.0,P232915,47,98.0,0.6,0,0,1,0,0,0,0,0,0,0,0,0,0,0,0,1,0,0,0,1,0,0,0,0,0,0,1,0,0,0
4,1.0,0.941175997,17.0,P232915,47,98.0,0.8034383677671774,0,0,0,0,0,1,0,0,0,0,0,0,0,0,0,1,0,0,0,0,0,0,1,0,0,0,1,0,0,0
5,1.0,1.0,4.0,P232915,47,98.0,1.0,0,0,0,0,1,0,0,0,0,0,0,0,0,0,0,0,0,1,0,0,0,0,1,0,0,1,0,0,0,0
4,1.0,0.9375,16.0,P232915,47,98.0,0.7999999999999999,0,0,1,0,0,0,0,0,0,0,0,0,0,0,1,0,0,0,0,0,0,1,0,0,0,0,1,0,0,0
4,1.0,1.0,5.0,P232915,47,98.0,1.0,0,0,1,0,0,0,0,0,0,0,0,0,0,0,0,0,0,1,0,0,0,1,0,0,0,1,0,0,0,0
5,1.0,0.75,4.0,P232915,47,98.0,0.6666666666666667,0,0,0,0,0,1,0,0,0,0,0,0,0,0,1,0,0,0,0,0,1,0,0,0,0,1,0,0,0,0
1,1.0,0.5,10.0,P232915,47,98.0,0.5,0,0,0,0,1,0,0,0,0,0,0,0,0,0,0,1,0,0,0,1,0,0,0,0,0,0,1,0,0,0
1,1.0,0.75,4.0,P232915,47,98.0,0.6666666666666667,0,0,0,0,1,0,0,0,0,0,0,0,0,0,0,1,0,0,0,1,0,0,0,0,0,0,1,0,0,0
5,1.0,0.888889015,9.0,P232915,47,98.0,0.7601875334318686,0,0,1,0,0,0,0,0,0,0,0,0,0,0,0,1,0,0,0,1,0,0,0,0,0,0,1,0,0,0
2,1.0,0.400000006,5.0,P232915,47,98.0,0.4421141086977403,0,0,1,0,0,0,0,0,0,0,0,0,0,0,0,1,0,0,0,0,0,1,0,0,0,0,1,0,0,0
3,1.0,1.0,4.0,P232915,47,98.0,1.0,0,0,0,0,0,0,0,0,0,0,0,0,1,0,0,1,0,0,0,1,0,0,0,0,0,0,1,0,0,0
3,1.0,1.0,6.0,P455364,99,11.99,1.0,0,0,0,0,1,0,0,0,0,0,0,0,0,0,0,1,0,0,0,0,0,1,0,0,0,0,1,0,0,0
5,1.0,1.0,5.0,P455364,99,11.99,1.0,0,0,0,0,1,0,0,0,0,0,0,0,0,0,0,1,0,0,0,0,0,1,0,0,0,0,1,0,0,0
1,0.0,1.0,4.0,P455364,99,11.99,1.0,0,0,1,0,0,0,0,0,0,0,0,0,0,0,1,0,0,0,0,0,1,0,0,0,0,0,1,0,0,0
1,0.0,0.5,10.0,P455364,99,11.99,0.5,0,0,0,0,0,0,0,1,0,0,0,0,0,0,0,1,0,0,0,1,0,0,0,0,0,0,1,0,0,0
1,0.0,0.5625,16.0,P455364,99,11.99,0.5254612271806531,0,0,0,0,0,0,1,0,0,0,0,0,0,0,0,1,0,0,0,0,0,0,1,0,1,0,0,0,0,0
3,1.0,1.0,6.0,P455364,99,11.99,1.0,0,0,0,0,0,0,0,1,0,0,0,0,0,0,0,1,0,0,0,0,1,0,0,0,1,0,0,0,0,0
2,0.0,1.0,6.0,P455364,99,11.99,1.0,0,0,0,0,1,0,0,0,0,0,0,0,0,0,0,1,0,0,0,0,1,0,0,0,0,0,1,0,0,0
3,1.0,1.0,6.0,P455364,99,11.99,1.0,0,0,1,0,0,0,0,0,0,0,0,0,0,0,1,0,0,0,0,1,0,0,0,0,0,1,0,0,0,0
3,1.0,0.588235021,17.0,P455364,99,11.99,0.5355628517926954,0,0,0,0,0,0,0,0,0,0,0,0,1,0,0,1,0,0,0,1,0,0,0,0,1,0,0,0,0,0
1,0.0,1.0,4.0,P455364,99,11.99,1.0,0,0,1,0,0,0,0,0,0,0,0,0,0,0,0,1,0,0,0,0,0,1,0,0,1,0,0,0,0,0
4,1.0,0.25,4.0,P455364,99,11.99,0.3333333333333333,0,0,0,1,0,0,0,0,0,0,0,0,0,0,0,0,0,0,1,1,0,0,0,0,0,1,0,0,0,0
4,1.0,0.888889015,9.0,P455364,99,11.99,0.7601875334318686,0,0,0,0,0,0,1,0,0,0,0,0,0,0,0,0,0,0,1,1,0,0,0,0,0,0,1,0,0,0
1,0.0,0.375,8.0,P455364,99,11.99,0.4362085839710631,0,1,0,0,0,0,0,0,0,0,0,0,0,0,0,1,0,0,0,1,0,0,0,0,1,0,0,0,0,0
5,1.0,1.0,5.0,P455364,99,11.99,1.0,0,0,0,0,0,1,0,0,0,0,0,0,0,0,0,1,0,0,0,0,0,0,1,0,0,0,1,0,0,0
3,0.0,0.833333015,6.0,P455364,99,11.99,0.7210570543488701,0,0,1,0,0,0,0,0,0,0,0,0,0,0,0,0,0,1,0,0,0,1,0,0,0,1,0,0,0,0
5,1.0,1.0,14.0,P455364,99,11.99,1.0,0,0,0,0,1,0,0,0,0,0,0,0,0,0,0,1,0,0,0,0,1,0,0,0,1,0,0,0,0,0
5,1.0,0.916666985,12.0,P455364,99,11.99,0.7818957080144684,0,0,0,0,0,1,0,0,0,0,0,0,0,0,0,1,0,0,0,1,0,0,0,0,0,0,1,0,0,0
5,1.0,1.0,26.0,P455364,99,11.99,1.0,0,0,0,0,1,0,0,0,0,0,0,0,0,0,1,0,0,0,0,1,0,0,0,0,0,0,1,0,0,0
5,1.0,1.0,4.0,P455364,99,11.99,1.0,0,0,1,0,0,0,0,0,0,0,0,0,0,0,0,0,0,0,1,0,1,0,0,0,0,0,1,0,0,0
3,1.0,1.0,6.0,P478030,99,5.99,1.0,0,0,0,0,1,0,0,0,0,0,0,0,0,0,0,1,0,0,0,0,0,1,0,0,0,0,1,0,0,0
5,1.0,1.0,5.0,P478030,99,5.99,1.0,0,0,0,0,1,0,0,0,0,0,0,0,0,0,0,1,0,0,0,0,0,1,0,0,0,0,1,0,0,0
1,0.0,1.0,4.0,P478030,99,5.99,1.0,0,0,1,0,0,0,0,0,0,0,0,0,0,0,1,0,0,0,0,0,1,0,0,0,0,0,1,0,0,0
1,0.0,0.5,10.0,P478030,99,5.99,0.5,0,0,0,0,0,0,0,1,0,0,0,0,0,0,0,1,0,0,0,1,0,0,0,0,0,0,1,0,0,0
1,0.0,0.5625,16.0,P478030,99,5.99,0.5254612271806531,0,0,0,0,0,0,1,0,0,0,0,0,0,0,0,1,0,0,0,0,0,0,1,0,1,0,0,0,0,0
3,1.0,1.0,6.0,P478030,99,5.99,1.0,0,0,0,0,0,0,0,1,0,0,0,0,0,0,0,1,0,0,0,0,1,0,0,0,1,0,0,0,0,0
2,0.0,1.0,6.0,P478030,99,5.99,1.0,0,0,0,0,1,0,0,0,0,0,0,0,0,0,0,1,0,0,0,0,1,0,0,0,0,0,1,0,0,0
3,1.0,1.0,6.0,P478030,99,5.99,1.0,0,0,1,0,0,0,0,0,0,0,0,0,0,0,1,0,0,0,0,1,0,0,0,0,0,1,0,0,0,0
3,1.0,0.588235021,17.0,P478030,99,5.99,0.5355628517926954,0,0,0,0,0,0,0,0,0,0,0,0,1,0,0,1,0,0,0,1,0,0,0,0,1,0,0,0,0,0
1,0.0,1.0,4.0,P478030,99,5.99,1.0,0,0,1,0,0,0,0,0,0,0,0,0,0,0,0,1,0,0,0,0,0,1,0,0,1,0,0,0,0,0
4,1.0,0.25,4.0,P478030,99,5.99,0.3333333333333333,0,0,0,1,0,0,0,0,0,0,0,0,0,0,0,0,0,0,1,1,0,0,0,0,0,1,0,0,0,0
4,1.0,0.888889015,9.0,P478030,99,5.99,0.7601875334318686,0,0,0,0,0,0,1,0,0,0,0,0,0,0,0,0,0,0,1,1,0,0,0,0,0,0,1,0,0,0
1,0.0,0.375,8.0,P478030,99,5.99,0.4362085839710631,0,1,0,0,0,0,0,0,0,0,0,0,0,0,0,1,0,0,0,1,0,0,0,0,1,0,0,0,0,0
5,1.0,1.0,5.0,P478030,99,5.99,1.0,0,0,0,0,0,1,0,0,0,0,0,0,0,0,0,1,0,0,0,0,0,0,1,0,0,0,1,0,0,0
3,0.0,0.833333015,6.0,P478030,99,5.99,0.7210570543488701,0,0,1,0,0,0,0,0,0,0,0,0,0,0,0,0,0,1,0,0,0,1,0,0,0,1,0,0,0,0
5,1.0,1.0,14.0,P478030,99,5.99,1.0,0,0,0,0,1,0,0,0,0,0,0,0,0,0,0,1,0,0,0,0,1,0,0,0,1,0,0,0,0,0
5,1.0,0.916666985,12.0,P478030,99,5.99,0.7818957080144684,0,0,0,0,0,1,0,0,0,0,0,0,0,0,0,1,0,0,0,1,0,0,0,0,0,0,1,0,0,0
5,1.0,1.0,26.0,P478030,99,5.99,1.0,0,0,0,0,1,0,0,0,0,0,0,0,0,0,1,0,0,0,0,1,0,0,0,0,0,0,1,0,0,0
5,1.0,1.0,4.0,P478030,99,5.99,1.0,0,0,1,0,0,0,0,0,0,0,0,0,0,0,0,0,0,0,1,0,1,0,0,0,0,0,1,0,0,0
4,1.0,0.625,16.0,P422905,110,48.0,0.5520264007992993,0,0,0,0,0,1,0,0,0,0,0,0,0,0,0,1,0,0,0,0,0,0,1,0,1,0,0,0,0,0
1,0.0,0.875,8.0,P422905,110,48.0,0.75,0,0,0,0,0,1,0,0,0,0,0,0,0,0,0,1,0,0,0,1,0,0,0,0,0,0,1,0,0,0
5,1.0,0.899999976,10.0,P422905,110,48.0,0.7686217868402409,0,0,1,0,0,0,0,0,0,0,0,0,0,0,1,0,0,0,0,0,0,1,0,0,0,0,1,0,0,0
4,1.0,0.916666985,12.0,P422905,110,48.0,0.7818957080144684,0,0,0,0,1,0,0,0,0,0,0,0,0,0,0,1,0,0,0,1,0,0,0,0,0,0,1,0,0,0
5,1.0,1.0,8.0,P422905,110,48.0,1.0,0,0,1,0,0,0,0,0,0,0,0,0,0,0,0,0,0,0,1,0,0,0,1,0,0,0,1,0,0,0
4,1.0,1.0,4.0,P422905,110,48.0,1.0,0,0,1,0,0,0,0,0,0,0,0,0,0,0,0,1,0,0,0,0,0,1,0,0,0,0,1,0,0,0
3,0.0,0.777778029,9.0,P422905,110,48.0,0.6543128759565946,0,0,1,0,0,0,0,0,0,0,0,0,0,0,1,0,0,0,0,1,0,0,0,0,0,1,0,0,0,0
5,1.0,1.0,7.0,P422905,110,48.0,1.0,0,0,0,0,0,0,0,1,0,0,0,0,0,0,0,0,0,1,0,0,0,1,0,0,0,0,1,0,0,0
2,0.0,1.0,5.0,P422905,110,48.0,1.0,0,0,0,0,1,0,0,0,0,0,0,0,0,0,0,0,0,1,0,0,0,0,1,0,0,0,1,0,0,0
1,0.0,0.0,6.0,P422905,110,48.0,0.0,0,0,0,0,0,0,1,0,0,0,0,0,0,0,0,1,0,0,0,0,1,0,0,0,0,0,0,1,0,0
1,0.0,0.600000024,5.0,P422905,110,48.0,0.5578858913022596,0,0,0,0,1,0,0,0,0,0,0,0,0,0,0,1,0,0,0,1,0,0,0,0,0,0,1,0,0,0
2,0.0,0.166666999,6.0,P422905,110,48.0,0.2789429456511298,0,0,0,0,1,0,0,0,0,0,0,0,0,0,0,1,0,0,0,1,0,0,0,0,0,0,1,0,0,0
5,1.0,0.857142985,14.0,P422905,110,48.0,0.7001245250427999,0,0,0,0,0,0,0,1,0,0,0,0,0,0,0,1,0,0,0,1,0,0,0,0,0,0,1,0,0,0
2,0.0,0.75,4.0,P422905,110,48.0,0.6666666666666667,0,0,0,0,0,1,0,0,0,0,0,0,0,0,1,0,0,0,0,0,1,0,0,0,0,1,0,0,0,0
2,0.0,0.892472982,93.0,P422905,110,48.0,0.6488510208599416,0,0,0,0,1,0,0,0,0,0,0,0,0,0,0,1,0,0,0,1,0,0,0,0,0,0,1,0,0,0
5,1.0,0.800000012,5.0,P422905,110,48.0,0.6989700043360187,0,0,0,0,0,1,0,0,0,0,0,0,0,0,0,1,0,0,0,0,0,0,1,0,0,0,1,0,0,0
5,1.0,0.863636017,44.0,P422905,110,48.0,0.6531027839866069,0,0,0,0,1,0,0,0,0,0,0,0,0,0,0,1,0,0,0,1,0,0,0,0,0,0,1,0,0,0
5,1.0,0.571429014,7.0,P430337,66,51.0,0.5372435736804816,0,0,1,0,0,0,0,0,0,0,0,0,0,0,1,0,0,0,0,1,0,0,0,0,1,0,0,0,0,0
5,1.0,0.5,6.0,P430337,66,51.0,0.5,0,0,0,0,0,0,1,0,0,0,0,0,0,0,0,0,0,1,0,0,0,1,0,0,0,1,0,0,0,0
4,0.0,0.75,4.0,P430337,66,51.0,0.6666666666666667,0,0,1,0,0,0,0,0,0,0,0,0,0,0,0,0,0,0,1,0,0,0,1,1,0,0,0,0,0,0
2,0.0,1.0,4.0,P430337,66,51.0,1.0,0,0,1,0,0,0,0,0,0,0,0,0,0,0,0,1,0,0,0,1,0,0,0,0,0,0,1,0,0,0
2,0.0,1.0,4.0,P430337,66,51.0,1.0,0,0,0,0,0,1,0,0,0,0,0,0,0,0,0,1,0,0,0,1,0,0,0,0,0,0,0,0,1,0
4,1.0,0.833333015,6.0,P430337,66,51.0,0.7210570543488701,0,0,0,0,1,0,0,0,0,0,0,0,0,0,0,1,0,0,0,0,1,0,0,0,1,0,0,0,0,0
2,0.0,1.0,5.0,P430337,66,51.0,1.0,0,0,0,0,1,0,0,0,0,0,0,0,0,0,0,1,0,0,0,0,1,0,0,0,0,0,1,0,0,0
5,1.0,0.875,8.0,P430337,66,51.0,0.75,0,0,0,0,0,0,1,0,0,0,0,0,0,0,0,0,0,0,1,1,0,0,0,0,0,1,0,0,0,0
1,0.0,0.692308009,13.0,P430337,66,51.0,0.588591910067779,0,0,0,0,0,1,0,0,0,0,0,0,0,0,0,0,0,1,0,0,0,0,1,0,1,0,0,0,0,0
5,1.0,0.818181992,11.0,P430337,66,51.0,0.6769924925288455,0,0,0,0,0,0,0,0,0,0,0,0,1,0,0,1,0,0,0,1,0,0,0,0,1,0,0,0,0,0
2,1.0,0.818181992,11.0,P430337,66,51.0,0.6769924925288455,0,0,0,1,0,0,0,0,0,0,0,0,0,0,0,0,0,0,1,1,0,0,0,0,0,1,0,0,0,0
5,1.0,1.0,4.0,P302103,111,28.0,1.0,0,0,0,0,0,0,1,0,0,0,0,0,0,0,0,1,0,0,0,1,0,0,0,0,1,0,0,0,0,0
1,0.0,0.5,4.0,P302103,111,28.0,0.5,0,0,0,1,0,0,0,0,0,0,0,0,0,0,1,0,0,0,0,1,0,0,0,0,0,0,1,0,0,0
2,0.0,1.0,6.0,P302103,111,28.0,1.0,0,0,1,0,0,0,0,0,0,0,0,0,0,0,0,1,0,0,0,1,0,0,0,0,1,0,0,0,0,0
5,1.0,1.0,5.0,P302103,111,28.0,1.0,0,0,1,0,0,0,0,0,0,0,0,0,0,0,0,1,0,0,0,1,0,0,0,0,0,0,1,0,0,0
2,1.0,0.600000024,5.0,P302103,111,28.0,0.5578858913022596,0,0,1,0,0,0,0,0,0,0,0,0,0,0,0,0,0,1,0,1,0,0,0,0,0,0,1,0,0,0
5,1.0,0.5,4.0,P302103,111,28.0,0.5,0,0,0,0,1,0,0,0,0,0,0,0,0,1,0,0,0,0,0,1,0,0,0,0,0,0,1,0,0,0
5,1.0,1.0,13.0,P302103,111,28.0,1.0,0,0,1,0,0,0,0,0,0,0,0,0,0,0,0,1,0,0,0,1,0,0,0,0,0,0,1,0,0,0
4,1.0,0.75,4.0,P302103,111,28.0,0.6666666666666667,0,0,1,0,0,0,0,0,0,0,0,0,0,0,0,1,0,0,0,1,0,0,0,0,0,0,1,0,0,0
5,1.0,1.0,6.0,P302103,111,28.0,1.0,0,0,1,0,0,0,0,0,0,0,0,0,0,0,0,1,0,0,0,1,0,0,0,0,0,0,1,0,0,0
5,1.0,0.25,20.0,P439061,66,35.0,0.3925553866765471,0,0,0,0,0,1,0,0,0,0,0,0,0,0,0,1,0,0,0,0,0,0,1,0,1,0,0,0,0,0
5,1.0,0.899999976,10.0,P439061,66,35.0,0.7686217868402409,0,0,0,0,1,0,0,0,0,0,0,0,0,0,1,0,0,0,0,1,0,0,0,0,0,1,0,0,0,0
4,1.0,0.5,4.0,P439061,66,35.0,0.5,0,1,0,0,0,0,0,0,0,0,0,0,0,0,0,1,0,0,0,1,0,0,0,0,1,0,0,0,0,0
5,1.0,0.846153975,13.0,P439061,66,35.0,0.6934264036172708,0,0,0,0,0,1,0,0,0,0,0,0,0,0,0,1,0,0,0,0,0,0,1,0,0,0,1,0,0,0
3,0.0,0.75,4.0,P439061,66,35.0,0.6666666666666667,0,0,0,0,0,0,0,0,0,0,0,1,0,0,0,1,0,0,0,0,1,0,0,0,1,0,0,0,0,0
3,0.0,0.444444001,9.0,P439061,66,35.0,0.4731974454383393,0,0,0,0,0,0,0,0,0,0,0,0,1,0,0,1,0,0,0,1,0,0,0,0,1,0,0,0,0,0
5,1.0,1.0,7.0,P439061,66,35.0,1.0,0,0,0,0,0,0,0,0,0,0,0,1,0,0,0,1,0,0,0,0,0,0,1,0,1,0,0,0,0,0
5,1.0,0.454544991,11.0,P439061,66,35.0,0.4793787713240883,0,0,0,0,0,1,0,0,0,0,0,0,0,0,0,1,0,0,0,0,0,0,1,0,1,0,0,0,0,0
1,0.0,0.800000012,10.0,P439061,66,35.0,0.6666666666666666,0,0,0,0,1,0,0,0,0,0,0,0,0,0,1,0,0,0,0,0,0,1,0,0,0,0,1,0,0,0
5,1.0,1.0,8.0,P439061,66,35.0,1.0,0,0,0,0,1,0,0,0,0,0,0,0,0,0,0,1,0,0,0,0,0,0,1,0,0,1,0,0,0,0
5,1.0,0.923076987,13.0,P439061,66,35.0,0.7872539464466368,0,0,0,0,0,1,0,0,0,0,0,0,0,0,0,0,0,0,1,1,0,0,0,0,0,1,0,0,0,0
5,1.0,1.0,8.0,P439061,66,35.0,1.0,0,0,1,0,0,0,0,0,0,0,0,0,0,0,0,0,0,0,1,0,1,0,0,0,0,0,1,0,0,0
5,1.0,0.962962985,27.0,P439061,66,35.0,0.82623465712856,0,0,0,0,1,0,0,0,0,0,0,0,0,0,0,0,0,1,0,0,0,0,1,0,1,0,0,0,0,0
1,0.0,1.0,4.0,P439061,66,35.0,1.0,0,0,0,0,0,1,0,0,0,0,0,0,0,0,0,0,0,0,1,0,0,1,0,0,0,1,0,0,0,0
5,1.0,1.0,15.0,P439061,66,35.0,1.0,0,0,0,0,1,0,0,0,0,0,0,0,0,0,0,1,0,0,0,1,0,0,0,0,1,0,0,0,0,0
1,0.0,0.5,12.0,P439061,66,35.0,0.5,0,0,0,0,1,0,0,0,0,0,0,0,0,0,0,1,0,0,0,1,0,0,0,0,0,0,1,0,0,0
2,1.0,0.777778029,18.0,P439061,66,35.0,0.6272281775627488,0,0,0,0,1,0,0,0,0,0,0,0,0,0,0,1,0,0,0,0,1,0,0,0,0,0,1,0,0,0
2,0.0,0.800000012,10.0,P439061,66,35.0,0.6666666666666666,0,0,0,0,1,0,0,0,0,0,0,0,0,0,1,0,0,0,0,0,0,0,1,0,0,0,1,0,0,0
5,1.0,1.0,4.0,P439061,66,35.0,1.0,0,0,0,0,0,1,0,0,0,0,0,0,0,0,1,0,0,0,0,0,0,1,0,0,1,0,0,0,0,0
5,1.0,0.649999976,20.0,P439061,66,35.0,0.5593001930486659,0,0,0,0,0,0,0,0,0,0,0,0,1,0,0,1,0,0,0,0,0,0,1,0,1,0,0,0,0,0
5,1.0,1.0,12.0,P439061,66,35.0,1.0,0,1,0,0,0,0,0,0,0,0,0,0,0,0,0,1,0,0,0,1,0,0,0,0,1,0,0,0,0,0
1,0.0,0.923076987,39.0,P439061,66,35.0,0.7225864571737165,0,0,0,0,0,0,0,0,0,0,0,0,1,0,0,1,0,0,0,0,0,0,1,0,1,0,0,0,0,0
1,0.0,1.0,8.0,P439061,66,35.0,1.0,0,0,0,0,0,0,0,0,0,0,0,0,1,0,0,1,0,0,0,1,0,0,0,0,1,0,0,0,0,0
3,0.0,0.880952001,42.0,P439061,66,35.0,0.6699861103568933,0,0,1,0,0,0,0,0,0,0,0,0,0,0,1,0,0,0,0,1,0,0,0,0,0,1,0,0,0,0
4,1.0,0.625,16.0,P439061,66,35.0,0.5520264007992993,0,0,0,0,0,0,0,0,0,0,0,1,0,0,0,1,0,0,0,1,0,0,0,0,1,0,0,0,0,0
2,0.0,0.40170899,113.72000000000116,P375849,79,245.0,0.4759352963532191,0,0,0,0,1,0,0,0,0,0,0,0,0,0,0,1,0,0,0,1,0,0,0,0,1,0,0,0,0,0
4,1.0,0.818181992,33.0,P375849,79,245.0,0.6313247675185968,0,0,0,1,0,0,0,0,0,0,0,0,0,0,1,0,0,0,0,1,0,0,0,0,0,1,0,0,0,0
1,0.0,1.0,5.0,P375849,79,245.0,1.0,0,0,1,0,0,0,0,0,0,0,0,0,0,0,0,0,0,1,0,1,0,0,0,0,0,1,0,0,0,0
5,1.0,0.666666985,12.0,P375849,79,245.0,0.5772049881597967,0,0,0,0,0,0,1,0,0,0,0,0,0,0,0,1,0,0,0,1,0,0,0,0,1,0,0,0,0,0
1,0.0,0.714286029,21.0,P375849,79,245.0,0.5875997426017788,0,0,0,0,1,0,0,0,0,0,0,0,0,0,0,0,0,1,0,1,0,0,0,0,0,0,1,0,0,0
1,0.0,1.0,16.0,P375849,79,245.0,1.0,0,0,0,0,0,1,0,0,0,0,0,0,0,0,0,1,0,0,0,1,0,0,0,0,0,0,1,0,0,0
4,1.0,0.86956501,23.0,P375849,79,245.0,0.687124423315857,0,0,0,0,0,0,0,1,0,0,0,0,0,0,0,1,0,0,0,1,0,0,0,0,0,0,1,0,0,0
5,1.0,1.0,7.0,P375849,79,245.0,1.0,0,0,0,0,1,0,0,0,0,0,0,0,0,0,0,1,0,0,0,1,0,0,0,0,1,0,0,0,0,0
1,0.0,0.909090996,33.0,P375849,79,245.0,0.7124038622532448,0,0,0,0,0,0,0,1,0,0,0,0,0,0,0,0,0,0,1,1,0,0,0,0,0,0,1,0,0,0
4,1.0,1.0,5.0,P375849,79,245.0,1.0,0,0,0,0,0,1,0,0,0,0,0,0,0,0,0,1,0,0,0,1,0,0,0,0,1,0,0,0,0,0
1,0.0,0.75,4.0,P375849,79,245.0,0.6666666666666667,0,0,0,0,0,1,0,0,0,0,0,0,0,0,0,1,0,0,0,0,1,0,0,0,0,0,1,0,0,0
1,0.0,0.800000012,10.0,P375849,79,245.0,0.6666666666666666,0,0,0,0,0,0,1,0,0,0,0,0,0,0,0,1,0,0,0,1,0,0,0,0,0,0,1,0,0,0
5,1.0,0.75,4.0,P375849,79,245.0,0.6666666666666667,0,0,0,0,1,0,0,0,0,0,0,0,0,0,0,0,0,0,1,1,0,0,0,0,0,1,0,0,0,0
4,1.0,1.0,5.0,P375849,79,245.0,1.0,0,0,0,0,0,0,1,0,0,0,0,0,0,0,0,1,0,0,0,1,0,0,0,0,1,0,0,0,0,0
3,0.0,0.833333015,18.0,P375849,79,245.0,0.6666666666666667,0,0,1,0,0,0,0,0,0,0,0,0,0,0,0,1,0,0,0,1,0,0,0,0,0,0,1,0,0,0
5,1.0,1.0,21.0,P375849,79,245.0,1.0,0,0,0,0,1,0,0,0,0,0,0,0,0,0,0,0,0,0,1,0,0,0,1,0,0,0,1,0,0,0
5,1.0,0.913793027,113.72000000000116,P375849,79,245.0,0.6608699142516121,0,0,1,0,0,0,0,0,0,0,0,0,0,0,0,0,0,0,1,1,0,0,0,0,0,1,0,0,0,0
3,1.0,0.75,4.0,P375849,79,245.0,0.6666666666666667,0,0,0,0,1,0,0,0,0,0,0,0,0,0,0,1,0,0,0,1,0,0,0,0,0,0,1,0,0,0
5,1.0,0.928570986,14.0,P375849,79,245.0,0.7919854023234905,0,0,0,0,1,0,0,0,0,0,0,0,0,0,0,1,0,0,0,1,0,0,0,0,0,0,1,0,0,0
5,1.0,0.857142985,7.0,P375849,79,245.0,0.7373504649628064,0,0,0,0,1,0,0,0,0,0,0,0,0,0,0,1,0,0,0,1,0,0,0,0,0,0,1,0,0,0
5,1.0,0.875,8.0,P375849,79,245.0,0.75,0,0,0,0,1,0,0,0,0,0,0,0,0,0,0,1,0,0,0,1,0,0,0,0,0,0,1,0,0,0
5,1.0,0.5,4.0,P375849,79,245.0,0.5,0,0,0,0,1,0,0,0,0,0,0,0,0,0,0,1,0,0,0,1,0,0,0,0,0,0,1,0,0,0
3,1.0,0.714286029,7.0,P375849,79,245.0,0.6199062332840658,0,0,0,0,1,0,0,0,0,0,0,0,0,0,0,1,0,0,0,0,0,1,0,0,0,0,1,0,0,0
4,1.0,0.875,8.0,P375849,79,245.0,0.75,0,0,0,0,1,0,0,0,0,0,0,0,0,0,0,1,0,0,0,1,0,0,0,0,0,0,1,0,0,0
5,1.0,0.988234997,85.0,P375849,79,245.0,0.8650361401336355,0,0,0,0,1,0,0,0,0,0,0,0,0,0,0,1,0,0,0,1,0,0,0,0,0,0,1,0,0,0
4,1.0,0.583333015,12.0,P375849,79,245.0,0.5371566952531242,0,0,0,0,1,0,0,0,0,0,0,0,0,0,0,1,0,0,0,1,0,0,0,0,0,0,1,0,0,0
5,1.0,0.75,4.0,P375849,79,245.0,0.6666666666666667,0,0,0,0,1,0,0,0,0,0,0,0,0,0,0,1,0,0,0,1,0,0,0,0,0,0,1,0,0,0
4,1.0,0.800000012,5.0,P375849,79,245.0,0.6989700043360187,0,0,0,0,1,0,0,0,0,0,0,0,0,0,0,1,0,0,0,0,0,1,0,0,0,0,1,0,0,0
5,1.0,0.736841977,19.0,P375849,79,245.0,0.6018143876079656,0,0,0,0,1,0,0,0,0,0,0,0,0,0,0,1,0,0,0,0,1,0,0,0,0,0,1,0,0,0
1,1.0,0.857142985,28.0,P375849,79,245.0,0.6666666666666666,0,0,0,0,1,0,0,0,0,0,0,0,0,0,0,1,0,0,0,0,0,1,0,0,0,0,1,0,0,0
5,1.0,0.962962985,27.0,P375849,79,245.0,0.82623465712856,0,0,0,0,1,0,0,0,0,0,0,0,0,0,0,1,0,0,0,0,1,0,0,0,0,0,1,0,0,0
5,1.0,0.81012702,79.0,P426183,79,99.0,0.6008927157113264,0,0,0,0,1,0,0,0,0,0,0,0,0,0,0,1,0,0,0,0,1,0,0,0,0,0,1,0,0,0
5,1.0,1.0,9.0,P426183,79,99.0,1.0,0,0,0,1,0,0,0,0,0,0,0,0,0,0,0,1,0,0,0,0,0,0,1,0,0,0,1,0,0,0
4,1.0,1.0,4.0,P426183,79,99.0,1.0,0,0,0,0,0,1,0,0,0,0,0,0,0,0,1,0,0,0,0,1,0,0,0,0,0,0,1,0,0,0
5,1.0,0.857142985,14.0,P426183,79,99.0,0.7001245250427999,0,0,0,0,0,1,0,0,0,0,0,0,0,0,0,1,0,0,0,0,0,0,1,0,1,0,0,0,0,0
2,0.0,0.833333015,6.0,P426183,79,99.0,0.7210570543488701,0,0,0,0,0,1,0,0,0,0,0,0,0,0,0,1,0,0,0,1,0,0,0,0,0,0,1,0,0,0
5,1.0,0.966102004,59.0,P426183,79,99.0,0.7870516548183977,0,0,0,0,1,0,0,0,0,0,0,0,0,0,0,1,0,0,0,1,0,0,0,0,1,0,0,0,0,0
5,1.0,0.78125,32.0,P426183,79,99.0,0.6104118583082411,0,0,0,0,1,0,0,0,0,0,0,0,0,0,0,1,0,0,0,1,0,0,0,0,1,0,0,0,0,0
5,1.0,1.0,11.0,P426183,79,99.0,1.0,0,0,1,0,0,0,0,0,0,0,0,0,0,0,0,1,0,0,0,0,0,0,1,0,0,0,1,0,0,0
5,1.0,0.879999995,25.0,P426183,79,99.0,0.6934190226946438,0,0,1,0,0,0,0,0,0,0,0,0,0,0,0,0,0,0,1,0,1,0,0,0,0,1,0,0,0,0
1,0.0,0.875,8.0,P426183,79,99.0,0.75,0,0,0,0,0,1,0,0,0,0,0,0,0,0,0,1,0,0,0,0,0,1,0,0,0,1,0,0,0,0
1,0.0,0.200000003,5.0,P426183,79,99.0,0.3010299956639811,0,0,0,0,1,0,0,0,0,0,0,0,0,0,0,0,0,1,0,0,0,1,0,0,0,0,1,0,0,0
3,1.0,0.75,4.0,P426183,79,99.0,0.6666666666666667,0,0,0,1,0,0,0,0,0,0,0,0,0,0,0,1,0,0,0,1,0,0,0,0,0,0,1,0,0,0
5,1.0,0.5,4.0,P426183,79,99.0,0.5,0,0,1,0,0,0,0,0,0,0,0,0,0,1,0,0,0,0,0,0,0,0,1,0,1,0,0,0,0,0
5,1.0,0.939393997,33.0,P426183,79,99.0,0.7593057666543161,0,0,0,0,1,0,0,0,0,0,0,0,0,0,0,1,0,0,0,1,0,0,0,0,0,0,1,0,0,0
4,1.0,0.75,4.0,P426183,79,99.0,0.6666666666666667,0,0,0,0,0,0,0,1,0,0,0,0,0,0,0,1,0,0,0,0,0,0,1,0,1,0,0,0,0,0
1,0.0,0.5,4.0,P426183,79,99.0,0.5,0,0,0,0,0,1,0,0,0,0,0,0,0,0,0,1,0,0,0,0,0,1,0,0,1,0,0,0,0,0
4,1.0,0.5,4.0,P426183,79,99.0,0.5,0,0,1,0,0,0,0,0,0,0,0,0,0,0,0,1,0,0,0,0,0,1,0,0,0,0,1,0,0,0
4,1.0,0.916666985,12.0,P426183,79,99.0,0.7818957080144684,0,0,0,0,1,0,0,0,0,0,0,0,0,0,0,1,0,0,0,1,0,0,0,0,0,0,1,0,0,0
4,1.0,0.962962985,27.0,P426183,79,99.0,0.82623465712856,0,0,0,0,1,0,0,0,0,0,0,0,0,0,0,1,0,0,0,1,0,0,0,0,0,0,1,0,0,0
5,1.0,0.909090996,22.0,P426183,79,99.0,0.7348354902219298,0,0,0,0,1,0,0,0,0,0,0,0,0,0,0,1,0,0,0,0,1,0,0,0,0,0,1,0,0,0
5,1.0,0.833333015,6.0,P426183,79,99.0,0.7210570543488701,0,0,0,0,1,0,0,0,0,0,0,0,0,0,0,1,0,0,0,0,1,0,0,0,0,0,1,0,0,0
5,1.0,0.916666985,12.0,P426183,79,99.0,0.7818957080144684,0,0,0,0,1,0,0,0,0,0,0,0,0,0,0,1,0,0,0,1,0,0,0,0,0,0,1,0,0,0
5,1.0,0.5,4.0,P426183,79,99.0,0.5,0,0,0,0,1,0,0,0,0,0,0,0,0,0,0,1,0,0,0,1,0,0,0,0,0,0,1,0,0,0
5,1.0,0.742856979,35.0,P426183,79,99.0,0.5887081913693397,0,0,0,0,1,0,0,0,0,0,0,0,0,0,0,1,0,0,0,0,1,0,0,0,0,0,1,0,0,0
1,1.0,0.666666985,9.0,P426183,79,99.0,0.583970804646981,0,0,0,0,1,0,0,0,0,0,0,0,0,0,0,1,0,0,0,0,0,1,0,0,0,0,1,0,0,0
5,1.0,0.800000012,5.0,P426183,79,99.0,0.6989700043360187,0,0,0,0,1,0,0,0,0,0,0,0,0,0,0,1,0,0,0,1,0,0,0,0,0,0,1,0,0,0
2,0.0,0.800000012,10.0,P456398,84,50.0,0.6666666666666666,0,0,0,0,0,1,0,0,0,0,0,0,0,0,0,0,0,0,1,0,0,0,1,0,0,0,1,0,0,0
5,1.0,0.888889015,9.0,P456398,84,50.0,0.7601875334318686,0,0,0,1,0,0,0,0,0,0,0,0,0,0,0,1,0,0,0,0,1,0,0,0,0,1,0,0,0,0
5,1.0,0.959999979,25.0,P456398,84,50.0,0.8228161798644421,0,0,1,0,0,0,0,0,0,0,0,0,0,0,1,0,0,0,0,1,0,0,0,0,0,0,1,0,0,0
4,1.0,1.0,5.0,P456398,84,50.0,1.0,0,0,0,1,0,0,0,0,0,0,0,0,0,0,1,0,0,0,0,1,0,0,0,0,1,0,0,0,0,0
5,1.0,1.0,6.0,P456398,84,50.0,1.0,0,0,1,0,0,0,0,0,0,0,0,0,0,0,0,1,0,0,0,0,1,0,0,0,0,0,1,0,0,0
4,1.0,0.888889015,9.0,P456398,84,50.0,0.7601875334318686,0,0,0,0,0,0,0,0,0,0,0,0,1,0,0,1,0,0,0,1,0,0,0,0,0,0,1,0,0,0
4,1.0,0.0,9.0,P456398,84,50.0,0.0,0,0,0,1,0,0,0,0,0,0,0,0,0,0,0,0,0,1,0,0,0,0,1,0,0,0,1,0,0,0
2,0.0,1.0,7.0,P94421,9,82.0,1.0,0,0,0,0,1,0,0,0,0,0,0,0,0,0,0,1,0,0,0,1,0,0,0,0,1,0,0,0,0,0
5,1.0,0.461537987,13.0,P94421,9,82.0,0.4834136986177055,0,0,0,0,1,0,0,0,0,0,0,0,0,0,1,0,0,0,0,0,1,0,0,0,0,1,0,0,0,0
4,1.0,0.875,8.0,P94421,9,82.0,0.75,0,1,0,0,0,0,0,0,0,0,0,0,0,0,0,0,0,0,1,1,0,0,0,0,0,0,1,0,0,0
3,0.0,1.0,6.0,P94421,9,82.0,1.0,0,0,0,0,1,0,0,0,0,0,0,0,0,0,1,0,0,0,0,0,0,1,0,0,0,0,1,0,0,0
5,1.0,0.75,8.0,P94421,9,82.0,0.6391511932854698,0,0,0,0,1,0,0,0,0,0,0,0,0,0,0,0,0,1,0,1,0,0,0,0,0,1,0,0,0,0
5,1.0,0.875,8.0,P94421,9,82.0,0.75,0,0,0,0,0,1,0,0,0,0,0,0,0,0,0,0,0,0,1,0,0,1,0,0,0,0,1,0,0,0
2,1.0,0.928570986,14.0,P94421,9,82.0,0.7919854023234905,0,0,0,0,0,1,0,0,0,0,0,0,0,0,0,1,0,0,0,0,1,0,0,0,0,0,1,0,0,0
5,1.0,0.333332986,6.0,P94421,9,82.0,0.4056838710822129,0,0,1,0,0,0,0,0,0,0,0,0,0,0,0,0,0,0,1,0,1,0,0,0,0,0,1,0,0,0
4,1.0,0.349999994,40.0,P94421,9,82.0,0.45104949024421,0,0,0,0,0,1,0,0,0,0,0,0,0,0,0,1,0,0,0,1,0,0,0,0,1,0,0,0,0,0
4,1.0,0.920000017,25.0,P94421,9,82.0,0.7431147865896834,0,0,0,0,1,0,0,0,0,0,0,0,0,0,1,0,0,0,0,1,0,0,0,0,0,1,0,0,0,0
5,1.0,1.0,4.0,P94421,9,82.0,1.0,0,0,0,0,1,0,0,0,0,0,0,0,0,0,0,1,0,0,0,0,0,1,0,0,0,0,1,0,0,0
4,1.0,0.75,28.0,P94421,9,82.0,0.5978245859236061,0,0,1,0,0,0,0,0,0,0,0,0,0,0,1,0,0,0,0,0,1,0,0,0,0,0,0,0,1,0
3,0.0,0.923076987,26.0,P94421,9,82.0,0.7455436448745024,0,0,1,0,0,0,0,0,0,0,0,0,0,0,0,1,0,0,0,0,0,1,0,0,1,0,0,0,0,0
2,0.0,0.727272987,11.0,P94421,9,82.0,0.6131471927654585,0,0,0,0,1,0,0,0,0,0,0,0,0,0,0,1,0,0,0,0,1,0,0,0,0,0,1,0,0,0
5,1.0,1.0,4.0,P94421,9,82.0,1.0,0,0,0,0,0,0,1,0,0,0,0,0,0,0,0,1,0,0,0,1,0,0,0,0,1,0,0,0,0,0
5,1.0,1.0,20.0,P94421,9,82.0,1.0,0,0,0,0,0,1,0,0,0,0,0,0,0,0,1,0,0,0,0,1,0,0,0,0,0,1,0,0,0,0
1,0.0,0.600000024,5.0,P94421,9,82.0,0.5578858913022596,0,0,0,0,0,1,0,0,0,0,0,0,0,0,0,1,0,0,0,1,0,0,0,0,0,0,1,0,0,0
1,0.0,0.850000024,20.0,P94421,9,82.0,0.6758469512137554,0,1,0,0,0,0,0,0,0,0,0,0,0,0,0,1,0,0,0,1,0,0,0,0,1,0,0,0,0,0
3,0.0,0.75,4.0,P94421,9,82.0,0.6666666666666667,0,0,0,1,0,0,0,0,0,0,0,0,0,0,0,0,0,1,0,1,0,0,0,0,0,1,0,0,0,0
4,1.0,0.285714,7.0,P94421,9,82.0,0.3800937667159343,0,0,0,0,1,0,0,0,0,0,0,0,0,0,0,1,0,0,0,1,0,0,0,0,0,0,1,0,0,0
3,1.0,0.454544991,11.0,P94421,9,82.0,0.4793787713240883,0,0,0,0,1,0,0,0,0,0,0,0,0,0,0,1,0,0,0,0,1,0,0,0,0,0,1,0,0,0
5,1.0,1.0,6.0,P94421,9,82.0,1.0,0,0,0,0,1,0,0,0,0,0,0,0,0,0,0,1,0,0,0,1,0,0,0,0,0,0,1,0,0,0
1,1.0,0.142857,7.0,P94421,9,82.0,0.2626495350371936,0,0,0,0,1,0,0,0,0,0,0,0,0,0,0,1,0,0,0,1,0,0,0,0,0,0,1,0,0,0
1,1.0,0.400000006,5.0,P94421,9,82.0,0.4421141086977403,0,0,0,0,1,0,0,0,0,0,0,0,0,0,0,1,0,0,0,1,0,0,0,0,0,0,1,0,0,0
3,1.0,0.857142985,7.0,P94421,9,82.0,0.7373504649628064,0,0,0,0,1,0,0,0,0,0,0,0,0,0,0,1,0,0,0,0,0,0,1,0,0,0,1,0,0,0
4,1.0,0.916666985,12.0,P94421,9,82.0,0.7818957080144684,0,0,0,0,0,1,0,0,0,0,0,0,0,0,0,1,0,0,0,1,0,0,0,0,0,0,1,0,0,0
1,1.0,0.818181992,11.0,P94421,9,82.0,0.6769924925288455,0,0,1,0,0,0,0,0,0,0,0,0,0,0,0,1,0,0,0,1,0,0,0,0,0,0,1,0,0,0
5,1.0,1.0,4.0,P94421,9,82.0,1.0,0,0,0,0,0,0,0,1,0,0,0,0,0,0,0,1,0,0,0,1,0,0,0,0,0,0,1,0,0,0
1,1.0,0.5,8.0,P94421,9,82.0,0.5,0,0,1,0,0,0,0,0,0,0,0,0,0,0,0,1,0,0,0,1,0,0,0,0,0,0,1,0,0,0
5,1.0,0.966666996,30.0,P94421,9,82.0,0.8307061924012187,0,1,0,0,0,0,0,0,0,0,0,0,0,0,0,1,0,0,0,1,0,0,0,0,0,0,1,0,0,0
5,1.0,0.800000012,5.0,P94421,9,82.0,0.6989700043360187,0,0,0,0,0,0,0,1,0,0,0,0,0,0,0,1,0,0,0,0,1,0,0,0,0,0,1,0,0,0
5,1.0,0.899999976,10.0,P427406,101,13.0,0.7686217868402409,0,0,0,0,1,0,0,0,0,0,0,0,0,0,0,1,0,0,0,1,0,0,0,0,0,0,1,0,0,0
5,1.0,0.714286029,7.0,P427406,101,13.0,0.6199062332840658,0,1,0,0,0,0,0,0,0,0,0,0,0,0,0,1,0,0,0,1,0,0,0,0,1,0,0,0,0,0
4,1.0,0.75,8.0,P427406,101,13.0,0.6391511932854698,0,0,0,0,0,1,0,0,0,0,0,0,0,0,0,0,0,1,0,1,0,0,0,0,0,0,1,0,0,0
4,1.0,0.928570986,14.0,P427406,101,13.0,0.7919854023234905,0,0,1,0,0,0,0,0,0,0,0,0,0,0,0,0,0,0,1,1,0,0,0,0,0,0,1,0,0,0
5,1.0,1.0,15.0,P427406,101,13.0,1.0,0,0,0,0,0,1,0,0,0,0,0,0,0,0,0,1,0,0,0,1,0,0,0,0,1,0,0,0,0,0
5,1.0,0.666666985,9.0,P427406,101,13.0,0.583970804646981,0,0,0,0,0,0,0,1,0,0,0,0,0,0,0,1,0,0,0,0,0,1,0,0,0,0,1,0,0,0
5,1.0,0.5,4.0,P427406,101,13.0,0.5,0,0,0,0,1,0,0,0,0,0,0,0,0,0,0,0,0,1,0,0,0,1,0,0,0,1,0,0,0,0
5,1.0,0.25,4.0,P427406,101,13.0,0.3333333333333333,0,0,1,0,0,0,0,0,0,0,0,0,0,0,0,0,0,1,0,1,0,0,0,0,0,0,1,0,0,0
5,1.0,0.978570998,113.72000000000116,P427406,101,13.0,0.7804254674299429,0,0,0,1,0,0,0,0,0,0,0,0,0,0,0,0,0,0,1,0,0,1,0,0,0,0,1,0,0,0
5,1.0,1.0,8.0,P427406,101,13.0,1.0,0,0,0,0,0,0,0,1,0,0,0,0,0,0,0,1,0,0,0,1,0,0,0,0,1,0,0,0,0,0
5,1.0,1.0,4.0,P427406,101,13.0,1.0,0,0,1,0,0,0,0,0,0,0,0,0,0,0,0,1,0,0,0,1,0,0,0,0,0,0,1,0,0,0
5,1.0,0.966666996,30.0,P427406,101,13.0,0.8307061924012187,0,0,0,0,0,1,0,0,0,0,0,0,0,0,0,1,0,0,0,1,0,0,0,0,1,0,0,0,0,0
5,1.0,1.0,12.0,P427406,101,13.0,1.0,0,0,0,0,0,1,0,0,0,0,0,0,0,0,0,0,0,0,1,0,0,1,0,0,0,0,1,0,0,0
5,1.0,1.0,11.0,P427406,101,13.0,1.0,0,0,1,0,0,0,0,0,0,0,0,0,0,0,0,0,0,0,1,0,0,0,1,0,0,0,1,0,0,0
4,1.0,0.571429014,7.0,P427406,101,13.0,0.5372435736804816,0,0,1,0,0,0,0,0,0,0,0,0,0,0,0,0,0,0,1,0,1,0,0,0,0,0,1,0,0,0
5,1.0,0.833333015,6.0,P427406,101,13.0,0.7210570543488701,0,0,0,0,0,1,0,0,0,0,0,0,0,0,0,1,0,0,0,1,0,0,0,0,0,1,0,0,0,0
5,1.0,0.9375,16.0,P427406,101,13.0,0.7999999999999999,0,0,0,0,0,0,1,0,0,0,0,0,0,0,0,0,0,0,1,1,0,0,0,0,0,0,1,0,0,0
5,1.0,1.0,7.0,P427406,101,13.0,1.0,0,0,0,0,0,0,0,0,0,0,0,0,1,0,0,1,0,0,0,0,1,0,0,0,0,0,1,0,0,0
5,1.0,0.833333015,12.0,P427406,101,13.0,0.6857972507265685,0,0,0,0,1,0,0,0,0,0,0,0,0,0,0,1,0,0,0,0,0,0,1,0,0,0,1,0,0,0
5,1.0,1.0,6.0,P427406,101,13.0,1.0,0,0,0,0,0,1,0,0,0,0,0,0,0,0,0,1,0,0,0,1,0,0,0,0,0,0,1,0,0,0
5,1.0,0.75,8.0,P427406,101,13.0,0.6391511932854698,0,0,1,0,0,0,0,0,0,0,0,0,0,0,1,0,0,0,0,1,0,0,0,0,0,1,0,0,0,0
1,0.0,0.285714,7.0,P427406,101,13.0,0.3800937667159343,0,0,1,0,0,0,0,0,0,0,0,0,0,0,1,0,0,0,0,1,0,0,0,0,0,1,0,0,0,0
5,1.0,1.0,5.0,P427406,101,13.0,1.0,0,0,0,0,1,0,0,0,0,0,0,0,0,0,1,0,0,0,0,1,0,0,0,0,0,0,1,0,0,0
5,1.0,0.371428996,35.0,P427406,101,13.0,0.4570151134336191,0,0,0,0,0,1,0,0,0,0,0,0,0,0,0,0,0,0,1,0,1,0,0,0,1,0,0,0,0,0
1,0.0,0.263157994,19.0,P427406,101,13.0,0.3981856123920343,0,0,0,0,0,0,0,0,0,0,0,0,1,0,0,1,0,0,0,0,0,0,1,0,1,0,0,0,0,0
5,1.0,1.0,8.0,P427406,101,13.0,1.0,0,0,0,0,0,0,0,1,0,0,0,0,0,0,0,1,0,0,0,1,0,0,0,0,0,0,1,0,0,0
5,1.0,1.0,5.0,P427406,101,13.0,1.0,0,0,0,0,1,0,0,0,0,0,0,0,0,0,0,1,0,0,0,0,0,1,0,0,0,0,1,0,0,0
5,1.0,0.692308009,13.0,P427406,101,13.0,0.588591910067779,0,0,0,0,0,0,0,1,0,0,0,0,0,0,0,1,0,0,0,1,0,0,0,0,0,1,0,0,0,0
5,1.0,1.0,4.0,P427406,101,13.0,1.0,0,0,0,0,1,0,0,0,0,0,0,0,0,0,1,0,0,0,0,1,0,0,0,1,0,0,0,0,0,0
5,1.0,1.0,17.0,P427406,101,13.0,1.0,0,0,0,0,1,0,0,0,0,0,0,0,0,0,0,0,0,1,0,0,0,1,0,0,0,1,0,0,0,0
5,1.0,1.0,16.0,P427406,101,13.0,1.0,0,0,1,0,0,0,0,0,0,0,0,0,0,0,1,0,0,0,0,1,0,0,0,0,0,0,1,0,0,0
5,1.0,1.0,13.0,P427406,101,13.0,1.0,0,0,1,0,0,0,0,0,0,0,0,0,0,0,1,0,0,0,0,0,0,0,1,0,0,1,0,0,0,0
5,1.0,1.0,9.0,P427406,101,13.0,1.0,0,0,1,0,0,0,0,0,0,0,0,0,0,0,0,0,0,1,0,1,0,0,0,0,0,0,0,0,0,1
5,1.0,1.0,7.0,P427406,101,13.0,1.0,0,0,1,0,0,0,0,0,0,0,0,0,0,0,0,1,0,0,0,1,0,0,0,0,0,0,1,0,0,0
1,0.0,0.851852,27.0,P427406,101,13.0,0.663824399308761,0,0,0,0,0,0,0,1,0,0,0,0,0,0,0,1,0,0,0,1,0,0,0,1,0,0,0,0,0,0
5,1.0,1.0,8.0,P427406,101,13.0,1.0,0,1,0,0,0,0,0,0,0,0,0,0,0,0,0,1,0,0,0,1,0,0,0,0,1,0,0,0,0,0
1,0.0,0.782608986,23.0,P427406,101,13.0,0.6216882614292828,0,0,0,0,1,0,0,0,0,0,0,0,0,0,0,1,0,0,0,0,1,0,0,1,0,0,0,0,0,0
1,0.0,0.93333298,15.0,P427406,101,13.0,0.7962049529094938,0,0,0,0,0,0,0,0,0,0,0,0,1,0,0,1,0,0,0,1,0,0,0,0,1,0,0,0,0,0
5,1.0,1.0,18.0,P427406,101,13.0,1.0,0,0,1,0,0,0,0,0,0,0,0,0,0,0,0,0,0,1,0,0,1,0,0,0,0,0,1,0,0,0
4,1.0,0.916666985,12.0,P427406,101,13.0,0.7818957080144684,0,0,0,0,0,1,0,0,0,0,0,0,0,0,0,1,0,0,0,1,0,0,0,0,0,0,1,0,0,0
5,1.0,1.0,20.0,P427406,101,13.0,1.0,0,0,0,0,0,1,0,0,0,0,0,0,0,0,0,0,0,0,1,0,0,0,1,0,0,0,1,0,0,0
5,1.0,1.0,5.0,P427406,101,13.0,1.0,0,0,0,0,0,0,1,0,0,0,0,0,0,0,0,1,0,0,0,1,0,0,0,0,1,0,0,0,0,0
5,1.0,1.0,15.0,P427406,101,13.0,1.0,0,0,0,0,0,1,0,0,0,0,0,0,0,0,0,0,0,1,0,1,0,0,0,0,0,0,1,0,0,0
5,1.0,0.833333015,6.0,P427406,101,13.0,0.7210570543488701,0,0,0,0,0,0,0,0,0,0,0,0,1,0,0,1,0,0,0,1,0,0,0,0,0,0,1,0,0,0
5,1.0,0.857142985,7.0,P427406,101,13.0,0.7373504649628064,0,0,0,0,0,1,0,0,0,0,0,0,0,0,0,1,0,0,0,1,0,0,0,0,0,0,1,0,0,0
5,1.0,0.75,68.0,P427406,101,13.0,0.577530808646926,0,0,1,0,0,0,0,0,0,0,0,0,0,0,1,0,0,0,0,0,1,0,0,0,0,0,0,0,0,1
5,1.0,1.0,5.0,P427406,101,13.0,1.0,0,0,0,0,1,0,0,0,0,0,0,0,0,0,0,1,0,0,0,1,0,0,0,0,0,0,1,0,0,0
1,0.0,0.909090996,11.0,P427406,101,13.0,0.7757561757824245,0,0,1,0,0,0,0,0,0,0,0,0,0,0,0,1,0,0,0,1,0,0,0,0,0,0,1,0,0,0
5,1.0,1.0,8.0,P427406,101,13.0,1.0,0,0,0,0,1,0,0,0,0,0,0,0,0,0,0,1,0,0,0,1,0,0,0,0,0,0,1,0,0,0
5,1.0,0.923076987,13.0,P427406,101,13.0,0.7872539464466368,0,0,1,0,0,0,0,0,0,0,0,0,0,0,0,1,0,0,0,1,0,0,0,0,0,0,1,0,0,0
3,0.0,0.400000006,5.0,P427406,101,13.0,0.4421141086977403,0,0,1,0,0,0,0,0,0,0,0,0,0,0,1,0,0,0,0,0,0,0,1,0,0,0,0,0,0,1
2,0.0,0.666666985,6.0,P427406,101,13.0,0.5943161289177871,0,0,0,0,0,0,0,1,0,0,0,0,0,0,0,1,0,0,0,1,0,0,0,0,0,0,1,0,0,0
4,1.0,0.904254973,113.72000000000116,P427406,101,13.0,0.6358642539866338,0,0,0,0,0,1,0,0,0,0,0,0,0,0,0,1,0,0,0,1,0,0,0,0,0,0,1,0,0,0
4,1.0,0.166666999,6.0,P427406,101,13.0,0.2789429456511298,0,1,0,0,0,0,0,0,0,0,0,0,0,0,0,1,0,0,0,1,0,0,0,0,1,0,0,0,0,0
5,1.0,0.6875,16.0,P427406,101,13.0,0.5810382621965612,0,1,0,0,0,0,0,0,0,0,0,0,0,0,0,1,0,0,0,0,0,0,1,0,0,0,1,0,0,0
1,0.0,0.541666985,24.0,P427406,101,13.0,0.5150421314871548,0,0,0,0,0,1,0,0,0,0,0,0,0,0,0,1,0,0,0,0,0,0,1,0,0,0,1,0,0,0
5,1.0,0.866666973,15.0,P427406,101,13.0,0.7060702520912807,0,0,0,0,0,0,0,0,0,0,0,0,1,0,0,1,0,0,0,1,0,0,0,0,1,0,0,0,0,0
4,1.0,0.906780005,113.72000000000116,P427406,101,13.0,0.6532867981913647,0,0,0,0,1,0,0,0,0,0,0,0,0,0,0,1,0,0,0,1,0,0,0,0,0,0,1,0,0,0
4,1.0,0.811954975,113.72000000000116,P427406,101,13.0,0.5633480498020262,0,0,1,0,0,0,0,0,0,0,0,0,0,0,0,1,0,0,0,1,0,0,0,0,0,0,1,0,0,0
5,1.0,0.028846201,104.0,P431180,41,32.0,0.2306159950804882,0,0,0,0,0,1,0,0,0,0,0,0,0,0,0,1,0,0,0,1,0,0,0,0,1,0,0,0,0,0
1,0.0,0.272727013,11.0,P431180,41,32.0,0.3868528072345414,0,0,0,0,1,0,0,0,0,0,0,0,0,0,1,0,0,0,0,0,0,1,0,0,0,0,1,0,0,0
5,1.0,1.0,4.0,P431180,41,32.0,1.0,0,0,0,1,0,0,0,0,0,0,0,0,0,0,1,0,0,0,0,0,0,1,0,0,0,0,0,0,0,1
1,0.0,0.642857015,28.0,P431180,41,32.0,0.5511521444176823,0,0,0,1,0,0,0,0,0,0,0,0,0,0,1,0,0,0,0,0,1,0,0,0,0,0,0,0,0,1
5,1.0,1.0,6.0,P431180,41,32.0,1.0,0,0,0,0,1,0,0,0,0,0,0,0,0,0,1,0,0,0,0,1,0,0,0,0,0,1,0,0,0,0
5,1.0,0.916666985,12.0,P431180,41,32.0,0.7818957080144684,0,0,0,0,0,1,0,0,0,0,0,0,0,0,0,0,0,1,0,0,0,1,0,0,0,0,1,0,0,0
5,1.0,0.992187977,113.72000000000116,P431180,41,32.0,0.875,0,0,1,0,0,0,0,0,0,0,0,0,0,0,0,0,0,0,1,1,0,0,0,0,0,1,0,0,0,0
5,1.0,1.0,5.0,P431180,41,32.0,1.0,0,0,1,0,0,0,0,0,0,0,0,0,0,0,0,0,0,1,0,1,0,0,0,0,0,1,0,0,0,0
4,1.0,0.903846025,52.0,P431180,41,32.0,0.683600216615843,0,0,0,0,0,1,0,0,0,0,0,0,0,0,0,0,0,0,1,0,0,0,1,0,0,0,1,0,0,0
5,1.0,0.818181992,11.0,P431180,41,32.0,0.6769924925288455,0,0,0,1,0,0,0,0,0,0,0,0,0,0,1,0,0,0,0,0,1,0,0,0,0,0,0,0,0,1
2,1.0,0.466666996,45.0,P431180,41,32.0,0.4898704415910586,0,0,1,0,0,0,0,0,0,0,0,0,0,0,1,0,0,0,0,1,0,0,0,0,0,0,1,0,0,0
5,1.0,0.75,4.0,P431180,41,32.0,0.6666666666666667,0,0,1,0,0,0,0,0,0,0,0,0,0,0,0,1,0,0,0,0,0,1,0,0,0,0,1,0,0,0
1,0.0,0.857142985,7.0,P431180,41,32.0,0.7373504649628064,0,0,1,0,0,0,0,0,0,0,0,0,0,0,1,0,0,0,0,1,0,0,0,1,0,0,0,0,0,0
5,1.0,1.0,7.0,P431180,41,32.0,1.0,0,0,0,0,0,1,0,0,0,0,0,0,0,0,0,1,0,0,0,1,0,0,0,0,0,1,0,0,0,0
4,1.0,0.25,8.0,P431180,41,32.0,0.3608488067145302,0,0,0,1,0,0,0,0,0,0,0,0,0,0,0,0,0,0,1,0,0,1,0,1,0,0,0,0,0,0
5,1.0,0.846153975,13.0,P431180,41,32.0,0.6934264036172708,0,0,0,0,0,1,0,0,0,0,0,0,0,0,1,0,0,0,0,0,1,0,0,0,0,1,0,0,0,0
5,1.0,0.888889015,9.0,P431180,41,32.0,0.7601875334318686,0,0,1,0,0,0,0,0,0,0,0,0,0,0,0,1,0,0,0,1,0,0,0,0,0,0,1,0,0,0
4,1.0,0.818181992,11.0,P431180,41,32.0,0.6769924925288455,0,0,0,0,0,1,0,0,0,0,0,0,0,0,0,0,0,1,0,1,0,0,0,0,0,1,0,0,0,0
1,0.0,0.400000006,10.0,P431180,41,32.0,0.4526808302869429,0,0,0,0,0,1,0,0,0,0,0,0,0,0,0,1,0,0,0,0,0,1,0,0,0,0,1,0,0,0
1,0.0,0.899999976,10.0,P431180,41,32.0,0.7686217868402409,0,0,0,0,1,0,0,0,0,0,0,0,0,0,1,0,0,0,0,1,0,0,0,0,0,1,0,0,0,0
1,0.0,1.0,8.0,P431180,41,32.0,1.0,0,0,0,0,0,1,0,0,0,0,0,0,0,0,0,1,0,0,0,1,0,0,0,0,0,0,1,0,0,0
5,1.0,1.0,9.0,P431180,41,32.0,1.0,0,0,0,0,0,1,0,0,0,0,0,0,0,0,0,0,0,0,1,1,0,0,0,0,0,0,1,0,0,0
5,1.0,1.0,12.0,P431180,41,32.0,1.0,0,0,0,0,0,0,0,1,0,0,0,0,0,0,0,1,0,0,0,1,0,0,0,0,1,0,0,0,0,0
5,1.0,0.800000012,45.0,P431180,41,32.0,0.6106224870776881,0,0,1,0,0,0,0,0,0,0,0,0,0,0,0,0,0,0,1,0,0,0,1,0,0,0,1,0,0,0
5,1.0,1.0,10.0,P431180,41,32.0,1.0,0,0,0,0,1,0,0,0,0,0,0,0,0,0,0,0,0,1,0,0,1,0,0,0,0,0,1,0,0,0
5,1.0,0.833333015,6.0,P431180,41,32.0,0.7210570543488701,0,0,0,0,0,1,0,0,0,0,0,0,0,0,0,1,0,0,0,1,0,0,0,0,0,0,1,0,0,0
1,0.0,0.920000017,25.0,P431180,41,32.0,0.7431147865896834,0,0,0,0,1,0,0,0,0,0,0,0,0,0,0,0,0,0,1,0,0,0,1,0,0,0,1,0,0,0
5,1.0,0.727272987,11.0,P431180,41,32.0,0.6131471927654585,0,0,0,0,0,1,0,0,0,0,0,0,0,0,0,1,0,0,0,1,0,0,0,0,1,0,0,0,0,0
5,1.0,1.0,6.0,P431180,41,32.0,1.0,0,0,1,0,0,0,0,0,0,0,0,0,0,0,1,0,0,0,0,1,0,0,0,0,0,1,0,0,0,0
4,1.0,0.9375,16.0,P431180,41,32.0,0.7999999999999999,0,0,0,0,0,0,0,1,0,0,0,0,0,0,0,0,0,0,1,1,0,0,0,0,0,0,1,0,0,0
5,1.0,0.800000012,20.0,P431180,41,32.0,0.6377303057306478,0,0,0,1,0,0,0,0,0,0,0,0,0,0,1,0,0,0,0,1,0,0,0,0,0,0,1,0,0,0
4,1.0,0.875,8.0,P431180,41,32.0,0.75,0,0,1,0,0,0,0,0,0,0,0,0,0,0,0,0,0,1,0,1,0,0,0,0,1,0,0,0,0,0
5,1.0,1.0,8.0,P431180,41,32.0,1.0,0,0,0,0,0,0,0,0,0,0,0,0,1,0,0,1,0,0,0,1,0,0,0,0,0,0,1,0,0,0
4,1.0,0.75,4.0,P431180,41,32.0,0.6666666666666667,0,0,0,1,0,0,0,0,0,0,0,0,0,0,1,0,0,0,0,0,0,0,1,0,0,0,0,0,0,1
4,1.0,0.714286029,7.0,P431180,41,32.0,0.6199062332840658,0,0,0,0,1,0,0,0,0,0,0,0,0,0,0,0,0,1,0,0,0,1,0,0,0,0,1,0,0,0
1,0.0,1.0,9.0,P431180,41,32.0,1.0,0,0,0,0,1,0,0,0,0,0,0,0,0,0,1,0,0,0,0,1,0,0,0,0,0,1,0,0,0,0
1,0.0,0.583333015,12.0,P431180,41,32.0,0.5371566952531242,0,0,0,0,1,0,0,0,0,0,0,0,0,0,1,0,0,0,0,1,0,0,0,0,0,1,0,0,0,0
4,1.0,0.571429014,7.0,P431180,41,32.0,0.5372435736804816,0,0,0,0,0,0,0,1,0,0,0,0,0,0,0,1,0,0,0,1,0,0,0,0,0,0,1,0,0,0
2,0.0,0.285714,7.0,P431180,41,32.0,0.3800937667159343,0,0,0,0,0,1,0,0,0,0,0,0,0,0,1,0,0,0,0,1,0,0,0,0,0,1,0,0,0,0
1,0.0,0.878787994,33.0,P431180,41,32.0,0.6787956380839754,0,0,0,0,1,0,0,0,0,0,0,0,0,0,0,0,0,0,1,0,0,1,0,0,0,1,0,0,0,0
5,1.0,0.785713971,14.0,P431180,41,32.0,0.6418955364979173,0,0,0,0,0,1,0,0,0,0,0,0,0,0,0,1,0,0,0,1,0,0,0,0,0,0,1,0,0,0
5,1.0,0.833333015,12.0,P431180,41,32.0,0.6857972507265685,0,0,0,0,1,0,0,0,0,0,0,0,0,0,0,0,0,1,0,1,0,0,0,0,0,0,0,0,0,1
1,0.0,0.521739006,23.0,P431180,41,32.0,0.5079252465375872,0,0,0,1,0,0,0,0,0,0,0,0,0,0,0,1,0,0,0,0,0,1,0,0,0,0,0,0,0,1
5,1.0,0.916666985,24.0,P431180,41,32.0,0.740532674963355,0,0,0,0,0,0,0,1,0,0,0,0,0,0,0,0,0,0,1,1,0,0,0,0,0,1,0,0,0,0
3,1.0,0.714286029,21.0,P431180,41,32.0,0.5875997426017788,0,0,0,0,1,0,0,0,0,0,0,0,0,0,1,0,0,0,0,0,1,0,0,0,0,0,0,0,0,1
5,1.0,1.0,16.0,P431180,41,32.0,1.0,0,0,0,0,0,1,0,0,0,0,0,0,0,0,0,1,0,0,0,0,0,0,1,0,0,0,1,0,0,0
5,1.0,0.756097972,41.0,P431180,41,32.0,0.5910562583169664,0,0,0,0,1,0,0,0,0,0,0,0,0,0,0,1,0,0,0,0,1,0,0,0,1,0,0,0,0,0
1,0.0,0.375,8.0,P431180,41,32.0,0.4362085839710631,0,0,0,0,0,0,0,1,0,0,0,0,0,0,0,0,0,0,1,0,0,1,0,0,1,0,0,0,0,0
2,1.0,1.0,5.0,P431180,41,32.0,1.0,0,0,0,0,1,0,0,0,0,0,0,0,0,0,0,1,0,0,0,0,0,1,0,0,0,0,1,0,0,0
3,0.0,0.400000006,5.0,P431180,41,32.0,0.4421141086977403,0,0,0,1,0,0,0,0,0,0,0,0,0,0,1,0,0,0,0,1,0,0,0,0,0,0,1,0,0,0
1,0.0,0.699999988,10.0,P431180,41,32.0,0.6,0,0,0,0,0,1,0,0,0,0,0,0,0,0,1,0,0,0,0,0,0,0,1,0,0,1,0,0,0,0
5,1.0,0.765305996,98.0,P431180,41,32.0,0.5767553723220669,0,0,0,0,1,0,0,0,0,0,0,0,0,0,1,0,0,0,0,0,0,1,0,0,0,0,1,0,0,0
5,1.0,0.839999974,100.0,P431180,41,32.0,0.6106011450730684,0,0,0,0,1,0,0,0,0,0,0,0,0,0,1,0,0,0,0,1,0,0,0,0,0,1,0,0,0,0
5,1.0,0.5,4.0,P173726,84,13.0,0.5,0,0,1,0,0,0,0,0,0,0,0,0,0,0,0,0,0,0,1,1,0,0,0,0,1,0,0,0,0,0
2,0.0,1.0,11.0,P173726,84,13.0,1.0,0,0,0,0,0,1,0,0,0,0,0,0,0,0,0,1,0,0,0,0,0,1,0,0,0,0,1,0,0,0
5,1.0,0.25,4.0,P173726,84,13.0,0.3333333333333333,0,0,0,0,0,0,0,1,0,0,0,0,0,0,0,1,0,0,0,1,0,0,0,0,0,0,1,0,0,0
5,1.0,1.0,5.0,P173726,84,13.0,1.0,0,0,1,0,0,0,0,0,0,0,0,0,0,0,0,1,0,0,0,1,0,0,0,0,0,0,1,0,0,0
1,1.0,0.476190001,21.0,P173726,84,13.0,0.4910900156949701,0,0,1,0,0,0,0,0,0,0,0,0,0,0,0,1,0,0,0,1,0,0,0,0,0,0,1,0,0,0
5,1.0,1.0,16.0,P173726,84,13.0,1.0,0,0,1,0,0,0,0,0,0,0,0,0,0,0,0,1,0,0,0,1,0,0,0,0,0,0,1,0,0,0
5,1.0,0.5,4.0,P173726,84,13.0,0.5,0,0,1,0,0,0,0,0,0,0,0,0,0,0,0,1,0,0,0,1,0,0,0,0,0,0,1,0,0,0
4,1.0,0.5,4.0,P479839,24,98.0,0.5,0,0,0,0,0,1,0,0,0,0,0,0,0,0,0,1,0,0,0,0,1,0,0,0,0,0,1,0,0,0
5,1.0,1.0,6.0,P426836,22,34.0,1.0,0,0,1,0,0,0,0,0,0,0,0,0,0,0,0,1,0,0,0,1,0,0,0,0,0,0,1,0,0,0
2,0.0,0.75,4.0,P426836,22,34.0,0.6666666666666667,0,0,0,0,1,0,0,0,0,0,0,0,0,0,0,1,0,0,0,0,0,1,0,0,0,0,1,0,0,0
5,1.0,0.800000012,5.0,P426836,22,34.0,0.6989700043360187,0,0,0,0,0,0,0,0,0,0,0,0,1,0,0,1,0,0,0,1,0,0,0,0,1,0,0,0,0,0
5,1.0,0.5,4.0,P426836,22,34.0,0.5,0,0,0,0,1,0,0,0,0,0,0,0,0,0,0,0,0,1,0,0,1,0,0,0,0,1,0,0,0,0
1,0.0,0.75,8.0,P426836,22,34.0,0.6391511932854698,0,0,0,0,0,1,0,0,0,0,0,0,0,0,0,1,0,0,0,0,1,0,0,0,0,0,1,0,0,0
1,0.0,0.758620977,29.0,P426836,22,34.0,0.6012527021745621,0,0,0,0,0,0,1,0,0,0,0,0,0,0,0,1,0,0,0,0,0,0,1,0,0,0,1,0,0,0
5,1.0,0.333332986,6.0,P426836,22,34.0,0.4056838710822129,0,0,1,0,0,0,0,0,0,0,0,0,0,0,0,0,0,1,0,1,0,0,0,0,0,1,0,0,0,0
5,1.0,1.0,5.0,P426836,22,34.0,1.0,0,0,1,0,0,0,0,0,0,0,0,0,0,0,1,0,0,0,0,0,1,0,0,0,0,0,1,0,0,0
4,1.0,1.0,4.0,P426836,22,34.0,1.0,0,0,0,0,1,0,0,0,0,0,0,0,0,0,0,1,0,0,0,1,0,0,0,0,1,0,0,0,0,0
4,1.0,0.142857,7.0,P426836,22,34.0,0.2626495350371936,0,0,1,0,0,0,0,0,0,0,0,0,0,0,1,0,0,0,0,1,0,0,0,0,0,1,0,0,0,0
4,1.0,0.5,4.0,P426836,22,34.0,0.5,0,0,0,0,1,0,0,0,0,0,0,0,0,0,0,0,0,1,0,0,0,1,0,0,0,0,1,0,0,0
5,1.0,1.0,4.0,P426836,22,34.0,1.0,0,0,0,0,1,0,0,0,0,0,0,0,0,0,0,0,0,1,0,0,1,0,0,0,0,0,1,0,0,0
5,1.0,0.866666973,15.0,P426836,22,34.0,0.7060702520912807,0,0,0,0,0,1,0,0,0,0,0,0,0,0,0,1,0,0,0,0,0,1,0,0,0,0,1,0,0,0
5,1.0,1.0,7.0,P426836,22,34.0,1.0,0,0,0,0,0,0,0,1,0,0,0,0,0,0,0,1,0,0,0,1,0,0,0,0,0,0,1,0,0,0
1,0.0,0.75,8.0,P426836,22,34.0,0.6391511932854698,0,0,0,0,1,0,0,0,0,0,0,0,0,0,0,1,0,0,0,1,0,0,0,0,0,0,1,0,0,0
4,1.0,0.75,4.0,P426836,22,34.0,0.6666666666666667,0,0,0,0,1,0,0,0,0,0,0,0,0,0,0,0,0,0,1,1,0,0,0,0,0,0,1,0,0,0
5,1.0,0.833333015,6.0,P426836,22,34.0,0.7210570543488701,0,0,0,0,1,0,0,0,0,0,0,0,0,0,0,0,0,0,1,0,1,0,0,0,0,0,1,0,0,0
5,1.0,1.0,4.0,P426836,22,34.0,1.0,0,0,0,0,0,1,0,0,0,0,0,0,0,0,0,1,0,0,0,1,0,0,0,0,1,0,0,0,0,0
1,0.0,0.800000012,25.0,P426836,22,34.0,0.6295171572499421,0,0,1,0,0,0,0,0,0,0,0,0,0,0,0,1,0,0,0,0,1,0,0,0,0,0,1,0,0,0
5,1.0,0.854544997,55.0,P421235,11,90.0,0.6379251017607052,0,0,1,0,0,0,0,0,0,0,0,0,0,0,0,0,0,0,1,0,0,1,0,0,0,0,0,0,1,0
5,1.0,0.666666985,12.0,P421235,11,90.0,0.5772049881597967,0,0,0,0,0,0,0,1,0,0,0,0,0,0,0,1,0,0,0,1,0,0,0,0,1,0,0,0,0,0
5,1.0,0.666666985,30.0,P421235,11,90.0,0.5594062417953451,0,0,1,0,0,0,0,0,0,0,0,0,0,0,0,1,0,0,0,1,0,0,0,0,0,1,0,0,0,0
5,1.0,1.0,5.0,P4016,61,36.0,1.0,0,0,0,0,1,0,0,0,0,0,0,0,0,0,0,0,0,1,0,1,0,0,0,0,0,0,1,0,0,0
5,1.0,1.0,4.0,P4016,61,36.0,1.0,0,0,0,0,1,0,0,0,0,0,0,0,0,0,0,1,0,0,0,0,0,0,1,0,0,0,1,0,0,0
5,1.0,0.764706016,17.0,P4016,61,36.0,0.6211745993017163,0,0,0,0,1,0,0,0,0,0,0,0,0,0,1,0,0,0,0,1,0,0,0,0,0,1,0,0,0,0
1,0.0,1.0,4.0,P4016,61,36.0,1.0,0,0,0,1,0,0,0,0,0,0,0,0,0,0,0,1,0,0,0,0,0,1,0,0,0,0,0,0,0,1
5,1.0,0.909090996,11.0,P4016,61,36.0,0.7757561757824245,0,0,0,0,1,0,0,0,0,0,0,0,0,0,0,1,0,0,0,1,0,0,0,0,0,0,1,0,0,0
5,1.0,1.0,44.0,P4016,61,36.0,1.0,0,0,0,0,1,0,0,0,0,0,0,0,0,0,0,1,0,0,0,1,0,0,0,0,0,0,1,0,0,0
5,1.0,1.0,4.0,P4016,61,36.0,1.0,0,0,0,0,1,0,0,0,0,0,0,0,0,0,0,1,0,0,0,0,0,0,1,0,0,0,1,0,0,0
5,1.0,1.0,4.0,P4016,61,36.0,1.0,0,0,0,0,1,0,0,0,0,0,0,0,0,0,0,1,0,0,0,1,0,0,0,0,0,0,1,0,0,0
1,1.0,1.0,4.0,P4016,61,36.0,1.0,0,0,1,0,0,0,0,0,0,0,0,0,0,0,0,1,0,0,0,1,0,0,0,0,0,0,1,0,0,0
1,1.0,0.5,4.0,P4016,61,36.0,0.5,0,0,0,0,0,1,0,0,0,0,0,0,0,0,0,1,0,0,0,0,0,0,1,0,0,0,1,0,0,0
5,1.0,1.0,8.0,P4016,61,36.0,1.0,0,1,0,0,0,0,0,0,0,0,0,0,0,0,0,1,0,0,0,1,0,0,0,0,0,0,1,0,0,0
3,0.0,0.400000006,5.0,P278317,29,36.0,0.4421141086977403,0,0,0,0,0,0,0,0,0,0,0,0,1,0,0,1,0,0,0,0,0,0,1,1,0,0,0,0,0,0
2,0.0,0.555555999,9.0,P278317,29,36.0,0.5268025545616606,0,0,0,0,0,0,0,0,0,0,0,0,1,0,0,1,0,0,0,0,1,0,0,0,1,0,0,0,0,0
2,0.0,0.428570986,7.0,P278317,29,36.0,0.4627564263195183,0,0,0,0,1,0,0,0,0,0,0,0,0,0,1,0,0,0,0,1,0,0,0,0,0,1,0,0,0,0
5,1.0,1.0,13.0,P278317,29,36.0,1.0,0,0,1,0,0,0,0,0,0,0,0,0,0,0,0,1,0,0,0,1,0,0,0,0,0,0,1,0,0,0
5,1.0,0.966666996,30.0,P278317,29,36.0,0.8307061924012187,0,0,1,0,0,0,0,0,0,0,0,0,0,0,0,0,0,0,1,0,0,0,1,1,0,0,0,0,0,0
1,0.0,0.723577023,113.72000000000116,P278317,29,36.0,0.5586246502107598,0,0,0,0,0,0,1,0,0,0,0,0,0,0,0,1,0,0,0,1,0,0,0,0,1,0,0,0,0,0
5,1.0,0.833333015,6.0,P278317,29,36.0,0.7210570543488701,0,0,0,0,0,0,0,1,0,0,0,0,0,0,0,1,0,0,0,1,0,0,0,0,0,0,1,0,0,0
1,0.0,0.122449003,49.0,P278317,29,36.0,0.3395944613106726,0,0,0,0,1,0,0,0,0,0,0,0,0,0,0,1,0,0,0,0,0,1,0,0,1,0,0,0,0,0
3,0.0,0.600000024,5.0,P278317,29,36.0,0.5578858913022596,0,0,0,0,1,0,0,0,0,0,0,0,0,0,1,0,0,0,0,1,0,0,0,0,0,1,0,0,0,0
5,1.0,1.0,5.0,P278317,29,36.0,1.0,0,0,0,0,1,0,0,0,0,0,0,0,0,0,0,1,0,0,0,0,1,0,0,0,0,0,1,0,0,0
5,1.0,1.0,8.0,P278317,29,36.0,1.0,0,0,0,0,0,1,0,0,0,0,0,0,0,0,0,1,0,0,0,1,0,0,0,0,0,0,1,0,0,0
5,1.0,0.899999976,10.0,P278317,29,36.0,0.7686217868402409,0,0,0,0,1,0,0,0,0,0,0,0,0,0,1,0,0,0,0,1,0,0,0,0,0,1,0,0,0,0
4,1.0,1.0,6.0,P278317,29,36.0,1.0,0,1,0,0,0,0,0,0,0,0,0,0,0,0,0,1,0,0,0,1,0,0,0,0,1,0,0,0,0,0
3,1.0,0.25,4.0,P278317,29,36.0,0.3333333333333333,0,0,1,0,0,0,0,0,0,0,0,0,0,0,0,1,0,0,0,1,0,0,0,0,1,0,0,0,0,0
1,1.0,0.166666999,6.0,P278317,29,36.0,0.2789429456511298,0,0,1,0,0,0,0,0,0,0,0,0,0,0,0,1,0,0,0,1,0,0,0,0,1,0,0,0,0,0
5,1.0,1.0,14.0,P278317,29,36.0,1.0,0,0,1,0,0,0,0,0,0,0,0,0,0,0,0,1,0,0,0,1,0,0,0,0,1,0,0,0,0,0
5,1.0,1.0,4.0,P278317,29,36.0,1.0,0,0,1,0,0,0,0,0,0,0,0,0,0,0,0,1,0,0,0,1,0,0,0,0,1,0,0,0,0,0
2,1.0,0.909090996,11.0,P278317,29,36.0,0.7757561757824245,0,0,1,0,0,0,0,0,0,0,0,0,0,0,0,1,0,0,0,1,0,0,0,0,1,0,0,0,0,0
5,1.0,1.0,6.0,P278317,29,36.0,1.0,0,0,1,0,0,0,0,0,0,0,0,0,0,0,0,1,0,0,0,0,1,0,0,0,1,0,0,0,0,0
5,1.0,1.0,5.0,P406712,22,49.0,1.0,0,0,1,0,0,0,0,0,0,0,0,0,0,0,1,0,0,0,0,1,0,0,0,0,0,1,0,0,0,0
5,1.0,0.5,4.0,P406712,22,49.0,0.5,0,0,0,0,1,0,0,0,0,0,0,0,0,0,0,1,0,0,0,0,1,0,0,0,0,0,1,0,0,0
4,1.0,0.875,8.0,P406712,22,49.0,0.75,0,0,0,0,0,0,0,0,0,0,0,1,0,0,0,1,0,0,0,0,0,0,1,0,1,0,0,0,0,0
2,0.0,0.833333015,6.0,P406712,22,49.0,0.7210570543488701,0,0,0,0,0,0,0,1,0,0,0,0,0,0,0,1,0,0,0,1,0,0,0,0,1,0,0,0,0,0
2,0.0,1.0,6.0,P406712,22,49.0,1.0,0,0,0,0,0,0,0,1,0,0,0,0,0,0,0,1,0,0,0,1,0,0,0,0,0,0,1,0,0,0
2,0.0,1.0,7.0,P406712,22,49.0,1.0,0,0,0,0,0,1,0,0,0,0,0,0,0,0,0,0,0,0,1,0,1,0,0,0,0,0,1,0,0,0
3,0.0,1.0,5.0,P406712,22,49.0,1.0,0,0,1,0,0,0,0,0,0,0,0,0,0,0,1,0,0,0,0,1,0,0,0,0,0,0,1,0,0,0
5,1.0,1.0,6.0,P406712,22,49.0,1.0,0,0,0,0,1,0,0,0,0,0,0,0,0,0,0,0,0,1,0,0,1,0,0,0,0,1,0,0,0,0
4,1.0,1.0,6.0,P406712,22,49.0,1.0,0,0,0,1,0,0,0,0,0,0,0,0,0,1,0,0,0,0,0,1,0,0,0,1,0,0,0,0,0,0
2,0.0,0.75,4.0,P406712,22,49.0,0.6666666666666667,0,0,1,0,0,0,0,0,0,0,0,0,0,0,0,1,0,0,0,0,1,0,0,0,0,0,0,0,0,1
3,0.0,0.555555999,18.0,P406712,22,49.0,0.5218351971229078,0,1,0,0,0,0,0,0,0,0,0,0,0,0,0,1,0,0,0,0,0,0,1,0,0,0,1,0,0,0
1,0.0,0.916666985,12.0,P406712,22,49.0,0.7818957080144684,0,0,0,0,0,1,0,0,0,0,0,0,0,0,0,1,0,0,0,1,0,0,0,0,0,0,1,0,0,0
4,1.0,0.272727013,11.0,P406712,22,49.0,0.3868528072345414,0,0,0,0,1,0,0,0,0,0,0,0,0,0,0,1,0,0,0,0,0,0,1,0,0,1,0,0,0,0
2,0.0,0.25,12.0,P406712,22,49.0,0.3758036494182151,0,0,0,0,1,0,0,0,0,0,0,0,0,0,0,1,0,0,0,1,0,0,0,0,0,0,1,0,0,0
5,1.0,0.875,8.0,P406712,22,49.0,0.75,0,0,0,0,1,0,0,0,0,0,0,0,0,0,0,1,0,0,0,0,0,1,0,0,0,1,0,0,0,0
2,0.0,0.882353008,17.0,P406712,22,49.0,0.7162089270041655,0,1,0,0,0,0,0,0,0,0,0,0,0,0,0,1,0,0,0,0,1,0,0,0,0,0,1,0,0,0
5,1.0,0.909090996,11.0,P406712,22,49.0,0.7757561757824245,0,0,0,0,1,0,0,0,0,0,0,0,0,0,0,1,0,0,0,1,0,0,0,0,0,0,1,0,0,0
2,1.0,0.5,4.0,P406712,22,49.0,0.5,0,0,0,0,1,0,0,0,0,0,0,0,0,0,0,1,0,0,0,1,0,0,0,0,0,0,1,0,0,0
4,1.0,0.600000024,5.0,P406712,22,49.0,0.5578858913022596,0,0,0,0,1,0,0,0,0,0,0,0,0,0,0,1,0,0,0,1,0,0,0,0,0,0,1,0,0,0
5,1.0,0.800000012,5.0,P406712,22,49.0,0.6989700043360187,0,0,0,0,1,0,0,0,0,0,0,0,0,0,0,1,0,0,0,1,0,0,0,0,0,0,1,0,0,0
5,1.0,0.9375,16.0,P406712,22,49.0,0.7999999999999999,0,0,0,0,1,0,0,0,0,0,0,0,0,0,0,1,0,0,0,1,0,0,0,0,0,0,1,0,0,0
5,1.0,0.909090996,11.0,P406712,22,49.0,0.7757561757824245,0,0,0,0,1,0,0,0,0,0,0,0,0,0,0,1,0,0,0,1,0,0,0,0,0,0,1,0,0,0
5,1.0,0.959999979,25.0,P406712,22,49.0,0.8228161798644421,0,0,0,0,1,0,0,0,0,0,0,0,0,0,0,1,0,0,0,1,0,0,0,0,0,0,1,0,0,0
5,1.0,0.774194002,31.0,P415777,22,80.0,0.6075279380565617,0,0,1,0,0,0,0,0,0,0,0,0,0,0,0,0,0,1,0,0,0,1,0,0,0,1,0,0,0,0
5,1.0,0.964286029,56.0,P415777,22,80.0,0.7848366586984236,0,0,0,0,0,1,0,0,0,0,0,0,0,0,0,0,0,0,1,0,1,0,0,0,0,0,1,0,0,0
5,1.0,1.0,4.0,P415777,22,80.0,1.0,0,0,1,0,0,0,0,0,0,0,0,0,0,0,0,1,0,0,0,1,0,0,0,0,0,0,1,0,0,0
1,0.0,0.528302014,53.0,P415777,22,80.0,0.5082409679230684,0,0,1,0,0,0,0,0,0,0,0,0,0,0,0,1,0,0,0,1,0,0,0,0,0,0,1,0,0,0
5,1.0,0.800000012,10.0,P415777,22,80.0,0.6666666666666666,0,0,1,0,0,0,0,0,0,0,0,0,0,0,0,0,0,0,1,1,0,0,0,0,0,0,1,0,0,0
1,0.0,0.388889015,36.0,P415777,22,80.0,0.463425963394654,0,0,0,0,1,0,0,0,0,0,0,0,0,0,0,1,0,0,0,0,0,1,0,0,0,0,1,0,0,0
5,1.0,0.949999988,20.0,P415777,22,80.0,0.8120981752908923,0,0,0,0,0,0,0,0,0,0,0,1,0,0,0,1,0,0,0,1,0,0,0,0,0,0,1,0,0,0
5,1.0,0.888889015,9.0,P415777,22,80.0,0.7601875334318686,0,0,0,0,0,0,0,0,0,0,0,1,0,0,0,1,0,0,0,0,0,1,0,0,0,0,1,0,0,0
5,1.0,1.0,14.0,P415777,22,80.0,1.0,0,0,1,0,0,0,0,0,0,0,0,0,0,0,0,1,0,0,0,1,0,0,0,0,0,0,1,0,0,0
5,1.0,0.666666985,9.0,P415777,22,80.0,0.583970804646981,0,0,1,0,0,0,0,0,0,0,0,0,0,0,1,0,0,0,0,1,0,0,0,0,0,0,1,0,0,0
3,0.0,0.738094985,42.0,P415777,22,80.0,0.582413726277778,0,0,0,0,1,0,0,0,0,0,0,0,0,0,0,1,0,0,0,0,0,0,1,0,1,0,0,0,0,0
3,1.0,0.839999974,25.0,P415777,22,80.0,0.657601396626028,0,0,0,0,0,1,0,0,0,0,0,0,0,0,0,0,0,0,1,1,0,0,0,0,0,0,1,0,0,0
5,1.0,0.333332986,9.0,P415777,22,80.0,0.4160291953530189,0,0,1,0,0,0,0,0,0,0,0,0,0,0,0,0,0,1,0,1,0,0,0,0,0,1,0,0,0,0
1,0.0,0.416667014,12.0,P415777,22,80.0,0.4628433047468758,0,0,0,0,0,1,0,0,0,0,0,0,0,0,0,1,0,0,0,1,0,0,0,0,1,0,0,0,0,0
4,1.0,1.0,6.0,P415777,22,80.0,1.0,0,0,0,0,0,1,0,0,0,0,0,0,0,0,0,0,0,1,0,0,0,1,0,0,0,0,1,0,0,0
4,1.0,0.545454979,11.0,P415777,22,80.0,0.5206212286759117,0,0,1,0,0,0,0,0,0,0,0,0,0,0,0,1,0,0,0,0,1,0,0,0,0,0,1,0,0,0
2,0.0,0.916666985,48.0,P415777,22,80.0,0.7028419355411064,0,0,0,0,0,1,0,0,0,0,0,0,0,0,0,1,0,0,0,1,0,0,0,0,1,0,0,0,0,0
5,1.0,1.0,5.0,P415777,22,80.0,1.0,0,0,0,0,1,0,0,0,0,0,0,0,0,0,1,0,0,0,0,1,0,0,0,0,0,0,1,0,0,0
5,1.0,0.9375,16.0,P415777,22,80.0,0.7999999999999999,0,0,0,0,0,0,1,0,0,0,0,0,0,0,0,1,0,0,0,1,0,0,0,0,0,0,1,0,0,0
5,1.0,0.875,8.0,P415777,22,80.0,0.75,0,0,0,0,1,0,0,0,0,0,0,0,0,0,0,0,0,0,1,1,0,0,0,0,0,1,0,0,0,0
1,0.0,0.5,12.0,P415777,22,80.0,0.5,0,0,0,0,0,1,0,0,0,0,0,0,0,0,0,1,0,0,0,0,0,1,0,0,0,0,1,0,0,0
5,1.0,0.857142985,7.0,P415777,22,80.0,0.7373504649628064,0,0,0,0,1,0,0,0,0,0,0,0,0,0,0,0,0,1,0,0,0,0,1,0,0,0,1,0,0,0
5,1.0,0.833333015,6.0,P415777,22,80.0,0.7210570543488701,0,0,0,0,1,0,0,0,0,0,0,0,0,0,1,0,0,0,0,1,0,0,0,0,0,0,1,0,0,0
5,1.0,0.923076987,13.0,P415777,22,80.0,0.7872539464466368,0,0,0,0,1,0,0,0,0,0,0,0,0,0,0,1,0,0,0,1,0,0,0,0,0,0,1,0,0,0
5,1.0,0.416667014,12.0,P415777,22,80.0,0.4628433047468758,0,0,0,0,1,0,0,0,0,0,0,0,0,0,1,0,0,0,0,0,1,0,0,0,0,1,0,0,0,0
5,1.0,0.920000017,25.0,P415777,22,80.0,0.7431147865896834,0,0,0,0,1,0,0,0,0,0,0,0,0,1,0,0,0,0,0,0,1,0,0,0,0,0,1,0,0,0
5,1.0,0.800000012,5.0,P415777,22,80.0,0.6989700043360187,0,0,0,1,0,0,0,0,0,0,0,0,0,0,0,0,0,1,0,0,1,0,0,1,0,0,0,0,0,0
5,1.0,0.980000019,50.0,P415777,22,80.0,0.8494850021680095,0,0,0,0,0,1,0,0,0,0,0,0,0,0,0,0,0,0,1,1,0,0,0,0,0,0,1,0,0,0
1,0.0,0.905659974,53.0,P415777,22,80.0,0.6847480738240714,0,0,0,0,0,1,0,0,0,0,0,0,0,0,0,0,0,1,0,0,1,0,0,0,0,1,0,0,0,0
5,1.0,0.857142985,7.0,P415777,22,80.0,0.7373504649628064,0,0,0,0,1,0,0,0,0,0,0,0,0,0,0,1,0,0,0,0,0,0,1,0,0,0,1,0,0,0
2,1.0,0.901638985,61.0,P415777,22,80.0,0.6741207802866007,0,0,0,0,1,0,0,0,0,0,0,0,0,0,0,1,0,0,0,1,0,0,0,0,0,0,1,0,0,0
5,1.0,0.375,8.0,P415777,22,80.0,0.4362085839710631,0,0,0,0,1,0,0,0,0,0,0,0,0,0,0,1,0,0,0,1,0,0,0,0,0,0,1,0,0,0
5,1.0,0.923076987,13.0,P415777,22,80.0,0.7872539464466368,0,0,0,0,1,0,0,0,0,0,0,0,0,0,0,1,0,0,0,1,0,0,0,0,0,0,1,0,0,0
2,1.0,0.800000012,5.0,P415777,22,80.0,0.6989700043360187,0,0,0,0,1,0,0,0,0,0,0,0,0,0,0,1,0,0,0,1,0,0,0,0,0,0,1,0,0,0
5,1.0,0.936842024,95.0,P415777,22,80.0,0.6981081704477807,0,0,0,0,1,0,0,0,0,0,0,0,0,0,0,1,0,0,0,1,0,0,0,0,0,0,1,0,0,0
5,1.0,0.90476203,84.0,P415777,22,80.0,0.6640858431151756,0,0,0,0,1,0,0,0,0,0,0,0,0,0,0,1,0,0,0,1,0,0,0,0,0,0,1,0,0,0
5,1.0,0.90476203,42.0,P415777,22,80.0,0.6947775370433603,0,0,0,0,1,0,0,0,0,0,0,0,0,0,0,1,0,0,0,1,0,0,0,0,0,0,1,0,0,0
5,1.0,0.857142985,7.0,P415777,22,80.0,0.7373504649628064,0,0,0,0,1,0,0,0,0,0,0,0,0,0,0,1,0,0,0,1,0,0,0,0,0,0,1,0,0,0
5,1.0,1.0,5.0,P421996,48,78.0,1.0,0,0,0,0,1,0,0,0,0,0,0,0,0,0,0,0,0,1,0,0,1,0,0,0,0,0,1,0,0,0
5,1.0,1.0,6.0,P421996,48,78.0,1.0,0,0,1,0,0,0,0,0,0,0,0,0,0,0,0,0,0,0,1,1,0,0,0,0,0,0,1,0,0,0
5,1.0,0.888889015,9.0,P421996,48,78.0,0.7601875334318686,0,0,0,0,0,0,0,1,0,0,0,0,0,0,0,1,0,0,0,0,1,0,0,0,1,0,0,0,0,0
4,1.0,1.0,4.0,P421996,48,78.0,1.0,0,0,0,0,0,0,0,1,0,0,0,0,0,0,0,1,0,0,0,1,0,0,0,0,0,0,1,0,0,0
3,0.0,1.0,5.0,P421996,48,78.0,1.0,0,0,1,0,0,0,0,0,0,0,0,0,0,0,0,1,0,0,0,0,1,0,0,0,1,0,0,0,0,0
4,1.0,0.818181992,33.0,P421996,48,78.0,0.6313247675185968,0,0,1,0,0,0,0,0,0,0,0,0,0,0,1,0,0,0,0,0,0,0,1,0,0,1,0,0,0,0
5,1.0,0.0,4.0,P421996,48,78.0,0.0,0,0,0,0,0,0,0,1,0,0,0,0,0,0,0,1,0,0,0,1,0,0,0,0,1,0,0,0,0,0
1,0.0,1.0,7.0,P421996,48,78.0,1.0,0,0,0,0,0,0,1,0,0,0,0,0,0,0,0,1,0,0,0,1,0,0,0,0,0,0,1,0,0,0
5,1.0,0.866666973,15.0,P421996,48,78.0,0.7060702520912807,0,0,0,0,1,0,0,0,0,0,0,0,0,0,0,1,0,0,0,0,1,0,0,0,0,0,1,0,0,0
5,1.0,0.772727013,22.0,P421996,48,78.0,0.617319681505689,0,0,0,0,1,0,0,0,0,0,0,0,0,0,0,1,0,0,0,1,0,0,0,0,0,0,1,0,0,0
5,1.0,1.0,5.0,P422510,48,24.0,1.0,0,0,0,0,1,0,0,0,0,0,0,0,0,0,1,0,0,0,0,0,1,0,0,0,1,0,0,0,0,0
5,1.0,1.0,19.0,P422510,48,24.0,1.0,0,0,0,0,1,0,0,0,0,0,0,0,0,0,0,0,0,1,0,0,1,0,0,0,0,0,1,0,0,0
5,1.0,0.875,8.0,P422510,48,24.0,0.75,0,0,0,0,1,0,0,0,0,0,0,0,0,0,0,1,0,0,0,1,0,0,0,0,0,0,1,0,0,0
5,1.0,0.899999976,10.0,P422510,48,24.0,0.7686217868402409,0,0,0,0,0,1,0,0,0,0,0,0,0,0,0,0,0,0,1,1,0,0,0,0,0,0,1,0,0,0
5,1.0,0.714286029,7.0,P422510,48,24.0,0.6199062332840658,0,0,0,0,1,0,0,0,0,0,0,0,0,0,0,1,0,0,0,0,1,0,0,0,0,0,1,0,0,0
5,1.0,1.0,6.0,P422510,48,24.0,1.0,0,0,0,0,1,0,0,0,0,0,0,0,0,0,0,1,0,0,0,1,0,0,0,0,0,1,0,0,0,0
4,1.0,1.0,4.0,P422510,48,24.0,1.0,0,0,0,0,1,0,0,0,0,0,0,0,0,0,0,0,0,1,0,1,0,0,0,0,0,1,0,0,0,0
5,1.0,1.0,5.0,P422510,48,24.0,1.0,0,0,0,0,0,1,0,0,0,0,0,0,0,0,1,0,0,0,0,0,0,1,0,0,0,0,1,0,0,0
5,1.0,1.0,8.0,P422510,48,24.0,1.0,0,0,1,0,0,0,0,0,0,0,0,0,0,0,1,0,0,0,0,1,0,0,0,0,0,1,0,0,0,0
2,0.0,1.0,10.0,P422510,48,24.0,1.0,0,0,0,0,1,0,0,0,0,0,0,0,0,0,0,1,0,0,0,1,0,0,0,0,0,0,1,0,0,0
5,1.0,1.0,6.0,P422510,48,24.0,1.0,0,0,1,0,0,0,0,0,0,0,0,0,0,0,0,1,0,0,0,0,1,0,0,0,1,0,0,0,0,0
1,0.0,0.833333015,6.0,P422510,48,24.0,0.7210570543488701,0,0,0,0,0,1,0,0,0,0,0,0,0,0,1,0,0,0,0,0,0,1,0,0,0,0,1,0,0,0
4,1.0,0.647059023,17.0,P422510,48,24.0,0.5608236049020798,0,0,0,1,0,0,0,0,0,0,0,0,0,0,0,0,0,0,1,0,0,1,0,0,0,0,0,0,0,1
5,1.0,0.882353008,17.0,P422510,48,24.0,0.7162089270041655,0,0,0,0,0,1,0,0,0,0,0,0,0,0,0,1,0,0,0,0,0,0,1,0,0,0,1,0,0,0
4,1.0,0.903613985,83.0,P422510,48,24.0,0.6634131829488819,0,1,0,0,0,0,0,0,0,0,0,0,0,0,0,1,0,0,0,0,1,0,0,0,0,0,1,0,0,0
5,1.0,0.142857,7.0,P411403,40,20.0,0.2626495350371936,0,0,0,0,0,1,0,0,0,0,0,0,0,0,0,1,0,0,0,1,0,0,0,0,0,0,1,0,0,0
1,0.0,0.888889015,9.0,P411403,40,20.0,0.7601875334318686,0,0,0,1,0,0,0,0,0,0,0,0,0,0,0,1,0,0,0,1,0,0,0,0,0,0,1,0,0,0
5,1.0,0.833333015,6.0,P415771,98,110.0,0.7210570543488701,0,0,0,0,1,0,0,0,0,0,0,0,0,0,0,1,0,0,0,1,0,0,0,0,0,0,1,0,0,0
1,0.0,0.642857015,14.0,P415771,98,110.0,0.5623818557528476,0,0,0,0,1,0,0,0,0,0,0,0,0,0,0,0,0,0,1,0,1,0,0,0,0,0,1,0,0,0
1,0.0,0.75,8.0,P415771,98,110.0,0.6391511932854698,0,0,1,0,0,0,0,0,0,0,0,0,0,0,0,0,0,1,0,1,0,0,0,0,0,0,0,0,0,1
1,0.0,0.949999988,20.0,P415771,98,110.0,0.8120981752908923,0,0,0,0,0,1,0,0,0,0,0,0,0,0,0,1,0,0,0,0,0,0,1,0,0,0,1,0,0,0
1,0.0,0.523810029,42.0,P415771,98,110.0,0.5073601563963391,0,0,0,0,0,0,0,0,0,0,0,0,1,0,0,1,0,0,0,1,0,0,0,0,0,0,1,0,0,0
5,1.0,1.0,47.0,P415771,98,110.0,1.0,0,0,0,0,0,0,1,0,0,0,0,0,0,0,0,1,0,0,0,1,0,0,0,0,0,0,1,0,0,0
5,1.0,0.875,8.0,P415771,98,110.0,0.75,0,0,0,0,0,1,0,0,0,0,0,0,0,0,0,1,0,0,0,0,1,0,0,0,0,1,0,0,0,0
5,1.0,0.333332986,6.0,P415771,98,110.0,0.4056838710822129,0,0,1,0,0,0,0,0,0,0,0,0,0,0,0,0,0,1,0,0,0,1,0,0,0,0,1,0,0,0
5,1.0,1.0,4.0,P415771,98,110.0,1.0,0,0,0,0,0,1,0,0,0,0,0,0,0,0,0,1,0,0,0,0,1,0,0,0,1,0,0,0,0,0
4,0.0,0.5,4.0,P415771,98,110.0,0.5,0,0,0,0,0,0,0,0,0,0,0,0,1,0,0,1,0,0,0,1,0,0,0,0,1,0,0,0,0,0
1,0.0,0.100000001,20.0,P415771,98,110.0,0.2717285079732675,0,0,0,0,0,1,0,0,0,0,0,0,0,0,0,1,0,0,0,0,0,0,1,0,0,0,1,0,0,0
5,1.0,0.949999988,40.0,P415771,98,110.0,0.7693044597467508,0,0,0,0,1,0,0,0,0,0,0,0,0,0,0,1,0,0,0,1,0,0,0,0,0,0,1,0,0,0
5,1.0,0.833333015,6.0,P415771,98,110.0,0.7210570543488701,0,0,0,0,1,0,0,0,0,0,0,0,0,0,0,1,0,0,0,1,0,0,0,0,0,0,1,0,0,0
1,0.0,0.727272987,22.0,P473160,98,65.0,0.5928311641538279,0,0,0,0,1,0,0,0,0,0,0,0,0,0,0,1,0,0,0,0,0,1,0,0,0,0,1,0,0,0
5,1.0,1.0,5.0,P473160,98,65.0,1.0,0,0,0,0,0,1,0,0,0,0,0,0,0,0,0,1,0,0,0,1,0,0,0,0,0,0,1,0,0,0
5,1.0,0.75,4.0,P473160,98,65.0,0.6666666666666667,0,0,0,0,0,0,0,0,0,0,0,0,1,0,0,1,0,0,0,0,1,0,0,0,1,0,0,0,0,0
4,1.0,0.818181992,11.0,P473160,98,65.0,0.6769924925288455,0,0,0,0,0,0,1,0,0,0,0,0,0,0,0,1,0,0,0,1,0,0,0,0,1,0,0,0,0,0
4,1.0,0.5,10.0,P473160,98,65.0,0.5,0,0,0,0,0,1,0,0,0,0,0,0,0,0,0,1,0,0,0,0,0,1,0,0,0,0,1,0,0,0
5,1.0,0.785713971,14.0,P473160,98,65.0,0.6418955364979173,0,0,1,0,0,0,0,0,0,0,0,0,0,0,1,0,0,0,0,0,0,0,1,0,0,0,1,0,0,0
5,1.0,0.408163011,49.0,P473160,98,65.0,0.4723324195021611,0,0,0,0,0,0,0,0,0,0,0,0,1,0,0,1,0,0,0,1,0,0,0,0,1,0,0,0,0,0
5,1.0,0.857142985,7.0,P473160,98,65.0,0.7373504649628064,0,0,0,0,0,1,0,0,0,0,0,0,0,0,0,1,0,0,0,0,0,0,1,0,0,0,1,0,0,0
5,1.0,0.571429014,14.0,P473160,98,65.0,0.5303290195561405,0,0,0,1,0,0,0,0,0,0,0,0,0,0,0,0,0,0,1,0,0,1,0,0,0,0,1,0,0,0
5,1.0,0.899999976,10.0,P473160,98,65.0,0.7686217868402409,0,0,0,1,0,0,0,0,0,0,0,0,0,0,0,0,0,0,1,1,0,0,0,0,0,0,1,0,0,0
2,0.0,0.909090996,11.0,P473160,98,65.0,0.7757561757824245,0,0,0,0,1,0,0,0,0,0,0,0,0,0,1,0,0,0,0,0,0,0,1,0,0,1,0,0,0,0
5,1.0,0.75,4.0,P473160,98,65.0,0.6666666666666667,0,0,0,0,1,0,0,0,0,0,0,0,0,0,0,0,0,0,1,0,0,0,1,0,0,0,1,0,0,0
5,1.0,0.875,8.0,P473160,98,65.0,0.75,0,0,0,0,1,0,0,0,0,0,0,0,0,0,0,1,0,0,0,1,0,0,0,0,1,0,0,0,0,0
5,1.0,0.921052992,38.0,P473160,98,65.0,0.7210570543488701,0,0,0,0,0,1,0,0,0,0,0,0,0,0,0,0,0,1,0,0,1,0,0,0,0,1,0,0,0,0
4,1.0,0.875,32.0,P473160,98,65.0,0.6766075912971578,0,0,0,0,1,0,0,0,0,0,0,0,0,0,0,1,0,0,0,1,0,0,0,0,0,0,1,0,0,0
4,1.0,0.800000012,5.0,P473160,98,65.0,0.6989700043360187,0,0,0,0,1,0,0,0,0,0,0,0,0,0,0,1,0,0,0,1,0,0,0,0,0,0,1,0,0,0
1,1.0,0.285714,35.0,P473160,98,65.0,0.4239566380225697,0,0,0,0,1,0,0,0,0,0,0,0,0,0,0,1,0,0,0,1,0,0,0,0,0,0,1,0,0,0
3,1.0,0.818181992,11.0,P442840,86,54.0,0.6769924925288455,0,0,1,0,0,0,0,0,0,0,0,0,0,1,0,0,0,0,0,0,1,0,0,0,0,0,1,0,0,0
5,1.0,1.0,6.0,P442840,86,54.0,1.0,0,0,0,0,1,0,0,0,0,0,0,0,0,0,0,1,0,0,0,1,0,0,0,0,0,0,1,0,0,0
3,0.0,0.384615004,13.0,P442840,86,54.0,0.4491768952476266,0,0,0,0,1,0,0,0,0,0,0,0,0,1,0,0,0,0,0,0,1,0,0,0,0,1,0,0,0,0
4,1.0,1.0,5.0,P442840,86,54.0,1.0,0,0,0,0,1,0,0,0,0,0,0,0,0,0,0,1,0,0,0,0,1,0,0,0,0,0,1,0,0,0
4,1.0,0.800000012,5.0,P442840,86,54.0,0.6989700043360187,0,0,1,0,0,0,0,0,0,0,0,0,0,0,0,1,0,0,0,1,0,0,0,0,0,0,0,0,0,1
3,0.0,0.875,8.0,P442840,86,54.0,0.75,0,0,0,0,0,1,0,0,0,0,0,0,0,0,1,0,0,0,0,0,0,1,0,0,0,1,0,0,0,0
5,1.0,0.5,4.0,P442840,86,54.0,0.5,0,0,1,0,0,0,0,0,0,0,0,0,0,0,0,1,0,0,0,0,0,1,0,0,0,0,0,0,0,1
2,0.0,0.666666985,15.0,P442840,86,54.0,0.5723372020956964,0,0,1,0,0,0,0,0,0,0,0,0,0,0,0,1,0,0,0,0,1,0,0,0,0,0,0,0,1,0
1,0.0,0.428570986,7.0,P442840,86,54.0,0.4627564263195183,0,0,0,0,0,0,1,0,0,0,0,0,0,0,1,0,0,0,0,1,0,0,0,0,0,1,0,0,0,0
4,1.0,0.333332986,6.0,P442840,86,54.0,0.4056838710822129,0,0,0,0,1,0,0,0,0,0,0,0,0,0,0,1,0,0,0,1,0,0,0,0,0,0,1,0,0,0
5,1.0,1.0,4.0,P442840,86,54.0,1.0,0,0,0,0,0,0,0,1,0,0,0,0,0,0,0,1,0,0,0,0,1,0,0,0,1,0,0,0,0,0
1,0.0,1.0,7.0,P442840,86,54.0,1.0,0,0,1,0,0,0,0,0,0,0,0,0,0,0,0,1,0,0,0,1,0,0,0,0,0,1,0,0,0,0
3,1.0,0.666666985,6.0,P442840,86,54.0,0.5943161289177871,0,0,0,0,1,0,0,0,0,0,0,0,0,0,0,0,0,0,1,0,1,0,0,0,0,0,1,0,0,0
5,1.0,0.625,8.0,P442840,86,54.0,0.5637914160289369,0,0,0,0,0,1,0,0,0,0,0,0,0,0,1,0,0,0,0,0,1,0,0,1,0,0,0,0,0,0
2,0.0,0.625,8.0,P442840,86,54.0,0.5637914160289369,0,0,0,0,0,1,0,0,0,0,0,0,0,0,0,1,0,0,0,1,0,0,0,0,0,0,1,0,0,0
5,1.0,1.0,5.0,P442840,86,54.0,1.0,0,0,0,0,1,0,0,0,0,0,0,0,0,0,0,0,0,0,1,1,0,0,0,0,0,1,0,0,0,0
3,1.0,0.75,8.0,P442840,86,54.0,0.6391511932854698,0,0,1,0,0,0,0,0,0,0,0,0,0,0,1,0,0,0,0,0,1,0,0,0,0,0,1,0,0,0
4,1.0,0.142857,7.0,P442840,86,54.0,0.2626495350371936,0,0,0,0,1,0,0,0,0,0,0,0,0,0,0,0,0,1,0,1,0,0,0,1,0,0,0,0,0,0
5,1.0,1.0,5.0,P442840,86,54.0,1.0,0,0,1,0,0,0,0,0,0,0,0,0,0,0,0,0,0,1,0,0,1,0,0,0,0,0,1,0,0,0
5,1.0,1.0,7.0,P442840,86,54.0,1.0,0,0,0,0,1,0,0,0,0,0,0,0,0,0,0,0,0,1,0,1,0,0,0,0,0,0,1,0,0,0
3,0.0,1.0,5.0,P442840,86,54.0,1.0,0,0,0,0,0,1,0,0,0,0,0,0,0,0,0,1,0,0,0,1,0,0,0,0,1,0,0,0,0,0
5,1.0,0.800000012,5.0,P442840,86,54.0,0.6989700043360187,0,0,0,0,1,0,0,0,0,0,0,0,0,0,0,0,0,0,1,1,0,0,0,0,0,0,1,0,0,0
4,1.0,0.800000012,10.0,P442840,86,54.0,0.6666666666666666,0,0,0,0,1,0,0,0,0,0,0,0,0,0,1,0,0,0,0,0,1,0,0,0,0,0,1,0,0,0
5,1.0,0.400000006,5.0,P442840,86,54.0,0.4421141086977403,0,0,1,0,0,0,0,0,0,0,0,0,0,0,1,0,0,0,0,1,0,0,0,0,0,0,1,0,0,0
3,0.0,0.193547994,31.0,P442840,86,54.0,0.373925374440357,0,0,1,0,0,0,0,0,0,0,0,0,0,0,0,0,0,1,0,0,0,1,0,0,0,1,0,0,0,0
5,1.0,0.625,8.0,P442840,86,54.0,0.5637914160289369,0,0,0,0,1,0,0,0,0,0,0,0,0,0,0,0,0,0,1,1,0,0,0,0,0,0,1,0,0,0
5,1.0,1.0,18.0,P442840,86,54.0,1.0,0,0,1,0,0,0,0,0,0,0,0,0,0,0,0,0,0,1,0,0,1,0,0,1,0,0,0,0,0,0
4,1.0,1.0,5.0,P442840,86,54.0,1.0,0,0,0,0,0,0,1,0,0,0,0,0,0,0,0,1,0,0,0,0,1,0,0,0,1,0,0,0,0,0
2,0.0,0.538461983,13.0,P461537,98,40.0,0.5165863013822944,0,0,0,0,1,0,0,0,0,0,0,0,0,0,0,1,0,0,0,0,0,0,1,0,0,0,1,0,0,0
1,0.0,0.600000024,5.0,P461537,98,40.0,0.5578858913022596,0,1,0,0,0,0,0,0,0,0,0,0,0,0,0,1,0,0,0,1,0,0,0,0,1,0,0,0,0,0
5,1.0,0.75,4.0,P461537,98,40.0,0.6666666666666667,0,0,0,0,0,1,0,0,0,0,0,0,0,0,0,1,0,0,0,0,1,0,0,0,0,0,1,0,0,0
5,1.0,0.5,4.0,P461537,98,40.0,0.5,0,0,1,0,0,0,0,0,0,0,0,0,0,0,1,0,0,0,0,1,0,0,0,0,0,1,0,0,0,0
5,1.0,0.952381015,21.0,P461537,98,40.0,0.814550976584631,0,0,0,0,0,1,0,0,0,0,0,0,0,0,0,0,0,1,0,0,0,0,1,0,1,0,0,0,0,0
5,1.0,0.75,4.0,P461537,98,40.0,0.6666666666666667,0,0,0,0,0,1,0,0,0,0,0,0,0,0,0,0,0,1,0,1,0,0,0,0,0,0,1,0,0,0
5,1.0,0.714286029,14.0,P461537,98,40.0,0.5983768161916053,0,1,0,0,0,0,0,0,0,0,0,0,0,0,0,1,0,0,0,1,0,0,0,0,1,0,0,0,0,0
4,1.0,1.0,5.0,P461537,98,40.0,1.0,0,0,0,0,0,1,0,0,0,0,0,0,0,0,0,0,0,0,1,0,0,1,0,0,0,0,1,0,0,0
5,1.0,0.5,6.0,P461537,98,40.0,0.5,0,0,0,0,1,0,0,0,0,0,0,0,0,0,1,0,0,0,0,0,0,1,0,0,0,0,1,0,0,0
5,1.0,0.800000012,5.0,P461537,98,40.0,0.6989700043360187,0,0,0,0,0,1,0,0,0,0,0,0,0,0,0,1,0,0,0,0,0,1,0,0,1,0,0,0,0,0
5,1.0,0.75,4.0,P461537,98,40.0,0.6666666666666667,0,0,0,0,1,0,0,0,0,0,0,0,0,0,1,0,0,0,0,1,0,0,0,0,0,1,0,0,0,0
5,1.0,1.0,7.0,P461537,98,40.0,1.0,0,0,0,0,0,0,0,1,0,0,0,0,0,0,0,1,0,0,0,0,1,0,0,0,1,0,0,0,0,0
1,0.0,0.863636017,113.72000000000116,P461537,98,40.0,0.6070374060107351,0,0,1,0,0,0,0,0,0,0,0,0,0,0,1,0,0,0,0,0,0,0,1,0,0,1,0,0,0,0
5,1.0,0.375,8.0,P461537,98,40.0,0.4362085839710631,0,0,1,0,0,0,0,0,0,0,0,0,0,0,0,1,0,0,0,0,0,1,0,0,0,0,1,0,0,0
3,0.0,1.0,5.0,P461537,98,40.0,1.0,0,0,0,0,1,0,0,0,0,0,0,0,0,0,0,0,0,0,1,0,0,1,0,0,0,1,0,0,0,0
3,1.0,0.857142985,7.0,P461537,98,40.0,0.7373504649628064,0,0,1,0,0,0,0,0,0,0,0,0,0,0,0,0,0,0,1,0,0,0,1,0,0,0,1,0,0,0
3,1.0,0.875,8.0,P479860,86,20.0,0.75,0,0,0,0,0,0,0,1,0,0,0,0,0,0,0,1,0,0,0,0,1,0,0,0,1,0,0,0,0,0
5,1.0,1.0,7.0,P479860,86,20.0,1.0,0,0,0,0,1,0,0,0,0,0,0,0,0,0,0,1,0,0,0,1,0,0,0,0,0,0,1,0,0,0
1,0.0,0.5,4.0,P479860,86,20.0,0.5,0,0,1,0,0,0,0,0,0,0,0,0,0,0,0,0,0,0,1,1,0,0,0,0,0,1,0,0,0,0
5,1.0,1.0,15.0,P479860,86,20.0,1.0,0,0,0,0,1,0,0,0,0,0,0,0,0,0,0,1,0,0,0,1,0,0,0,0,0,0,1,0,0,0
1,0.0,0.473684013,19.0,P479860,86,20.0,0.4898616553642111,0,0,0,0,1,0,0,0,0,0,0,0,0,0,0,0,0,0,1,1,0,0,0,0,0,0,1,0,0,0
5,1.0,0.888889015,9.0,P479860,86,20.0,0.7601875334318686,0,0,0,0,0,1,0,0,0,0,0,0,0,0,0,0,0,0,1,0,1,0,0,0,1,0,0,0,0,0
3,0.0,0.699999988,10.0,P479860,86,20.0,0.6,0,0,1,0,0,0,0,0,0,0,0,0,0,0,0,0,0,1,0,0,1,0,0,0,0,1,0,0,0,0
5,1.0,0.666666985,6.0,P479860,86,20.0,0.5943161289177871,0,0,0,0,1,0,0,0,0,0,0,0,0,0,0,1,0,0,0,1,0,0,0,0,1,0,0,0,0,0
5,1.0,0.875,40.0,P479860,86,20.0,0.6666666666666666,0,0,0,0,0,0,0,1,0,0,0,0,0,0,0,1,0,0,0,1,0,0,0,0,1,0,0,0,0,0
5,1.0,0.75,4.0,P479860,86,20.0,0.6666666666666667,0,0,0,1,0,0,0,0,0,0,0,0,0,1,0,0,0,0,0,0,1,0,0,0,0,0,0,0,0,1
5,1.0,1.0,5.0,P479860,86,20.0,1.0,0,0,0,1,0,0,0,0,0,0,0,0,0,0,1,0,0,0,0,0,1,0,0,0,0,1,0,0,0,0
1,0.0,0.727272987,11.0,P479860,86,20.0,0.6131471927654585,0,0,0,0,0,1,0,0,0,0,0,0,0,0,0,1,0,0,0,1,0,0,0,0,0,0,1,0,0,0
3,0.0,1.0,4.0,P479860,86,20.0,1.0,0,0,0,0,1,0,0,0,0,0,0,0,0,0,0,1,0,0,0,0,1,0,0,0,0,0,1,0,0,0
3,0.0,0.75,4.0,P479860,86,20.0,0.6666666666666667,0,0,0,0,0,0,1,0,0,0,0,0,0,0,0,1,0,0,0,1,0,0,0,0,0,0,1,0,0,0
3,0.0,1.0,5.0,P479860,86,20.0,1.0,0,0,1,0,0,0,0,0,0,0,0,0,0,0,0,1,0,0,0,0,0,1,0,0,0,0,1,0,0,0
5,1.0,0.75,4.0,P479860,86,20.0,0.6666666666666667,0,0,0,0,0,0,0,1,0,0,0,0,0,0,0,1,0,0,0,0,1,0,0,0,1,0,0,0,0,0
5,1.0,0.916666985,12.0,P479860,86,20.0,0.7818957080144684,0,0,1,0,0,0,0,0,0,0,0,0,0,0,1,0,0,0,0,0,0,0,1,0,0,0,1,0,0,0
4,1.0,0.800000012,10.0,P479860,86,20.0,0.6666666666666666,0,0,0,0,0,1,0,0,0,0,0,0,0,0,0,1,0,0,0,0,1,0,0,0,0,0,1,0,0,0
3,0.0,0.777778029,9.0,P479860,86,20.0,0.6543128759565946,0,0,0,0,1,0,0,0,0,0,0,0,0,0,0,1,0,0,0,1,0,0,0,0,0,1,0,0,0,0
4,1.0,1.0,10.0,P479860,86,20.0,1.0,0,0,0,0,1,0,0,0,0,0,0,0,0,0,0,1,0,0,0,1,0,0,0,0,1,0,0,0,0,0
5,1.0,0.944444001,18.0,P479860,86,20.0,0.8065735963827292,0,0,0,1,0,0,0,0,0,0,0,0,0,0,0,1,0,0,0,0,0,0,1,0,1,0,0,0,0,0
5,1.0,0.875,8.0,P479860,86,20.0,0.75,0,0,1,0,0,0,0,0,0,0,0,0,0,0,1,0,0,0,0,0,1,0,0,0,0,0,1,0,0,0
2,0.0,0.730768979,26.0,P479860,86,20.0,0.5902718572045537,0,0,0,0,0,0,0,1,0,0,0,0,0,0,0,0,0,0,1,0,0,0,1,0,0,0,1,0,0,0
4,1.0,0.333332986,6.0,P479860,86,20.0,0.4056838710822129,0,0,1,0,0,0,0,0,0,0,0,0,0,0,0,1,0,0,0,0,0,1,0,0,0,0,1,0,0,0
5,1.0,0.75,8.0,P479860,86,20.0,0.6391511932854698,0,0,0,1,0,0,0,0,0,0,0,0,0,0,0,0,0,1,0,0,0,1,0,0,0,0,1,0,0,0
4,1.0,0.699999988,10.0,P479860,86,20.0,0.6,0,0,0,0,0,0,1,0,0,0,0,0,0,0,0,1,0,0,0,1,0,0,0,0,1,0,0,0,0,0
5,1.0,0.833333015,12.0,P479860,86,20.0,0.6857972507265685,0,0,0,0,0,1,0,0,0,0,0,0,0,0,0,1,0,0,0,1,0,0,0,0,1,0,0,0,0,0
5,1.0,0.800000012,10.0,P479860,86,20.0,0.6666666666666666,0,0,0,0,0,0,0,1,0,0,0,0,0,0,0,1,0,0,0,0,1,0,0,0,0,0,1,0,0,0
4,1.0,0.200000003,5.0,P479860,86,20.0,0.3010299956639811,0,0,0,0,0,1,0,0,0,0,0,0,0,0,0,1,0,0,0,1,0,0,0,0,0,0,1,0,0,0
5,1.0,0.5,4.0,P479860,86,20.0,0.5,0,0,0,0,1,0,0,0,0,0,0,0,0,0,0,1,0,0,0,1,0,0,0,0,0,0,1,0,0,0
5,1.0,0.896552026,29.0,P479860,86,20.0,0.7039180890341348,0,0,0,0,1,0,0,0,0,0,0,0,0,0,0,1,0,0,0,0,1,0,0,0,0,0,1,0,0,0
1,0.0,0.928570986,14.0,P479860,86,20.0,0.7919854023234905,0,0,0,0,0,0,0,1,0,0,0,0,0,0,0,1,0,0,0,0,1,0,0,0,1,0,0,0,0,0
4,1.0,0.818181992,11.0,P479860,86,20.0,0.6769924925288455,0,0,0,0,0,1,0,0,0,0,0,0,0,0,0,1,0,0,0,0,0,0,1,0,1,0,0,0,0,0
5,1.0,0.833333015,6.0,P479860,86,20.0,0.7210570543488701,0,0,0,0,1,0,0,0,0,0,0,0,0,0,0,1,0,0,0,0,1,0,0,0,0,0,1,0,0,0
1,0.0,0.545454979,11.0,P440651,61,14.0,0.5206212286759117,0,1,0,0,0,0,0,0,0,0,0,0,0,0,0,1,0,0,0,0,0,0,1,1,0,0,0,0,0,0
5,1.0,0.75,4.0,P440651,61,14.0,0.6666666666666667,0,0,0,0,1,0,0,0,0,0,0,0,0,0,0,0,0,1,0,1,0,0,0,0,0,0,1,0,0,0
5,1.0,1.0,6.0,P440651,61,14.0,1.0,0,0,1,0,0,0,0,0,0,0,0,0,0,0,1,0,0,0,0,1,0,0,0,0,0,1,0,0,0,0
1,0.0,0.791666985,24.0,P440651,61,14.0,0.6257415019191551,0,0,0,0,1,0,0,0,0,0,0,0,0,0,0,0,0,0,1,1,0,0,0,0,0,0,0,0,0,1
1,0.0,0.162790999,43.0,P440651,61,14.0,0.3654323700235992,0,0,1,0,0,0,0,0,0,0,0,0,0,0,1,0,0,0,0,1,0,0,0,0,1,0,0,0,0,0
5,1.0,1.0,7.0,P440651,61,14.0,1.0,0,0,0,0,1,0,0,0,0,0,0,0,0,0,0,1,0,0,0,1,0,0,0,0,1,0,0,0,0,0
5,1.0,1.0,5.0,P440651,61,14.0,1.0,0,0,0,0,1,0,0,0,0,0,0,0,0,0,0,1,0,0,0,1,0,0,0,0,1,0,0,0,0,0
1,1.0,0.75,4.0,P440651,61,14.0,0.6666666666666667,0,0,0,0,1,0,0,0,0,0,0,0,0,0,0,1,0,0,0,1,0,0,0,0,1,0,0,0,0,0
4,1.0,0.75,4.0,P440651,61,14.0,0.6666666666666667,0,0,0,0,0,0,0,0,0,0,0,0,1,0,0,1,0,0,0,0,0,0,1,0,1,0,0,0,0,0
5,1.0,1.0,5.0,P440651,61,14.0,1.0,0,0,1,0,0,0,0,0,0,0,0,0,0,0,0,1,0,0,0,0,0,0,1,0,1,0,0,0,0,0
1,0.0,0.37735799,53.0,P504595,98,18.0,0.4633353622599618,0,0,0,0,1,0,0,0,0,0,0,0,0,0,0,0,0,0,1,0,1,0,0,0,1,0,0,0,0,0
5,1.0,1.0,6.0,P504595,98,18.0,1.0,0,0,1,0,0,0,0,0,0,0,0,0,0,0,0,0,0,1,0,1,0,0,0,0,0,0,1,0,0,0
2,0.0,0.75,4.0,P504595,98,18.0,0.6666666666666667,0,0,1,0,0,0,0,0,0,0,0,0,0,0,1,0,0,0,0,0,0,1,0,0,0,0,1,0,0,0
5,1.0,0.800000012,5.0,P504595,98,18.0,0.6989700043360187,0,0,0,0,1,0,0,0,0,0,0,0,0,0,0,1,0,0,0,1,0,0,0,0,0,1,0,0,0,0
5,1.0,0.975000024,40.0,P504595,98,18.0,0.8418204090602177,0,0,0,0,0,0,0,0,0,0,0,0,1,0,0,1,0,0,0,0,0,0,1,0,0,0,0,0,0,1
5,1.0,0.800000012,10.0,P504595,98,18.0,0.6666666666666666,0,0,0,0,1,0,0,0,0,0,0,0,0,0,0,1,0,0,0,0,1,0,0,0,0,0,1,0,0,0
5,1.0,0.833333015,6.0,P504595,98,18.0,0.7210570543488701,0,0,0,0,1,0,0,0,0,0,0,0,0,0,0,1,0,0,0,1,0,0,0,0,1,0,0,0,0,0
5,1.0,0.875,8.0,P504595,98,18.0,0.75,0,0,0,0,1,0,0,0,0,0,0,0,0,0,0,1,0,0,0,0,1,0,0,0,0,0,1,0,0,0
1,0.0,0.466666996,15.0,P504595,98,18.0,0.4862295731793668,0,0,0,1,0,0,0,0,0,0,0,0,0,0,0,0,0,0,1,1,0,0,0,0,0,0,1,0,0,0
5,1.0,0.600000024,5.0,P504595,98,18.0,0.5578858913022596,0,0,1,0,0,0,0,0,0,0,0,0,0,0,1,0,0,0,0,0,0,0,1,0,0,1,0,0,0,0
5,1.0,1.0,7.0,P504595,98,18.0,1.0,0,0,0,1,0,0,0,0,0,0,0,0,0,0,0,0,0,0,1,1,0,0,0,0,0,0,1,0,0,0
5,1.0,1.0,7.0,P504595,98,18.0,1.0,0,0,0,0,0,1,0,0,0,0,0,0,0,0,0,1,0,0,0,0,1,0,0,0,0,0,1,0,0,0
1,0.0,0.93333298,15.0,P504595,98,18.0,0.7962049529094938,0,0,0,0,1,0,0,0,0,0,0,0,0,0,0,1,0,0,0,0,1,0,0,0,0,0,1,0,0,0
5,1.0,0.800000012,5.0,P504595,98,18.0,0.6989700043360187,0,0,0,0,1,0,0,0,0,0,0,0,0,0,0,0,0,1,0,0,1,0,0,0,0,0,1,0,0,0
5,1.0,0.727272987,11.0,P504595,98,18.0,0.6131471927654585,0,0,0,0,0,1,0,0,0,0,0,0,0,0,0,1,0,0,0,1,0,0,0,0,0,0,1,0,0,0
4,1.0,0.5,4.0,P504595,98,18.0,0.5,0,0,0,0,0,0,0,1,0,0,0,0,0,0,1,0,0,0,0,0,0,1,0,0,0,0,1,0,0,0
2,0.0,0.833333015,6.0,P504595,98,18.0,0.7210570543488701,0,0,0,0,1,0,0,0,0,0,0,0,0,0,0,1,0,0,0,1,0,0,0,0,0,0,1,0,0,0
3,0.0,0.923076987,13.0,P504595,98,18.0,0.7872539464466368,0,0,0,0,0,1,0,0,0,0,0,0,0,0,1,0,0,0,0,0,0,1,0,0,0,1,0,0,0,0
4,1.0,0.375,8.0,P504595,98,18.0,0.4362085839710631,0,0,0,0,1,0,0,0,0,0,0,0,0,0,0,1,0,0,0,1,0,0,0,0,0,0,1,0,0,0
5,1.0,0.600000024,5.0,P504595,98,18.0,0.5578858913022596,0,0,0,0,0,1,0,0,0,0,0,0,0,0,1,0,0,0,0,1,0,0,0,0,0,1,0,0,0,0
3,0.0,0.777778029,9.0,P504595,98,18.0,0.6543128759565946,0,0,0,0,1,0,0,0,0,0,0,0,0,0,0,0,0,1,0,0,0,0,1,0,0,0,1,0,0,0
5,1.0,0.75,8.0,P393718,93,105.0,0.6391511932854698,0,0,0,0,0,1,0,0,0,0,0,0,0,0,0,1,0,0,0,0,0,1,0,0,0,0,1,0,0,0
5,1.0,1.0,8.0,P393718,93,105.0,1.0,0,0,0,0,1,0,0,0,0,0,0,0,0,0,0,1,0,0,0,0,0,1,0,0,0,0,1,0,0,0
1,0.0,0.400000006,15.0,P393718,93,105.0,0.4580233796182054,0,0,0,0,1,0,0,0,0,0,0,0,0,0,1,0,0,0,0,0,1,0,0,0,0,1,0,0,0,0
5,1.0,1.0,14.0,P393718,93,105.0,1.0,0,0,0,0,1,0,0,0,0,0,0,0,0,0,0,0,0,0,1,0,0,1,0,0,0,0,1,0,0,0
2,1.0,0.666666985,15.0,P393718,93,105.0,0.5723372020956964,0,0,1,0,0,0,0,0,0,0,0,0,0,0,0,1,0,0,0,1,0,0,0,0,0,0,1,0,0,0
5,1.0,0.970588028,34.0,P393718,93,105.0,0.8357279500379498,0,0,1,0,0,0,0,0,0,0,0,0,0,0,1,0,0,0,0,0,0,1,0,0,0,0,1,0,0,0
5,1.0,0.800000012,5.0,P393718,93,105.0,0.6989700043360187,0,0,0,0,0,1,0,0,0,0,0,0,0,0,1,0,0,0,0,1,0,0,0,0,0,1,0,0,0,0
5,1.0,1.0,10.0,P393718,93,105.0,1.0,0,1,0,0,0,0,0,0,0,0,0,0,0,0,0,1,0,0,0,1,0,0,0,0,1,0,0,0,0,0
5,1.0,1.0,4.0,P393718,93,105.0,1.0,0,0,0,0,0,1,0,0,0,0,0,0,0,0,0,1,0,0,0,1,0,0,0,0,1,0,0,0,0,0
5,1.0,1.0,6.0,P393718,93,105.0,1.0,0,0,0,0,1,0,0,0,0,0,0,0,0,0,1,0,0,0,0,1,0,0,0,0,0,0,1,0,0,0
1,0.0,0.923076987,13.0,P393718,93,105.0,0.7872539464466368,0,0,1,0,0,0,0,0,0,0,0,0,0,0,1,0,0,0,0,0,0,1,0,0,0,1,0,0,0,0
5,1.0,1.0,7.0,P393718,93,105.0,1.0,0,0,0,0,0,0,0,1,0,0,0,0,0,0,0,1,0,0,0,0,1,0,0,0,0,0,1,0,0,0
5,1.0,0.947368026,19.0,P393718,93,105.0,0.8094485875732266,0,0,0,0,1,0,0,0,0,0,0,0,0,0,1,0,0,0,0,0,0,0,1,0,0,1,0,0,0,0
5,1.0,1.0,12.0,P393718,93,105.0,1.0,0,0,0,0,0,1,0,0,0,0,0,0,0,0,1,0,0,0,0,0,0,0,1,0,0,1,0,0,0,0
5,1.0,0.973684013,38.0,P393718,93,105.0,0.8399469267451787,0,0,0,0,1,0,0,0,0,0,0,0,0,0,0,1,0,0,0,1,0,0,0,0,0,1,0,0,0,0
5,1.0,0.857142985,7.0,P393718,93,105.0,0.7373504649628064,0,0,0,0,1,0,0,0,0,0,0,0,0,0,0,1,0,0,0,1,0,0,0,0,0,0,1,0,0,0
5,1.0,1.0,8.0,P393718,93,105.0,1.0,0,0,0,0,1,0,0,0,0,0,0,0,0,0,0,0,0,1,0,1,0,0,0,0,0,0,1,0,0,0
5,1.0,0.333332986,6.0,P393718,93,105.0,0.4056838710822129,0,0,0,0,1,0,0,0,0,0,0,0,0,0,0,1,0,0,0,1,0,0,0,0,0,0,1,0,0,0
5,1.0,1.0,12.0,P393718,93,105.0,1.0,0,0,0,0,1,0,0,0,0,0,0,0,0,0,0,1,0,0,0,1,0,0,0,0,0,0,1,0,0,0
4,1.0,1.0,10.0,P393718,93,105.0,1.0,0,0,0,0,1,0,0,0,0,0,0,0,0,0,0,1,0,0,0,1,0,0,0,0,0,0,1,0,0,0
4,1.0,0.875,8.0,P393718,93,105.0,0.75,0,0,0,0,1,0,0,0,0,0,0,0,0,0,0,1,0,0,0,1,0,0,0,0,0,0,1,0,0,0
5,1.0,0.939393997,33.0,P393718,93,105.0,0.7593057666543161,0,0,0,0,1,0,0,0,0,0,0,0,0,0,0,1,0,0,0,1,0,0,0,0,0,0,1,0,0,0
5,1.0,0.857142985,7.0,P393718,93,105.0,0.7373504649628064,0,0,0,0,1,0,0,0,0,0,0,0,0,0,0,1,0,0,0,1,0,0,0,0,0,0,1,0,0,0
3,1.0,0.600000024,5.0,P393718,93,105.0,0.5578858913022596,0,0,0,0,1,0,0,0,0,0,0,0,0,0,0,1,0,0,0,1,0,0,0,0,0,0,1,0,0,0
5,1.0,0.928570986,14.0,P393718,93,105.0,0.7919854023234905,0,0,0,0,1,0,0,0,0,0,0,0,0,0,0,1,0,0,0,1,0,0,0,0,0,0,1,0,0,0
2,1.0,0.923076987,13.0,P393718,93,105.0,0.7872539464466368,0,0,0,0,1,0,0,0,0,0,0,0,0,0,0,1,0,0,0,1,0,0,0,0,0,0,1,0,0,0
5,1.0,0.967742026,31.0,P393718,93,105.0,0.832051221042958,0,0,0,0,1,0,0,0,0,0,0,0,0,0,0,1,0,0,0,1,0,0,0,0,0,0,1,0,0,0
5,1.0,0.25,4.0,P393718,93,105.0,0.3333333333333333,0,0,0,0,1,0,0,0,0,0,0,0,0,0,0,1,0,0,0,1,0,0,0,0,0,0,1,0,0,0
5,1.0,0.800000012,5.0,P393718,93,105.0,0.6989700043360187,0,0,0,0,1,0,0,0,0,0,0,0,0,0,0,1,0,0,0,1,0,0,0,0,0,0,1,0,0,0
5,1.0,0.888889015,9.0,P393718,93,105.0,0.7601875334318686,0,0,0,0,1,0,0,0,0,0,0,0,0,0,0,1,0,0,0,1,0,0,0,0,0,0,1,0,0,0
5,1.0,0.666666985,6.0,P393718,93,105.0,0.5943161289177871,0,0,0,0,1,0,0,0,0,0,0,0,0,0,0,1,0,0,0,1,0,0,0,0,0,0,1,0,0,0
3,1.0,0.800000012,5.0,P393718,93,105.0,0.6989700043360187,0,0,0,0,1,0,0,0,0,0,0,0,0,0,0,1,0,0,0,1,0,0,0,0,0,0,1,0,0,0
5,1.0,0.897436023,39.0,P393718,93,105.0,0.6900729278815017,0,0,0,0,1,0,0,0,0,0,0,0,0,0,0,1,0,0,0,1,0,0,0,0,0,0,1,0,0,0
1,1.0,0.517241001,29.0,P393718,93,105.0,0.5058878647216387,0,0,0,0,1,0,0,0,0,0,0,0,0,0,0,1,0,0,0,1,0,0,0,0,0,0,1,0,0,0
2,1.0,0.5,4.0,P393718,93,105.0,0.5,0,0,0,0,1,0,0,0,0,0,0,0,0,0,0,1,0,0,0,1,0,0,0,0,0,0,1,0,0,0
5,1.0,1.0,6.0,P393718,93,105.0,1.0,0,0,0,0,1,0,0,0,0,0,0,0,0,0,0,1,0,0,0,1,0,0,0,0,0,0,1,0,0,0
5,1.0,0.75,4.0,P393718,93,105.0,0.6666666666666667,0,0,0,0,1,0,0,0,0,0,0,0,0,0,0,1,0,0,0,1,0,0,0,0,0,0,1,0,0,0
4,1.0,0.625,8.0,P393718,93,105.0,0.5637914160289369,0,0,0,0,1,0,0,0,0,0,0,0,0,0,0,1,0,0,0,1,0,0,0,0,0,0,1,0,0,0
2,1.0,0.5,4.0,P393718,93,105.0,0.5,0,0,0,0,1,0,0,0,0,0,0,0,0,0,0,1,0,0,0,1,0,0,0,0,0,0,1,0,0,0
5,1.0,0.916666985,24.0,P393718,93,105.0,0.740532674963355,0,0,0,0,1,0,0,0,0,0,0,0,0,0,0,1,0,0,0,1,0,0,0,0,0,0,1,0,0,0
5,1.0,0.857142985,7.0,P393718,93,105.0,0.7373504649628064,0,0,0,0,1,0,0,0,0,0,0,0,0,0,0,1,0,0,0,1,0,0,0,0,0,0,1,0,0,0
5,1.0,0.615384996,13.0,P42205,77,8.0,0.5508231047523734,0,0,0,0,1,0,0,0,0,0,0,0,0,0,0,1,0,0,0,0,1,0,0,0,0,0,1,0,0,0
2,0.0,1.0,5.0,P42205,77,8.0,1.0,0,0,1,0,0,0,0,0,0,0,0,0,0,0,0,1,0,0,0,1,0,0,0,0,0,0,1,0,0,0
1,1.0,0.949999988,60.0,P42205,77,8.0,0.7454816954583979,0,0,0,0,1,0,0,0,0,0,0,0,0,0,0,1,0,0,0,1,0,0,0,0,0,0,1,0,0,0
5,1.0,0.5,4.0,P42205,77,8.0,0.5,0,0,0,0,1,0,0,0,0,0,0,0,0,0,0,1,0,0,0,1,0,0,0,0,0,0,1,0,0,0
5,1.0,0.200000003,5.0,P376726,115,48.0,0.3010299956639811,0,0,1,0,0,0,0,0,0,0,0,0,0,0,0,0,0,0,1,1,0,0,0,0,0,0,1,0,0,0
5,1.0,1.0,5.0,P376726,115,48.0,1.0,0,0,0,0,0,1,0,0,0,0,0,0,0,0,0,0,0,1,0,1,0,0,0,0,0,0,1,0,0,0
5,1.0,1.0,5.0,P376726,115,48.0,1.0,0,0,0,1,0,0,0,0,0,0,0,0,0,0,1,0,0,0,0,0,0,1,0,0,0,0,1,0,0,0
4,1.0,1.0,10.0,P376726,115,48.0,1.0,0,0,1,0,0,0,0,0,0,0,0,0,0,0,1,0,0,0,0,1,0,0,0,0,0,0,1,0,0,0
5,1.0,0.833333015,6.0,P376726,115,48.0,0.7210570543488701,0,0,1,0,0,0,0,0,0,0,0,0,0,0,1,0,0,0,0,1,0,0,0,0,0,0,1,0,0,0
5,1.0,0.75,4.0,P376726,115,48.0,0.6666666666666667,0,0,1,0,0,0,0,0,0,0,0,0,0,0,1,0,0,0,0,1,0,0,0,0,0,0,1,0,0,0
5,1.0,0.941175997,17.0,P376726,115,48.0,0.8034383677671774,0,0,1,0,0,0,0,0,0,0,0,0,0,0,1,0,0,0,0,1,0,0,0,0,0,0,1,0,0,0
5,1.0,1.0,11.0,P376726,115,48.0,1.0,0,0,1,0,0,0,0,0,0,0,0,0,0,0,1,0,0,0,0,1,0,0,0,0,0,0,1,0,0,0
1,1.0,1.0,12.0,P376726,115,48.0,1.0,0,0,1,0,0,0,0,0,0,0,0,0,0,0,1,0,0,0,0,1,0,0,0,0,0,0,1,0,0,0
5,1.0,1.0,6.0,P376726,115,48.0,1.0,0,0,1,0,0,0,0,0,0,0,0,0,0,0,1,0,0,0,0,1,0,0,0,0,0,0,1,0,0,0
1,1.0,0.5,10.0,P376726,115,48.0,0.5,0,0,1,0,0,0,0,0,0,0,0,0,0,0,1,0,0,0,0,1,0,0,0,0,0,0,1,0,0,0
5,1.0,0.800000012,5.0,P376726,115,48.0,0.6989700043360187,0,0,1,0,0,0,0,0,0,0,0,0,0,0,1,0,0,0,0,1,0,0,0,0,0,0,1,0,0,0
5,1.0,1.0,4.0,P376726,115,48.0,1.0,0,0,1,0,0,0,0,0,0,0,0,0,0,0,1,0,0,0,0,1,0,0,0,0,0,0,1,0,0,0
5,1.0,0.75,4.0,P376726,115,48.0,0.6666666666666667,0,0,1,0,0,0,0,0,0,0,0,0,0,0,1,0,0,0,0,1,0,0,0,0,0,0,1,0,0,0
5,1.0,0.833333015,6.0,P376726,115,48.0,0.7210570543488701,0,0,1,0,0,0,0,0,0,0,0,0,0,0,1,0,0,0,0,0,0,0,1,0,0,0,1,0,0,0
5,1.0,1.0,7.0,P376726,115,48.0,1.0,0,0,1,0,0,0,0,0,0,0,0,0,0,0,1,0,0,0,0,1,0,0,0,0,0,0,1,0,0,0
5,1.0,1.0,4.0,P376726,115,48.0,1.0,0,0,1,0,0,0,0,0,0,0,0,0,0,0,1,0,0,0,0,1,0,0,0,0,0,0,1,0,0,0
5,1.0,1.0,6.0,P376726,115,48.0,1.0,0,0,1,0,0,0,0,0,0,0,0,0,0,0,1,0,0,0,0,0,0,1,0,0,0,0,1,0,0,0
5,1.0,1.0,9.0,P376726,115,48.0,1.0,0,0,1,0,0,0,0,0,0,0,0,0,0,0,1,0,0,0,0,0,1,0,0,0,0,0,1,0,0,0
5,1.0,1.0,4.0,P376726,115,48.0,1.0,0,0,1,0,0,0,0,0,0,0,0,0,0,0,1,0,0,0,0,1,0,0,0,0,0,0,1,0,0,0
5,1.0,0.833333015,6.0,P376726,115,48.0,0.7210570543488701,0,0,1,0,0,0,0,0,0,0,0,0,0,0,1,0,0,0,0,1,0,0,0,0,0,0,1,0,0,0
3,1.0,0.333332986,6.0,P376726,115,48.0,0.4056838710822129,0,0,1,0,0,0,0,0,0,0,0,0,0,0,1,0,0,0,0,0,0,1,0,0,0,0,1,0,0,0
5,1.0,1.0,8.0,P376726,115,48.0,1.0,0,0,1,0,0,0,0,0,0,0,0,0,0,0,1,0,0,0,0,1,0,0,0,0,0,0,1,0,0,0
5,1.0,0.75,4.0,P376726,115,48.0,0.6666666666666667,0,0,1,0,0,0,0,0,0,0,0,0,0,0,1,0,0,0,0,1,0,0,0,0,0,0,1,0,0,0
5,1.0,0.833333015,6.0,P12336,111,64.0,0.7210570543488701,0,0,1,0,0,0,0,0,0,0,0,0,0,0,0,0,0,1,0,1,0,0,0,0,0,0,1,0,0,0
5,1.0,1.0,16.0,P12336,111,64.0,1.0,0,0,0,0,1,0,0,0,0,0,0,0,0,0,0,1,0,0,0,1,0,0,0,0,0,0,1,0,0,0
5,1.0,0.857142985,7.0,P12336,111,64.0,0.7373504649628064,0,0,1,0,0,0,0,0,0,0,0,0,0,0,0,1,0,0,0,1,0,0,0,0,0,0,1,0,0,0
5,1.0,0.857142985,7.0,P12336,111,64.0,0.7373504649628064,0,0,1,0,0,0,0,0,0,0,0,0,0,0,0,1,0,0,0,1,0,0,0,0,0,0,1,0,0,0
4,1.0,0.857142985,7.0,P12336,111,64.0,0.7373504649628064,0,0,1,0,0,0,0,0,0,0,0,0,0,0,0,1,0,0,0,1,0,0,0,0,0,0,1,0,0,0
5,1.0,1.0,4.0,P12336,111,64.0,1.0,0,0,1,0,0,0,0,0,0,0,0,0,0,0,0,1,0,0,0,1,0,0,0,0,0,0,1,0,0,0
2,1.0,0.333332986,15.0,P12336,111,64.0,0.4276627979043038,0,0,1,0,0,0,0,0,0,0,0,0,0,0,0,1,0,0,0,1,0,0,0,0,0,0,1,0,0,0
5,1.0,0.0,6.0,P12336,111,64.0,0.0,0,0,1,0,0,0,0,0,0,0,0,0,0,0,0,1,0,0,0,1,0,0,0,0,0,0,1,0,0,0
4,1.0,1.0,11.0,P12336,111,64.0,1.0,0,0,1,0,0,0,0,0,0,0,0,0,0,0,0,1,0,0,0,1,0,0,0,0,0,0,1,0,0,0
1,1.0,0.432431996,37.0,P12336,111,64.0,0.4782395360599873,0,0,1,0,0,0,0,0,0,0,0,0,0,0,0,1,0,0,0,0,0,1,0,0,0,0,1,0,0,0
2,1.0,0.75,4.0,P12336,111,64.0,0.6666666666666667,0,0,0,0,0,1,0,0,0,0,0,0,0,0,0,1,0,0,0,0,0,0,1,0,0,0,1,0,0,0
5,1.0,0.363635987,11.0,P461159,24,115.0,0.4362945258726772,0,0,0,0,0,0,1,0,0,0,0,0,0,0,0,0,0,0,1,1,0,0,0,0,0,0,1,0,0,0
5,1.0,0.800000012,30.0,P461159,24,115.0,0.6232350848844429,0,0,0,0,0,0,1,0,0,0,0,0,0,0,0,1,0,0,0,0,1,0,0,0,0,0,1,0,0,0
5,1.0,0.777778029,9.0,P461159,24,115.0,0.6543128759565946,0,0,0,1,0,0,0,0,0,0,0,0,0,0,1,0,0,0,0,1,0,0,0,0,0,1,0,0,0,0
1,0.0,0.411765009,17.0,P461159,24,115.0,0.4644371482073046,0,0,1,0,0,0,0,0,0,0,0,0,0,0,0,0,0,1,0,0,0,1,0,0,1,0,0,0,0,0
5,1.0,0.583333015,12.0,P461159,24,115.0,0.5371566952531242,0,0,0,0,1,0,0,0,0,0,0,0,0,0,0,0,0,1,0,1,0,0,0,0,0,1,0,0,0,0
1,0.0,0.769231021,13.0,P461159,24,115.0,0.6336614981727328,0,0,1,0,0,0,0,0,0,0,0,0,0,0,0,1,0,0,0,1,0,0,0,0,1,0,0,0,0,0
3,0.0,1.0,13.0,P461159,24,115.0,1.0,0,0,0,0,0,0,1,0,0,0,0,0,0,0,0,0,0,1,0,1,0,0,0,0,0,0,1,0,0,0
5,1.0,0.615384996,39.0,P461160,24,19.0,0.5372435736804816,0,0,0,0,0,1,0,0,0,0,0,0,0,0,0,1,0,0,0,1,0,0,0,0,1,0,0,0,0,0
5,1.0,0.846153975,13.0,P461160,24,19.0,0.6934264036172708,0,0,0,0,0,1,0,0,0,0,0,0,0,0,0,0,0,0,1,1,0,0,0,0,0,1,0,0,0,0
1,0.0,0.756097972,41.0,P461160,24,19.0,0.5910562583169664,0,0,0,0,0,1,0,0,0,0,0,0,0,0,1,0,0,0,0,0,1,0,0,0,0,1,0,0,0,0
5,1.0,0.976743996,43.0,P461160,24,19.0,0.8443886085975061,0,0,0,0,1,0,0,0,0,0,0,0,0,0,0,1,0,0,0,0,0,1,0,0,0,0,1,0,0,0
5,1.0,0.921052992,38.0,P461160,24,19.0,0.7210570543488701,0,0,0,0,0,1,0,0,0,0,0,0,0,0,1,0,0,0,0,1,0,0,0,0,0,1,0,0,0,0
1,0.0,0.5,4.0,P461160,24,19.0,0.5,0,0,1,0,0,0,0,0,0,0,0,0,0,0,1,0,0,0,0,0,0,1,0,0,0,1,0,0,0,0
1,0.0,0.666666985,9.0,P461933,24,195.0,0.583970804646981,0,0,1,0,0,0,0,0,0,0,0,0,0,0,1,0,0,0,0,1,0,0,0,0,0,1,0,0,0,0
5,1.0,0.75,4.0,P461933,24,195.0,0.6666666666666667,0,0,0,1,0,0,0,0,0,0,0,0,0,0,0,1,0,0,0,1,0,0,0,0,0,0,1,0,0,0
5,1.0,0.947368026,76.0,P461933,24,195.0,0.7272091672142686,0,0,0,0,0,1,0,0,0,0,0,0,0,0,0,1,0,0,0,1,0,0,0,0,1,0,0,0,0,0
5,1.0,0.809524,21.0,P461933,24,195.0,0.6423320028298052,0,0,0,0,1,0,0,0,0,0,0,0,0,0,0,1,0,0,0,1,0,0,0,0,1,0,0,0,0,0
4,1.0,0.92156899,51.0,P461933,24,195.0,0.7063411885100623,0,0,0,0,0,1,0,0,0,0,0,0,0,0,0,1,0,0,0,0,1,0,0,0,0,0,1,0,0,0
5,1.0,1.0,6.0,P461933,24,195.0,1.0,0,0,0,0,0,1,0,0,0,0,0,0,0,0,0,1,0,0,0,0,0,1,0,0,0,0,1,0,0,0
3,0.0,1.0,5.0,P266126,77,7.0,1.0,0,0,0,1,0,0,0,0,0,0,0,0,0,0,1,0,0,0,0,1,0,0,0,0,0,1,0,0,0,0
4,1.0,1.0,25.0,P266126,77,7.0,1.0,0,0,0,0,1,0,0,0,0,0,0,0,0,0,0,1,0,0,0,0,1,0,0,0,0,0,1,0,0,0
5,1.0,0.75,4.0,P266126,77,7.0,0.6666666666666667,0,0,0,0,1,0,0,0,0,0,0,0,0,0,0,1,0,0,0,0,0,1,0,0,0,0,1,0,0,0
5,1.0,0.810000002,100.0,P266126,77,7.0,0.595305384286684,0,0,0,0,1,0,0,0,0,0,0,0,0,0,0,1,0,0,0,1,0,0,0,0,0,0,1,0,0,0
5,0.0,1.0,4.0,P427536,98,40.0,1.0,0,0,0,0,0,1,0,0,0,0,0,0,0,0,0,0,0,1,0,1,0,0,0,0,0,1,0,0,0,0
3,0.0,0.5,6.0,P427536,98,40.0,0.5,0,0,0,0,1,0,0,0,0,0,0,0,0,0,0,1,0,0,0,1,0,0,0,0,0,0,1,0,0,0
5,1.0,1.0,4.0,P427536,98,40.0,1.0,0,0,0,0,0,0,0,0,0,0,0,0,1,0,0,1,0,0,0,1,0,0,0,1,0,0,0,0,0,0
4,1.0,1.0,5.0,P427536,98,40.0,1.0,0,0,0,0,1,0,0,0,0,0,0,0,0,0,1,0,0,0,0,1,0,0,0,0,0,1,0,0,0,0
5,1.0,0.600000024,5.0,P427536,98,40.0,0.5578858913022596,0,0,0,0,0,0,1,0,0,0,0,0,0,0,0,1,0,0,0,1,0,0,0,0,0,0,1,0,0,0
3,1.0,1.0,8.0,P427536,98,40.0,1.0,0,0,0,0,1,0,0,0,0,0,0,0,0,0,0,1,0,0,0,1,0,0,0,0,0,1,0,0,0,0
2,0.0,0.75,4.0,P427536,98,40.0,0.6666666666666667,0,0,1,0,0,0,0,0,0,0,0,0,0,0,0,1,0,0,0,0,0,1,0,0,0,0,1,0,0,0
5,1.0,1.0,4.0,P427536,98,40.0,1.0,0,0,0,1,0,0,0,0,0,0,0,0,0,0,0,1,0,0,0,1,0,0,0,0,1,0,0,0,0,0
5,1.0,0.862069011,29.0,P427536,98,40.0,0.6693525379602678,0,0,0,0,0,0,0,0,0,0,0,0,1,0,0,1,0,0,0,1,0,0,0,0,1,0,0,0,0,0
5,1.0,1.0,4.0,P427536,98,40.0,1.0,0,0,0,0,0,0,0,0,0,0,0,0,1,0,0,1,0,0,0,0,0,0,1,0,0,0,1,0,0,0
1,0.0,0.333332986,12.0,P427536,98,40.0,0.4227950118402033,0,0,0,0,0,0,0,1,0,0,0,0,0,0,0,1,0,0,0,0,1,0,0,0,0,0,1,0,0,0
4,1.0,0.800000012,5.0,P427536,98,40.0,0.6989700043360187,0,0,0,0,0,0,0,1,0,0,0,0,0,0,0,1,0,0,0,0,0,1,0,0,0,0,0,0,1,0
3,1.0,1.0,6.0,P427536,98,40.0,1.0,0,0,0,0,1,0,0,0,0,0,0,0,0,0,0,1,0,0,0,0,0,1,0,0,0,1,0,0,0,0
1,0.0,0.5,8.0,P427536,98,40.0,0.5,0,0,0,0,1,0,0,0,0,0,0,0,0,0,0,0,0,1,0,0,0,1,0,0,0,0,1,0,0,0
4,1.0,0.916666985,36.0,P427536,98,40.0,0.7178115716727809,0,0,1,0,0,0,0,0,0,0,0,0,0,1,0,0,0,0,0,0,1,0,0,0,0,0,0,0,0,1
4,1.0,0.9375,80.0,P427536,98,40.0,0.7073480484217718,0,0,1,0,0,0,0,0,0,0,0,0,0,0,1,0,0,0,0,0,1,0,0,0,0,0,1,0,0,0
5,1.0,0.912500024,80.0,P427536,98,40.0,0.6742477668439643,0,0,0,0,0,1,0,0,0,0,0,0,0,0,0,1,0,0,0,0,0,1,0,0,0,0,1,0,0,0
5,1.0,0.905212998,113.72000000000116,P427536,98,40.0,0.6332792210891847,0,0,0,0,0,1,0,0,0,0,0,0,0,0,0,1,0,0,0,0,0,0,1,0,1,0,0,0,0,0
5,1.0,0.800000012,5.0,P504615,98,18.0,0.6989700043360187,0,0,1,0,0,0,0,0,0,0,0,0,0,0,1,0,0,0,0,1,0,0,0,0,0,1,0,0,0,0
5,1.0,0.714286029,7.0,P504615,98,18.0,0.6199062332840658,0,0,1,0,0,0,0,0,0,0,0,0,0,0,0,1,0,0,0,0,1,0,0,0,1,0,0,0,0,0
4,1.0,1.0,6.0,P504615,98,18.0,1.0,0,0,1,0,0,0,0,0,0,0,0,0,0,0,0,0,0,0,1,0,1,0,0,0,0,0,1,0,0,0
5,1.0,1.0,9.0,P504615,98,18.0,1.0,0,0,1,0,0,0,0,0,0,0,0,0,0,0,0,1,0,0,0,1,0,0,0,0,0,0,1,0,0,0
4,1.0,1.0,5.0,P504615,98,18.0,1.0,0,0,0,0,0,1,0,0,0,0,0,0,0,0,0,0,0,0,1,1,0,0,0,0,0,1,0,0,0,0
1,0.0,0.818181992,11.0,P504615,98,18.0,0.6769924925288455,0,0,0,0,0,1,0,0,0,0,0,0,0,0,0,1,0,0,0,0,0,0,1,0,0,1,0,0,0,0
4,1.0,1.0,7.0,P504615,98,18.0,1.0,0,0,1,0,0,0,0,0,0,0,0,0,0,0,0,0,0,1,0,0,0,1,0,0,0,1,0,0,0,0
3,1.0,1.0,4.0,P504615,98,18.0,1.0,0,0,1,0,0,0,0,0,0,0,0,0,0,0,0,0,0,0,1,1,0,0,0,0,0,1,0,0,0,0
5,1.0,1.0,6.0,P504615,98,18.0,1.0,0,0,0,0,0,1,0,0,0,0,0,0,0,0,0,1,0,0,0,0,0,1,0,0,0,0,1,0,0,0
5,1.0,0.571429014,7.0,P504615,98,18.0,0.5372435736804816,0,0,0,0,0,0,1,0,0,0,0,0,0,0,0,0,0,0,1,1,0,0,0,0,0,0,1,0,0,0
3,0.0,0.899999976,20.0,P504615,98,18.0,0.7282714920267325,0,0,0,0,0,1,0,0,0,0,0,0,0,0,1,0,0,0,0,0,0,0,1,0,0,1,0,0,0,0
2,0.0,1.0,4.0,P504615,98,18.0,1.0,0,0,1,0,0,0,0,0,0,0,0,0,0,0,0,0,0,0,1,0,0,0,1,0,0,0,1,0,0,0
4,1.0,0.909090996,11.0,P504615,98,18.0,0.7757561757824245,0,0,0,0,0,1,0,0,0,0,0,0,0,0,0,0,0,0,1,1,0,0,0,0,0,0,1,0,0,0
1,0.0,0.666666985,9.0,P504615,98,18.0,0.583970804646981,0,0,0,0,0,0,1,0,0,0,0,0,0,0,0,1,0,0,0,0,0,0,1,0,1,0,0,0,0,0
1,0.0,0.375,8.0,P504615,98,18.0,0.4362085839710631,0,0,1,0,0,0,0,0,0,0,0,0,0,0,0,0,0,1,0,0,0,1,0,0,0,0,1,0,0,0
4,1.0,0.800000012,5.0,P504615,98,18.0,0.6989700043360187,0,0,1,0,0,0,0,0,0,0,0,0,0,0,0,0,0,0,1,1,0,0,0,0,0,0,1,0,0,0
5,1.0,0.75,8.0,P504615,98,18.0,0.6391511932854698,0,0,0,0,0,1,0,0,0,0,0,0,0,0,1,0,0,0,0,0,0,1,0,0,0,1,0,0,0,0
5,1.0,0.875,8.0,P504615,98,18.0,0.75,0,0,0,0,1,0,0,0,0,0,0,0,0,0,0,0,0,1,0,1,0,0,0,0,0,1,0,0,0,0
5,1.0,0.952381015,21.0,P504615,98,18.0,0.814550976584631,0,0,0,0,0,1,0,0,0,0,0,0,0,0,0,0,0,1,0,0,0,1,0,0,0,0,0,0,1,0
5,1.0,1.0,12.0,P440307,107,52.0,1.0,0,0,0,0,1,0,0,0,0,0,0,0,0,0,0,1,0,0,0,1,0,0,0,0,0,0,1,0,0,0
5,1.0,0.75,12.0,P440307,107,52.0,0.6241963505817848,0,0,0,0,0,1,0,0,0,0,0,0,0,0,0,1,0,0,0,0,0,0,1,0,0,1,0,0,0,0
1,0.0,0.90476203,21.0,P440307,107,52.0,0.7316756633516291,0,0,1,0,0,0,0,0,0,0,0,0,0,1,0,0,0,0,0,0,0,1,0,0,0,0,1,0,0,0
5,1.0,0.307691991,13.0,P440307,107,52.0,0.411408089932221,0,0,0,0,1,0,0,0,0,0,0,0,0,0,0,0,0,1,0,1,0,0,0,0,0,0,1,0,0,0
5,1.0,1.0,4.0,P440307,107,52.0,1.0,0,0,0,0,1,0,0,0,0,0,0,0,0,0,0,0,0,1,0,1,0,0,0,0,0,1,0,0,0,0
5,1.0,0.800000012,5.0,P440307,107,52.0,0.6989700043360187,0,1,0,0,0,0,0,0,0,0,0,0,0,0,0,1,0,0,0,0,1,0,0,0,0,0,1,0,0,0
5,1.0,0.954023004,87.0,P440307,107,52.0,0.7335480059426615,0,0,0,0,1,0,0,0,0,0,0,0,0,0,0,1,0,0,0,1,0,0,0,0,0,0,1,0,0,0
2,0.0,0.454544991,11.0,P440307,107,52.0,0.4793787713240883,0,0,0,1,0,0,0,0,0,0,0,0,0,0,0,1,0,0,0,0,1,0,0,0,1,0,0,0,0,0
5,1.0,0.800000012,5.0,P440307,107,52.0,0.6989700043360187,0,0,0,0,1,0,0,0,0,0,0,0,0,0,0,1,0,0,0,0,0,1,0,0,1,0,0,0,0,0
1,0.0,0.928570986,14.0,P440307,107,52.0,0.7919854023234905,0,0,1,0,0,0,0,0,0,0,0,0,0,0,1,0,0,0,0,1,0,0,0,0,0,1,0,0,0,0
3,0.0,0.857142985,7.0,P440307,107,52.0,0.7373504649628064,0,0,0,0,0,0,1,0,0,0,0,0,0,0,0,1,0,0,0,0,1,0,0,0,0,0,1,0,0,0
2,0.0,1.0,7.0,P440307,107,52.0,1.0,0,0,0,0,0,0,1,0,0,0,0,0,0,0,0,1,0,0,0,1,0,0,0,0,0,0,1,0,0,0
1,0.0,0.6875,16.0,P440307,107,52.0,0.5810382621965612,0,0,0,0,0,1,0,0,0,0,0,0,0,0,0,1,0,0,0,0,1,0,0,0,1,0,0,0,0,0
5,1.0,1.0,4.0,P440307,107,52.0,1.0,0,0,1,0,0,0,0,0,0,0,0,0,0,0,1,0,0,0,0,0,1,0,0,0,0,1,0,0,0,0
5,1.0,1.0,42.0,P440307,107,52.0,1.0,0,0,0,0,0,1,0,0,0,0,0,0,0,0,0,1,0,0,0,1,0,0,0,0,1,0,0,0,0,0
2,0.0,1.0,6.0,P440307,107,52.0,1.0,0,0,1,0,0,0,0,0,0,0,0,0,0,0,1,0,0,0,0,0,0,0,1,0,0,1,0,0,0,0
5,1.0,1.0,8.0,P440307,107,52.0,1.0,0,0,1,0,0,0,0,0,0,0,0,0,0,0,0,0,0,0,1,1,0,0,0,0,0,1,0,0,0,0
5,1.0,0.666666985,6.0,P440307,107,52.0,0.5943161289177871,0,0,0,0,1,0,0,0,0,0,0,0,0,0,1,0,0,0,0,1,0,0,0,0,0,0,1,0,0,0
5,1.0,1.0,10.0,P440307,107,52.0,1.0,0,0,0,0,1,0,0,0,0,0,0,0,0,0,1,0,0,0,0,0,1,0,0,0,0,0,1,0,0,0
5,1.0,0.444444001,9.0,P440307,107,52.0,0.4731974454383393,0,0,0,0,1,0,0,0,0,0,0,0,0,0,0,1,0,0,0,1,0,0,0,0,0,0,1,0,0,0
5,1.0,1.0,5.0,P440307,107,52.0,1.0,0,0,0,0,0,1,0,0,0,0,0,0,0,0,1,0,0,0,0,0,1,0,0,0,0,0,1,0,0,0
1,0.0,0.875,8.0,P440307,107,52.0,0.75,0,0,1,0,0,0,0,0,0,0,0,0,0,0,0,0,0,1,0,1,0,0,0,0,0,0,1,0,0,0
5,1.0,1.0,6.0,P440307,107,52.0,1.0,0,0,0,0,0,0,0,0,0,0,0,1,0,0,0,1,0,0,0,0,1,0,0,0,1,0,0,0,0,0
5,1.0,0.916666985,12.0,P440307,107,52.0,0.7818957080144684,0,0,0,0,0,0,0,1,0,0,0,0,0,0,0,1,0,0,0,1,0,0,0,0,1,0,0,0,0,0
5,1.0,1.0,8.0,P440307,107,52.0,1.0,0,0,0,0,0,1,0,0,0,0,0,0,0,0,0,1,0,0,0,1,0,0,0,0,0,0,1,0,0,0
1,0.0,0.375,32.0,P440307,107,52.0,0.4572532764427534,0,0,1,0,0,0,0,0,0,0,0,0,0,0,0,1,0,0,0,1,0,0,0,0,0,0,1,0,0,0
5,1.0,1.0,5.0,P440307,107,52.0,1.0,0,0,0,0,1,0,0,0,0,0,0,0,0,0,0,1,0,0,0,0,1,0,0,0,0,1,0,0,0,0
5,1.0,1.0,6.0,P440307,107,52.0,1.0,0,0,0,0,1,0,0,0,0,0,0,0,0,0,0,1,0,0,0,0,0,1,0,0,0,0,1,0,0,0
5,1.0,1.0,7.0,P440307,107,52.0,1.0,0,0,0,0,1,0,0,0,0,0,0,0,0,0,0,1,0,0,0,0,1,0,0,0,0,0,1,0,0,0
4,1.0,0.75,4.0,P440307,107,52.0,0.6666666666666667,0,0,1,0,0,0,0,0,0,0,0,0,0,0,1,0,0,0,0,1,0,0,0,0,0,0,0,0,1,0
1,0.0,0.611110985,18.0,P440307,107,52.0,0.5444165400074104,0,0,0,0,0,1,0,0,0,0,0,0,0,0,0,1,0,0,0,1,0,0,0,0,0,0,1,0,0,0
5,1.0,1.0,10.0,P440307,107,52.0,1.0,0,0,0,0,0,0,0,1,0,0,0,0,0,0,0,1,0,0,0,1,0,0,0,0,0,0,1,0,0,0
2,0.0,0.545454979,11.0,P440307,107,52.0,0.5206212286759117,0,0,1,0,0,0,0,0,0,0,0,0,0,0,0,1,0,0,0,0,1,0,0,0,0,0,1,0,0,0
5,1.0,0.857142985,7.0,P440307,107,52.0,0.7373504649628064,0,0,1,0,0,0,0,0,0,0,0,0,0,0,1,0,0,0,0,0,1,0,0,0,0,1,0,0,0,0
5,1.0,0.928570986,14.0,P440307,107,52.0,0.7919854023234905,0,0,0,0,1,0,0,0,0,0,0,0,0,0,0,1,0,0,0,0,0,0,1,0,0,1,0,0,0,0
5,1.0,0.976743996,43.0,P440307,107,52.0,0.8443886085975061,0,0,1,0,0,0,0,0,0,0,0,0,0,0,0,1,0,0,0,1,0,0,0,0,0,1,0,0,0,0
5,1.0,0.916666985,24.0,P440307,107,52.0,0.740532674963355,0,0,0,0,1,0,0,0,0,0,0,0,0,0,0,0,0,1,0,1,0,0,0,0,0,1,0,0,0,0
3,0.0,0.492062986,63.0,P461555,107,18.0,0.4977901046677921,0,0,0,0,1,0,0,0,0,0,0,0,0,0,0,0,0,1,0,1,0,0,0,0,0,0,0,0,0,1
2,0.0,0.769231021,13.0,P461555,107,18.0,0.6336614981727328,0,0,0,1,0,0,0,0,0,0,0,0,0,0,1,0,0,0,0,0,0,1,0,0,0,0,0,0,0,1
4,1.0,0.800000012,5.0,P461555,107,18.0,0.6989700043360187,0,0,1,0,0,0,0,0,0,0,0,0,0,0,1,0,0,0,0,0,1,0,0,0,0,1,0,0,0,0
5,1.0,1.0,4.0,P461555,107,18.0,1.0,0,0,0,0,0,0,0,1,0,0,0,0,0,0,0,0,0,0,1,1,0,0,0,0,0,0,1,0,0,0
1,0.0,1.0,4.0,P461555,107,18.0,1.0,0,0,0,0,0,1,0,0,0,0,0,0,0,0,0,1,0,0,0,1,0,0,0,0,0,0,1,0,0,0
3,0.0,1.0,4.0,P461555,107,18.0,1.0,0,0,0,0,0,1,0,0,0,0,0,0,0,0,0,1,0,0,0,0,1,0,0,0,0,0,1,0,0,0
5,1.0,0.0,4.0,P461555,107,18.0,0.0,0,0,0,0,1,0,0,0,0,0,0,0,0,0,0,1,0,0,0,0,0,0,1,0,1,0,0,0,0,0
4,1.0,0.666666985,6.0,P461555,107,18.0,0.5943161289177871,0,0,1,0,0,0,0,0,0,0,0,0,0,0,0,1,0,0,0,0,0,0,1,0,0,0,1,0,0,0
5,1.0,0.737704992,61.0,P461555,107,18.0,0.5747110295256451,0,0,0,0,0,0,0,0,0,0,0,0,1,0,0,1,0,0,0,1,0,0,0,0,1,0,0,0,0,0
5,1.0,1.0,8.0,P461555,107,18.0,1.0,0,0,0,0,0,0,0,1,0,0,0,0,0,0,0,0,0,0,1,0,0,1,0,0,0,0,1,0,0,0
5,1.0,1.0,4.0,P461555,107,18.0,1.0,0,0,0,0,1,0,0,0,0,0,0,0,0,0,1,0,0,0,0,0,0,1,0,0,0,0,0,0,0,1
4,1.0,1.0,8.0,P461555,107,18.0,1.0,0,0,1,0,0,0,0,0,0,0,0,0,0,0,1,0,0,0,0,0,1,0,0,0,0,1,0,0,0,0
5,1.0,1.0,4.0,P461555,107,18.0,1.0,0,0,1,0,0,0,0,0,0,0,0,0,0,0,0,1,0,0,0,1,0,0,0,0,0,0,1,0,0,0
5,1.0,1.0,6.0,P461555,107,18.0,1.0,0,0,1,0,0,0,0,0,0,0,0,0,0,0,0,0,0,0,1,1,0,0,0,0,0,0,1,0,0,0
4,1.0,0.909090996,11.0,P461555,107,18.0,0.7757561757824245,0,0,1,0,0,0,0,0,0,0,0,0,0,0,0,0,0,1,0,0,0,0,1,0,0,0,1,0,0,0
5,1.0,1.0,7.0,P461555,107,18.0,1.0,0,0,1,0,0,0,0,0,0,0,0,0,0,0,0,1,0,0,0,1,0,0,0,0,0,0,1,0,0,0
5,1.0,0.857142985,14.0,P461555,107,18.0,0.7001245250427999,0,0,0,0,1,0,0,0,0,0,0,0,0,0,0,0,0,1,0,0,1,0,0,0,0,1,0,0,0,0
5,1.0,0.823529005,17.0,P461555,107,18.0,0.6614123848024371,0,0,0,0,1,0,0,0,0,0,0,0,0,0,0,0,0,1,0,1,0,0,0,0,0,0,1,0,0,0
4,1.0,0.800000012,5.0,P461555,107,18.0,0.6989700043360187,0,0,0,0,0,0,1,0,0,0,0,0,0,0,0,1,0,0,0,0,0,0,1,0,1,0,0,0,0,0
2,0.0,0.755101979,49.0,P461555,107,18.0,0.586467606617685,0,0,1,0,0,0,0,0,0,0,0,0,0,0,0,0,0,0,1,1,0,0,0,1,0,0,0,0,0,0
2,0.0,0.25,20.0,P461555,107,18.0,0.3925553866765471,0,0,1,0,0,0,0,0,0,0,0,0,0,0,1,0,0,0,0,0,0,1,0,0,0,1,0,0,0,0
4,1.0,1.0,6.0,P461555,107,18.0,1.0,0,0,0,0,1,0,0,0,0,0,0,0,0,0,0,1,0,0,0,0,1,0,0,0,1,0,0,0,0,0
1,0.0,0.777778029,9.0,P461555,107,18.0,0.6543128759565946,0,0,0,0,1,0,0,0,0,0,0,0,0,0,1,0,0,0,0,0,1,0,0,0,0,1,0,0,0,0
5,1.0,0.888889015,9.0,P461555,107,18.0,0.7601875334318686,0,0,1,0,0,0,0,0,0,0,0,0,0,0,0,1,0,0,0,0,0,1,0,0,0,0,1,0,0,0
4,1.0,0.972972989,37.0,P461555,107,18.0,0.8389552282435555,0,0,0,0,0,1,0,0,0,0,0,0,0,0,0,1,0,0,0,1,0,0,0,0,1,0,0,0,0,0
5,1.0,0.833333015,6.0,P461555,107,18.0,0.7210570543488701,0,0,0,0,1,0,0,0,0,0,0,0,0,0,0,0,0,0,1,1,0,0,0,0,0,1,0,0,0,0
5,1.0,0.899999976,10.0,P461555,107,18.0,0.7686217868402409,0,0,0,0,0,0,0,0,0,0,0,0,1,0,0,1,0,0,0,0,0,0,1,0,1,0,0,0,0,0
5,1.0,0.93333298,15.0,P461555,107,18.0,0.7962049529094938,0,0,0,0,0,0,0,0,0,0,0,1,0,0,0,1,0,0,0,1,0,0,0,0,1,0,0,0,0,0
1,0.0,0.888889015,9.0,P461555,107,18.0,0.7601875334318686,0,0,0,0,1,0,0,0,0,0,0,0,0,0,1,0,0,0,0,1,0,0,0,0,0,0,1,0,0,0
1,0.0,0.666666985,9.0,P461555,107,18.0,0.583970804646981,0,0,0,0,1,0,0,0,0,0,0,0,0,0,0,0,0,1,0,0,1,0,0,0,0,0,0,0,0,1
5,0.0,1.0,18.0,P461555,107,18.0,1.0,0,0,1,0,0,0,0,0,0,0,0,0,0,0,0,0,0,0,1,0,1,0,0,0,0,0,0,0,0,1
5,1.0,0.888889015,9.0,P461555,107,18.0,0.7601875334318686,0,0,0,0,0,1,0,0,0,0,0,0,0,0,0,1,0,0,0,1,0,0,0,0,0,0,1,0,0,0
4,1.0,0.923076987,13.0,P461555,107,18.0,0.7872539464466368,0,0,0,0,1,0,0,0,0,0,0,0,0,0,0,1,0,0,0,0,1,0,0,0,0,0,1,0,0,0
5,1.0,0.916666985,12.0,P461555,107,18.0,0.7818957080144684,0,0,0,1,0,0,0,0,0,0,0,0,0,0,0,0,0,0,1,0,0,0,1,0,0,1,0,0,0,0
3,1.0,0.5,6.0,P422536,68,40.0,0.5,0,0,0,0,0,0,0,1,0,0,0,0,0,0,0,1,0,0,0,1,0,0,0,0,1,0,0,0,0,0
5,1.0,1.0,4.0,P422536,68,40.0,1.0,0,0,1,0,0,0,0,0,0,0,0,0,0,0,0,1,0,0,0,1,0,0,0,0,0,0,1,0,0,0
5,1.0,1.0,8.0,P422536,68,40.0,1.0,0,0,0,0,1,0,0,0,0,0,0,0,0,0,0,1,0,0,0,1,0,0,0,0,0,0,0,0,0,1
5,1.0,0.875,8.0,P422536,68,40.0,0.75,0,0,0,0,0,1,0,0,0,0,0,0,0,0,0,1,0,0,0,0,0,0,1,0,1,0,0,0,0,0
5,1.0,1.0,4.0,P422536,68,40.0,1.0,0,0,0,0,0,0,0,1,0,0,0,0,0,0,0,0,0,0,1,0,0,0,1,1,0,0,0,0,0,0
5,1.0,1.0,4.0,P422536,68,40.0,1.0,0,0,1,0,0,0,0,0,0,0,0,0,0,1,0,0,0,0,0,1,0,0,0,0,0,1,0,0,0,0
1,0.0,1.0,5.0,P422536,68,40.0,1.0,0,0,0,0,1,0,0,0,0,0,0,0,0,0,1,0,0,0,0,1,0,0,0,0,0,1,0,0,0,0
1,0.0,0.82051301,39.0,P422536,68,40.0,0.6270694901955832,0,0,0,1,0,0,0,0,0,0,0,0,0,0,0,1,0,0,0,1,0,0,0,0,0,0,1,0,0,0
2,0.0,0.79310298,29.0,P422536,68,40.0,0.6202334448725115,0,0,0,0,1,0,0,0,0,0,0,0,0,0,0,0,0,0,1,0,0,0,1,0,0,0,1,0,0,0
3,0.0,0.0,8.0,P422536,68,40.0,0.0,0,0,0,0,0,0,0,0,0,0,0,0,1,0,0,1,0,0,0,1,0,0,0,0,1,0,0,0,0,0
2,0.0,1.0,8.0,P410400,93,80.0,1.0,0,0,0,0,0,0,1,0,0,0,0,0,0,0,0,1,0,0,0,1,0,0,0,0,0,0,1,0,0,0
4,1.0,1.0,6.0,P410400,93,80.0,1.0,0,0,1,0,0,0,0,0,0,0,0,0,0,0,0,0,0,1,0,1,0,0,0,0,0,1,0,0,0,0
5,1.0,0.833333015,12.0,P410400,93,80.0,0.6857972507265685,0,0,0,1,0,0,0,0,0,0,0,0,0,0,0,1,0,0,0,1,0,0,0,0,0,1,0,0,0,0
4,1.0,0.941175997,17.0,P410400,93,80.0,0.8034383677671774,0,0,0,0,1,0,0,0,0,0,0,0,0,0,1,0,0,0,0,1,0,0,0,0,0,0,1,0,0,0
5,1.0,1.0,7.0,P410400,93,80.0,1.0,0,0,0,0,1,0,0,0,0,0,0,0,0,0,0,0,0,1,0,1,0,0,0,0,0,0,1,0,0,0
5,1.0,0.899999976,10.0,P410400,93,80.0,0.7686217868402409,0,0,0,0,1,0,0,0,0,0,0,0,0,0,1,0,0,0,0,1,0,0,0,0,0,1,0,0,0,0
1,0.0,0.217390999,23.0,P410400,93,80.0,0.3783117385707172,0,0,0,1,0,0,0,0,0,0,0,0,0,0,0,1,0,0,0,0,0,1,0,0,0,0,1,0,0,0
3,1.0,0.159999996,25.0,P410400,93,80.0,0.342398603373972,0,0,0,0,0,0,0,0,0,0,0,1,0,0,0,1,0,0,0,0,0,0,1,0,1,0,0,0,0,0
5,1.0,0.899999976,10.0,P410400,93,80.0,0.7686217868402409,0,0,0,0,0,1,0,0,0,0,0,0,0,0,0,0,0,1,0,1,0,0,0,0,0,1,0,0,0,0
5,1.0,1.0,9.0,P410400,93,80.0,1.0,0,0,0,0,0,0,0,1,0,0,0,0,0,0,0,1,0,0,0,1,0,0,0,0,1,0,0,0,0,0
4,1.0,0.875,8.0,P410400,93,80.0,0.75,0,0,0,0,0,0,1,0,0,0,0,0,0,0,0,1,0,0,0,0,0,0,1,0,0,0,1,0,0,0
5,1.0,0.800000012,5.0,P410400,93,80.0,0.6989700043360187,0,0,1,0,0,0,0,0,0,0,0,0,0,0,0,1,0,0,0,0,1,0,0,0,0,0,1,0,0,0
5,1.0,0.941175997,17.0,P410400,93,80.0,0.8034383677671774,0,0,0,0,0,1,0,0,0,0,0,0,0,0,0,1,0,0,0,0,0,0,1,0,0,0,1,0,0,0
5,1.0,0.946429014,56.0,P410400,93,80.0,0.7420981285103055,0,0,0,0,1,0,0,0,0,0,0,0,0,0,0,1,0,0,0,0,1,0,0,0,0,0,1,0,0,0
5,1.0,0.923076987,13.0,P410400,93,80.0,0.7872539464466368,0,1,0,0,0,0,0,0,0,0,0,0,0,0,0,1,0,0,0,0,0,0,1,0,1,0,0,0,0,0
1,0.0,0.961538017,26.0,P410400,93,80.0,0.8245749364180455,0,0,0,0,0,1,0,0,0,0,0,0,0,0,0,0,0,0,1,1,0,0,0,0,0,0,1,0,0,0
1,0.0,0.272727013,11.0,P410400,93,80.0,0.3868528072345414,0,0,0,0,0,0,1,0,0,0,0,0,0,0,0,1,0,0,0,0,1,0,0,0,0,0,1,0,0,0
5,1.0,1.0,21.0,P410400,93,80.0,1.0,0,0,0,0,0,1,0,0,0,0,0,0,0,0,0,0,0,0,1,1,0,0,0,0,0,0,1,0,0,0
4,1.0,0.375,8.0,P410400,93,80.0,0.4362085839710631,0,0,0,0,0,1,0,0,0,0,0,0,0,0,0,1,0,0,0,1,0,0,0,0,0,0,1,0,0,0
5,1.0,0.888889015,9.0,P410400,93,80.0,0.7601875334318686,0,0,0,0,0,1,0,0,0,0,0,0,0,0,0,1,0,0,0,1,0,0,0,0,0,0,1,0,0,0
1,1.0,0.285714,7.0,P410400,93,80.0,0.3800937667159343,0,0,0,0,0,1,0,0,0,0,0,0,0,0,0,1,0,0,0,1,0,0,0,0,0,0,1,0,0,0
1,1.0,0.75,4.0,P410400,93,80.0,0.6666666666666667,0,0,0,0,0,1,0,0,0,0,0,0,0,0,0,1,0,0,0,1,0,0,0,0,0,0,1,0,0,0
5,1.0,0.916666985,12.0,P410400,93,80.0,0.7818957080144684,0,0,0,0,0,1,0,0,0,0,0,0,0,0,0,1,0,0,0,1,0,0,0,0,0,0,1,0,0,0
5,1.0,0.959999979,25.0,P410400,93,80.0,0.8228161798644421,0,0,0,0,0,1,0,0,0,0,0,0,0,0,0,1,0,0,0,1,0,0,0,0,0,0,1,0,0,0
1,1.0,0.333332986,6.0,P410400,93,80.0,0.4056838710822129,0,0,0,0,0,1,0,0,0,0,0,0,0,0,0,1,0,0,0,1,0,0,0,0,0,0,1,0,0,0
3,1.0,0.5,4.0,P410400,93,80.0,0.5,0,0,0,0,0,1,0,0,0,0,0,0,0,0,0,1,0,0,0,1,0,0,0,0,0,0,1,0,0,0
5,1.0,0.961538017,26.0,P410400,93,80.0,0.8245749364180455,0,0,0,0,0,1,0,0,0,0,0,0,0,0,0,1,0,0,0,1,0,0,0,0,0,0,1,0,0,0
4,1.0,0.952381015,21.0,P410400,93,80.0,0.814550976584631,0,0,0,0,0,1,0,0,0,0,0,0,0,0,0,1,0,0,0,1,0,0,0,0,0,0,1,0,0,0
5,1.0,0.947368026,19.0,P410400,93,80.0,0.8094485875732266,0,0,0,0,0,1,0,0,0,0,0,0,0,0,0,1,0,0,0,1,0,0,0,0,0,0,1,0,0,0
5,1.0,1.0,12.0,P410400,93,80.0,1.0,0,0,0,0,0,1,0,0,0,0,0,0,0,0,0,1,0,0,0,1,0,0,0,0,0,0,1,0,0,0
5,1.0,0.863636017,22.0,P410400,93,80.0,0.6836408181204355,0,0,0,0,0,1,0,0,0,0,0,0,0,0,0,1,0,0,0,1,0,0,0,0,0,0,1,0,0,0
5,1.0,1.0,5.0,P455676,106,39.0,1.0,0,0,1,0,0,0,0,0,0,0,0,0,0,0,0,1,0,0,0,0,1,0,0,0,0,0,1,0,0,0
1,0.0,0.600000024,10.0,P455676,106,39.0,0.5473191697130572,0,0,0,0,0,1,0,0,0,0,0,0,0,0,0,1,0,0,0,1,0,0,0,0,0,0,1,0,0,0
2,0.0,0.708333015,24.0,P455676,106,39.0,0.5815855815233052,0,0,0,0,0,1,0,0,0,0,0,0,0,0,0,0,0,1,0,0,0,0,1,0,0,0,1,0,0,0
1,0.0,0.666666985,6.0,P455676,106,39.0,0.5943161289177871,0,0,1,0,0,0,0,0,0,0,0,0,0,0,0,1,0,0,0,1,0,0,0,0,0,0,1,0,0,0
2,0.0,0.444444001,9.0,P455676,106,39.0,0.4731974454383393,0,0,1,0,0,0,0,0,0,0,0,0,0,0,0,1,0,0,0,1,0,0,0,0,1,0,0,0,0,0
2,0.0,0.0,6.0,P455676,106,39.0,0.0,0,0,0,0,0,1,0,0,0,0,0,0,0,0,0,1,0,0,0,0,0,1,0,0,1,0,0,0,0,0
5,1.0,0.800000012,5.0,P455676,106,39.0,0.6989700043360187,0,0,0,0,0,0,0,0,0,0,0,0,1,0,0,1,0,0,0,1,0,0,0,0,1,0,0,0,0,0
1,0.0,0.444444001,9.0,P455676,106,39.0,0.4731974454383393,0,0,0,1,0,0,0,0,0,0,0,0,0,0,0,0,0,1,0,1,0,0,0,1,0,0,0,0,0,0
5,1.0,1.0,4.0,P455676,106,39.0,1.0,0,0,0,1,0,0,0,0,0,0,0,0,0,0,0,1,0,0,0,1,0,0,0,0,0,0,1,0,0,0
5,1.0,1.0,23.0,P455676,106,39.0,1.0,0,1,0,0,0,0,0,0,0,0,0,0,0,0,0,1,0,0,0,0,0,1,0,0,1,0,0,0,0,0
5,1.0,1.0,9.0,P455676,106,39.0,1.0,0,0,0,0,1,0,0,0,0,0,0,0,0,0,0,0,0,1,0,0,1,0,0,1,0,0,0,0,0,0
5,1.0,1.0,5.0,P455676,106,39.0,1.0,0,0,1,0,0,0,0,0,0,0,0,0,0,0,0,0,0,0,1,1,0,0,0,0,0,0,1,0,0,0
5,1.0,1.0,4.0,P455676,106,39.0,1.0,0,0,0,0,0,1,0,0,0,0,0,0,0,0,0,1,0,0,0,0,1,0,0,0,0,0,1,0,0,0
1,1.0,0.022727299,44.0,P455676,106,39.0,0.1548123827357682,0,0,1,0,0,0,0,0,0,0,0,0,0,0,1,0,0,0,0,0,1,0,0,0,0,1,0,0,0,0
2,0.0,0.953487992,43.0,P455676,106,39.0,0.7728394850000351,0,0,0,0,1,0,0,0,0,0,0,0,0,0,0,0,0,1,0,1,0,0,0,0,0,0,1,0,0,0
5,1.0,0.5,4.0,P455676,106,39.0,0.5,0,0,0,0,1,0,0,0,0,0,0,0,0,0,0,1,0,0,0,1,0,0,0,0,1,0,0,0,0,0
2,0.0,0.826086998,23.0,P455676,106,39.0,0.6505149978319905,0,0,0,1,0,0,0,0,0,0,0,0,0,0,1,0,0,0,0,1,0,0,0,1,0,0,0,0,0,0
2,0.0,0.769231021,13.0,P455676,106,39.0,0.6336614981727328,0,0,0,0,1,0,0,0,0,0,0,0,0,0,0,0,0,1,0,0,0,0,1,0,0,1,0,0,0,0
1,0.0,0.823529005,17.0,P455676,106,39.0,0.6614123848024371,0,0,0,0,0,0,1,0,0,0,0,0,0,0,0,1,0,0,0,0,1,0,0,0,0,0,1,0,0,0
1,0.0,0.76086998,46.0,P455676,106,39.0,0.5905187245598237,0,0,0,0,0,0,0,1,0,0,0,0,0,0,0,1,0,0,0,0,1,0,0,0,0,0,1,0,0,0
5,1.0,0.952381015,21.0,P455676,106,39.0,0.814550976584631,0,0,0,0,0,1,0,0,0,0,0,0,0,0,0,1,0,0,0,1,0,0,0,0,1,0,0,0,0,0
3,1.0,1.0,5.0,P455676,106,39.0,1.0,0,0,0,0,1,0,0,0,0,0,0,0,0,0,0,1,0,0,0,0,1,0,0,0,1,0,0,0,0,0
1,0.0,0.679244995,53.0,P455676,106,39.0,0.555415632225488,0,0,0,1,0,0,0,0,0,0,0,0,0,0,0,0,0,0,1,1,0,0,0,0,0,0,1,0,0,0
5,1.0,0.75,4.0,P458216,106,21.0,0.6666666666666667,0,0,0,0,1,0,0,0,0,0,0,0,0,0,0,0,0,1,0,0,0,1,0,0,1,0,0,0,0,0
2,0.0,0.222222,18.0,P458216,106,21.0,0.3727718224372513,0,0,1,0,0,0,0,0,0,0,0,0,0,0,1,0,0,0,0,1,0,0,0,1,0,0,0,0,0,0
2,0.0,0.5,10.0,P458216,106,21.0,0.5,0,0,1,0,0,0,0,0,0,0,0,0,0,0,0,0,0,0,1,0,1,0,0,0,0,1,0,0,0,0
5,1.0,0.833333015,6.0,P458216,106,21.0,0.7210570543488701,0,0,0,1,0,0,0,0,0,0,0,0,0,0,0,0,0,0,1,0,0,1,0,0,0,1,0,0,0,0
5,1.0,0.600000024,5.0,P458216,106,21.0,0.5578858913022596,0,0,0,0,1,0,0,0,0,0,0,0,0,0,0,1,0,0,0,1,0,0,0,0,0,0,1,0,0,0
1,0.0,0.571429014,28.0,P458216,106,21.0,0.5248477122150518,0,0,0,0,0,0,1,0,0,0,0,0,0,0,0,1,0,0,0,1,0,0,0,0,1,0,0,0,0,0
1,0.0,0.5625,16.0,P458216,106,21.0,0.5254612271806531,0,0,0,0,0,1,0,0,0,0,0,0,0,0,0,1,0,0,0,1,0,0,0,0,1,0,0,0,0,0
5,1.0,0.888889015,9.0,P458216,106,21.0,0.7601875334318686,0,0,1,0,0,0,0,0,0,0,0,0,0,0,1,0,0,0,0,1,0,0,0,0,0,1,0,0,0,0
1,0.0,0.666666985,45.0,P458216,106,21.0,0.5532820745330325,0,0,0,0,0,1,0,0,0,0,0,0,0,0,0,1,0,0,0,1,0,0,0,0,1,0,0,0,0,0
4,1.0,0.75,4.0,P458216,106,21.0,0.6666666666666667,0,0,0,0,0,1,0,0,0,0,0,0,0,0,0,0,0,0,1,1,0,0,0,0,0,1,0,0,0,0
4,1.0,1.0,6.0,P458216,106,21.0,1.0,0,0,0,0,0,0,0,1,0,0,0,0,0,0,0,1,0,0,0,1,0,0,0,0,1,0,0,0,0,0
1,0.0,0.777778029,9.0,P458216,106,21.0,0.6543128759565946,0,0,0,0,0,0,0,0,0,0,0,0,1,0,0,1,0,0,0,0,0,1,0,0,1,0,0,0,0,0
3,0.0,0.75,4.0,P458216,106,21.0,0.6666666666666667,0,0,0,0,0,0,1,0,0,0,0,0,0,0,0,1,0,0,0,0,0,1,0,0,0,0,1,0,0,0
2,0.0,0.555555999,27.0,P458216,106,21.0,0.5194508555890119,0,0,1,0,0,0,0,0,0,0,0,0,0,0,0,0,0,0,1,1,0,0,0,0,0,0,1,0,0,0
1,0.0,0.625,8.0,P458216,106,21.0,0.5637914160289369,0,0,0,0,0,1,0,0,0,0,0,0,0,0,0,1,0,0,0,1,0,0,0,0,0,1,0,0,0,0
2,0.0,0.800000012,15.0,P458216,106,21.0,0.649149872836091,0,0,0,0,1,0,0,0,0,0,0,0,0,0,0,1,0,0,0,1,0,0,0,0,0,0,1,0,0,0
5,1.0,1.0,6.0,P458216,106,21.0,1.0,0,0,0,0,0,0,1,0,0,0,0,0,0,0,0,1,0,0,0,1,0,0,0,0,1,0,0,0,0,0
5,1.0,1.0,13.0,P458216,106,21.0,1.0,0,0,0,0,0,0,0,0,0,0,0,0,1,0,0,1,0,0,0,0,0,0,1,0,0,0,1,0,0,0
5,1.0,1.0,5.0,P458216,106,21.0,1.0,0,0,0,0,0,1,0,0,0,0,0,0,0,0,0,0,0,0,1,1,0,0,0,0,1,0,0,0,0,0
1,0.0,0.379310012,29.0,P458216,106,21.0,0.4576806892779329,0,1,0,0,0,0,0,0,0,0,0,0,0,0,0,1,0,0,0,0,0,0,1,0,1,0,0,0,0,0
3,0.0,0.899999976,10.0,P458216,106,21.0,0.7686217868402409,0,0,0,0,0,1,0,0,0,0,0,0,0,0,0,1,0,0,0,0,0,1,0,0,0,0,1,0,0,0
5,1.0,0.300000012,10.0,P458216,106,21.0,0.3999999999999999,0,0,0,0,1,0,0,0,0,0,0,0,0,0,1,0,0,0,0,0,0,1,0,0,0,1,0,0,0,0
1,0.0,1.0,6.0,P458216,106,21.0,1.0,0,0,0,0,0,1,0,0,0,0,0,0,0,0,0,1,0,0,0,1,0,0,0,0,0,0,1,0,0,0
5,1.0,1.0,4.0,P458216,106,21.0,1.0,0,0,1,0,0,0,0,0,0,0,0,0,0,0,0,0,0,1,0,0,0,1,0,0,0,0,1,0,0,0
2,0.0,0.0,6.0,P458216,106,21.0,0.0,0,0,1,0,0,0,0,0,0,0,0,0,0,0,1,0,0,0,0,0,0,1,0,0,0,0,1,0,0,0
5,1.0,1.0,7.0,P458216,106,21.0,1.0,0,0,1,0,0,0,0,0,0,0,0,0,0,0,0,0,0,0,1,1,0,0,0,0,1,0,0,0,0,0
1,0.0,0.836066008,61.0,P458216,106,21.0,0.622327487860325,0,0,0,0,0,1,0,0,0,0,0,0,0,0,0,1,0,0,0,0,1,0,0,0,0,0,1,0,0,0
4,1.0,0.0,4.0,P458216,106,21.0,0.0,0,1,0,0,0,0,0,0,0,0,0,0,0,0,0,1,0,0,0,1,0,0,0,0,0,0,1,0,0,0
3,0.0,1.0,5.0,P458216,106,21.0,1.0,0,0,1,0,0,0,0,0,0,0,0,0,0,0,0,1,0,0,0,1,0,0,0,0,0,0,1,0,0,0
5,1.0,1.0,4.0,P458216,106,21.0,1.0,0,0,0,0,0,0,0,0,0,0,0,0,1,0,0,1,0,0,0,1,0,0,0,0,1,0,0,0,0,0
5,1.0,0.400000006,5.0,P139000,7,23.5,0.4421141086977403,0,0,0,0,1,0,0,0,0,0,0,0,0,0,0,1,0,0,0,1,0,0,0,0,1,0,0,0,0,0
2,1.0,0.5,4.0,P139000,7,23.5,0.5,0,0,0,0,1,0,0,0,0,0,0,0,0,0,0,1,0,0,0,0,1,0,0,0,0,1,0,0,0,0
1,1.0,0.75,4.0,P139000,7,23.5,0.6666666666666667,0,0,0,0,0,0,0,1,0,0,0,0,0,0,0,1,0,0,0,0,1,0,0,0,0,1,0,0,0,0
5,1.0,0.833333015,6.0,P139000,7,23.5,0.7210570543488701,0,0,0,0,1,0,0,0,0,0,0,0,0,0,0,1,0,0,0,0,0,1,0,0,0,1,0,0,0,0
1,0.0,0.400000006,5.0,P421243,111,19.0,0.4421141086977403,0,0,0,0,0,0,1,0,0,0,0,0,0,0,0,1,0,0,0,1,0,0,0,0,1,0,0,0,0,0
5,1.0,1.0,10.0,P421243,111,19.0,1.0,0,0,0,0,0,1,0,0,0,0,0,0,0,0,0,0,0,1,0,0,0,1,0,0,0,0,1,0,0,0
5,1.0,0.857142985,7.0,P421243,111,19.0,0.7373504649628064,0,0,0,0,0,0,1,0,0,0,0,0,0,0,0,1,0,0,0,1,0,0,0,0,0,0,0,1,0,0
5,1.0,1.0,5.0,P421243,111,19.0,1.0,0,0,0,0,0,0,0,0,0,1,0,0,0,0,0,0,0,0,1,0,0,1,0,0,0,0,0,1,0,0
1,0.0,0.090909101,22.0,P421243,111,19.0,0.2651645097780702,0,0,0,0,0,0,1,0,0,0,0,0,0,0,0,1,0,0,0,1,0,0,0,0,0,0,0,1,0,0
1,0.0,0.800000012,5.0,P421243,111,19.0,0.6989700043360187,0,0,0,0,0,0,0,0,0,0,1,0,0,0,1,0,0,0,0,1,0,0,0,0,0,0,0,1,0,0
1,0.0,0.949999988,20.0,P421243,111,19.0,0.8120981752908923,0,0,0,0,1,0,0,0,0,0,0,0,0,0,0,1,0,0,0,1,0,0,0,0,0,1,0,0,0,0
1,0.0,0.411765009,17.0,P421243,111,19.0,0.4644371482073046,0,0,0,0,0,0,0,1,0,0,0,0,0,0,0,1,0,0,0,1,0,0,0,0,0,0,1,0,0,0
4,1.0,1.0,5.0,P421243,111,19.0,1.0,0,0,1,0,0,0,0,0,0,0,0,0,0,0,1,0,0,0,0,0,1,0,0,0,0,1,0,0,0,0
2,0.0,0.800000012,5.0,P421243,111,19.0,0.6989700043360187,0,0,0,0,1,0,0,0,0,0,0,0,0,0,0,0,0,1,0,1,0,0,0,0,0,0,0,1,0,0
5,1.0,1.0,7.0,P421243,111,19.0,1.0,0,0,1,0,0,0,0,0,0,0,0,0,0,0,0,1,0,0,0,0,1,0,0,0,0,0,0,1,0,0
5,1.0,0.684211016,19.0,P421243,111,19.0,0.5755891054608883,0,0,0,0,0,0,1,0,0,0,0,0,0,0,0,0,1,0,0,1,0,0,0,0,0,1,0,0,0,0
1,0.0,0.727272987,11.0,P421243,111,19.0,0.6131471927654585,0,0,0,0,0,0,0,1,0,0,0,0,0,0,0,1,0,0,0,0,0,0,1,0,1,0,0,0,0,0
5,1.0,0.857142985,7.0,P421243,111,19.0,0.7373504649628064,0,0,1,0,0,0,0,0,0,0,0,0,0,0,0,1,0,0,0,0,1,0,0,0,0,0,0,1,0,0
4,1.0,0.400000006,5.0,P421243,111,19.0,0.4421141086977403,0,0,1,0,0,0,0,0,0,0,0,0,0,0,0,1,0,0,0,1,0,0,0,0,0,0,1,0,0,0
1,0.0,0.461537987,13.0,P466123,34,35.0,0.4834136986177055,0,0,0,0,1,0,0,0,0,0,0,0,0,0,0,1,0,0,0,0,0,0,1,0,0,0,1,0,0,0
5,1.0,0.75,4.0,P466123,34,35.0,0.6666666666666667,0,0,0,0,0,0,0,0,1,0,0,0,0,0,0,1,0,0,0,0,0,1,0,0,1,0,0,0,0,0
5,1.0,0.666666985,6.0,P466123,34,35.0,0.5943161289177871,0,0,0,0,1,0,0,0,0,0,0,0,0,0,0,1,0,0,0,1,0,0,0,0,0,1,0,0,0,0
5,1.0,1.0,6.0,P466123,34,35.0,1.0,0,0,0,0,1,0,0,0,0,0,0,0,0,0,1,0,0,0,0,0,1,0,0,1,0,0,0,0,0,0
5,1.0,1.0,4.0,P466123,34,35.0,1.0,0,0,1,0,0,0,0,0,0,0,0,0,0,0,0,1,0,0,0,0,1,0,0,0,0,0,1,0,0,0
3,1.0,1.0,5.0,P466123,34,35.0,1.0,0,0,0,0,0,0,0,0,0,0,0,0,1,0,0,1,0,0,0,0,0,0,1,0,0,0,1,0,0,0
2,0.0,0.600000024,5.0,P466123,34,35.0,0.5578858913022596,0,0,1,0,0,0,0,0,0,0,0,0,0,0,1,0,0,0,0,1,0,0,0,0,0,0,1,0,0,0
5,1.0,1.0,5.0,P466123,34,35.0,1.0,0,0,0,0,0,0,1,0,0,0,0,0,0,0,0,1,0,0,0,0,0,1,0,0,0,0,1,0,0,0
5,1.0,0.25,4.0,P466123,34,35.0,0.3333333333333333,0,0,1,0,0,0,0,0,0,0,0,0,0,0,0,0,0,1,0,0,0,0,1,0,0,1,0,0,0,0
5,1.0,0.833333015,6.0,P466123,34,35.0,0.7210570543488701,0,0,0,0,0,1,0,0,0,0,0,0,0,0,0,1,0,0,0,1,0,0,0,0,0,0,1,0,0,0
5,1.0,1.0,4.0,P466123,34,35.0,1.0,0,0,1,0,0,0,0,0,0,0,0,0,0,0,0,0,0,0,1,1,0,0,0,0,0,0,1,0,0,0
3,0.0,0.166666999,6.0,P466123,34,35.0,0.2789429456511298,0,0,0,0,0,1,0,0,0,0,0,0,0,0,0,0,0,0,1,0,0,1,0,0,0,0,0,0,0,1
4,1.0,1.0,6.0,P466123,34,35.0,1.0,0,0,0,0,1,0,0,0,0,0,0,0,0,0,1,0,0,0,0,0,1,0,0,0,0,0,1,0,0,0
5,1.0,0.975610018,41.0,P466123,34,35.0,0.8427067526504531,0,0,0,0,1,0,0,0,0,0,0,0,0,0,0,0,0,1,0,1,0,0,0,0,0,0,0,0,1,0
5,1.0,1.0,6.0,P466123,34,35.0,1.0,0,0,0,0,0,1,0,0,0,0,0,0,0,0,0,1,0,0,0,0,0,0,1,0,0,0,1,0,0,0
1,0.0,0.769231021,13.0,P466123,34,35.0,0.6336614981727328,0,0,0,0,1,0,0,0,0,0,0,0,0,0,1,0,0,0,0,0,0,1,0,0,0,1,0,0,0,0
1,0.0,0.769231021,13.0,P466123,34,35.0,0.6336614981727328,0,0,0,0,0,0,1,0,0,0,0,0,0,0,0,1,0,0,0,1,0,0,0,0,1,0,0,0,0,0
5,1.0,1.0,23.0,P466123,34,35.0,1.0,0,0,0,0,0,0,0,0,0,0,0,0,1,0,0,1,0,0,0,1,0,0,0,0,1,0,0,0,0,0
1,0.0,0.571429014,7.0,P466123,34,35.0,0.5372435736804816,0,1,0,0,0,0,0,0,0,0,0,0,0,0,0,1,0,0,0,0,0,1,0,0,0,0,1,0,0,0
3,0.0,1.0,8.0,P466123,34,35.0,1.0,0,0,0,0,0,1,0,0,0,0,0,0,0,0,0,1,0,0,0,0,1,0,0,0,0,0,1,0,0,0
2,0.0,0.8125,16.0,P466123,34,35.0,0.6556091324118037,0,0,0,0,0,0,1,0,0,0,0,0,0,0,0,1,0,0,0,1,0,0,0,0,1,0,0,0,0,0
3,0.0,0.600000024,5.0,P466123,34,35.0,0.5578858913022596,0,0,0,0,1,0,0,0,0,0,0,0,0,0,0,1,0,0,0,0,1,0,0,1,0,0,0,0,0,0
2,0.0,0.578947008,19.0,P466123,34,35.0,0.5307212739772434,0,0,0,1,0,0,0,0,0,0,0,0,0,0,0,1,0,0,0,1,0,0,0,0,0,0,1,0,0,0
5,1.0,1.0,11.0,P466123,34,35.0,1.0,0,0,1,0,0,0,0,0,0,0,0,0,0,0,1,0,0,0,0,0,0,0,1,0,0,0,1,0,0,0
4,1.0,0.800000012,5.0,P466123,34,35.0,0.6989700043360187,0,0,0,0,0,0,1,0,0,0,0,0,0,0,0,1,0,0,0,1,0,0,0,0,0,0,1,0,0,0
5,1.0,0.666666985,9.0,P466123,34,35.0,0.583970804646981,0,0,0,0,1,0,0,0,0,0,0,0,0,0,0,1,0,0,0,1,0,0,0,0,0,0,1,0,0,0
5,1.0,0.538461983,13.0,P466123,34,35.0,0.5165863013822944,0,0,0,0,0,0,0,1,0,0,0,0,0,0,0,1,0,0,0,1,0,0,0,0,1,0,0,0,0,0
4,1.0,0.5,4.0,P466123,34,35.0,0.5,0,0,0,0,1,0,0,0,0,0,0,0,0,0,0,1,0,0,0,0,0,0,1,0,0,0,1,0,0,0
5,1.0,0.444444001,9.0,P466123,34,35.0,0.4731974454383393,0,0,0,0,1,0,0,0,0,0,0,0,0,0,0,1,0,0,0,1,0,0,0,0,0,0,1,0,0,0
5,1.0,0.166666999,6.0,P466123,34,35.0,0.2789429456511298,0,0,0,0,0,1,0,0,0,0,0,0,0,0,0,0,0,1,0,1,0,0,0,0,0,0,1,0,0,0
2,0.0,0.833333015,6.0,P456213,112,125.0,0.7210570543488701,0,0,0,0,1,0,0,0,0,0,0,0,0,0,1,0,0,0,0,0,0,0,1,0,0,1,0,0,0,0
5,1.0,0.857142985,7.0,P456213,112,125.0,0.7373504649628064,0,0,0,0,1,0,0,0,0,0,0,0,0,0,0,0,0,0,1,0,1,0,0,0,0,0,1,0,0,0
1,0.0,1.0,5.0,P456213,112,125.0,1.0,0,0,1,0,0,0,0,0,0,0,0,0,0,0,1,0,0,0,0,0,0,0,1,0,1,0,0,0,0,0
1,0.0,0.92592603,27.0,P456213,112,125.0,0.7478343556177288,0,0,0,0,0,0,1,0,0,0,0,0,0,0,0,0,0,0,1,0,1,0,0,0,0,0,1,0,0,0
5,1.0,0.5,16.0,P456213,112,125.0,0.5,0,0,0,0,1,0,0,0,0,0,0,0,0,0,0,1,0,0,0,0,1,0,0,0,0,0,1,0,0,0
3,0.0,0.5,4.0,P456213,112,125.0,0.5,0,0,1,0,0,0,0,0,0,0,0,0,0,0,1,0,0,0,0,1,0,0,0,0,0,0,1,0,0,0
5,1.0,1.0,9.0,P459299,112,42.0,1.0,0,0,0,0,0,1,0,0,0,0,0,0,0,0,1,0,0,0,0,0,1,0,0,0,0,1,0,0,0,0
5,1.0,0.5,4.0,P459299,112,42.0,0.5,0,0,1,0,0,0,0,0,0,0,0,0,0,0,0,1,0,0,0,0,0,1,0,0,1,0,0,0,0,0
5,1.0,0.550000012,20.0,P459299,112,42.0,0.519041448694803,0,0,0,0,0,1,0,0,0,0,0,0,0,0,0,1,0,0,0,0,0,1,0,0,0,0,1,0,0,0
3,0.0,1.0,4.0,P459299,112,42.0,1.0,0,0,0,0,1,0,0,0,0,0,0,0,0,0,0,1,0,0,0,0,1,0,0,0,0,1,0,0,0,0
2,0.0,0.666666985,6.0,P459299,112,42.0,0.5943161289177871,0,0,0,0,1,0,0,0,0,0,0,0,0,0,0,0,0,0,1,0,1,0,0,0,0,0,1,0,0,0
3,0.0,0.5625,16.0,P381030,7,32.5,0.5254612271806531,0,0,0,0,1,0,0,0,0,0,0,0,0,0,0,1,0,0,0,1,0,0,0,0,0,0,1,0,0,0
4,1.0,1.0,8.0,P381030,7,32.5,1.0,0,0,0,0,0,1,0,0,0,0,0,0,0,0,0,1,0,0,0,0,1,0,0,0,1,0,0,0,0,0
2,0.0,0.600000024,5.0,P381030,7,32.5,0.5578858913022596,0,0,0,0,1,0,0,0,0,0,0,0,0,0,0,0,0,1,0,0,1,0,0,0,0,0,1,0,0,0
1,0.0,1.0,18.0,P381030,7,32.5,1.0,0,0,1,0,0,0,0,0,0,0,0,0,0,0,1,0,0,0,0,1,0,0,0,1,0,0,0,0,0,0
1,0.0,1.0,5.0,P381030,7,32.5,1.0,0,0,0,1,0,0,0,0,0,0,0,0,0,0,1,0,0,0,0,0,0,1,0,0,0,0,1,0,0,0
5,1.0,0.75,4.0,P381030,7,32.5,0.6666666666666667,0,0,0,0,1,0,0,0,0,0,0,0,0,0,0,1,0,0,0,0,1,0,0,0,0,0,1,0,0,0
5,1.0,1.0,17.0,P381030,7,32.5,1.0,0,0,0,0,1,0,0,0,0,0,0,0,0,0,0,1,0,0,0,1,0,0,0,0,0,0,1,0,0,0
1,1.0,0.800000012,5.0,P381030,7,32.5,0.6989700043360187,0,0,0,0,1,0,0,0,0,0,0,0,0,0,0,1,0,0,0,1,0,0,0,0,0,0,1,0,0,0
1,1.0,1.0,4.0,P381030,7,32.5,1.0,0,0,0,0,1,0,0,0,0,0,0,0,0,0,0,1,0,0,0,0,1,0,0,0,0,0,1,0,0,0
5,1.0,1.0,12.0,P381030,7,32.5,1.0,0,0,0,0,1,0,0,0,0,0,0,0,0,0,0,1,0,0,0,1,0,0,0,0,0,0,1,0,0,0
4,1.0,1.0,4.0,P381030,7,32.5,1.0,0,0,0,0,1,0,0,0,0,0,0,0,0,0,0,1,0,0,0,0,1,0,0,0,0,0,1,0,0,0
1,0.0,0.714286029,7.0,P427416,101,8.9,0.6199062332840658,0,0,0,0,0,0,0,0,0,0,0,0,1,0,0,1,0,0,0,0,1,0,0,0,0,0,1,0,0,0
4,1.0,0.777778029,9.0,P427416,101,8.9,0.6543128759565946,0,0,0,0,0,0,1,0,0,0,0,0,0,0,0,1,0,0,0,1,0,0,0,0,0,0,1,0,0,0
3,1.0,0.75,4.0,P427416,101,8.9,0.6666666666666667,0,0,1,0,0,0,0,0,0,0,0,0,0,0,0,1,0,0,0,0,0,1,0,0,1,0,0,0,0,0
3,1.0,0.5,4.0,P427416,101,8.9,0.5,0,0,0,0,0,0,0,1,0,0,0,0,0,0,0,1,0,0,0,0,1,0,0,0,1,0,0,0,0,0
3,1.0,1.0,5.0,P427416,101,8.9,1.0,0,0,1,0,0,0,0,0,0,0,0,0,0,0,1,0,0,0,0,1,0,0,0,0,0,0,1,0,0,0
4,1.0,0.75,4.0,P427416,101,8.9,0.6666666666666667,0,0,0,0,1,0,0,0,0,0,0,0,0,0,0,0,0,0,1,0,1,0,0,0,0,0,1,0,0,0
5,1.0,0.666666985,6.0,P427416,101,8.9,0.5943161289177871,0,0,0,0,1,0,0,0,0,0,0,0,0,0,1,0,0,0,0,1,0,0,0,0,0,1,0,0,0,0
2,0.0,1.0,4.0,P427416,101,8.9,1.0,0,0,1,0,0,0,0,0,0,0,0,0,0,0,1,0,0,0,0,1,0,0,0,0,0,1,0,0,0,0
4,1.0,1.0,6.0,P427416,101,8.9,1.0,0,0,0,0,1,0,0,0,0,0,0,0,0,0,0,1,0,0,0,1,0,0,0,0,0,0,1,0,0,0
4,1.0,0.111111,27.0,P427416,101,8.9,0.3010299956639811,0,0,1,0,0,0,0,0,0,0,0,0,0,0,1,0,0,0,0,0,1,0,0,0,0,1,0,0,0,0
5,1.0,0.926470995,113.72000000000116,P427416,101,8.9,0.668894227675644,0,0,0,0,0,0,1,0,0,0,0,0,0,0,0,1,0,0,0,1,0,0,0,0,1,0,0,0,0,0
1,0.0,0.800000012,5.0,P427416,101,8.9,0.6989700043360187,0,0,1,0,0,0,0,0,0,0,0,0,0,0,0,1,0,0,0,0,0,1,0,0,1,0,0,0,0,0
3,0.0,0.888889015,9.0,P427416,101,8.9,0.7601875334318686,0,0,0,0,0,1,0,0,0,0,0,0,0,0,0,1,0,0,0,0,0,0,1,0,1,0,0,0,0,0
1,0.0,0.200000003,20.0,P427416,101,8.9,0.3622696942693522,0,0,0,0,0,0,0,1,0,0,0,0,0,0,0,0,0,0,1,1,0,0,0,0,0,0,1,0,0,0
5,1.0,0.888889015,9.0,P427416,101,8.9,0.7601875334318686,0,0,0,0,0,0,0,0,0,0,0,0,1,0,0,1,0,0,0,0,0,1,0,0,1,0,0,0,0,0
4,1.0,0.833333015,6.0,P427416,101,8.9,0.7210570543488701,0,0,0,0,1,0,0,0,0,0,0,0,0,0,0,1,0,0,0,0,0,1,0,0,0,0,1,0,0,0
5,1.0,1.0,7.0,P427416,101,8.9,1.0,0,0,0,0,0,0,1,0,0,0,0,0,0,0,0,1,0,0,0,0,0,0,1,0,1,0,0,0,0,0
3,0.0,1.0,7.0,P427416,101,8.9,1.0,0,0,0,0,1,0,0,0,0,0,0,0,0,0,0,1,0,0,0,0,0,1,0,0,1,0,0,0,0,0
5,1.0,1.0,5.0,P427416,101,8.9,1.0,0,0,1,0,0,0,0,0,0,0,0,0,0,0,0,0,0,0,1,0,0,1,0,1,0,0,0,0,0,0
3,0.0,0.666666985,9.0,P427416,101,8.9,0.583970804646981,0,0,0,1,0,0,0,0,0,0,0,0,0,0,0,0,0,1,0,0,1,0,0,0,0,0,1,0,0,0
5,1.0,0.954545021,22.0,P427416,101,8.9,0.8168307490863663,0,0,1,0,0,0,0,0,0,0,0,0,0,0,0,1,0,0,0,1,0,0,0,0,0,0,1,0,0,0
3,1.0,0.920000017,25.0,P427416,101,8.9,0.7431147865896834,0,0,0,0,1,0,0,0,0,0,0,0,0,0,0,1,0,0,0,0,1,0,0,0,0,0,1,0,0,0
1,0.0,0.740741014,27.0,P427416,101,8.9,0.594173270921001,0,0,0,0,1,0,0,0,0,0,0,0,0,0,0,1,0,0,0,1,0,0,0,0,1,0,0,0,0,0
1,0.0,0.200000003,5.0,P427416,101,8.9,0.3010299956639811,0,0,0,0,0,1,0,0,0,0,0,0,0,0,0,0,0,0,1,1,0,0,0,0,0,0,0,0,0,1
5,1.0,0.833333015,18.0,P427416,101,8.9,0.6666666666666667,0,0,0,0,1,0,0,0,0,0,0,0,0,0,0,1,0,0,0,1,0,0,0,0,0,0,1,0,0,0
3,1.0,0.875,8.0,P427416,101,8.9,0.75,0,0,0,0,0,0,1,0,0,0,0,0,0,0,0,1,0,0,0,1,0,0,0,0,0,0,1,0,0,0
5,1.0,1.0,18.0,P427416,101,8.9,1.0,0,0,0,0,0,0,0,1,0,0,0,0,0,0,0,1,0,0,0,0,0,1,0,0,1,0,0,0,0,0
5,1.0,0.846153975,13.0,P427416,101,8.9,0.6934264036172708,0,0,0,0,0,1,0,0,0,0,0,0,0,0,0,1,0,0,0,1,0,0,0,0,0,0,1,0,0,0
1,0.0,0.857142985,21.0,P427416,101,8.9,0.6798938534903572,0,0,0,0,0,1,0,0,0,0,0,0,0,0,0,1,0,0,0,1,0,0,0,0,0,0,1,0,0,0
2,0.0,0.853618026,113.72000000000116,P427416,101,8.9,0.5815546823615352,0,0,0,0,1,0,0,0,0,0,0,0,0,0,0,1,0,0,0,1,0,0,0,0,1,0,0,0,0,0
5,1.0,0.944444001,90.0,P427416,101,8.9,0.7131397946749772,0,0,0,0,0,0,0,0,0,0,0,0,1,0,0,1,0,0,0,0,1,0,0,0,1,0,0,0,0,0
4,1.0,0.75,4.0,P427416,101,8.9,0.6666666666666667,0,0,1,0,0,0,0,0,0,0,0,0,0,0,1,0,0,0,0,0,0,1,0,0,1,0,0,0,0,0
5,1.0,0.800000012,5.0,P427416,101,8.9,0.6989700043360187,0,0,0,0,1,0,0,0,0,0,0,0,0,0,0,1,0,0,0,0,0,1,0,0,0,1,0,0,0,0
2,0.0,0.764706016,17.0,P433887,4,60.0,0.6211745993017163,0,0,1,0,0,0,0,0,0,0,0,0,0,0,0,0,0,1,0,1,0,0,0,0,0,1,0,0,0,0
5,1.0,0.800000012,10.0,P433887,4,60.0,0.6666666666666666,0,0,0,0,1,0,0,0,0,0,0,0,0,0,1,0,0,0,0,1,0,0,0,0,0,1,0,0,0,0
1,0.0,0.75,12.0,P433887,4,60.0,0.6241963505817848,0,0,0,1,0,0,0,0,0,0,0,0,0,0,0,0,0,1,0,0,1,0,0,0,0,1,0,0,0,0
5,1.0,1.0,4.0,P433887,4,60.0,1.0,0,0,0,0,1,0,0,0,0,0,0,0,0,0,0,0,0,0,1,1,0,0,0,0,0,0,1,0,0,0
5,1.0,1.0,4.0,P433887,4,60.0,1.0,0,0,0,0,1,0,0,0,0,0,0,0,0,0,0,1,0,0,0,1,0,0,0,0,0,1,0,0,0,0
5,1.0,0.75,4.0,P433887,4,60.0,0.6666666666666667,0,0,0,0,0,1,0,0,0,0,0,0,0,0,0,1,0,0,0,0,1,0,0,0,0,0,1,0,0,0
5,1.0,1.0,4.0,P433887,4,60.0,1.0,0,0,0,0,1,0,0,0,0,0,0,0,0,0,0,1,0,0,0,1,0,0,0,0,0,0,1,0,0,0
1,0.0,0.083333299,12.0,P433887,4,60.0,0.2181042919855315,0,1,0,0,0,0,0,0,0,0,0,0,0,0,0,1,0,0,0,1,0,0,0,0,0,0,1,0,0,0
5,1.0,1.0,6.0,P433887,4,60.0,1.0,0,1,0,0,0,0,0,0,0,0,0,0,0,0,0,1,0,0,0,0,0,0,1,0,0,0,1,0,0,0
1,0.0,0.642857015,14.0,P433887,4,60.0,0.5623818557528476,0,0,1,0,0,0,0,0,0,0,0,0,0,0,0,0,0,1,0,0,0,1,0,0,0,1,0,0,0,0
5,1.0,0.909090996,11.0,P433887,4,60.0,0.7757561757824245,0,0,0,1,0,0,0,0,0,0,0,0,0,0,1,0,0,0,0,0,1,0,0,0,0,0,0,0,0,1
1,0.0,0.533333004,15.0,P433887,4,60.0,0.5137704268206332,0,0,0,1,0,0,0,0,0,0,0,0,0,1,0,0,0,0,0,1,0,0,0,0,0,1,0,0,0,0
5,1.0,1.0,20.0,P433887,4,60.0,1.0,0,0,0,0,1,0,0,0,0,0,0,0,0,0,0,0,0,1,0,1,0,0,0,0,0,1,0,0,0,0
5,1.0,1.0,5.0,P433887,4,60.0,1.0,0,0,0,0,0,0,0,1,0,0,0,0,0,0,0,1,0,0,0,1,0,0,0,0,0,0,1,0,0,0
5,1.0,0.875,8.0,P433887,4,60.0,0.75,0,0,0,0,0,1,0,0,0,0,0,0,0,0,0,0,0,1,0,1,0,0,0,0,0,0,1,0,0,0
5,1.0,0.857142985,14.0,P433887,4,60.0,0.7001245250427999,0,0,0,0,0,0,0,1,0,0,0,0,0,0,0,1,0,0,0,1,0,0,0,0,1,0,0,0,0,0
5,1.0,1.0,5.0,P433887,4,60.0,1.0,0,0,0,0,1,0,0,0,0,0,0,0,0,0,0,0,0,0,1,1,0,0,0,0,0,0,1,0,0,0
3,0.0,1.0,13.0,P433887,4,60.0,1.0,0,0,0,0,1,0,0,0,0,0,0,0,0,0,0,1,0,0,0,0,0,1,0,0,0,0,1,0,0,0
5,1.0,0.966102004,113.72000000000116,P433887,4,60.0,0.7467195171038312,0,0,0,0,1,0,0,0,0,0,0,0,0,0,0,1,0,0,0,0,1,0,0,1,0,0,0,0,0,0
3,1.0,0.857142985,7.0,P433887,4,60.0,0.7373504649628064,0,0,0,0,1,0,0,0,0,0,0,0,0,0,0,1,0,0,0,0,0,0,1,0,1,0,0,0,0,0
2,0.0,0.533333004,15.0,P432829,107,58.0,0.5137704268206332,0,0,0,0,1,0,0,0,0,0,0,0,0,0,0,1,0,0,0,0,1,0,0,0,0,1,0,0,0,0
5,1.0,1.0,9.0,P432829,107,58.0,1.0,0,0,1,0,0,0,0,0,0,0,0,0,0,0,1,0,0,0,0,1,0,0,0,0,0,1,0,0,0,0
3,0.0,0.800000012,5.0,P432829,107,58.0,0.6989700043360187,0,0,1,0,0,0,0,0,0,0,0,0,0,0,0,1,0,0,0,1,0,0,0,0,0,0,1,0,0,0
1,0.0,0.600000024,5.0,P432829,107,58.0,0.5578858913022596,0,0,1,0,0,0,0,0,0,0,0,0,0,0,0,0,0,0,1,0,0,1,0,0,0,0,1,0,0,0
5,1.0,0.555555999,9.0,P432829,107,58.0,0.5268025545616606,0,0,0,0,0,0,1,0,0,0,0,0,0,0,0,0,0,0,1,1,0,0,0,0,0,0,1,0,0,0
3,0.0,0.857142985,7.0,P432829,107,58.0,0.7373504649628064,0,0,0,0,0,0,0,0,0,0,0,0,1,0,0,1,0,0,0,1,0,0,0,0,1,0,0,0,0,0
5,1.0,1.0,4.0,P432829,107,58.0,1.0,0,0,0,0,0,1,0,0,0,0,0,0,0,0,0,1,0,0,0,0,0,0,1,0,0,0,1,0,0,0
5,1.0,0.875,8.0,P432829,107,58.0,0.75,0,0,1,0,0,0,0,0,0,0,0,0,0,0,0,0,0,0,1,1,0,0,0,1,0,0,0,0,0,0
5,1.0,1.0,39.0,P432829,107,58.0,1.0,0,0,1,0,0,0,0,0,0,0,0,0,0,0,0,1,0,0,0,0,1,0,0,0,0,0,1,0,0,0
5,1.0,0.5,4.0,P432829,107,58.0,0.5,0,0,0,0,1,0,0,0,0,0,0,0,0,0,1,0,0,0,0,0,0,1,0,0,0,0,1,0,0,0
5,1.0,1.0,18.0,P432829,107,58.0,1.0,0,0,1,0,0,0,0,0,0,0,0,0,0,0,1,0,0,0,0,1,0,0,0,0,0,0,1,0,0,0
5,1.0,0.857142985,7.0,P432829,107,58.0,0.7373504649628064,0,0,0,0,1,0,0,0,0,0,0,0,0,0,0,0,0,0,1,0,0,0,1,0,0,1,0,0,0,0
1,0.0,0.833333015,12.0,P432829,107,58.0,0.6857972507265685,0,0,0,1,0,0,0,0,0,0,0,0,0,0,0,1,0,0,0,0,0,0,1,1,0,0,0,0,0,0
5,1.0,1.0,7.0,P432829,107,58.0,1.0,0,0,0,0,1,0,0,0,0,0,0,0,0,0,0,1,0,0,0,1,0,0,0,0,0,0,1,0,0,0
2,0.0,0.800000012,5.0,P432829,107,58.0,0.6989700043360187,0,0,0,0,0,1,0,0,0,0,0,0,0,0,0,1,0,0,0,0,1,0,0,0,1,0,0,0,0,0
5,1.0,1.0,7.0,P432829,107,58.0,1.0,0,0,0,0,1,0,0,0,0,0,0,0,0,0,0,1,0,0,0,1,0,0,0,0,0,0,1,0,0,0
5,1.0,0.875,8.0,P432829,107,58.0,0.75,0,0,0,1,0,0,0,0,0,0,0,0,0,0,1,0,0,0,0,1,0,0,0,0,0,0,1,0,0,0
5,1.0,0.916666985,24.0,P432829,107,58.0,0.740532674963355,0,0,1,0,0,0,0,0,0,0,0,0,0,0,0,0,0,0,1,1,0,0,0,0,0,0,0,0,0,1
5,1.0,0.75,4.0,P432829,107,58.0,0.6666666666666667,0,0,0,0,1,0,0,0,0,0,0,0,0,0,0,0,0,1,0,1,0,0,0,0,0,0,1,0,0,0
3,0.0,0.363635987,11.0,P432829,107,58.0,0.4362945258726772,0,0,1,0,0,0,0,0,0,0,0,0,0,0,0,0,0,1,0,0,0,1,0,0,0,0,1,0,0,0
2,0.0,0.875,16.0,P432829,107,58.0,0.7113975059201018,0,0,1,0,0,0,0,0,0,0,0,0,0,0,1,0,0,0,0,0,0,1,0,0,0,1,0,0,0,0
2,0.0,0.9375,16.0,P432829,107,58.0,0.7999999999999999,0,0,0,0,1,0,0,0,0,0,0,0,0,0,1,0,0,0,0,1,0,0,0,0,0,1,0,0,0,0
5,1.0,1.0,5.0,P432829,107,58.0,1.0,0,0,1,0,0,0,0,0,0,0,0,0,0,0,0,0,0,1,0,1,0,0,0,0,0,1,0,0,0,0
2,0.0,0.915129006,113.72000000000116,P432829,107,58.0,0.6345176963007348,0,0,0,0,0,1,0,0,0,0,0,0,0,0,0,1,0,0,0,1,0,0,0,1,0,0,0,0,0,0
5,1.0,0.913043022,23.0,P432829,107,58.0,0.7377797560147545,0,0,0,0,1,0,0,0,0,0,0,0,0,0,0,1,0,0,0,0,1,0,0,0,0,0,1,0,0,0
5,1.0,1.0,17.0,P432829,107,58.0,1.0,0,0,1,0,0,0,0,0,0,0,0,0,0,0,1,0,0,0,0,0,1,0,0,0,0,1,0,0,0,0
3,0.0,0.0,32.0,P432829,107,58.0,0.0,0,0,1,0,0,0,0,0,0,0,0,0,0,0,0,1,0,0,0,1,0,0,0,0,0,0,1,0,0,0
5,1.0,0.875,8.0,P432829,107,58.0,0.75,0,0,0,0,0,1,0,0,0,0,0,0,0,0,0,1,0,0,0,0,0,0,1,0,0,0,1,0,0,0
5,1.0,0.909090996,11.0,P432829,107,58.0,0.7757561757824245,0,0,0,0,1,0,0,0,0,0,0,0,0,0,0,1,0,0,0,0,0,1,0,0,0,0,1,0,0,0
5,1.0,0.833333015,6.0,P432829,107,58.0,0.7210570543488701,0,0,0,0,1,0,0,0,0,0,0,0,0,0,0,1,0,0,0,1,0,0,0,0,0,0,1,0,0,0
5,1.0,0.947368026,38.0,P432829,107,58.0,0.7667257153671132,0,0,0,0,0,1,0,0,0,0,0,0,0,0,1,0,0,0,0,1,0,0,0,0,0,0,1,0,0,0
5,1.0,0.888889015,9.0,P463371,107,18.0,0.7601875334318686,0,0,0,0,1,0,0,0,0,0,0,0,0,1,0,0,0,0,0,0,0,1,0,0,0,1,0,0,0,0
2,0.0,0.833333015,6.0,P463371,107,18.0,0.7210570543488701,0,0,1,0,0,0,0,0,0,0,0,0,0,0,0,1,0,0,0,0,0,1,0,0,0,0,1,0,0,0
4,1.0,1.0,4.0,P463371,107,18.0,1.0,0,0,0,0,0,1,0,0,0,0,0,0,0,0,0,1,0,0,0,1,0,0,0,0,0,1,0,0,0,0
3,0.0,0.727272987,11.0,P463371,107,18.0,0.6131471927654585,0,0,0,0,0,0,0,1,0,0,0,0,0,0,0,1,0,0,0,1,0,0,0,0,0,0,1,0,0,0
5,1.0,0.5,4.0,P463371,107,18.0,0.5,0,0,0,0,1,0,0,0,0,0,0,0,0,0,0,1,0,0,0,1,0,0,0,0,0,0,1,0,0,0
4,1.0,1.0,4.0,P463371,107,18.0,1.0,0,0,0,0,0,0,0,1,0,0,0,0,0,0,0,1,0,0,0,0,1,0,0,0,0,0,1,0,0,0
5,1.0,1.0,6.0,P463371,107,18.0,1.0,0,0,0,0,1,0,0,0,0,0,0,0,0,0,1,0,0,0,0,0,0,0,1,1,0,0,0,0,0,0
5,1.0,0.75,4.0,P463371,107,18.0,0.6666666666666667,0,0,0,0,0,1,0,0,0,0,0,0,0,0,0,1,0,0,0,1,0,0,0,0,0,0,1,0,0,0
3,1.0,1.0,5.0,P463371,107,18.0,1.0,0,0,0,1,0,0,0,0,0,0,0,0,0,0,0,0,0,1,0,0,0,1,0,0,0,1,0,0,0,0
5,1.0,0.833333015,6.0,P463371,107,18.0,0.7210570543488701,0,0,0,0,0,0,0,0,0,0,0,1,0,0,0,1,0,0,0,0,1,0,0,0,0,0,1,0,0,0
5,1.0,0.727272987,11.0,P463371,107,18.0,0.6131471927654585,0,0,0,0,0,1,0,0,0,0,0,0,0,0,0,1,0,0,0,1,0,0,0,0,0,0,1,0,0,0
3,1.0,0.600000024,20.0,P463371,107,18.0,0.5386089194935016,0,0,0,0,1,0,0,0,0,0,0,0,0,0,1,0,0,0,0,0,1,0,0,0,0,0,1,0,0,0
5,1.0,1.0,4.0,P463371,107,18.0,1.0,0,0,0,0,1,0,0,0,0,0,0,0,0,0,0,0,0,1,0,0,1,0,0,0,0,0,1,0,0,0
5,1.0,0.800000012,5.0,P463371,107,18.0,0.6989700043360187,0,0,1,0,0,0,0,0,0,0,0,0,0,0,0,0,0,1,0,1,0,0,0,0,0,0,0,0,0,1
3,1.0,1.0,4.0,P463371,107,18.0,1.0,0,0,0,1,0,0,0,0,0,0,0,0,0,0,1,0,0,0,0,1,0,0,0,0,0,0,1,0,0,0
5,1.0,0.909090996,11.0,P463371,107,18.0,0.7757561757824245,0,1,0,0,0,0,0,0,0,0,0,0,0,0,0,1,0,0,0,0,1,0,0,0,1,0,0,0,0,0
5,1.0,1.0,5.0,P463371,107,18.0,1.0,0,0,0,0,0,0,1,0,0,0,0,0,0,0,0,1,0,0,0,1,0,0,0,0,0,0,1,0,0,0
1,0.0,0.666666985,9.0,P463371,107,18.0,0.583970804646981,0,0,1,0,0,0,0,0,0,0,0,0,0,0,1,0,0,0,0,0,1,0,0,0,0,0,1,0,0,0
1,0.0,0.565217018,23.0,P463371,107,18.0,0.5239392819282562,0,0,0,0,0,0,0,0,0,0,0,0,1,0,0,1,0,0,0,1,0,0,0,0,0,0,1,0,0,0
4,1.0,0.75,16.0,P463371,107,18.0,0.6144493051612967,0,0,0,1,0,0,0,0,0,0,0,0,0,0,0,1,0,0,0,0,0,0,1,0,0,0,1,0,0,0
5,1.0,1.0,9.0,P463371,107,18.0,1.0,0,0,0,0,0,1,0,0,0,0,0,0,0,0,0,0,0,0,1,0,1,0,0,0,1,0,0,0,0,0
4,1.0,0.857142985,14.0,P463371,107,18.0,0.7001245250427999,0,0,0,0,1,0,0,0,0,0,0,0,0,0,0,1,0,0,0,1,0,0,0,0,0,0,1,0,0,0
3,0.0,0.954545021,22.0,P463371,107,18.0,0.8168307490863663,0,0,0,0,1,0,0,0,0,0,0,0,0,0,0,1,0,0,0,1,0,0,0,0,0,0,1,0,0,0
4,1.0,0.800000012,5.0,P463371,107,18.0,0.6989700043360187,0,0,1,0,0,0,0,0,0,0,0,0,0,0,0,0,0,0,1,1,0,0,0,0,0,1,0,0,0,0
4,1.0,0.200000003,5.0,P463371,107,18.0,0.3010299956639811,0,0,0,1,0,0,0,0,0,0,0,0,0,0,0,0,0,0,1,1,0,0,0,0,0,1,0,0,0,0
5,1.0,1.0,5.0,P463371,107,18.0,1.0,0,0,0,0,0,1,0,0,0,0,0,0,0,0,1,0,0,0,0,0,1,0,0,0,0,0,1,0,0,0
5,1.0,1.0,5.0,P463371,107,18.0,1.0,0,0,0,0,0,1,0,0,0,0,0,0,0,0,0,1,0,0,0,0,1,0,0,0,0,0,1,0,0,0
2,0.0,0.25,4.0,P463371,107,18.0,0.3333333333333333,0,0,0,0,1,0,0,0,0,0,0,0,0,0,0,0,0,1,0,1,0,0,0,0,0,0,1,0,0,0
5,1.0,0.833333015,6.0,P463371,107,18.0,0.7210570543488701,0,0,0,0,0,1,0,0,0,0,0,0,0,0,0,1,0,0,0,0,1,0,0,0,0,0,1,0,0,0
5,1.0,1.0,16.0,P463371,107,18.0,1.0,0,0,0,0,0,1,0,0,0,0,0,0,0,0,0,1,0,0,0,1,0,0,0,0,0,0,1,0,0,0
5,1.0,0.833333015,6.0,P463371,107,18.0,0.7210570543488701,0,0,0,0,0,1,0,0,0,0,0,0,0,0,0,1,0,0,0,0,1,0,0,0,0,0,1,0,0,0
5,1.0,1.0,7.0,P463371,107,18.0,1.0,0,0,0,0,1,0,0,0,0,0,0,0,0,0,0,1,0,0,0,0,1,0,0,0,0,1,0,0,0,0
5,1.0,1.0,6.0,P463371,107,18.0,1.0,0,0,1,0,0,0,0,0,0,0,0,0,0,0,1,0,0,0,0,0,1,0,0,0,0,0,0,0,0,1
5,1.0,1.0,4.0,P463371,107,18.0,1.0,0,0,1,0,0,0,0,0,0,0,0,0,0,0,0,1,0,0,0,1,0,0,0,0,1,0,0,0,0,0
5,1.0,0.916666985,24.0,P463371,107,18.0,0.740532674963355,0,0,1,0,0,0,0,0,0,0,0,0,0,0,0,1,0,0,0,1,0,0,0,0,1,0,0,0,0,0
5,1.0,0.888889015,9.0,P463371,107,18.0,0.7601875334318686,0,0,0,0,0,1,0,0,0,0,0,0,0,0,0,0,0,1,0,0,0,1,0,1,0,0,0,0,0,0
5,1.0,1.0,10.0,P463371,107,18.0,1.0,0,1,0,0,0,0,0,0,0,0,0,0,0,0,0,1,0,0,0,1,0,0,0,0,1,0,0,0,0,0
1,0.0,1.0,7.0,P427414,101,6.5,1.0,0,0,1,0,0,0,0,0,0,0,0,0,0,0,0,1,0,0,0,1,0,0,0,0,0,0,1,0,0,0
5,1.0,0.75,4.0,P427414,101,6.5,0.6666666666666667,0,0,1,0,0,0,0,0,0,0,0,0,0,0,0,1,0,0,0,1,0,0,0,0,1,0,0,0,0,0
5,1.0,1.0,4.0,P427414,101,6.5,1.0,0,0,1,0,0,0,0,0,0,0,0,0,0,0,0,0,0,1,0,0,0,0,1,0,0,1,0,0,0,0
2,0.0,0.400000006,5.0,P427414,101,6.5,0.4421141086977403,0,0,1,0,0,0,0,0,0,0,0,0,0,0,0,1,0,0,0,1,0,0,0,0,0,0,1,0,0,0
5,1.0,0.800000012,5.0,P427414,101,6.5,0.6989700043360187,0,0,0,0,1,0,0,0,0,0,0,0,0,0,0,1,0,0,0,1,0,0,0,0,0,0,1,0,0,0
5,1.0,1.0,4.0,P427414,101,6.5,1.0,0,0,0,0,0,1,0,0,0,0,0,0,0,0,0,1,0,0,0,1,0,0,0,0,0,0,1,0,0,0
2,0.0,0.714286029,7.0,P427414,101,6.5,0.6199062332840658,0,1,0,0,0,0,0,0,0,0,0,0,0,0,0,1,0,0,0,0,0,0,1,0,1,0,0,0,0,0
5,1.0,0.5,4.0,P427414,101,6.5,0.5,0,0,0,0,0,0,0,0,0,0,0,1,0,0,0,1,0,0,0,1,0,0,0,0,1,0,0,0,0,0
1,0.0,1.0,4.0,P427414,101,6.5,1.0,0,0,0,0,1,0,0,0,0,0,0,0,0,0,1,0,0,0,0,0,1,0,0,0,0,1,0,0,0,0
5,1.0,1.0,7.0,P427414,101,6.5,1.0,0,0,0,0,1,0,0,0,0,0,0,0,0,0,0,1,0,0,0,1,0,0,0,1,0,0,0,0,0,0
1,0.0,0.363635987,11.0,P427414,101,6.5,0.4362945258726772,0,0,0,1,0,0,0,0,0,0,0,0,0,0,0,0,0,0,1,0,0,1,0,0,1,0,0,0,0,0
1,0.0,0.875,8.0,P427414,101,6.5,0.75,0,0,1,0,0,0,0,0,0,0,0,0,0,0,0,0,0,1,0,0,1,0,0,0,0,0,1,0,0,0
5,1.0,0.875,8.0,P427414,101,6.5,0.75,0,0,0,0,0,0,1,0,0,0,0,0,0,0,0,1,0,0,0,1,0,0,0,0,0,0,1,0,0,0
2,0.0,1.0,5.0,P427414,101,6.5,1.0,0,0,0,0,0,0,0,1,0,0,0,0,0,0,0,1,0,0,0,1,0,0,0,0,1,0,0,0,0,0
2,0.0,0.647059023,17.0,P427414,101,6.5,0.5608236049020798,0,0,0,0,1,0,0,0,0,0,0,0,0,0,0,1,0,0,0,0,1,0,0,0,0,0,1,0,0,0
5,1.0,1.0,5.0,P427414,101,6.5,1.0,0,0,1,0,0,0,0,0,0,0,0,0,0,0,0,1,0,0,0,1,0,0,0,0,0,0,1,0,0,0
5,1.0,0.857142985,7.0,P427414,101,6.5,0.7373504649628064,0,0,1,0,0,0,0,0,0,0,0,0,0,0,1,0,0,0,0,1,0,0,0,0,0,0,1,0,0,0
3,0.0,0.75,8.0,P427414,101,6.5,0.6391511932854698,0,0,0,0,0,1,0,0,0,0,0,0,0,0,0,0,0,1,0,0,1,0,0,0,0,1,0,0,0,0
5,1.0,0.800000012,5.0,P427414,101,6.5,0.6989700043360187,0,0,0,0,1,0,0,0,0,0,0,0,0,0,0,1,0,0,0,0,1,0,0,0,0,0,1,0,0,0
3,1.0,0.875,8.0,P427414,101,6.5,0.75,0,0,0,0,1,0,0,0,0,0,0,0,0,0,1,0,0,0,0,0,0,0,1,0,0,1,0,0,0,0
4,1.0,0.857142985,7.0,P427414,101,6.5,0.7373504649628064,0,0,0,0,0,0,0,1,0,0,0,0,0,0,0,1,0,0,0,1,0,0,0,0,1,0,0,0,0,0
4,1.0,0.400000006,5.0,P427414,101,6.5,0.4421141086977403,0,0,1,0,0,0,0,0,0,0,0,0,0,0,0,0,0,1,0,0,1,0,0,0,0,1,0,0,0,0
3,0.0,0.857142985,7.0,P427414,101,6.5,0.7373504649628064,0,0,0,0,1,0,0,0,0,0,0,0,0,0,0,1,0,0,0,1,0,0,0,0,0,0,1,0,0,0
2,0.0,0.5,8.0,P427414,101,6.5,0.5,0,0,1,0,0,0,0,0,0,0,0,0,0,0,0,1,0,0,0,1,0,0,0,0,0,1,0,0,0,0
4,1.0,1.0,5.0,P427414,101,6.5,1.0,0,0,1,0,0,0,0,0,0,0,0,0,0,0,0,1,0,0,0,1,0,0,0,0,1,0,0,0,0,0
3,0.0,0.600000024,5.0,P427414,101,6.5,0.5578858913022596,0,0,0,0,1,0,0,0,0,0,0,0,0,0,0,0,0,0,1,0,1,0,0,0,0,0,1,0,0,0
1,0.0,0.809524,21.0,P427414,101,6.5,0.6423320028298052,0,0,0,0,1,0,0,0,0,0,0,0,0,0,0,1,0,0,0,1,0,0,0,0,0,0,1,0,0,0
1,0.0,0.875,8.0,P427414,101,6.5,0.75,0,0,0,0,1,0,0,0,0,0,0,0,0,0,0,1,0,0,0,1,0,0,0,0,0,0,1,0,0,0
5,1.0,0.857142985,7.0,P427414,101,6.5,0.7373504649628064,0,0,0,0,0,0,0,1,0,0,0,0,0,0,0,1,0,0,0,0,0,1,0,0,1,0,0,0,0,0
5,1.0,0.908088028,113.72000000000116,P427414,101,6.5,0.6121076443744098,0,0,1,0,0,0,0,0,0,0,0,0,0,0,0,1,0,0,0,0,1,0,0,0,0,0,1,0,0,0
5,1.0,0.93333298,45.0,P427414,101,6.5,0.7306856049356902,0,0,0,1,0,0,0,0,0,0,0,0,0,0,0,0,0,0,1,1,0,0,0,0,0,0,1,0,0,0
5,1.0,0.714286029,7.0,P427414,101,6.5,0.6199062332840658,0,0,1,0,0,0,0,0,0,0,0,0,0,0,0,0,0,0,1,0,1,0,0,0,0,0,1,0,0,0
4,1.0,0.888889015,9.0,P456218,94,38.0,0.7601875334318686,0,0,0,0,1,0,0,0,0,0,0,0,0,0,0,1,0,0,0,1,0,0,0,0,1,0,0,0,0,0
1,0.0,0.75,8.0,P456218,94,38.0,0.6391511932854698,0,0,0,0,0,1,0,0,0,0,0,0,0,0,0,1,0,0,0,1,0,0,0,0,1,0,0,0,0,0
5,1.0,0.428570986,7.0,P456218,94,38.0,0.4627564263195183,0,0,0,0,0,1,0,0,0,0,0,0,0,0,0,1,0,0,0,1,0,0,0,0,0,1,0,0,0,0
2,0.0,0.555555999,9.0,P456218,94,38.0,0.5268025545616606,0,0,0,1,0,0,0,0,0,0,0,0,0,0,0,0,0,1,0,0,1,0,0,0,0,1,0,0,0,0
5,1.0,0.916666985,36.0,P456218,94,38.0,0.7178115716727809,0,0,0,0,0,0,1,0,0,0,0,0,0,0,0,1,0,0,0,1,0,0,0,0,0,0,1,0,0,0
5,1.0,0.952381015,42.0,P456218,94,38.0,0.7717019533049274,0,0,0,0,0,1,0,0,0,0,0,0,0,0,0,1,0,0,0,0,1,0,0,0,0,1,0,0,0,0
2,0.0,0.280000001,25.0,P456218,94,38.0,0.4139114242568716,0,0,0,1,0,0,0,0,0,0,0,0,0,0,0,0,0,1,0,0,1,0,0,0,0,0,1,0,0,0
4,1.0,0.714286029,7.0,P456218,94,38.0,0.6199062332840658,0,0,0,0,1,0,0,0,0,0,0,0,0,0,1,0,0,0,0,1,0,0,0,0,0,1,0,0,0,0
5,1.0,0.833333015,6.0,P456218,94,38.0,0.7210570543488701,0,0,0,0,1,0,0,0,0,0,0,0,0,0,0,0,0,1,0,1,0,0,0,0,0,0,1,0,0,0
1,0.0,0.899999976,10.0,P456218,94,38.0,0.7686217868402409,0,0,0,0,0,0,1,0,0,0,0,0,0,0,0,1,0,0,0,0,0,0,1,0,1,0,0,0,0,0
5,1.0,1.0,9.0,P456218,94,38.0,1.0,0,0,0,0,0,1,0,0,0,0,0,0,0,0,0,1,0,0,0,0,1,0,0,0,1,0,0,0,0,0
3,0.0,0.774194002,62.0,P456218,94,38.0,0.5896813124704192,0,0,1,0,0,0,0,0,0,0,0,0,0,0,0,0,0,1,0,1,0,0,0,0,0,0,1,0,0,0
4,1.0,1.0,4.0,P456218,94,38.0,1.0,0,0,0,0,1,0,0,0,0,0,0,0,0,0,0,1,0,0,0,1,0,0,0,0,0,0,1,0,0,0
5,1.0,1.0,4.0,P456218,94,38.0,1.0,0,0,0,0,1,0,0,0,0,0,0,0,0,0,1,0,0,0,0,0,1,0,0,0,0,1,0,0,0,0
5,1.0,1.0,4.0,P456218,94,38.0,1.0,0,0,0,0,1,0,0,0,0,0,0,0,0,0,0,0,0,1,0,0,1,0,0,1,0,0,0,0,0,0
5,1.0,0.5,4.0,P456218,94,38.0,0.5,0,0,0,0,0,1,0,0,0,0,0,0,0,0,1,0,0,0,0,1,0,0,0,0,0,0,1,0,0,0
1,0.0,0.545454979,11.0,P456218,94,38.0,0.5206212286759117,0,0,1,0,0,0,0,0,0,0,0,0,0,0,1,0,0,0,0,1,0,0,0,0,0,0,1,0,0,0
5,1.0,0.600000024,10.0,P456218,94,38.0,0.5473191697130572,0,0,0,0,1,0,0,0,0,0,0,0,0,0,0,0,0,1,0,1,0,0,0,0,0,0,1,0,0,0
5,1.0,1.0,5.0,P456218,94,38.0,1.0,0,0,0,0,0,1,0,0,0,0,0,0,0,0,0,0,0,0,1,0,1,0,0,0,0,0,1,0,0,0
2,0.0,0.857142985,7.0,P456218,94,38.0,0.7373504649628064,0,0,0,0,0,0,0,1,0,0,0,0,0,0,0,1,0,0,0,1,0,0,0,0,1,0,0,0,0,0
5,1.0,1.0,5.0,P456218,94,38.0,1.0,0,0,0,0,0,0,0,1,0,0,0,0,0,0,0,0,0,1,0,1,0,0,0,0,0,0,1,0,0,0
5,1.0,1.0,4.0,P456218,94,38.0,1.0,0,0,0,0,0,0,1,0,0,0,0,0,0,0,1,0,0,0,0,1,0,0,0,1,0,0,0,0,0,0
4,1.0,1.0,7.0,P456218,94,38.0,1.0,0,0,0,0,0,0,0,0,0,0,0,0,1,0,0,1,0,0,0,0,1,0,0,0,1,0,0,0,0,0
1,0.0,0.882353008,17.0,P456218,94,38.0,0.7162089270041655,0,0,1,0,0,0,0,0,0,0,0,0,0,0,1,0,0,0,0,1,0,0,0,0,0,1,0,0,0,0
5,1.0,0.945945978,37.0,P456218,94,38.0,0.7653606369886217,0,0,0,0,0,1,0,0,0,0,0,0,0,0,0,1,0,0,0,1,0,0,0,0,1,0,0,0,0,0
5,1.0,0.0,9.0,P456218,94,38.0,0.0,0,0,0,0,1,0,0,0,0,0,0,0,0,0,0,1,0,0,0,0,0,0,1,0,1,0,0,0,0,0
5,1.0,1.0,5.0,P399623,98,49.0,1.0,0,0,0,0,0,0,0,1,0,0,0,0,0,0,0,1,0,0,0,1,0,0,0,0,0,0,1,0,0,0
5,1.0,0.875,8.0,P399623,98,49.0,0.75,0,0,0,0,0,1,0,0,0,0,0,0,0,0,0,1,0,0,0,1,0,0,0,0,0,0,1,0,0,0
1,0.0,0.666666985,63.0,P399623,98,49.0,0.5489006084929049,0,0,0,0,0,1,0,0,0,0,0,0,0,0,0,1,0,0,0,1,0,0,0,0,1,0,0,0,0,0
3,1.0,0.25,4.0,P399623,98,49.0,0.3333333333333333,0,0,0,0,0,0,0,0,0,0,0,0,1,0,0,1,0,0,0,1,0,0,0,0,1,0,0,0,0,0
5,1.0,0.5,10.0,P399623,98,49.0,0.5,0,0,0,0,1,0,0,0,0,0,0,0,0,1,0,0,0,0,0,0,0,1,0,0,0,1,0,0,0,0
1,0.0,1.0,7.0,P399623,98,49.0,1.0,0,0,0,1,0,0,0,0,0,0,0,0,0,0,0,1,0,0,0,1,0,0,0,0,0,0,1,0,0,0
4,1.0,1.0,5.0,P399623,98,49.0,1.0,0,0,0,0,1,0,0,0,0,0,0,0,0,0,0,0,0,1,0,0,0,1,0,0,0,1,0,0,0,0
5,1.0,0.75,4.0,P399623,98,49.0,0.6666666666666667,0,0,0,0,0,0,0,0,0,0,0,0,1,0,0,1,0,0,0,0,1,0,0,0,0,0,1,0,0,0
5,1.0,0.916666985,12.0,P399623,98,49.0,0.7818957080144684,0,0,0,0,0,1,0,0,0,0,0,0,0,0,0,1,0,0,0,0,1,0,0,0,0,0,1,0,0,0
4,1.0,0.964286029,28.0,P399623,98,49.0,0.8278045662059019,0,0,1,0,0,0,0,0,0,0,0,0,0,0,0,1,0,0,0,1,0,0,0,0,0,0,1,0,0,0
3,1.0,1.0,7.0,P399623,98,49.0,1.0,0,0,0,0,0,1,0,0,0,0,0,0,0,0,0,1,0,0,0,0,0,0,1,0,0,0,1,0,0,0
5,1.0,0.833333015,6.0,P399623,98,49.0,0.7210570543488701,0,0,1,0,0,0,0,0,0,0,0,0,0,0,0,1,0,0,0,0,1,0,0,0,0,1,0,0,0,0
5,1.0,1.0,4.0,P399623,98,49.0,1.0,0,1,0,0,0,0,0,0,0,0,0,0,0,0,0,1,0,0,0,0,1,0,0,0,1,0,0,0,0,0
2,1.0,1.0,5.0,P399623,98,49.0,1.0,0,0,0,0,0,1,0,0,0,0,0,0,0,0,0,1,0,0,0,1,0,0,0,0,0,0,1,0,0,0
5,1.0,0.857142985,7.0,P399623,98,49.0,0.7373504649628064,0,0,0,0,0,1,0,0,0,0,0,0,0,0,0,1,0,0,0,1,0,0,0,0,0,0,1,0,0,0
5,1.0,1.0,4.0,P399623,98,49.0,1.0,0,0,0,0,0,1,0,0,0,0,0,0,0,0,0,1,0,0,0,1,0,0,0,0,0,0,1,0,0,0
1,1.0,0.176470995,17.0,P399623,98,49.0,0.3385876151975628,0,0,0,0,0,1,0,0,0,0,0,0,0,0,0,1,0,0,0,1,0,0,0,0,0,0,1,0,0,0
4,1.0,0.888889015,9.0,P399623,98,49.0,0.7601875334318686,0,0,0,0,0,1,0,0,0,0,0,0,0,0,0,1,0,0,0,1,0,0,0,0,0,0,1,0,0,0
3,1.0,0.800000012,5.0,P399623,98,49.0,0.6989700043360187,0,0,0,0,0,1,0,0,0,0,0,0,0,0,0,1,0,0,0,1,0,0,0,0,0,0,1,0,0,0
4,1.0,0.800000012,5.0,P399623,98,49.0,0.6989700043360187,0,0,0,0,0,1,0,0,0,0,0,0,0,0,0,1,0,0,0,1,0,0,0,0,0,0,1,0,0,0
5,1.0,0.75,4.0,P399623,98,49.0,0.6666666666666667,0,0,0,0,0,1,0,0,0,0,0,0,0,0,0,1,0,0,0,1,0,0,0,0,0,0,1,0,0,0
3,1.0,1.0,23.0,P399623,98,49.0,1.0,0,0,0,0,0,1,0,0,0,0,0,0,0,0,0,1,0,0,0,1,0,0,0,0,0,0,1,0,0,0
2,0.0,0.0,4.0,P432668,22,38.0,0.0,0,0,0,0,0,1,0,0,0,0,0,0,0,0,0,1,0,0,0,0,1,0,0,0,0,0,1,0,0,0
5,1.0,0.833333015,6.0,P432668,22,38.0,0.7210570543488701,0,0,0,0,1,0,0,0,0,0,0,0,0,0,1,0,0,0,0,1,0,0,0,0,0,1,0,0,0,0
5,1.0,1.0,6.0,P432668,22,38.0,1.0,0,0,0,0,1,0,0,0,0,0,0,0,0,0,1,0,0,0,0,0,0,1,0,0,0,1,0,0,0,0
5,1.0,0.941175997,17.0,P432668,22,38.0,0.8034383677671774,0,0,0,0,0,0,1,0,0,0,0,0,0,0,0,1,0,0,0,1,0,0,0,0,0,0,1,0,0,0
5,1.0,0.714286029,7.0,P432668,22,38.0,0.6199062332840658,0,0,1,0,0,0,0,0,0,0,0,0,0,0,1,0,0,0,0,1,0,0,0,0,0,0,0,0,0,1
5,1.0,0.800000012,10.0,P432668,22,38.0,0.6666666666666666,0,0,0,0,1,0,0,0,0,0,0,0,0,0,1,0,0,0,0,0,1,0,0,0,0,1,0,0,0,0
3,0.0,0.771429002,35.0,P432668,22,38.0,0.6026308426128847,0,0,0,0,0,0,1,0,0,0,0,0,0,0,0,0,0,0,1,1,0,0,0,0,1,0,0,0,0,0
5,1.0,0.666666985,15.0,P432668,22,38.0,0.5723372020956964,0,0,0,0,0,1,0,0,0,0,0,0,0,0,1,0,0,0,0,0,0,1,0,0,0,0,1,0,0,0
1,0.0,0.666666985,12.0,P432668,22,38.0,0.5772049881597967,0,0,0,0,0,0,0,1,0,0,0,0,0,0,0,1,0,0,0,1,0,0,0,0,0,0,1,0,0,0
5,1.0,0.833333015,6.0,P432668,22,38.0,0.7210570543488701,0,0,0,0,0,1,0,0,0,0,0,0,0,0,0,0,0,1,0,0,0,1,0,0,0,0,1,0,0,0
5,1.0,1.0,4.0,P432668,22,38.0,1.0,0,0,0,0,1,0,0,0,0,0,0,0,0,0,0,0,0,1,0,1,0,0,0,0,0,0,1,0,0,0
5,1.0,1.0,6.0,P432668,22,38.0,1.0,0,0,0,0,1,0,0,0,0,0,0,0,0,0,0,0,0,0,1,0,1,0,0,0,0,1,0,0,0,0
5,1.0,0.75,4.0,P432668,22,38.0,0.6666666666666667,0,0,0,0,0,1,0,0,0,0,0,0,0,0,0,1,0,0,0,1,0,0,0,0,0,0,1,0,0,0
5,1.0,0.714286029,7.0,P432668,22,38.0,0.6199062332840658,0,0,1,0,0,0,0,0,0,0,0,0,0,0,0,0,0,0,1,1,0,0,0,0,0,0,1,0,0,0
5,1.0,0.714286029,7.0,P432668,22,38.0,0.6199062332840658,0,0,1,0,0,0,0,0,0,0,0,0,0,0,0,0,0,1,0,0,0,0,1,0,0,1,0,0,0,0
1,0.0,0.642857015,14.0,P432668,22,38.0,0.5623818557528476,0,0,1,0,0,0,0,0,0,0,0,0,0,0,1,0,0,0,0,0,1,0,0,0,0,1,0,0,0,0
5,1.0,0.833333015,6.0,P432668,22,38.0,0.7210570543488701,0,0,0,0,0,0,1,0,0,0,0,0,0,0,1,0,0,0,0,1,0,0,0,0,0,1,0,0,0,0
5,1.0,0.928570986,14.0,P432668,22,38.0,0.7919854023234905,0,0,1,0,0,0,0,0,0,0,0,0,0,0,0,1,0,0,0,0,1,0,0,0,0,1,0,0,0,0
5,1.0,0.857142985,7.0,P432668,22,38.0,0.7373504649628064,0,0,0,0,0,0,1,0,0,0,0,0,0,0,0,0,0,1,0,0,1,0,0,0,0,1,0,0,0,0
5,1.0,0.958333015,24.0,P432668,22,38.0,0.8209477682489587,0,0,0,0,1,0,0,0,0,0,0,0,0,0,1,0,0,0,0,0,1,0,0,0,0,0,0,0,0,1
5,1.0,0.921052992,76.0,P432668,22,38.0,0.6865777671136202,0,0,0,0,1,0,0,0,0,0,0,0,0,0,1,0,0,0,0,0,0,0,1,0,0,1,0,0,0,0
2,0.0,0.666666985,15.0,P432668,22,38.0,0.5723372020956964,0,0,0,0,1,0,0,0,0,0,0,0,0,0,0,1,0,0,0,1,0,0,0,0,1,0,0,0,0,0
5,1.0,0.951219022,41.0,P432668,22,38.0,0.7705244525331132,0,0,0,0,0,1,0,0,0,0,0,0,0,0,0,1,0,0,0,0,0,0,1,0,0,0,1,0,0,0
1,0.0,0.777778029,9.0,P283501,44,36.0,0.6543128759565946,0,0,0,0,1,0,0,0,0,0,0,0,0,0,0,1,0,0,0,0,1,0,0,0,0,1,0,0,0,0
5,1.0,1.0,5.0,P283501,44,36.0,1.0,0,0,0,0,0,1,0,0,0,0,0,0,0,0,0,1,0,0,0,1,0,0,0,0,1,0,0,0,0,0
1,1.0,0.0,4.0,P283501,44,36.0,0.0,0,0,0,0,0,1,0,0,0,0,0,0,0,0,0,1,0,0,0,1,0,0,0,0,0,0,1,0,0,0
4,1.0,1.0,7.0,P283501,44,36.0,1.0,0,0,0,0,0,1,0,0,0,0,0,0,0,0,0,1,0,0,0,1,0,0,0,0,0,0,1,0,0,0
5,1.0,0.800000012,5.0,P283501,44,36.0,0.6989700043360187,0,0,0,0,0,1,0,0,0,0,0,0,0,0,0,1,0,0,0,1,0,0,0,0,0,0,1,0,0,0
2,1.0,0.166666999,6.0,P283501,44,36.0,0.2789429456511298,0,0,0,0,0,1,0,0,0,0,0,0,0,0,0,1,0,0,0,1,0,0,0,0,0,0,1,0,0,0
1,1.0,0.75,4.0,P283501,44,36.0,0.6666666666666667,0,0,0,0,0,1,0,0,0,0,0,0,0,0,0,1,0,0,0,1,0,0,0,0,0,0,1,0,0,0
1,1.0,1.0,6.0,P283501,44,36.0,1.0,0,0,0,0,0,1,0,0,0,0,0,0,0,0,0,1,0,0,0,1,0,0,0,0,0,0,1,0,0,0
5,1.0,1.0,9.0,P283501,44,36.0,1.0,0,0,0,0,0,1,0,0,0,0,0,0,0,0,0,1,0,0,0,1,0,0,0,0,0,0,1,0,0,0
5,1.0,1.0,4.0,P283501,44,36.0,1.0,0,1,0,0,0,0,0,0,0,0,0,0,0,0,0,1,0,0,0,1,0,0,0,0,0,0,1,0,0,0
2,0.0,1.0,5.0,P479734,7,57.0,1.0,0,0,0,0,0,1,0,0,0,0,0,0,0,0,0,1,0,0,0,1,0,0,0,1,0,0,0,0,0,0
4,1.0,0.875,8.0,P446938,22,62.0,0.75,0,0,1,0,0,0,0,0,0,0,0,0,0,0,1,0,0,0,0,1,0,0,0,0,0,0,1,0,0,0
5,1.0,0.600000024,5.0,P446938,22,62.0,0.5578858913022596,0,0,0,0,0,1,0,0,0,0,0,0,0,0,0,1,0,0,0,0,0,0,1,0,0,0,1,0,0,0
5,1.0,1.0,6.0,P446938,22,62.0,1.0,0,0,0,0,0,1,0,0,0,0,0,0,0,0,0,1,0,0,0,0,1,0,0,0,0,0,1,0,0,0
5,1.0,0.75,4.0,P446938,22,62.0,0.6666666666666667,0,0,0,0,0,1,0,0,0,0,0,0,0,0,0,1,0,0,0,0,1,0,0,0,0,0,1,0,0,0
4,1.0,1.0,11.0,P446938,22,62.0,1.0,0,0,1,0,0,0,0,0,0,0,0,0,0,0,0,0,0,1,0,1,0,0,0,0,0,1,0,0,0,0
1,0.0,0.555555999,9.0,P446938,22,62.0,0.5268025545616606,0,0,0,0,0,0,0,1,0,0,0,0,0,0,0,1,0,0,0,1,0,0,0,0,1,0,0,0,0,0
4,1.0,0.733332992,15.0,P446938,22,62.0,0.6069119518459337,0,0,0,0,0,1,0,0,0,0,0,0,0,0,0,0,0,1,0,1,0,0,0,0,0,0,1,0,0,0
2,0.0,0.941175997,17.0,P446938,22,62.0,0.8034383677671774,0,0,0,0,1,0,0,0,0,0,0,0,0,0,0,0,0,0,1,1,0,0,0,0,0,0,1,0,0,0
2,0.0,0.666666985,9.0,P446938,22,62.0,0.583970804646981,0,0,0,0,1,0,0,0,0,0,0,0,0,0,0,1,0,0,0,1,0,0,0,0,1,0,0,0,0,0
1,0.0,0.642857015,14.0,P446938,22,62.0,0.5623818557528476,0,0,1,0,0,0,0,0,0,0,0,0,0,0,0,1,0,0,0,1,0,0,0,0,0,0,1,0,0,0
2,0.0,0.857142985,7.0,P446938,22,62.0,0.7373504649628064,0,0,1,0,0,0,0,0,0,0,0,0,0,0,0,1,0,0,0,0,0,0,1,0,0,0,1,0,0,0
2,0.0,0.857142985,7.0,P446938,22,62.0,0.7373504649628064,0,0,1,0,0,0,0,0,0,0,0,0,0,0,1,0,0,0,0,1,0,0,0,0,0,0,0,0,0,1
5,1.0,1.0,10.0,P446938,22,62.0,1.0,0,0,0,0,1,0,0,0,0,0,0,0,0,0,0,1,0,0,0,0,1,0,0,0,0,0,1,0,0,0
5,1.0,1.0,4.0,P446938,22,62.0,1.0,0,0,1,0,0,0,0,0,0,0,0,0,0,0,0,1,0,0,0,1,0,0,0,0,0,1,0,0,0,0
3,0.0,1.0,5.0,P446938,22,62.0,1.0,0,0,0,0,1,0,0,0,0,0,0,0,0,0,0,0,0,1,0,0,1,0,0,0,0,0,1,0,0,0
1,0.0,0.916666985,12.0,P446938,22,62.0,0.7818957080144684,0,0,0,0,1,0,0,0,0,0,0,0,0,0,0,1,0,0,0,0,1,0,0,0,0,0,1,0,0,0
5,1.0,1.0,5.0,P446938,22,62.0,1.0,0,0,1,0,0,0,0,0,0,0,0,0,0,0,0,0,0,0,1,1,0,0,0,0,0,1,0,0,0,0
2,1.0,0.909090996,11.0,P446938,22,62.0,0.7757561757824245,0,0,0,1,0,0,0,0,0,0,0,0,0,0,0,0,0,1,0,0,0,0,1,0,0,1,0,0,0,0
5,1.0,0.846153975,13.0,P446938,22,62.0,0.6934264036172708,0,0,0,0,1,0,0,0,0,0,0,0,0,0,0,1,0,0,0,1,0,0,0,0,0,0,1,0,0,0
5,1.0,0.666666985,6.0,P164932,77,8.0,0.5943161289177871,0,0,0,0,0,0,1,0,0,0,0,0,0,0,0,1,0,0,0,1,0,0,0,0,0,0,1,0,0,0
1,0.0,0.357143015,14.0,P164932,77,8.0,0.4376181442471522,0,0,0,0,0,0,1,0,0,0,0,0,0,0,0,1,0,0,0,1,0,0,0,0,0,0,1,0,0,0
5,1.0,1.0,6.0,P164932,77,8.0,1.0,0,0,0,0,1,0,0,0,0,0,0,0,0,0,0,1,0,0,0,1,0,0,0,0,0,0,1,0,0,0
3,1.0,1.0,6.0,P164932,77,8.0,1.0,0,0,0,0,1,0,0,0,0,0,0,0,0,0,0,1,0,0,0,1,0,0,0,0,0,0,1,0,0,0
1,1.0,0.0,14.0,P164932,77,8.0,0.0,0,0,0,0,0,1,0,0,0,0,0,0,0,0,0,1,0,0,0,1,0,0,0,0,0,0,1,0,0,0
5,1.0,1.0,4.0,P164932,77,8.0,1.0,0,0,0,0,0,0,0,1,0,0,0,0,0,0,0,1,0,0,0,1,0,0,0,0,0,0,1,0,0,0
5,1.0,0.75,4.0,P443845,99,9.99,0.6666666666666667,0,0,1,0,0,0,0,0,0,0,0,0,0,0,0,1,0,0,0,1,0,0,0,0,0,0,1,0,0,0
5,1.0,0.75,4.0,P443845,99,9.99,0.6666666666666667,0,0,1,0,0,0,0,0,0,0,0,0,0,0,0,0,0,1,0,1,0,0,0,0,0,1,0,0,0,0
5,1.0,1.0,6.0,P443845,99,9.99,1.0,0,0,0,0,0,0,1,0,0,0,0,0,0,0,0,0,0,0,1,0,1,0,0,0,1,0,0,0,0,0
5,1.0,0.75,4.0,P443845,99,9.99,0.6666666666666667,0,0,0,0,1,0,0,0,0,0,0,0,0,0,1,0,0,0,0,0,0,0,1,1,0,0,0,0,0,0
5,1.0,1.0,5.0,P443845,99,9.99,1.0,0,0,0,0,1,0,0,0,0,0,0,0,0,0,0,0,0,1,0,1,0,0,0,0,1,0,0,0,0,0
1,0.0,0.25,16.0,P443845,99,9.99,0.3855506948387032,0,0,0,0,0,0,1,0,0,0,0,0,0,0,0,0,0,1,0,1,0,0,0,0,1,0,0,0,0,0
2,1.0,0.238095,21.0,P443845,99,9.99,0.3874097300813529,0,0,0,0,1,0,0,0,0,0,0,0,0,0,0,1,0,0,0,0,0,1,0,0,1,0,0,0,0,0
1,0.0,0.75,12.0,P443845,99,9.99,0.6241963505817848,0,0,0,0,1,0,0,0,0,0,0,0,0,0,0,1,0,0,0,0,1,0,0,0,0,0,1,0,0,0
5,1.0,1.0,4.0,P443845,99,9.99,1.0,0,0,0,0,1,0,0,0,0,0,0,0,0,0,0,0,0,0,1,1,0,0,0,0,0,0,1,0,0,0
4,1.0,0.133332998,15.0,P443845,99,9.99,0.2939297479087194,0,0,0,0,0,1,0,0,0,0,0,0,0,0,0,1,0,0,0,0,1,0,0,0,0,0,1,0,0,0
5,1.0,1.0,5.0,P443845,99,9.99,1.0,0,0,0,0,0,0,1,0,0,0,0,0,0,0,0,1,0,0,0,1,0,0,0,0,0,0,1,0,0,0
5,1.0,0.944444001,18.0,P443845,99,9.99,0.8065735963827292,0,0,0,0,0,0,0,0,0,0,0,0,1,0,0,1,0,0,0,0,0,0,1,0,1,0,0,0,0,0
5,1.0,0.928570986,14.0,P443845,99,9.99,0.7919854023234905,0,0,1,0,0,0,0,0,0,0,0,0,0,0,0,1,0,0,0,1,0,0,0,0,0,0,0,0,0,1
3,1.0,0.545454979,11.0,P443845,99,9.99,0.5206212286759117,0,0,1,0,0,0,0,0,0,0,0,0,0,0,0,0,0,1,0,0,0,0,1,0,0,0,1,0,0,0
1,0.0,0.491228014,57.0,P443845,99,9.99,0.4974956352458671,0,0,0,0,1,0,0,0,0,0,0,0,0,0,1,0,0,0,0,1,0,0,0,0,0,1,0,0,0,0
5,1.0,1.0,7.0,P443845,99,9.99,1.0,0,0,0,0,0,0,1,0,0,0,0,0,0,0,0,0,0,1,0,1,0,0,0,0,0,1,0,0,0,0
4,1.0,1.0,9.0,P443845,99,9.99,1.0,0,1,0,0,0,0,0,0,0,0,0,0,0,0,0,1,0,0,0,0,1,0,0,0,1,0,0,0,0,0
5,1.0,1.0,4.0,P475908,110,22.0,1.0,0,0,0,0,0,1,0,0,0,0,0,0,0,0,0,1,0,0,0,1,0,0,0,0,1,0,0,0,0,0
5,1.0,1.0,5.0,P472454,9,38.0,1.0,0,0,1,0,0,0,0,0,0,0,0,0,0,0,0,0,0,1,0,1,0,0,0,0,0,1,0,0,0,0
5,1.0,0.800000012,5.0,P472454,9,38.0,0.6989700043360187,0,0,1,0,0,0,0,0,0,0,0,0,0,0,1,0,0,0,0,1,0,0,0,0,0,1,0,0,0,0
5,1.0,1.0,6.0,P472454,9,38.0,1.0,0,0,0,0,0,0,0,0,0,0,0,0,1,0,0,1,0,0,0,0,0,1,0,0,1,0,0,0,0,0
5,1.0,0.800000012,5.0,P472454,9,38.0,0.6989700043360187,0,0,0,0,1,0,0,0,0,0,0,0,0,0,0,1,0,0,0,1,0,0,0,0,0,0,0,1,0,0
5,1.0,1.0,14.0,P472454,9,38.0,1.0,0,0,0,0,1,0,0,0,0,0,0,0,0,0,0,1,0,0,0,1,0,0,0,0,0,0,0,1,0,0
5,1.0,0.75,4.0,P472454,9,38.0,0.6666666666666667,0,0,0,0,1,0,0,0,0,0,0,0,0,0,0,1,0,0,0,1,0,0,0,0,0,0,0,1,0,0
5,1.0,1.0,12.0,P472454,9,38.0,1.0,0,0,0,0,1,0,0,0,0,0,0,0,0,0,0,1,0,0,0,1,0,0,0,0,0,0,0,1,0,0
1,1.0,1.0,8.0,P472454,9,38.0,1.0,0,0,0,0,1,0,0,0,0,0,0,0,0,0,0,1,0,0,0,0,0,1,0,0,0,0,0,1,0,0
4,1.0,1.0,23.0,P472454,9,38.0,1.0,0,0,0,0,1,0,0,0,0,0,0,0,0,0,0,1,0,0,0,0,1,0,0,0,0,0,0,1,0,0
5,1.0,0.5,6.0,P472454,9,38.0,0.5,0,0,0,0,1,0,0,0,0,0,0,0,0,0,0,1,0,0,0,1,0,0,0,0,0,0,0,1,0,0
5,1.0,1.0,4.0,P434548,27,60.0,1.0,0,0,0,0,1,0,0,0,0,0,0,0,0,0,1,0,0,0,0,1,0,0,0,0,0,0,1,0,0,0
5,1.0,1.0,4.0,P434548,27,60.0,1.0,0,0,0,0,0,0,0,1,0,0,0,0,0,0,0,1,0,0,0,0,0,1,0,0,0,0,1,0,0,0
5,1.0,0.916666985,12.0,P434548,27,60.0,0.7818957080144684,0,0,0,1,0,0,0,0,0,0,0,0,0,0,1,0,0,0,0,1,0,0,0,0,0,0,1,0,0,0
5,1.0,0.75,4.0,P434548,27,60.0,0.6666666666666667,0,0,0,0,0,0,0,1,0,0,0,0,0,0,0,1,0,0,0,1,0,0,0,0,0,0,1,0,0,0
5,1.0,0.800000012,5.0,P434548,27,60.0,0.6989700043360187,0,0,0,0,1,0,0,0,0,0,0,0,0,0,0,0,0,0,1,1,0,0,0,0,0,0,1,0,0,0
4,1.0,0.5,6.0,P434548,27,60.0,0.5,0,0,0,0,1,0,0,0,0,0,0,0,0,0,0,1,0,0,0,1,0,0,0,0,0,0,1,0,0,0
4,1.0,0.857142985,7.0,P434548,27,60.0,0.7373504649628064,0,0,1,0,0,0,0,0,0,0,0,0,0,0,1,0,0,0,0,1,0,0,0,0,0,1,0,0,0,0
5,1.0,1.0,9.0,P434548,27,60.0,1.0,0,0,0,1,0,0,0,0,0,0,0,0,0,0,0,1,0,0,0,1,0,0,0,0,0,1,0,0,0,0
5,1.0,1.0,4.0,P434548,27,60.0,1.0,0,0,0,0,1,0,0,0,0,0,0,0,0,0,0,1,0,0,0,0,0,1,0,0,1,0,0,0,0,0
5,1.0,1.0,4.0,P434548,27,60.0,1.0,0,0,0,0,0,0,1,0,0,0,0,0,0,0,0,1,0,0,0,0,0,0,1,0,1,0,0,0,0,0
5,1.0,0.923076987,13.0,P434548,27,60.0,0.7872539464466368,0,0,1,0,0,0,0,0,0,0,0,0,0,0,0,1,0,0,0,0,1,0,0,0,0,0,1,0,0,0
1,0.0,0.875,8.0,P434548,27,60.0,0.75,0,0,1,0,0,0,0,0,0,0,0,0,0,0,0,1,0,0,0,0,1,0,0,1,0,0,0,0,0,0
4,1.0,0.714286029,7.0,P434548,27,60.0,0.6199062332840658,0,0,0,0,0,0,0,0,0,0,0,0,1,0,0,1,0,0,0,1,0,0,0,0,1,0,0,0,0,0
1,0.0,0.333332986,12.0,P434548,27,60.0,0.4227950118402033,0,0,0,0,0,1,0,0,0,0,0,0,0,0,0,1,0,0,0,0,1,0,0,0,1,0,0,0,0,0
5,1.0,0.75,4.0,P434548,27,60.0,0.6666666666666667,0,0,0,0,1,0,0,0,0,0,0,0,0,1,0,0,0,0,0,1,0,0,0,0,0,1,0,0,0,0
5,1.0,1.0,4.0,P434548,27,60.0,1.0,0,0,1,0,0,0,0,0,0,0,0,0,0,0,1,0,0,0,0,1,0,0,0,0,1,0,0,0,0,0
5,1.0,0.363635987,11.0,P434548,27,60.0,0.4362945258726772,0,0,0,0,0,0,1,0,0,0,0,0,0,0,0,0,0,0,1,0,0,1,0,0,1,0,0,0,0,0
5,1.0,0.857142985,7.0,P434548,27,60.0,0.7373504649628064,0,0,0,1,0,0,0,0,0,0,0,0,0,0,0,0,0,0,1,0,1,0,0,0,0,0,1,0,0,0
1,0.0,0.0,90.0,P434548,27,60.0,0.0,0,0,0,0,0,1,0,0,0,0,0,0,0,0,0,0,0,0,1,1,0,0,0,0,0,1,0,0,0,0
5,1.0,1.0,23.0,P434548,27,60.0,1.0,0,0,0,0,0,0,0,1,0,0,0,0,0,0,0,1,0,0,0,0,0,1,0,0,1,0,0,0,0,0
1,0.0,0.857142985,7.0,P434548,27,60.0,0.7373504649628064,0,0,1,0,0,0,0,0,0,0,0,0,0,0,0,0,0,1,0,1,0,0,0,0,0,0,1,0,0,0
1,0.0,0.93333298,15.0,P434548,27,60.0,0.7962049529094938,0,0,0,0,0,1,0,0,0,0,0,0,0,0,0,1,0,0,0,1,0,0,0,0,0,0,1,0,0,0
5,1.0,0.9375,16.0,P434548,27,60.0,0.7999999999999999,0,0,1,0,0,0,0,0,0,0,0,0,0,0,0,0,0,1,0,1,0,0,0,0,0,1,0,0,0,0
2,0.0,0.875,16.0,P434548,27,60.0,0.7113975059201018,0,0,0,1,0,0,0,0,0,0,0,0,0,0,0,1,0,0,0,1,0,0,0,0,1,0,0,0,0,0
5,1.0,0.945945978,74.0,P434548,27,60.0,0.7259186599903203,0,0,0,1,0,0,0,0,0,0,0,0,0,0,1,0,0,0,0,1,0,0,0,0,0,0,1,0,0,0
4,1.0,0.0,5.0,P434548,27,60.0,0.0,0,0,0,0,1,0,0,0,0,0,0,0,0,0,0,1,0,0,0,0,0,1,0,0,0,1,0,0,0,0
4,1.0,0.909090996,11.0,P434548,27,60.0,0.7757561757824245,0,0,0,0,0,0,0,1,0,0,0,0,0,0,0,0,0,1,0,0,0,1,0,0,1,0,0,0,0,0
5,1.0,1.0,4.0,P400207,37,50.0,1.0,0,0,0,0,1,0,0,0,0,0,0,0,0,0,0,1,0,0,0,0,0,0,1,0,0,0,1,0,0,0
5,1.0,1.0,10.0,P400207,37,50.0,1.0,0,0,0,0,0,1,0,0,0,0,0,0,0,0,0,1,0,0,0,0,0,1,0,0,1,0,0,0,0,0
4,1.0,1.0,4.0,P400207,37,50.0,1.0,0,0,0,0,0,1,0,0,0,0,0,0,0,0,1,0,0,0,0,0,1,0,0,0,0,1,0,0,0,0
4,1.0,0.400000006,5.0,P400207,37,50.0,0.4421141086977403,0,0,0,0,1,0,0,0,0,0,0,0,0,0,0,1,0,0,0,1,0,0,0,0,0,1,0,0,0,0
5,1.0,1.0,8.0,P400207,37,50.0,1.0,0,0,1,0,0,0,0,0,0,0,0,0,0,0,0,1,0,0,0,1,0,0,0,0,0,0,1,0,0,0
1,0.0,0.321429014,28.0,P400207,37,50.0,0.4345879896760936,0,0,0,0,1,0,0,0,0,0,0,0,0,0,0,0,0,1,0,0,0,1,0,0,0,0,1,0,0,0
2,0.0,1.0,4.0,P400207,37,50.0,1.0,0,0,0,0,1,0,0,0,0,0,0,0,0,0,0,0,0,0,1,1,0,0,0,0,0,0,1,0,0,0
5,1.0,0.947368026,38.0,P400207,37,50.0,0.7667257153671132,0,0,0,0,0,1,0,0,0,0,0,0,0,0,0,0,0,0,1,0,0,0,1,0,0,0,1,0,0,0
3,1.0,0.400000006,5.0,P400207,37,50.0,0.4421141086977403,0,0,0,0,0,0,0,0,0,0,0,0,1,0,0,1,0,0,0,0,0,0,1,0,0,0,1,0,0,0
1,0.0,0.285714,35.0,P400207,37,50.0,0.4239566380225697,0,0,0,0,0,0,0,1,0,0,0,0,0,0,0,1,0,0,0,1,0,0,0,0,0,0,1,0,0,0
1,0.0,0.75,4.0,P400207,37,50.0,0.6666666666666667,0,0,0,0,1,0,0,0,0,0,0,0,0,0,1,0,0,0,0,1,0,0,0,0,0,1,0,0,0,0
1,0.0,1.0,7.0,P400207,37,50.0,1.0,0,0,1,0,0,0,0,0,0,0,0,0,0,0,1,0,0,0,0,1,0,0,0,0,0,1,0,0,0,0
1,0.0,0.75,4.0,P400207,37,50.0,0.6666666666666667,0,0,0,1,0,0,0,0,0,0,0,0,0,0,0,1,0,0,0,1,0,0,0,0,0,0,1,0,0,0
4,1.0,0.875,8.0,P400207,37,50.0,0.75,0,0,0,1,0,0,0,0,0,0,0,0,0,0,1,0,0,0,0,1,0,0,0,0,0,0,0,0,0,1
5,1.0,0.800000012,5.0,P400207,37,50.0,0.6989700043360187,0,0,0,0,1,0,0,0,0,0,0,0,0,0,0,1,0,0,0,1,0,0,0,0,0,0,1,0,0,0
1,1.0,0.909090996,11.0,P400207,37,50.0,0.7757561757824245,0,0,0,0,1,0,0,0,0,0,0,0,0,0,0,1,0,0,0,1,0,0,0,0,0,0,1,0,0,0
1,1.0,0.75,4.0,P400207,37,50.0,0.6666666666666667,0,0,0,0,1,0,0,0,0,0,0,0,0,0,0,1,0,0,0,1,0,0,0,0,0,0,1,0,0,0
5,1.0,1.0,4.0,P400207,37,50.0,1.0,0,0,0,0,1,0,0,0,0,0,0,0,0,0,0,1,0,0,0,1,0,0,0,0,0,0,1,0,0,0
5,1.0,1.0,4.0,P400207,37,50.0,1.0,0,0,0,0,1,0,0,0,0,0,0,0,0,0,0,1,0,0,0,1,0,0,0,0,0,0,1,0,0,0
5,1.0,0.833333015,6.0,P400207,37,50.0,0.7210570543488701,0,0,0,0,1,0,0,0,0,0,0,0,0,0,0,1,0,0,0,1,0,0,0,0,0,0,1,0,0,0
3,1.0,0.571429014,7.0,P400207,37,50.0,0.5372435736804816,0,0,0,0,1,0,0,0,0,0,0,0,0,0,0,1,0,0,0,1,0,0,0,0,0,0,1,0,0,0
2,0.0,0.400000006,5.0,P428819,34,39.0,0.4421141086977403,0,0,1,0,0,0,0,0,0,0,0,0,0,0,0,1,0,0,0,1,0,0,0,0,0,0,1,0,0,0
5,1.0,0.75,12.0,P428819,34,39.0,0.6241963505817848,0,0,0,0,1,0,0,0,0,0,0,0,0,0,0,0,0,1,0,0,1,0,0,0,0,0,1,0,0,0
5,1.0,1.0,6.0,P428819,34,39.0,1.0,0,0,1,0,0,0,0,0,0,0,0,0,0,0,1,0,0,0,0,1,0,0,0,0,0,0,1,0,0,0
1,0.0,0.75,4.0,P428819,34,39.0,0.6666666666666667,0,0,0,0,1,0,0,0,0,0,0,0,0,0,1,0,0,0,0,0,0,1,0,0,0,0,1,0,0,0
1,0.0,0.666666985,9.0,P428819,34,39.0,0.583970804646981,0,0,0,0,1,0,0,0,0,0,0,0,0,0,0,1,0,0,0,1,0,0,0,0,0,0,1,0,0,0
1,0.0,0.5,6.0,P428819,34,39.0,0.5,0,0,0,0,0,0,1,0,0,0,0,0,0,0,0,1,0,0,0,0,1,0,0,0,0,0,1,0,0,0
5,1.0,1.0,5.0,P428819,34,39.0,1.0,0,0,0,0,0,0,1,0,0,0,0,0,0,0,0,1,0,0,0,0,0,0,1,0,0,0,1,0,0,0
4,1.0,1.0,14.0,P428819,34,39.0,1.0,0,1,0,0,0,0,0,0,0,0,0,0,0,0,0,1,0,0,0,1,0,0,0,0,1,0,0,0,0,0
5,1.0,1.0,4.0,P428819,34,39.0,1.0,0,0,0,0,0,0,1,0,0,0,0,0,0,0,0,1,0,0,0,0,0,0,1,0,0,0,1,0,0,0
3,1.0,1.0,4.0,P428819,34,39.0,1.0,0,0,0,0,0,0,1,0,0,0,0,0,0,0,0,1,0,0,0,1,0,0,0,0,1,0,0,0,0,0
4,1.0,0.5,4.0,P428819,34,39.0,0.5,0,0,0,1,0,0,0,0,0,0,0,0,0,0,1,0,0,0,0,0,0,1,0,0,0,0,1,0,0,0
1,0.0,0.78947401,19.0,P428819,34,39.0,0.6327183637591292,0,0,0,0,1,0,0,0,0,0,0,0,0,0,0,1,0,0,0,0,0,1,0,0,0,0,1,0,0,0
5,1.0,1.0,4.0,P428819,34,39.0,1.0,0,0,1,0,0,0,0,0,0,0,0,0,0,0,0,1,0,0,0,0,0,0,1,0,0,0,1,0,0,0
4,1.0,0.5,4.0,P428819,34,39.0,0.5,0,0,1,0,0,0,0,0,0,0,0,0,0,0,0,1,0,0,0,1,0,0,0,0,0,0,1,0,0,0
1,0.0,1.0,8.0,P428819,34,39.0,1.0,0,0,0,0,0,1,0,0,0,0,0,0,0,0,0,0,0,0,1,1,0,0,0,0,0,0,1,0,0,0
5,1.0,0.899999976,30.0,P428819,34,39.0,0.7062001286991106,0,0,1,0,0,0,0,0,0,0,0,0,0,0,0,0,0,1,0,1,0,0,0,0,1,0,0,0,0,0
5,1.0,0.75,4.0,P428819,34,39.0,0.6666666666666667,0,0,0,0,0,0,0,1,0,0,0,0,0,0,0,1,0,0,0,0,0,0,1,0,0,0,1,0,0,0
2,0.0,0.875,8.0,P428819,34,39.0,0.75,0,0,0,0,0,0,0,1,0,0,0,0,0,0,0,1,0,0,0,1,0,0,0,0,1,0,0,0,0,0
5,1.0,0.826086998,23.0,P428819,34,39.0,0.6505149978319905,0,0,1,0,0,0,0,0,0,0,0,0,0,0,1,0,0,0,0,1,0,0,0,0,0,1,0,0,0,0
1,0.0,1.0,8.0,P462699,34,45.0,1.0,0,0,0,0,1,0,0,0,0,0,0,0,0,0,0,1,0,0,0,1,0,0,0,1,0,0,0,0,0,0
5,1.0,0.25,4.0,P462699,34,45.0,0.3333333333333333,0,0,0,0,0,1,0,0,0,0,0,0,0,0,0,1,0,0,0,1,0,0,0,0,0,0,1,0,0,0
3,0.0,0.5,4.0,P462699,34,45.0,0.5,0,0,1,0,0,0,0,0,0,0,0,0,0,0,0,0,0,1,0,0,1,0,0,0,0,1,0,0,0,0
4,1.0,1.0,5.0,P462699,34,45.0,1.0,0,0,0,0,0,0,0,0,0,0,0,0,1,0,0,1,0,0,0,0,1,0,0,0,1,0,0,0,0,0
3,0.0,0.888889015,9.0,P462699,34,45.0,0.7601875334318686,0,0,0,0,0,1,0,0,0,0,0,0,0,0,0,1,0,0,0,1,0,0,0,0,1,0,0,0,0,0
1,0.0,0.714286029,7.0,P462699,34,45.0,0.6199062332840658,0,0,0,1,0,0,0,0,0,0,0,0,0,0,1,0,0,0,0,1,0,0,0,0,0,1,0,0,0,0
2,0.0,0.400000006,5.0,P462699,34,45.0,0.4421141086977403,0,0,0,0,0,1,0,0,0,0,0,0,0,0,0,0,0,0,1,1,0,0,0,0,0,0,1,0,0,0
5,1.0,1.0,10.0,P462699,34,45.0,1.0,0,0,0,1,0,0,0,0,0,0,0,0,0,0,1,0,0,0,0,1,0,0,0,0,0,1,0,0,0,0
1,0.0,0.5,26.0,P462699,34,45.0,0.5,0,0,1,0,0,0,0,0,0,0,0,0,0,0,1,0,0,0,0,0,1,0,0,0,0,0,1,0,0,0
4,1.0,0.75,4.0,P462699,34,45.0,0.6666666666666667,0,0,1,0,0,0,0,0,0,0,0,0,0,0,0,1,0,0,0,1,0,0,0,0,0,0,1,0,0,0
5,1.0,0.899999976,10.0,P462699,34,45.0,0.7686217868402409,0,0,0,0,0,0,1,0,0,0,0,0,0,0,0,1,0,0,0,1,0,0,0,0,0,0,1,0,0,0
3,1.0,1.0,6.0,P462699,34,45.0,1.0,0,0,0,0,0,1,0,0,0,0,0,0,0,0,0,1,0,0,0,1,0,0,0,0,1,0,0,0,0,0
2,0.0,0.75,8.0,P462699,34,45.0,0.6391511932854698,0,0,0,0,1,0,0,0,0,0,0,0,0,0,1,0,0,0,0,0,1,0,0,0,0,1,0,0,0,0
5,1.0,1.0,5.0,P462699,34,45.0,1.0,0,0,0,0,0,1,0,0,0,0,0,0,0,0,1,0,0,0,0,1,0,0,0,0,0,1,0,0,0,0
5,1.0,0.0,6.0,P462699,34,45.0,0.0,0,0,0,0,0,0,1,0,0,0,0,0,0,0,0,1,0,0,0,1,0,0,0,0,0,1,0,0,0,0
1,0.0,0.625,8.0,P403818,22,18.0,0.5637914160289369,0,0,1,0,0,0,0,0,0,0,0,0,0,0,0,0,0,0,1,1,0,0,0,0,0,0,1,0,0,0
5,1.0,0.875,8.0,P403818,22,18.0,0.75,0,0,0,0,0,0,1,0,0,0,0,0,0,0,0,1,0,0,0,1,0,0,0,0,0,0,1,0,0,0
5,1.0,1.0,5.0,P403818,22,18.0,1.0,0,0,0,0,1,0,0,0,0,0,0,0,0,0,1,0,0,0,0,0,1,0,0,0,0,0,0,0,1,0
1,0.0,0.857142985,7.0,P403818,22,18.0,0.7373504649628064,0,0,0,0,1,0,0,0,0,0,0,0,0,0,0,0,0,0,1,0,0,1,0,0,0,1,0,0,0,0
4,1.0,1.0,6.0,P403818,22,18.0,1.0,0,0,0,0,1,0,0,0,0,0,0,0,0,0,1,0,0,0,0,0,0,0,1,0,0,0,1,0,0,0
5,1.0,1.0,4.0,P403818,22,18.0,1.0,0,0,0,0,0,1,0,0,0,0,0,0,0,0,0,1,0,0,0,1,0,0,0,0,0,0,1,0,0,0
4,1.0,1.0,4.0,P403818,22,18.0,1.0,0,0,0,1,0,0,0,0,0,0,0,0,0,0,1,0,0,0,0,1,0,0,0,0,0,0,1,0,0,0
2,1.0,0.666666985,6.0,P403818,22,18.0,0.5943161289177871,0,0,0,0,1,0,0,0,0,0,0,0,0,0,0,1,0,0,0,0,1,0,0,0,0,0,1,0,0,0
5,1.0,0.75,4.0,P403818,22,18.0,0.6666666666666667,0,0,0,0,1,0,0,0,0,0,0,0,0,0,0,1,0,0,0,0,0,1,0,0,0,0,1,0,0,0
5,1.0,0.958333015,24.0,P403818,22,18.0,0.8209477682489587,0,0,0,0,1,0,0,0,0,0,0,0,0,0,0,1,0,0,0,1,0,0,0,0,0,0,1,0,0,0
5,1.0,0.923076987,13.0,P403818,22,18.0,0.7872539464466368,0,0,0,0,1,0,0,0,0,0,0,0,0,0,0,1,0,0,0,0,0,1,0,0,0,0,1,0,0,0
5,1.0,1.0,6.0,P403818,22,18.0,1.0,0,0,0,0,1,0,0,0,0,0,0,0,0,0,0,1,0,0,0,1,0,0,0,0,0,0,1,0,0,0
1,0.0,0.600000024,10.0,P447791,34,42.0,0.5473191697130572,0,0,0,0,1,0,0,0,0,0,0,0,0,0,0,0,0,1,0,0,1,0,0,0,0,1,0,0,0,0
3,0.0,0.833333015,18.0,P447791,34,42.0,0.6666666666666667,0,0,0,1,0,0,0,0,0,0,0,0,0,0,1,0,0,0,0,1,0,0,0,0,0,1,0,0,0,0
5,1.0,0.600000024,5.0,P447791,34,42.0,0.5578858913022596,0,0,0,0,1,0,0,0,0,0,0,0,0,0,0,0,0,1,0,1,0,0,0,0,0,0,1,0,0,0
4,0.0,0.5,6.0,P447791,34,42.0,0.5,0,0,1,0,0,0,0,0,0,0,0,0,0,0,0,0,0,1,0,0,1,0,0,0,0,0,1,0,0,0
5,1.0,1.0,7.0,P447791,34,42.0,1.0,0,0,0,0,0,1,0,0,0,0,0,0,0,0,0,1,0,0,0,1,0,0,0,0,1,0,0,0,0,0
5,1.0,0.833333015,6.0,P447791,34,42.0,0.7210570543488701,0,0,0,0,0,1,0,0,0,0,0,0,0,0,0,0,0,0,1,1,0,0,0,0,0,0,1,0,0,0
5,1.0,0.763779998,113.72000000000116,P447791,34,42.0,0.5717662288703992,0,0,0,0,0,0,0,1,0,0,0,0,0,0,0,1,0,0,0,1,0,0,0,0,1,0,0,0,0,0
5,1.0,0.727272987,11.0,P447791,34,42.0,0.6131471927654585,0,0,0,1,0,0,0,0,0,0,0,0,0,1,0,0,0,0,0,1,0,0,0,1,0,0,0,0,0,0
1,0.0,0.888889015,9.0,P447791,34,42.0,0.7601875334318686,0,0,0,0,1,0,0,0,0,0,0,0,0,0,0,0,0,0,1,1,0,0,0,0,0,0,1,0,0,0
4,1.0,0.714286029,7.0,P447791,34,42.0,0.6199062332840658,0,0,0,0,0,1,0,0,0,0,0,0,0,0,0,0,0,0,1,1,0,0,0,1,0,0,0,0,0,0
4,1.0,0.75,4.0,P447791,34,42.0,0.6666666666666667,0,0,1,0,0,0,0,0,0,0,0,0,0,1,0,0,0,0,0,1,0,0,0,0,0,1,0,0,0,0
2,0.0,1.0,6.0,P447791,34,42.0,1.0,0,0,1,0,0,0,0,0,0,0,0,0,0,0,0,1,0,0,0,0,0,1,0,0,0,0,1,0,0,0
4,1.0,1.0,5.0,P447791,34,42.0,1.0,0,0,0,0,1,0,0,0,0,0,0,0,0,0,0,1,0,0,0,1,0,0,0,0,0,0,1,0,0,0
5,1.0,0.75,12.0,P447791,34,42.0,0.6241963505817848,0,0,0,0,0,0,1,0,0,0,0,0,0,0,0,1,0,0,0,1,0,0,0,0,1,0,0,0,0,0
5,1.0,1.0,6.0,P447791,34,42.0,1.0,0,0,0,0,0,1,0,0,0,0,0,0,0,0,0,1,0,0,0,0,1,0,0,0,1,0,0,0,0,0
2,0.0,0.571429014,7.0,P447791,34,42.0,0.5372435736804816,0,0,0,0,0,1,0,0,0,0,0,0,0,0,0,1,0,0,0,1,0,0,0,0,0,0,1,0,0,0
3,0.0,0.846153975,13.0,P447791,34,42.0,0.6934264036172708,0,0,0,0,0,0,0,1,0,0,0,0,0,0,0,1,0,0,0,1,0,0,0,0,0,0,1,0,0,0
5,1.0,0.833333015,6.0,P447791,34,42.0,0.7210570543488701,0,0,1,0,0,0,0,0,0,0,0,0,0,0,0,1,0,0,0,1,0,0,0,0,1,0,0,0,0,0
5,1.0,1.0,26.0,P447791,34,42.0,1.0,0,0,0,0,0,0,0,1,0,0,0,0,0,0,0,1,0,0,0,1,0,0,0,0,0,0,1,0,0,0
5,1.0,0.75,4.0,P447791,34,42.0,0.6666666666666667,0,0,0,0,1,0,0,0,0,0,0,0,0,0,0,0,0,1,0,1,0,0,0,0,0,0,1,0,0,0
5,1.0,0.727272987,11.0,P447791,34,42.0,0.6131471927654585,0,0,1,0,0,0,0,0,0,0,0,0,0,0,1,0,0,0,0,0,0,0,1,0,0,1,0,0,0,0
5,1.0,0.772727013,22.0,P447791,34,42.0,0.617319681505689,0,0,0,0,1,0,0,0,0,0,0,0,0,0,1,0,0,0,0,1,0,0,0,0,0,1,0,0,0,0
5,1.0,1.0,5.0,P500633,111,80.0,1.0,0,0,1,0,0,0,0,0,0,0,0,0,0,0,0,0,0,1,0,1,0,0,0,0,0,1,0,0,0,0
5,1.0,0.571429014,7.0,P446930,51,33.0,0.5372435736804816,0,0,0,0,1,0,0,0,0,0,0,0,0,0,0,1,0,0,0,0,1,0,0,0,1,0,0,0,0,0
5,1.0,0.75,4.0,P446930,51,33.0,0.6666666666666667,0,0,0,0,0,1,0,0,0,0,0,0,0,0,1,0,0,0,0,1,0,0,0,0,0,0,1,0,0,0
3,0.0,0.875,16.0,P446930,51,33.0,0.7113975059201018,0,0,0,1,0,0,0,0,0,0,0,0,0,0,1,0,0,0,0,0,1,0,0,0,0,1,0,0,0,0
1,0.0,0.75,16.0,P446930,51,33.0,0.6144493051612967,0,0,0,1,0,0,0,0,0,0,0,0,0,0,0,1,0,0,0,1,0,0,0,0,0,0,1,0,0,0
5,1.0,0.75,4.0,P446930,51,33.0,0.6666666666666667,0,0,1,0,0,0,0,0,0,0,0,0,0,0,1,0,0,0,0,1,0,0,0,0,0,1,0,0,0,0
5,1.0,0.857142985,7.0,P446930,51,33.0,0.7373504649628064,0,0,0,0,0,0,0,0,0,0,0,0,1,0,0,1,0,0,0,1,0,0,0,0,1,0,0,0,0,0
2,0.0,0.0,10.0,P446930,51,33.0,0.0,0,0,0,0,1,0,0,0,0,0,0,0,0,0,1,0,0,0,0,0,0,1,0,0,0,1,0,0,0,0
5,1.0,1.0,5.0,P446930,51,33.0,1.0,0,0,0,1,0,0,0,0,0,0,0,0,0,0,0,1,0,0,0,0,1,0,0,0,0,0,1,0,0,0
5,1.0,1.0,4.0,P446930,51,33.0,1.0,0,0,0,0,0,1,0,0,0,0,0,0,0,0,0,1,0,0,0,1,0,0,0,0,1,0,0,0,0,0
4,1.0,0.75,4.0,P446930,51,33.0,0.6666666666666667,0,0,0,0,1,0,0,0,0,0,0,0,0,0,0,1,0,0,0,1,0,0,0,0,0,0,1,0,0,0
4,1.0,0.777778029,9.0,P446930,51,33.0,0.6543128759565946,0,0,0,0,0,0,1,0,0,0,0,0,0,0,0,1,0,0,0,1,0,0,0,0,1,0,0,0,0,0
5,1.0,1.0,6.0,P446930,51,33.0,1.0,0,0,1,0,0,0,0,0,0,0,0,0,0,0,0,0,0,1,0,1,0,0,0,0,0,1,0,0,0,0
5,1.0,1.0,5.0,P446930,51,33.0,1.0,0,0,0,0,1,0,0,0,0,0,0,0,0,0,0,1,0,0,0,0,1,0,0,0,0,0,1,0,0,0
2,0.0,0.800000012,5.0,P446930,51,33.0,0.6989700043360187,0,0,1,0,0,0,0,0,0,0,0,0,0,0,0,1,0,0,0,0,1,0,0,0,0,0,1,0,0,0
5,1.0,1.0,4.0,P446930,51,33.0,1.0,0,0,0,0,0,0,0,0,0,0,0,0,1,0,0,1,0,0,0,1,0,0,0,0,1,0,0,0,0,0
5,1.0,0.875,8.0,P446930,51,33.0,0.75,0,0,0,0,0,0,0,1,0,0,0,0,0,0,0,1,0,0,0,0,0,1,0,0,1,0,0,0,0,0
4,1.0,0.5,4.0,P446930,51,33.0,0.5,0,0,0,0,0,1,0,0,0,0,0,0,0,0,0,1,0,0,0,0,1,0,0,0,0,0,1,0,0,0
4,1.0,1.0,11.0,P446930,51,33.0,1.0,0,0,0,0,0,0,1,0,0,0,0,0,0,0,0,1,0,0,0,0,1,0,0,0,1,0,0,0,0,0
1,0.0,0.923076987,13.0,P446930,51,33.0,0.7872539464466368,0,0,1,0,0,0,0,0,0,0,0,0,0,0,1,0,0,0,0,0,0,0,1,0,0,0,1,0,0,0
1,0.0,0.894737005,38.0,P392235,98,50.0,0.6883824575577786,0,0,0,0,1,0,0,0,0,0,0,0,0,0,0,1,0,0,0,1,0,0,0,0,1,0,0,0,0,0
4,1.0,0.600000024,5.0,P392235,98,50.0,0.5578858913022596,0,0,0,0,1,0,0,0,0,0,0,0,0,0,0,0,0,1,0,1,0,0,0,0,0,1,0,0,0,0
3,0.0,1.0,10.0,P392235,98,50.0,1.0,0,0,0,0,0,1,0,0,0,0,0,0,0,0,1,0,0,0,0,1,0,0,0,0,0,0,0,0,0,1
5,1.0,0.818181992,11.0,P392235,98,50.0,0.6769924925288455,0,1,0,0,0,0,0,0,0,0,0,0,0,0,0,1,0,0,0,1,0,0,0,0,1,0,0,0,0,0
5,1.0,1.0,4.0,P392235,98,50.0,1.0,0,1,0,0,0,0,0,0,0,0,0,0,0,0,0,1,0,0,0,1,0,0,0,0,1,0,0,0,0,0
5,1.0,1.0,7.0,P392235,98,50.0,1.0,0,0,0,0,0,0,0,1,0,0,0,0,0,0,0,1,0,0,0,1,0,0,0,0,1,0,0,0,0,0
2,0.0,0.782608986,23.0,P392235,98,50.0,0.6216882614292828,0,0,1,0,0,0,0,0,0,0,0,0,0,0,0,0,0,0,1,1,0,0,0,0,0,0,1,0,0,0
1,0.0,0.75,4.0,P392235,98,50.0,0.6666666666666667,0,0,0,0,1,0,0,0,0,0,0,0,0,0,0,1,0,0,0,0,1,0,0,0,1,0,0,0,0,0
2,0.0,0.5,4.0,P392235,98,50.0,0.5,0,0,0,0,1,0,0,0,0,0,0,0,0,0,1,0,0,0,0,0,0,0,1,0,0,0,1,0,0,0
5,1.0,0.928570986,14.0,P392235,98,50.0,0.7919854023234905,0,0,0,0,1,0,0,0,0,0,0,0,0,0,0,1,0,0,0,1,0,0,0,0,0,0,1,0,0,0
5,1.0,0.800000012,5.0,P392235,98,50.0,0.6989700043360187,0,0,0,0,1,0,0,0,0,0,0,0,0,0,0,1,0,0,0,1,0,0,0,0,0,0,1,0,0,0
5,1.0,1.0,4.0,P392235,98,50.0,1.0,0,0,0,0,1,0,0,0,0,0,0,0,0,0,0,1,0,0,0,1,0,0,0,0,0,0,1,0,0,0
5,1.0,0.823529005,17.0,P392235,98,50.0,0.6614123848024371,0,0,0,0,1,0,0,0,0,0,0,0,0,0,0,1,0,0,0,1,0,0,0,0,0,0,1,0,0,0
5,1.0,1.0,7.0,P392235,98,50.0,1.0,0,0,0,0,1,0,0,0,0,0,0,0,0,0,0,1,0,0,0,1,0,0,0,0,0,0,1,0,0,0
5,1.0,0.75,4.0,P392235,98,50.0,0.6666666666666667,0,0,0,0,1,0,0,0,0,0,0,0,0,0,0,1,0,0,0,1,0,0,0,0,0,0,1,0,0,0
4,1.0,0.833333015,6.0,P392235,98,50.0,0.7210570543488701,0,0,0,0,1,0,0,0,0,0,0,0,0,0,0,1,0,0,0,1,0,0,0,0,0,0,1,0,0,0
5,1.0,1.0,6.0,P392235,98,50.0,1.0,0,0,0,0,1,0,0,0,0,0,0,0,0,0,0,1,0,0,0,0,1,0,0,0,0,0,1,0,0,0
5,1.0,1.0,4.0,P460512,98,24.0,1.0,0,0,0,0,1,0,0,0,0,0,0,0,0,0,1,0,0,0,0,1,0,0,0,0,0,1,0,0,0,0
1,0.0,0.75,4.0,P460512,98,24.0,0.6666666666666667,0,1,0,0,0,0,0,0,0,0,0,0,0,0,0,1,0,0,0,1,0,0,0,0,1,0,0,0,0,0
1,0.0,0.833333015,6.0,P460512,98,24.0,0.7210570543488701,0,0,0,0,1,0,0,0,0,0,0,0,0,0,0,1,0,0,0,1,0,0,0,0,0,0,1,0,0,0
4,1.0,0.75,4.0,P460512,98,24.0,0.6666666666666667,0,0,0,1,0,0,0,0,0,0,0,0,0,0,1,0,0,0,0,1,0,0,0,0,0,0,1,0,0,0
4,1.0,0.800000012,5.0,P460512,98,24.0,0.6989700043360187,0,0,1,0,0,0,0,0,0,0,0,0,0,0,1,0,0,0,0,0,0,1,0,0,0,0,0,0,0,1
5,1.0,0.714286029,7.0,P460512,98,24.0,0.6199062332840658,0,0,0,0,0,0,0,1,0,0,0,0,0,0,0,0,0,0,1,0,1,0,0,0,0,0,0,0,1,0
5,1.0,1.0,10.0,P460512,98,24.0,1.0,0,0,0,0,0,1,0,0,0,0,0,0,0,0,0,0,0,0,1,1,0,0,0,0,1,0,0,0,0,0
5,1.0,0.714286029,7.0,P460512,98,24.0,0.6199062332840658,0,0,0,0,0,1,0,0,0,0,0,0,0,0,0,0,0,0,1,1,0,0,0,0,0,0,1,0,0,0
5,1.0,1.0,13.0,P460512,98,24.0,1.0,0,0,1,0,0,0,0,0,0,0,0,0,0,0,0,0,0,1,0,0,0,0,1,0,0,0,1,0,0,0
5,1.0,1.0,11.0,P460512,98,24.0,1.0,0,0,0,0,1,0,0,0,0,0,0,0,0,1,0,0,0,0,0,1,0,0,0,0,0,1,0,0,0,0
4,1.0,0.800000012,10.0,P460512,98,24.0,0.6666666666666666,0,0,0,0,1,0,0,0,0,0,0,0,0,0,0,1,0,0,0,1,0,0,0,0,0,0,1,0,0,0
5,1.0,1.0,21.0,P460512,98,24.0,1.0,0,0,1,0,0,0,0,0,0,0,0,0,0,0,0,0,0,0,1,0,0,0,1,1,0,0,0,0,0,0
5,1.0,0.800000012,5.0,P460512,98,24.0,0.6989700043360187,0,0,0,0,0,1,0,0,0,0,0,0,0,0,0,0,0,1,0,1,0,0,0,0,0,0,1,0,0,0
5,1.0,1.0,36.0,P460512,98,24.0,1.0,0,0,0,0,0,0,0,0,0,0,0,1,0,0,0,1,0,0,0,0,0,0,1,1,0,0,0,0,0,0
5,1.0,0.800000012,15.0,P460512,98,24.0,0.649149872836091,0,0,0,0,0,1,0,0,0,0,0,0,0,1,0,0,0,0,0,0,0,0,1,0,0,0,0,0,0,1
5,1.0,1.0,7.0,P460512,98,24.0,1.0,0,0,0,0,0,0,0,1,0,0,0,0,0,0,0,1,0,0,0,0,0,1,0,0,0,0,1,0,0,0
5,1.0,0.875,16.0,P460512,98,24.0,0.7113975059201018,0,0,0,0,1,0,0,0,0,0,0,0,0,0,1,0,0,0,0,0,0,1,0,0,0,1,0,0,0,0
5,1.0,0.864865005,37.0,P460512,98,24.0,0.6611821114879038,0,0,1,0,0,0,0,0,0,0,0,0,0,0,1,0,0,0,0,1,0,0,0,0,0,1,0,0,0,0
5,1.0,1.0,10.0,P460512,98,24.0,1.0,0,0,1,0,0,0,0,0,0,0,0,0,0,0,1,0,0,0,0,0,0,0,1,0,0,0,1,0,0,0
1,0.0,0.791666985,24.0,P460512,98,24.0,0.6257415019191551,0,0,0,0,1,0,0,0,0,0,0,0,0,0,0,0,0,0,1,0,0,0,1,0,0,0,1,0,0,0
5,1.0,0.600000024,5.0,P460512,98,24.0,0.5578858913022596,0,0,0,0,1,0,0,0,0,0,0,0,0,0,0,1,0,0,0,1,0,0,0,0,0,0,1,0,0,0
5,1.0,0.844443977,45.0,P460512,98,24.0,0.6379173972785162,0,0,0,0,1,0,0,0,0,0,0,0,0,0,0,1,0,0,0,0,1,0,0,0,0,0,1,0,0,0
5,1.0,1.0,5.0,P460512,98,24.0,1.0,0,0,0,0,0,1,0,0,0,0,0,0,0,0,0,0,0,0,1,0,1,0,0,0,0,0,1,0,0,0
3,1.0,0.888889015,9.0,P460512,98,24.0,0.7601875334318686,0,0,1,0,0,0,0,0,0,0,0,0,0,0,1,0,0,0,0,1,0,0,0,0,0,1,0,0,0,0
5,1.0,0.200000003,5.0,P460512,98,24.0,0.3010299956639811,0,0,0,0,1,0,0,0,0,0,0,0,0,0,1,0,0,0,0,0,0,1,0,0,0,0,1,0,0,0
5,1.0,0.75,4.0,P460512,98,24.0,0.6666666666666667,0,0,0,1,0,0,0,0,0,0,0,0,0,0,0,0,0,1,0,0,0,1,0,0,1,0,0,0,0,0
3,1.0,0.363635987,11.0,P415701,72,54.0,0.4362945258726772,0,0,0,0,0,1,0,0,0,0,0,0,0,0,0,1,0,0,0,0,1,0,0,0,0,1,0,0,0,0
3,0.0,0.727272987,11.0,P415701,72,54.0,0.6131471927654585,0,0,1,0,0,0,0,0,0,0,0,0,0,0,0,0,0,0,1,0,1,0,0,0,0,0,1,0,0,0
3,1.0,0.800000012,10.0,P415701,72,54.0,0.6666666666666666,0,0,0,0,0,0,1,0,0,0,0,0,0,0,0,1,0,0,0,1,0,0,0,0,1,0,0,0,0,0
3,0.0,0.400000006,5.0,P415701,72,54.0,0.4421141086977403,0,0,1,0,0,0,0,0,0,0,0,0,0,0,0,1,0,0,0,0,0,0,1,0,0,0,1,0,0,0
5,1.0,0.785713971,14.0,P415701,72,54.0,0.6418955364979173,0,0,0,0,0,0,0,1,0,0,0,0,0,0,0,1,0,0,0,1,0,0,0,0,1,0,0,0,0,0
5,1.0,1.0,10.0,P415701,72,54.0,1.0,0,0,1,0,0,0,0,0,0,0,0,0,0,0,0,0,0,0,1,0,0,0,1,0,0,0,1,0,0,0
4,1.0,0.833333015,6.0,P415701,72,54.0,0.7210570543488701,0,0,0,0,0,0,1,0,0,0,0,0,0,0,0,1,0,0,0,1,0,0,0,0,1,0,0,0,0,0
5,1.0,0.666666985,6.0,P415701,72,54.0,0.5943161289177871,0,0,1,0,0,0,0,0,0,0,0,0,0,0,0,0,0,1,0,1,0,0,0,0,1,0,0,0,0,0
5,1.0,1.0,5.0,P415701,72,54.0,1.0,0,0,0,0,1,0,0,0,0,0,0,0,0,0,0,1,0,0,0,0,1,0,0,0,0,0,1,0,0,0
5,1.0,0.800000012,5.0,P415701,72,54.0,0.6989700043360187,0,0,0,0,1,0,0,0,0,0,0,0,0,0,1,0,0,0,0,1,0,0,0,0,0,0,1,0,0,0
5,1.0,1.0,16.0,P415701,72,54.0,1.0,0,0,0,0,1,0,0,0,0,0,0,0,0,0,0,1,0,0,0,1,0,0,0,0,1,0,0,0,0,0
5,1.0,0.714286029,7.0,P415701,72,54.0,0.6199062332840658,0,0,0,0,1,0,0,0,0,0,0,0,0,0,0,1,0,0,0,1,0,0,0,0,1,0,0,0,0,0
5,1.0,0.818181992,11.0,P415701,72,54.0,0.6769924925288455,0,0,0,0,1,0,0,0,0,0,0,0,0,0,0,1,0,0,0,0,1,0,0,0,1,0,0,0,0,0
5,1.0,0.666666985,12.0,P415701,72,54.0,0.5772049881597967,0,0,0,0,1,0,0,0,0,0,0,0,0,0,0,1,0,0,0,0,1,0,0,0,1,0,0,0,0,0
5,1.0,0.333332986,9.0,P415701,72,54.0,0.4160291953530189,0,0,0,0,1,0,0,0,0,0,0,0,0,0,0,1,0,0,0,1,0,0,0,0,1,0,0,0,0,0
5,1.0,1.0,8.0,P415701,72,54.0,1.0,0,0,0,0,1,0,0,0,0,0,0,0,0,0,0,1,0,0,0,1,0,0,0,0,1,0,0,0,0,0
2,0.0,1.0,5.0,P415237,29,32.0,1.0,0,0,1,0,0,0,0,0,0,0,0,0,0,0,1,0,0,0,0,1,0,0,0,0,0,1,0,0,0,0
5,1.0,1.0,4.0,P415237,29,32.0,1.0,0,0,1,0,0,0,0,0,0,0,0,0,0,0,0,0,0,1,0,1,0,0,0,0,0,0,0,0,0,1
4,1.0,0.961538017,26.0,P415237,29,32.0,0.8245749364180455,0,0,0,0,1,0,0,0,0,0,0,0,0,0,1,0,0,0,0,0,0,0,1,0,0,1,0,0,0,0
5,1.0,1.0,4.0,P415237,29,32.0,1.0,0,0,1,0,0,0,0,0,0,0,0,0,0,0,0,0,0,1,0,0,1,0,0,0,0,0,1,0,0,0
5,1.0,1.0,4.0,P415237,29,32.0,1.0,0,0,0,0,1,0,0,0,0,0,0,0,0,0,0,1,0,0,0,1,0,0,0,0,0,0,1,0,0,0
5,1.0,0.947368026,19.0,P415237,29,32.0,0.8094485875732266,0,0,0,0,1,0,0,0,0,0,0,0,0,0,0,1,0,0,0,1,0,0,0,0,0,0,1,0,0,0
5,1.0,0.975000024,40.0,P415237,29,32.0,0.8418204090602177,0,0,0,0,1,0,0,0,0,0,0,0,0,0,0,1,0,0,0,1,0,0,0,0,0,0,1,0,0,0
3,1.0,0.894737005,19.0,P415237,29,32.0,0.7245884476238132,0,0,0,0,1,0,0,0,0,0,0,0,0,0,0,1,0,0,0,1,0,0,0,0,0,0,1,0,0,0
5,1.0,1.0,8.0,P471237,111,46.0,1.0,0,0,0,0,0,0,1,0,0,0,0,0,0,0,0,1,0,0,0,1,0,0,0,0,0,0,1,0,0,0
1,0.0,0.833333015,6.0,P471237,111,46.0,0.7210570543488701,0,0,1,0,0,0,0,0,0,0,0,0,0,0,0,1,0,0,0,0,1,0,0,0,0,0,1,0,0,0
1,0.0,1.0,4.0,P471237,111,46.0,1.0,0,0,0,0,0,1,0,0,0,0,0,0,0,0,0,1,0,0,0,0,0,1,0,0,1,0,0,0,0,0
1,0.0,0.75,4.0,P471237,111,46.0,0.6666666666666667,0,0,0,0,0,1,0,0,0,0,0,0,0,0,0,1,0,0,0,0,0,1,0,0,0,0,1,0,0,0
3,0.0,0.666666985,9.0,P471237,111,46.0,0.583970804646981,0,0,0,0,0,0,0,1,0,0,0,0,0,0,0,1,0,0,0,1,0,0,0,0,0,0,1,0,0,0
5,1.0,1.0,9.0,P418346,93,85.0,1.0,0,0,0,0,0,0,1,0,0,0,0,0,0,0,0,1,0,0,0,1,0,0,0,0,0,0,1,0,0,0
5,1.0,1.0,13.0,P418346,93,85.0,1.0,0,0,1,0,0,0,0,0,0,0,0,0,0,0,1,0,0,0,0,1,0,0,0,0,0,1,0,0,0,0
5,1.0,1.0,9.0,P418346,93,85.0,1.0,0,0,1,0,0,0,0,0,0,0,0,0,0,0,1,0,0,0,0,1,0,0,0,1,0,0,0,0,0,0
5,1.0,0.625,16.0,P418346,93,85.0,0.5520264007992993,0,0,0,0,1,0,0,0,0,0,0,0,0,0,0,1,0,0,0,1,0,0,0,0,0,1,0,0,0,0
5,1.0,1.0,4.0,P418346,93,85.0,1.0,0,0,0,0,0,1,0,0,0,0,0,0,0,0,0,0,0,0,1,0,1,0,0,0,0,1,0,0,0,0
3,0.0,0.714286029,7.0,P418346,93,85.0,0.6199062332840658,0,0,0,0,1,0,0,0,0,0,0,0,0,0,0,0,0,1,0,1,0,0,0,0,0,0,1,0,0,0
2,0.0,1.0,7.0,P418346,93,85.0,1.0,0,0,1,0,0,0,0,0,0,0,0,0,0,0,1,0,0,0,0,0,1,0,0,0,0,1,0,0,0,0
4,1.0,1.0,10.0,P418346,93,85.0,1.0,0,0,1,0,0,0,0,0,0,0,0,0,0,0,0,0,0,1,0,1,0,0,0,0,0,1,0,0,0,0
4,1.0,0.866666973,15.0,P418346,93,85.0,0.7060702520912807,0,0,0,0,0,1,0,0,0,0,0,0,0,0,0,1,0,0,0,1,0,0,0,0,0,0,1,0,0,0
5,1.0,1.0,5.0,P418346,93,85.0,1.0,0,0,0,0,1,0,0,0,0,0,0,0,0,0,0,0,0,1,0,1,0,0,0,0,0,0,1,0,0,0
1,0.0,0.200000003,5.0,P418346,93,85.0,0.3010299956639811,0,0,0,0,1,0,0,0,0,0,0,0,0,0,0,1,0,0,0,0,0,1,0,0,0,0,1,0,0,0
3,0.0,0.833333015,12.0,P418346,93,85.0,0.6857972507265685,0,0,0,0,1,0,0,0,0,0,0,0,0,0,1,0,0,0,0,1,0,0,0,0,0,0,1,0,0,0
5,1.0,0.875,8.0,P418346,93,85.0,0.75,0,0,0,0,0,1,0,0,0,0,0,0,0,0,0,0,0,0,1,1,0,0,0,0,0,1,0,0,0,0
5,1.0,0.875,8.0,P418346,93,85.0,0.75,0,0,0,0,1,0,0,0,0,0,0,0,0,0,1,0,0,0,0,0,0,1,0,0,0,1,0,0,0,0
5,1.0,0.9375,16.0,P418346,93,85.0,0.7999999999999999,0,0,0,0,1,0,0,0,0,0,0,0,0,0,1,0,0,0,0,0,1,0,0,0,0,0,1,0,0,0
1,0.0,0.285714,7.0,P418346,93,85.0,0.3800937667159343,0,0,1,0,0,0,0,0,0,0,0,0,0,0,0,1,0,0,0,0,1,0,0,0,0,0,1,0,0,0
5,1.0,0.916666985,84.0,P418346,93,85.0,0.6769122188475758,0,1,0,0,0,0,0,0,0,0,0,0,0,0,0,1,0,0,0,0,0,0,1,0,1,0,0,0,0,0
5,1.0,0.666666985,6.0,P418346,93,85.0,0.5943161289177871,0,1,0,0,0,0,0,0,0,0,0,0,0,0,0,1,0,0,0,1,0,0,0,0,0,0,1,0,0,0
5,1.0,1.0,18.0,P418346,93,85.0,1.0,0,0,1,0,0,0,0,0,0,0,0,0,0,0,0,0,0,1,0,0,0,1,0,0,0,0,1,0,0,0
1,1.0,0.809955001,113.72000000000116,P418346,93,85.0,0.5799492761038172,0,0,0,0,1,0,0,0,0,0,0,0,0,0,0,1,0,0,0,0,1,0,0,0,0,0,1,0,0,0
5,1.0,0.846153975,13.0,P448207,66,52.0,0.6934264036172708,0,0,1,0,0,0,0,0,0,0,0,0,0,0,1,0,0,0,0,1,0,0,0,0,0,1,0,0,0,0
5,1.0,1.0,9.0,P448207,66,52.0,1.0,0,0,1,0,0,0,0,0,0,0,0,0,0,0,1,0,0,0,0,0,1,0,0,0,0,0,1,0,0,0
5,1.0,1.0,5.0,P448207,66,52.0,1.0,0,0,0,0,1,0,0,0,0,0,0,0,0,0,1,0,0,0,0,0,1,0,0,0,0,0,1,0,0,0
3,0.0,0.400000006,5.0,P448207,66,52.0,0.4421141086977403,0,0,0,0,0,0,1,0,0,0,0,0,0,0,0,1,0,0,0,1,0,0,0,0,1,0,0,0,0,0
5,1.0,0.75,4.0,P448207,66,52.0,0.6666666666666667,0,0,0,0,0,1,0,0,0,0,0,0,0,0,0,1,0,0,0,1,0,0,0,0,0,0,1,0,0,0
1,0.0,0.75,16.0,P448207,66,52.0,0.6144493051612967,0,0,0,0,0,0,0,1,0,0,0,0,0,0,0,1,0,0,0,0,1,0,0,0,0,0,1,0,0,0
4,1.0,0.5,4.0,P448207,66,52.0,0.5,0,0,1,0,0,0,0,0,0,0,0,0,0,0,0,1,0,0,0,1,0,0,0,0,0,1,0,0,0,0
5,1.0,1.0,4.0,P397890,68,32.0,1.0,0,0,0,0,0,0,0,1,0,0,0,0,0,0,1,0,0,0,0,1,0,0,0,0,0,1,0,0,0,0
5,1.0,1.0,4.0,P397890,68,32.0,1.0,0,0,0,0,0,1,0,0,0,0,0,0,0,0,0,0,0,1,0,0,0,1,0,0,0,1,0,0,0,0
3,0.0,0.916666985,12.0,P397890,68,32.0,0.7818957080144684,0,0,0,0,0,0,1,0,0,0,0,0,0,0,0,1,0,0,0,0,0,0,1,0,0,0,1,0,0,0
5,1.0,1.0,4.0,P397890,68,32.0,1.0,0,0,1,0,0,0,0,0,0,0,0,0,0,0,0,0,0,0,1,0,0,0,1,0,0,0,0,0,0,1
5,1.0,0.75,4.0,P397890,68,32.0,0.6666666666666667,0,0,1,0,0,0,0,0,0,0,0,0,0,0,0,1,0,0,0,1,0,0,0,0,0,0,1,0,0,0
5,1.0,0.898733974,79.0,P397890,68,32.0,0.6606021509485401,0,0,1,0,0,0,0,0,0,0,0,0,0,0,0,1,0,0,0,1,0,0,0,0,0,0,1,0,0,0
5,1.0,1.0,15.0,P397890,68,32.0,1.0,0,0,1,0,0,0,0,0,0,0,0,0,0,0,0,1,0,0,0,1,0,0,0,0,0,0,1,0,0,0
3,0.0,1.0,11.0,P405599,115,39.0,1.0,0,0,0,0,0,1,0,0,0,0,0,0,0,0,0,1,0,0,0,1,0,0,0,0,0,0,1,0,0,0
1,0.0,0.714286029,7.0,P405599,115,39.0,0.6199062332840658,0,0,0,0,1,0,0,0,0,0,0,0,0,0,0,1,0,0,0,1,0,0,0,0,0,0,1,0,0,0
5,1.0,1.0,4.0,P405599,115,39.0,1.0,0,0,0,0,0,0,0,1,0,0,0,0,0,0,0,1,0,0,0,1,0,0,0,0,0,0,1,0,0,0
1,0.0,0.833333015,6.0,P405599,115,39.0,0.7210570543488701,0,0,0,0,0,1,0,0,0,0,0,0,0,0,0,1,0,0,0,1,0,0,0,0,0,0,1,0,0,0
1,1.0,0.818181992,11.0,P405599,115,39.0,0.6769924925288455,0,0,0,0,1,0,0,0,0,0,0,0,0,0,0,1,0,0,0,1,0,0,0,0,0,0,1,0,0,0
5,1.0,1.0,4.0,P405599,115,39.0,1.0,0,0,0,0,1,0,0,0,0,0,0,0,0,0,0,1,0,0,0,1,0,0,0,0,0,0,1,0,0,0
5,1.0,0.875,8.0,P405599,115,39.0,0.75,0,0,0,0,1,0,0,0,0,0,0,0,0,0,0,1,0,0,0,1,0,0,0,0,0,0,1,0,0,0
5,1.0,0.888889015,18.0,P405599,115,39.0,0.7205846872952778,0,0,0,0,1,0,0,0,0,0,0,0,0,0,0,1,0,0,0,1,0,0,0,0,0,0,1,0,0,0
5,1.0,1.0,5.0,P405599,115,39.0,1.0,0,0,0,0,1,0,0,0,0,0,0,0,0,0,0,1,0,0,0,1,0,0,0,0,0,0,1,0,0,0
5,1.0,0.875,8.0,P468351,7,82.0,0.75,0,0,0,0,1,0,0,0,0,0,0,0,0,0,0,0,0,0,1,1,0,0,0,0,0,1,0,0,0,0
5,1.0,0.571429014,7.0,P468351,7,82.0,0.5372435736804816,0,0,1,0,0,0,0,0,0,0,0,0,0,0,1,0,0,0,0,1,0,0,0,1,0,0,0,0,0,0
5,1.0,1.0,7.0,P468351,7,82.0,1.0,0,0,0,0,1,0,0,0,0,0,0,0,0,0,0,0,0,1,0,0,1,0,0,0,0,1,0,0,0,0
5,1.0,0.5,4.0,P468351,7,82.0,0.5,0,0,0,0,0,0,1,0,0,0,0,0,0,0,0,1,0,0,0,1,0,0,0,0,0,0,1,0,0,0
5,1.0,1.0,7.0,P468351,7,82.0,1.0,0,0,0,0,0,0,0,1,0,0,0,0,0,0,0,1,0,0,0,0,1,0,0,0,1,0,0,0,0,0
5,1.0,1.0,5.0,P468351,7,82.0,1.0,0,0,1,0,0,0,0,0,0,0,0,0,0,0,1,0,0,0,0,0,0,0,1,0,0,0,1,0,0,0
5,1.0,0.666666985,6.0,P468351,7,82.0,0.5943161289177871,0,0,0,0,0,1,0,0,0,0,0,0,0,0,0,1,0,0,0,0,1,0,0,0,0,0,1,0,0,0
5,1.0,1.0,11.0,P426340,98,68.0,1.0,0,0,1,0,0,0,0,0,0,0,0,0,0,0,0,0,0,0,1,1,0,0,0,0,0,0,1,0,0,0
4,1.0,1.0,30.0,P426340,98,68.0,1.0,0,0,0,0,1,0,0,0,0,0,0,0,0,0,0,0,0,0,1,1,0,0,0,0,0,0,1,0,0,0
4,1.0,0.888889015,9.0,P426340,98,68.0,0.7601875334318686,0,0,0,0,0,0,0,0,0,0,0,1,0,0,0,1,0,0,0,0,0,0,1,0,1,0,0,0,0,0
5,1.0,0.958333015,24.0,P426340,98,68.0,0.8209477682489587,0,0,0,0,0,0,0,0,0,0,0,0,1,0,0,1,0,0,0,1,0,0,0,0,0,0,1,0,0,0
5,1.0,1.0,13.0,P426340,98,68.0,1.0,0,0,0,0,0,1,0,0,0,0,0,0,0,0,1,0,0,0,0,1,0,0,0,0,0,1,0,0,0,0
5,1.0,1.0,17.0,P426340,98,68.0,1.0,0,0,0,1,0,0,0,0,0,0,0,0,0,0,0,0,0,0,1,1,0,0,0,0,0,1,0,0,0,0
5,1.0,1.0,9.0,P426340,98,68.0,1.0,0,0,0,0,0,1,0,0,0,0,0,0,0,0,0,1,0,0,0,1,0,0,0,0,0,0,1,0,0,0
2,0.0,0.083333299,24.0,P426340,98,68.0,0.2594673250366449,0,0,1,0,0,0,0,0,0,0,0,0,0,0,1,0,0,0,0,1,0,0,0,0,0,1,0,0,0,0
5,1.0,0.909090996,11.0,P426340,98,68.0,0.7757561757824245,0,0,1,0,0,0,0,0,0,0,0,0,0,0,0,0,0,1,0,1,0,0,0,0,0,1,0,0,0,0
1,0.0,0.5,4.0,P426340,98,68.0,0.5,0,0,0,0,0,0,0,1,0,0,0,0,0,0,0,1,0,0,0,1,0,0,0,0,0,0,1,0,0,0
5,1.0,0.949999988,20.0,P426340,98,68.0,0.8120981752908923,0,0,0,0,1,0,0,0,0,0,0,0,0,0,1,0,0,0,0,0,0,1,0,0,0,1,0,0,0,0
1,0.0,0.307691991,13.0,P426340,98,68.0,0.411408089932221,0,0,0,0,0,0,0,0,0,0,1,0,0,0,0,1,0,0,0,0,1,0,0,0,0,0,0,1,0,0
5,1.0,0.166666999,6.0,P426340,98,68.0,0.2789429456511298,0,0,1,0,0,0,0,0,0,0,0,0,0,0,0,1,0,0,0,1,0,0,0,0,0,0,1,0,0,0
3,1.0,0.538461983,13.0,P426340,98,68.0,0.5165863013822944,0,0,1,0,0,0,0,0,0,0,0,0,0,0,0,1,0,0,0,1,0,0,0,0,0,0,1,0,0,0
4,1.0,0.880952001,42.0,P426340,98,68.0,0.6699861103568933,0,0,1,0,0,0,0,0,0,0,0,0,0,0,0,1,0,0,0,1,0,0,0,0,0,0,1,0,0,0
1,1.0,0.151515007,33.0,P426340,98,68.0,0.3473037921304802,0,0,1,0,0,0,0,0,0,0,0,0,0,0,0,1,0,0,0,1,0,0,0,0,0,0,1,0,0,0
5,1.0,0.833333015,6.0,P426340,98,68.0,0.7210570543488701,0,0,1,0,0,0,0,0,0,0,0,0,0,0,0,1,0,0,0,1,0,0,0,0,0,0,1,0,0,0
5,1.0,0.75,4.0,P426340,98,68.0,0.6666666666666667,0,0,1,0,0,0,0,0,0,0,0,0,0,0,0,1,0,0,0,1,0,0,0,0,0,0,1,0,0,0
5,1.0,1.0,5.0,P426340,98,68.0,1.0,0,0,1,0,0,0,0,0,0,0,0,0,0,0,0,1,0,0,0,1,0,0,0,0,0,0,1,0,0,0
3,1.0,0.600000024,5.0,P426340,98,68.0,0.5578858913022596,0,0,1,0,0,0,0,0,0,0,0,0,0,0,0,1,0,0,0,1,0,0,0,0,0,0,1,0,0,0
5,1.0,1.0,6.0,P426340,98,68.0,1.0,0,0,1,0,0,0,0,0,0,0,0,0,0,0,0,1,0,0,0,1,0,0,0,0,0,0,1,0,0,0
2,1.0,0.368420988,19.0,P426340,98,68.0,0.4477318095822363,0,0,1,0,0,0,0,0,0,0,0,0,0,0,0,1,0,0,0,1,0,0,0,0,0,0,1,0,0,0
5,1.0,0.958333015,24.0,P426340,98,68.0,0.8209477682489587,0,0,1,0,0,0,0,0,0,0,0,0,0,0,0,1,0,0,0,1,0,0,0,0,0,0,1,0,0,0
5,1.0,0.5,12.0,P426340,98,68.0,0.5,0,0,1,0,0,0,0,0,0,0,0,0,0,0,0,1,0,0,0,1,0,0,0,0,0,0,1,0,0,0
5,1.0,0.5,4.0,P476414,93,65.0,0.5,0,0,0,0,0,1,0,0,0,0,0,0,0,0,0,1,0,0,0,1,0,0,0,0,1,0,0,0,0,0
5,1.0,0.714286029,7.0,P476414,93,65.0,0.6199062332840658,0,0,0,0,0,0,0,1,0,0,0,0,0,0,0,1,0,0,0,0,0,0,1,0,1,0,0,0,0,0
1,0.0,0.523810029,21.0,P476414,93,65.0,0.5089099843050301,0,0,0,0,0,0,1,0,0,0,0,0,0,0,0,1,0,0,0,1,0,0,0,0,0,0,1,0,0,0
3,0.0,0.538461983,13.0,P476414,93,65.0,0.5165863013822944,0,0,0,0,0,1,0,0,0,0,0,0,0,0,0,0,0,1,0,1,0,0,0,0,0,1,0,0,0,0
5,1.0,0.5,8.0,P476414,93,65.0,0.5,0,0,0,0,1,0,0,0,0,0,0,0,0,0,0,1,0,0,0,0,0,0,1,0,0,0,1,0,0,0
5,1.0,0.777778029,9.0,P297517,68,20.0,0.6543128759565946,0,0,0,0,1,0,0,0,0,0,0,0,0,0,0,1,0,0,0,1,0,0,0,0,0,1,0,0,0,0
4,1.0,1.0,5.0,P297517,68,20.0,1.0,0,0,1,0,0,0,0,0,0,0,0,0,0,0,0,1,0,0,0,1,0,0,0,0,0,0,1,0,0,0
4,1.0,1.0,4.0,P297517,68,20.0,1.0,0,0,0,0,0,1,0,0,0,0,0,0,0,0,0,1,0,0,0,0,0,0,1,0,0,0,1,0,0,0
1,0.0,0.5,6.0,P297517,68,20.0,0.5,0,0,0,0,0,1,0,0,0,0,0,0,0,0,0,0,0,0,1,1,0,0,0,0,0,0,1,0,0,0
3,0.0,1.0,10.0,P297517,68,20.0,1.0,0,0,0,0,1,0,0,0,0,0,0,0,0,0,0,1,0,0,0,1,0,0,0,0,1,0,0,0,0,0
1,1.0,0.400000006,5.0,P297517,68,20.0,0.4421141086977403,0,0,0,0,1,0,0,0,0,0,0,0,0,0,0,1,0,0,0,1,0,0,0,0,0,0,1,0,0,0
4,1.0,0.709091008,55.0,P297517,68,20.0,0.5655975111468659,0,0,0,0,1,0,0,0,0,0,0,0,0,0,0,1,0,0,0,1,0,0,0,0,0,0,1,0,0,0
5,1.0,0.75,4.0,P297517,68,20.0,0.6666666666666667,0,0,0,0,1,0,0,0,0,0,0,0,0,0,0,1,0,0,0,0,0,0,1,0,0,0,1,0,0,0
5,1.0,1.0,29.0,P297517,68,20.0,1.0,0,0,0,0,1,0,0,0,0,0,0,0,0,0,0,1,0,0,0,1,0,0,0,0,0,0,1,0,0,0
3,1.0,0.571429014,7.0,P440312,111,56.0,0.5372435736804816,0,0,0,0,0,1,0,0,0,0,0,0,0,0,0,0,0,0,1,1,0,0,0,0,0,0,1,0,0,0
3,0.0,0.545454979,11.0,P440312,111,56.0,0.5206212286759117,0,0,0,0,1,0,0,0,0,0,0,0,0,0,1,0,0,0,0,1,0,0,0,0,0,0,1,0,0,0
3,0.0,1.0,4.0,P440312,111,56.0,1.0,0,0,0,0,0,0,1,0,0,0,0,0,0,0,0,1,0,0,0,1,0,0,0,0,1,0,0,0,0,0
5,1.0,1.0,6.0,P440312,111,56.0,1.0,0,0,0,0,0,1,0,0,0,0,0,0,0,0,0,0,0,1,0,0,0,1,0,0,0,0,1,0,0,0
5,1.0,1.0,4.0,P440312,111,56.0,1.0,0,0,0,0,1,0,0,0,0,0,0,0,0,0,0,1,0,0,0,0,1,0,0,0,0,0,1,0,0,0
3,0.0,0.228570998,35.0,P440312,111,56.0,0.3973691573871152,0,0,0,0,1,0,0,0,0,0,0,0,0,0,0,1,0,0,0,0,1,0,0,0,0,0,1,0,0,0
5,1.0,1.0,4.0,P440312,111,56.0,1.0,0,0,0,0,0,1,0,0,0,0,0,0,0,0,0,1,0,0,0,1,0,0,0,0,0,0,1,0,0,0
5,1.0,1.0,5.0,P440312,111,56.0,1.0,0,0,0,0,1,0,0,0,0,0,0,0,0,0,0,1,0,0,0,0,0,0,1,0,0,0,1,0,0,0
2,0.0,0.400000006,15.0,P440312,111,56.0,0.4580233796182054,0,0,0,0,1,0,0,0,0,0,0,0,0,0,0,1,0,0,0,1,0,0,0,0,1,0,0,0,0,0
3,0.0,1.0,8.0,P440312,111,56.0,1.0,0,0,0,1,0,0,0,0,0,0,0,0,0,0,0,1,0,0,0,0,0,1,0,0,0,0,1,0,0,0
1,0.0,0.714286029,7.0,P440312,111,56.0,0.6199062332840658,0,0,0,0,1,0,0,0,0,0,0,0,0,0,0,1,0,0,0,1,0,0,0,0,1,0,0,0,0,0
1,0.0,1.0,10.0,P440312,111,56.0,1.0,0,0,0,0,1,0,0,0,0,0,0,0,0,0,0,0,0,0,1,1,0,0,0,0,0,0,1,0,0,0
1,0.0,0.813952982,43.0,P440312,111,56.0,0.6199062332840657,0,0,0,0,0,0,0,1,0,0,0,0,0,0,0,1,0,0,0,0,0,0,1,0,0,1,0,0,0,0
5,1.0,0.642336011,113.72000000000116,P440312,111,56.0,0.5343195300840888,0,0,1,0,0,0,0,0,0,0,0,0,0,0,0,1,0,0,0,0,1,0,0,0,0,0,1,0,0,0
3,0.0,0.857142985,14.0,P12045,9,12.0,0.7001245250427999,0,0,1,0,0,0,0,0,0,0,0,0,0,0,0,0,0,0,1,0,1,0,0,0,0,0,1,0,0,0
5,1.0,1.0,4.0,P12045,9,12.0,1.0,0,0,0,0,0,0,1,0,0,0,0,0,0,0,0,1,0,0,0,1,0,0,0,0,0,0,1,0,0,0
5,1.0,1.0,5.0,P12045,9,12.0,1.0,0,1,0,0,0,0,0,0,0,0,0,0,0,0,0,1,0,0,0,1,0,0,0,0,1,0,0,0,0,0
1,0.0,0.555555999,9.0,P12045,9,12.0,0.5268025545616606,0,1,0,0,0,0,0,0,0,0,0,0,0,0,0,1,0,0,0,0,1,0,0,0,1,0,0,0,0,0
1,0.0,0.833333015,12.0,P12045,9,12.0,0.6857972507265685,0,0,0,1,0,0,0,0,0,0,0,0,0,0,0,0,0,1,0,1,0,0,0,0,0,1,0,0,0,0
1,1.0,0.333332986,6.0,P12045,9,12.0,0.4056838710822129,0,0,0,0,1,0,0,0,0,0,0,0,0,0,0,1,0,0,0,1,0,0,0,0,0,0,1,0,0,0
1,1.0,0.200000003,5.0,P12045,9,12.0,0.3010299956639811,0,0,0,0,1,0,0,0,0,0,0,0,0,0,0,1,0,0,0,1,0,0,0,0,0,0,1,0,0,0
5,1.0,1.0,4.0,P12045,9,12.0,1.0,0,0,0,0,1,0,0,0,0,0,0,0,0,0,0,1,0,0,0,1,0,0,0,0,0,0,1,0,0,0
5,1.0,0.833333015,6.0,P12045,9,12.0,0.7210570543488701,0,0,0,0,1,0,0,0,0,0,0,0,0,0,0,1,0,0,0,1,0,0,0,0,0,0,1,0,0,0
5,1.0,1.0,7.0,P377561,72,49.0,1.0,0,0,0,0,0,0,0,1,0,0,0,0,0,0,0,1,0,0,0,0,1,0,0,0,1,0,0,0,0,0
5,1.0,0.899999976,10.0,P377561,72,49.0,0.7686217868402409,0,0,0,0,0,1,0,0,0,0,0,0,0,0,1,0,0,0,0,0,1,0,0,0,0,0,1,0,0,0
5,1.0,1.0,4.0,P377561,72,49.0,1.0,0,0,0,0,0,0,0,1,0,0,0,0,0,0,0,1,0,0,0,0,0,1,0,0,0,0,1,0,0,0
5,1.0,0.850000024,20.0,P377561,72,49.0,0.6758469512137554,0,0,0,0,0,0,1,0,0,0,0,0,0,0,0,1,0,0,0,1,0,0,0,0,1,0,0,0,0,0
3,0.0,0.875,8.0,P377561,72,49.0,0.75,0,0,0,0,1,0,0,0,0,0,0,0,0,0,0,1,0,0,0,0,0,1,0,0,0,0,1,0,0,0
5,1.0,1.0,4.0,P377561,72,49.0,1.0,0,0,0,0,1,0,0,0,0,0,0,0,0,0,0,1,0,0,0,1,0,0,0,0,0,0,1,0,0,0
5,1.0,0.800000012,5.0,P377561,72,49.0,0.6989700043360187,0,0,0,0,0,0,0,0,0,0,0,0,1,0,0,1,0,0,0,1,0,0,0,0,1,0,0,0,0,0
5,1.0,1.0,6.0,P377561,72,49.0,1.0,0,0,1,0,0,0,0,0,0,0,0,0,0,0,0,1,0,0,0,1,0,0,0,0,0,0,1,0,0,0
5,1.0,1.0,4.0,P377561,72,49.0,1.0,0,0,0,0,0,0,0,0,0,0,0,0,1,0,0,1,0,0,0,1,0,0,0,0,0,0,1,0,0,0
5,1.0,0.857142985,7.0,P377561,72,49.0,0.7373504649628064,0,0,1,0,0,0,0,0,0,0,0,0,0,0,0,1,0,0,0,1,0,0,0,0,0,0,1,0,0,0
5,1.0,0.75,4.0,P377561,72,49.0,0.6666666666666667,0,0,1,0,0,0,0,0,0,0,0,0,0,0,0,1,0,0,0,1,0,0,0,0,0,0,1,0,0,0
5,1.0,0.833333015,6.0,P377561,72,49.0,0.7210570543488701,0,0,1,0,0,0,0,0,0,0,0,0,0,0,0,1,0,0,0,1,0,0,0,0,0,0,1,0,0,0
5,1.0,0.928570986,14.0,P377561,72,49.0,0.7919854023234905,0,0,1,0,0,0,0,0,0,0,0,0,0,0,0,1,0,0,0,1,0,0,0,0,0,0,1,0,0,0
5,1.0,1.0,4.0,P377561,72,49.0,1.0,0,0,1,0,0,0,0,0,0,0,0,0,0,0,0,1,0,0,0,1,0,0,0,0,0,0,1,0,0,0
5,1.0,0.9375,16.0,P377561,72,49.0,0.7999999999999999,0,0,1,0,0,0,0,0,0,0,0,0,0,0,0,1,0,0,0,1,0,0,0,0,0,0,1,0,0,0
4,1.0,0.857142985,7.0,P377561,72,49.0,0.7373504649628064,0,0,1,0,0,0,0,0,0,0,0,0,0,0,0,1,0,0,0,1,0,0,0,0,0,0,1,0,0,0
5,1.0,0.666666985,9.0,P450917,72,16.0,0.583970804646981,0,0,0,0,1,0,0,0,0,0,0,0,0,0,0,1,0,0,0,1,0,0,0,1,0,0,0,0,0,0
3,0.0,0.809524,21.0,P450917,72,16.0,0.6423320028298052,0,0,0,0,0,1,0,0,0,0,0,0,0,0,0,1,0,0,0,1,0,0,0,0,0,0,1,0,0,0
4,1.0,0.769231021,13.0,P450917,72,16.0,0.6336614981727328,0,0,0,0,1,0,0,0,0,0,0,0,0,0,1,0,0,0,0,1,0,0,0,0,0,0,1,0,0,0
5,1.0,0.266667008,15.0,P450917,72,16.0,0.3930880481540662,0,0,0,0,1,0,0,0,0,0,0,0,0,0,0,0,0,0,1,0,0,0,1,0,0,0,1,0,0,0
1,0.0,0.842104971,57.0,P450917,72,16.0,0.6282798836026106,0,0,0,0,0,0,0,1,0,0,0,0,0,0,0,0,0,0,1,0,1,0,0,0,0,0,1,0,0,0
1,0.0,0.610168993,59.0,P450917,72,16.0,0.5318799443187473,0,0,0,1,0,0,0,0,0,0,0,0,0,0,1,0,0,0,0,0,0,1,0,0,0,1,0,0,0,0
5,1.0,0.800000012,5.0,P450917,72,16.0,0.6989700043360187,0,0,1,0,0,0,0,0,0,0,0,0,0,0,1,0,0,0,0,1,0,0,0,1,0,0,0,0,0,0
5,1.0,1.0,14.0,P450917,72,16.0,1.0,0,0,0,0,0,1,0,0,0,0,0,0,0,0,0,0,0,1,0,1,0,0,0,0,0,0,1,0,0,0
5,1.0,0.916666985,12.0,P450917,72,16.0,0.7818957080144684,0,0,0,0,1,0,0,0,0,0,0,0,0,0,0,1,0,0,0,1,0,0,0,0,0,0,1,0,0,0
5,1.0,0.875,8.0,P450917,72,16.0,0.75,0,0,0,0,1,0,0,0,0,0,0,0,0,0,0,1,0,0,0,1,0,0,0,0,0,0,1,0,0,0
5,1.0,0.937008023,113.72000000000116,P450917,72,16.0,0.6854239346832891,0,0,0,0,1,0,0,0,0,0,0,0,0,0,0,1,0,0,0,1,0,0,0,0,0,0,1,0,0,0
5,1.0,0.75,4.0,P450917,72,16.0,0.6666666666666667,0,0,0,0,1,0,0,0,0,0,0,0,0,0,0,1,0,0,0,1,0,0,0,0,0,0,1,0,0,0
5,1.0,1.0,4.0,P450917,72,16.0,1.0,0,0,0,0,1,0,0,0,0,0,0,0,0,0,0,1,0,0,0,1,0,0,0,0,0,0,1,0,0,0
5,1.0,0.833333015,6.0,P450917,72,16.0,0.7210570543488701,0,0,0,0,1,0,0,0,0,0,0,0,0,0,0,1,0,0,0,1,0,0,0,0,0,0,1,0,0,0
5,1.0,1.0,4.0,P450917,72,16.0,1.0,0,0,0,0,1,0,0,0,0,0,0,0,0,0,0,1,0,0,0,1,0,0,0,0,0,0,1,0,0,0
1,1.0,0.472727001,55.0,P450917,72,16.0,0.4921337929775005,0,0,0,0,1,0,0,0,0,0,0,0,0,0,0,1,0,0,0,1,0,0,0,0,0,0,1,0,0,0
5,1.0,0.666666985,12.0,P424948,93,65.0,0.5772049881597967,0,0,0,0,1,0,0,0,0,0,0,0,0,0,0,1,0,0,0,1,0,0,0,0,0,0,1,0,0,0
1,0.0,0.857142985,14.0,P424948,93,65.0,0.7001245250427999,0,0,0,0,0,1,0,0,0,0,0,0,0,0,0,1,0,0,0,1,0,0,0,0,1,0,0,0,0,0
3,1.0,0.5,6.0,P424948,93,65.0,0.5,0,0,1,0,0,0,0,0,0,0,0,0,0,0,0,0,0,1,0,0,1,0,0,0,0,0,0,0,0,1
4,1.0,0.5,4.0,P424948,93,65.0,0.5,0,0,0,0,0,1,0,0,0,0,0,0,0,0,0,0,0,1,0,1,0,0,0,0,0,0,1,0,0,0
1,0.0,0.833333015,6.0,P424948,93,65.0,0.7210570543488701,0,0,0,0,1,0,0,0,0,0,0,0,0,0,0,1,0,0,0,0,1,0,0,0,0,0,1,0,0,0
1,0.0,0.857142985,14.0,P424948,93,65.0,0.7001245250427999,0,0,1,0,0,0,0,0,0,0,0,0,0,0,0,0,0,1,0,1,0,0,0,0,0,0,1,0,0,0
3,0.0,0.875,8.0,P416816,66,35.0,0.75,0,0,0,0,0,1,0,0,0,0,0,0,0,0,0,0,0,0,1,0,0,0,1,0,0,0,1,0,0,0
5,1.0,0.400000006,5.0,P416816,66,35.0,0.4421141086977403,0,0,0,0,0,1,0,0,0,0,0,0,0,0,0,1,0,0,0,0,0,0,1,0,0,0,1,0,0,0
1,0.0,0.307691991,13.0,P416816,66,35.0,0.411408089932221,0,0,0,0,0,0,0,1,0,0,0,0,0,0,0,1,0,0,0,1,0,0,0,0,0,0,1,0,0,0
1,0.0,0.400000006,5.0,P416816,66,35.0,0.4421141086977403,0,0,0,0,0,0,1,0,0,0,0,0,0,0,0,1,0,0,0,1,0,0,0,0,1,0,0,0,0,0
1,0.0,0.0,6.0,P416816,66,35.0,0.0,0,0,0,0,0,0,0,1,0,0,0,0,0,0,0,1,0,0,0,0,0,1,0,0,1,0,0,0,0,0
5,1.0,0.857142985,7.0,P416816,66,35.0,0.7373504649628064,0,0,0,0,0,1,0,0,0,0,0,0,0,0,0,0,0,1,0,0,0,0,1,0,0,1,0,0,0,0
2,0.0,0.8125,16.0,P416816,66,35.0,0.6556091324118037,0,0,0,0,0,0,0,1,0,0,0,0,0,0,0,1,0,0,0,1,0,0,0,0,1,0,0,0,0,0
5,1.0,0.833333015,12.0,P453253,57,38.0,0.6857972507265685,0,0,0,0,1,0,0,0,0,0,0,0,0,0,0,0,0,0,1,1,0,0,0,0,0,1,0,0,0,0
5,1.0,1.0,5.0,P453253,57,38.0,1.0,0,0,0,0,1,0,0,0,0,0,0,0,0,0,0,0,0,1,0,0,1,0,0,0,0,0,1,0,0,0
3,1.0,0.0,5.0,P453253,57,38.0,0.0,0,0,0,0,0,1,0,0,0,0,0,0,0,0,0,1,0,0,0,0,1,0,0,0,0,0,1,0,0,0
4,1.0,0.833333015,6.0,P453253,57,38.0,0.7210570543488701,0,0,0,0,0,0,0,1,0,0,0,0,0,0,0,1,0,0,0,0,1,0,0,0,0,0,1,0,0,0
1,0.0,0.142857,21.0,P453253,57,38.0,0.3201061465096427,0,0,0,0,1,0,0,0,0,0,0,0,0,0,0,1,0,0,0,1,0,0,0,0,0,1,0,0,0,0
5,1.0,0.857142985,7.0,P453253,57,38.0,0.7373504649628064,0,0,0,0,0,0,0,1,0,0,0,0,0,0,0,1,0,0,0,1,0,0,0,0,0,0,1,0,0,0
5,1.0,0.5,4.0,P453253,57,38.0,0.5,0,0,0,0,0,1,0,0,0,0,0,0,0,0,0,0,0,1,0,1,0,0,0,0,1,0,0,0,0,0
5,1.0,1.0,5.0,P411388,107,48.0,1.0,0,0,0,0,0,0,1,0,0,0,0,0,0,0,0,1,0,0,0,1,0,0,0,0,1,0,0,0,0,0
5,1.0,0.666666985,6.0,P411388,107,48.0,0.5943161289177871,0,0,1,0,0,0,0,0,0,0,0,0,0,0,0,1,0,0,0,1,0,0,0,0,0,0,1,0,0,0
2,0.0,0.5,8.0,P411388,107,48.0,0.5,0,0,0,0,0,1,0,0,0,0,0,0,0,0,0,0,0,1,0,1,0,0,0,0,1,0,0,0,0,0
1,0.0,0.666666985,9.0,P411388,107,48.0,0.583970804646981,0,0,0,0,1,0,0,0,0,0,0,0,0,0,0,1,0,0,0,1,0,0,0,0,0,1,0,0,0,0
3,0.0,0.25,4.0,P411388,107,48.0,0.3333333333333333,0,1,0,0,0,0,0,0,0,0,0,0,0,0,0,1,0,0,0,0,0,1,0,0,1,0,0,0,0,0
3,0.0,0.666666985,6.0,P411388,107,48.0,0.5943161289177871,0,0,0,0,0,0,0,1,0,0,0,0,0,0,0,1,0,0,0,0,1,0,0,0,1,0,0,0,0,0
5,1.0,1.0,4.0,P411388,107,48.0,1.0,0,0,0,0,1,0,0,0,0,0,0,0,0,0,0,1,0,0,0,0,0,0,1,0,1,0,0,0,0,0
5,1.0,1.0,4.0,P411388,107,48.0,1.0,0,0,0,1,0,0,0,0,0,0,0,0,0,0,1,0,0,0,0,1,0,0,0,0,0,1,0,0,0,0
1,0.0,0.375,8.0,P411388,107,48.0,0.4362085839710631,0,0,0,0,0,1,0,0,0,0,0,0,0,0,0,1,0,0,0,1,0,0,0,0,1,0,0,0,0,0
3,1.0,0.25,4.0,P411388,107,48.0,0.3333333333333333,0,0,0,0,0,1,0,0,0,0,0,0,0,0,0,1,0,0,0,0,0,1,0,0,0,0,1,0,0,0
1,0.0,0.800000012,5.0,P411388,107,48.0,0.6989700043360187,0,0,0,0,0,1,0,0,0,0,0,0,0,0,1,0,0,0,0,0,1,0,0,0,0,1,0,0,0,0
2,0.0,0.0,8.0,P411388,107,48.0,0.0,0,0,1,0,0,0,0,0,0,0,0,0,0,0,0,1,0,0,0,0,1,0,0,0,1,0,0,0,0,0
3,0.0,1.0,12.0,P411388,107,48.0,1.0,0,1,0,0,0,0,0,0,0,0,0,0,0,0,0,1,0,0,0,1,0,0,0,0,1,0,0,0,0,0
2,0.0,1.0,6.0,P411388,107,48.0,1.0,0,0,0,0,0,0,0,1,0,0,0,0,0,0,0,1,0,0,0,0,1,0,0,0,1,0,0,0,0,0
3,1.0,1.0,4.0,P411388,107,48.0,1.0,0,0,0,0,0,1,0,0,0,0,0,0,0,0,0,1,0,0,0,1,0,0,0,0,0,0,1,0,0,0
4,1.0,0.92592603,27.0,P411388,107,48.0,0.7478343556177288,0,0,0,0,0,1,0,0,0,0,0,0,0,0,0,1,0,0,0,1,0,0,0,0,0,0,1,0,0,0
5,1.0,1.0,42.0,P411388,107,48.0,1.0,0,0,0,0,0,1,0,0,0,0,0,0,0,0,0,1,0,0,0,1,0,0,0,0,0,0,1,0,0,0
5,1.0,1.0,4.0,P473267,7,71.0,1.0,0,0,0,0,0,1,0,0,0,0,0,0,0,0,0,0,0,0,1,1,0,0,0,0,1,0,0,0,0,0
2,1.0,0.166666999,6.0,P473267,7,71.0,0.2789429456511298,0,0,0,0,1,0,0,0,0,0,0,0,0,0,0,0,0,0,1,1,0,0,0,0,0,0,1,0,0,0
5,1.0,0.75999999,25.0,P422000,48,36.0,0.6062219839800091,0,0,0,0,0,1,0,0,0,0,0,0,0,0,0,0,0,1,0,1,0,0,0,0,0,1,0,0,0,0
3,0.0,0.75,8.0,P422000,48,36.0,0.6391511932854698,0,0,0,0,0,1,0,0,0,0,0,0,0,0,0,0,0,0,1,1,0,0,0,0,0,1,0,0,0,0
5,1.0,0.5,4.0,P422000,48,36.0,0.5,0,0,1,0,0,0,0,0,0,0,0,0,0,0,0,0,0,1,0,0,1,0,0,0,0,0,1,0,0,0
3,0.0,0.600000024,5.0,P422000,48,36.0,0.5578858913022596,0,0,0,1,0,0,0,0,0,0,0,0,0,0,1,0,0,0,0,1,0,0,0,0,0,1,0,0,0,0
4,1.0,0.941175997,17.0,P422000,48,36.0,0.8034383677671774,0,0,0,0,0,1,0,0,0,0,0,0,0,0,0,1,0,0,0,1,0,0,0,0,0,0,1,0,0,0
5,1.0,1.0,19.0,P422000,48,36.0,1.0,0,0,0,0,1,0,0,0,0,0,0,0,0,0,0,1,0,0,0,1,0,0,0,0,0,0,1,0,0,0
1,0.0,0.84375,64.0,P422000,48,36.0,0.6256347000719542,0,0,0,0,0,0,0,1,0,0,0,0,0,0,0,1,0,0,0,0,0,1,0,0,0,0,1,0,0,0
5,1.0,1.0,10.0,P422000,48,36.0,1.0,0,0,0,0,1,0,0,0,0,0,0,0,0,0,0,1,0,0,0,1,0,0,0,0,0,0,1,0,0,0
5,1.0,0.807691991,26.0,P422000,48,36.0,0.6330468657882854,0,0,0,0,0,1,0,0,0,0,0,0,0,0,0,1,0,0,0,1,0,0,0,0,0,0,1,0,0,0
5,1.0,1.0,6.0,P422000,48,36.0,1.0,0,0,0,0,1,0,0,0,0,0,0,0,0,0,1,0,0,0,0,1,0,0,0,0,0,0,1,0,0,0
4,1.0,0.864865005,37.0,P422000,48,36.0,0.6611821114879038,0,0,0,0,0,0,0,0,0,0,0,0,1,0,0,1,0,0,0,1,0,0,0,0,0,0,1,0,0,0
2,0.0,0.855931997,113.72000000000116,P422000,48,36.0,0.6154039604544475,0,0,0,0,0,1,0,0,0,0,0,0,0,0,0,0,0,1,0,0,1,0,0,0,0,0,1,0,0,0
5,1.0,0.714286029,7.0,P392245,22,68.0,0.6199062332840658,0,0,0,0,0,1,0,0,0,0,0,0,0,0,0,1,0,0,0,0,0,1,0,0,0,0,1,0,0,0
5,1.0,0.833333015,6.0,P392245,22,68.0,0.7210570543488701,0,0,0,0,0,0,0,1,0,0,0,0,0,0,0,0,0,0,1,1,0,0,0,0,0,0,1,0,0,0
1,0.0,1.0,8.0,P392245,22,68.0,1.0,0,0,0,0,0,0,1,0,0,0,0,0,0,0,0,1,0,0,0,1,0,0,0,0,1,0,0,0,0,0
5,1.0,0.0,5.0,P392245,22,68.0,0.0,0,0,0,0,1,0,0,0,0,0,0,0,0,0,0,1,0,0,0,1,0,0,0,0,0,0,1,0,0,0
5,1.0,0.800000012,5.0,P392245,22,68.0,0.6989700043360187,0,0,1,0,0,0,0,0,0,0,0,0,0,0,0,0,0,1,0,1,0,0,0,0,0,1,0,0,0,0
5,1.0,1.0,8.0,P392245,22,68.0,1.0,0,0,0,0,1,0,0,0,0,0,0,0,0,0,1,0,0,0,0,0,1,0,0,0,0,1,0,0,0,0
1,0.0,0.800000012,15.0,P392245,22,68.0,0.649149872836091,0,0,0,0,0,0,0,1,0,0,0,0,0,0,0,1,0,0,0,1,0,0,0,0,0,0,1,0,0,0
1,0.0,0.800000012,5.0,P392245,22,68.0,0.6989700043360187,0,0,0,0,0,1,0,0,0,0,0,0,0,0,0,1,0,0,0,0,0,0,1,0,0,0,1,0,0,0
5,1.0,0.75,4.0,P392245,22,68.0,0.6666666666666667,0,0,0,0,0,1,0,0,0,0,0,0,0,0,0,1,0,0,0,0,0,0,1,0,0,0,1,0,0,0
1,0.0,0.25,4.0,P392245,22,68.0,0.3333333333333333,0,0,0,0,1,0,0,0,0,0,0,0,0,0,0,1,0,0,0,1,0,0,0,0,0,0,1,0,0,0
5,1.0,1.0,4.0,P392245,22,68.0,1.0,0,0,0,0,0,1,0,0,0,0,0,0,0,0,0,1,0,0,0,0,0,0,1,0,0,0,1,0,0,0
5,1.0,0.899999976,10.0,P392245,22,68.0,0.7686217868402409,0,0,1,0,0,0,0,0,0,0,0,0,0,0,1,0,0,0,0,1,0,0,0,0,0,0,1,0,0,0
1,0.0,0.899999976,30.0,P392245,22,68.0,0.7062001286991106,0,0,0,0,1,0,0,0,0,0,0,0,0,0,0,1,0,0,0,1,0,0,0,0,0,0,1,0,0,0
1,0.0,0.5,48.0,P392245,22,68.0,0.5,0,0,1,0,0,0,0,0,0,0,0,0,0,0,0,0,0,1,0,1,0,0,0,0,0,0,0,0,0,1
4,1.0,0.833333015,6.0,P392245,22,68.0,0.7210570543488701,0,0,0,0,1,0,0,0,0,0,0,0,0,0,0,1,0,0,0,1,0,0,0,0,0,0,1,0,0,0
5,1.0,0.923076987,13.0,P392245,22,68.0,0.7872539464466368,0,0,0,0,1,0,0,0,0,0,0,0,0,0,0,1,0,0,0,1,0,0,0,0,0,0,1,0,0,0
5,1.0,0.777778029,9.0,P392245,22,68.0,0.6543128759565946,0,0,0,0,1,0,0,0,0,0,0,0,0,0,0,1,0,0,0,1,0,0,0,0,0,0,1,0,0,0
5,1.0,0.956521988,23.0,P392245,22,68.0,0.8189574032199598,0,0,0,0,1,0,0,0,0,0,0,0,0,0,0,1,0,0,0,1,0,0,0,0,0,0,1,0,0,0
5,1.0,1.0,18.0,P392245,22,68.0,1.0,0,0,0,0,1,0,0,0,0,0,0,0,0,0,0,1,0,0,0,1,0,0,0,0,0,0,1,0,0,0
5,1.0,1.0,5.0,P440925,68,32.0,1.0,0,0,0,0,0,0,0,0,0,0,0,0,1,0,0,1,0,0,0,1,0,0,0,0,0,0,1,0,0,0
5,1.0,1.0,8.0,P440925,68,32.0,1.0,0,0,1,0,0,0,0,0,0,0,0,0,0,0,0,1,0,0,0,1,0,0,0,0,0,1,0,0,0,0
4,1.0,1.0,5.0,P440925,68,32.0,1.0,0,0,0,0,0,0,0,1,0,0,0,0,0,0,0,1,0,0,0,1,0,0,0,0,1,0,0,0,0,0
5,1.0,0.875,8.0,P440925,68,32.0,0.75,0,0,0,0,1,0,0,0,0,0,0,0,0,0,0,0,0,1,0,1,0,0,0,0,0,1,0,0,0,0
1,0.0,0.899999976,10.0,P440925,68,32.0,0.7686217868402409,0,0,0,0,1,0,0,0,0,0,0,0,0,0,0,1,0,0,0,1,0,0,0,0,0,0,1,0,0,0
1,0.0,0.619047999,21.0,P440925,68,32.0,0.5456789700000703,0,0,1,0,0,0,0,0,0,0,0,0,0,0,0,0,0,1,0,0,1,0,0,0,0,1,0,0,0,0
3,1.0,0.714286029,7.0,P440925,68,32.0,0.6199062332840658,0,0,0,0,1,0,0,0,0,0,0,0,0,0,0,1,0,0,0,1,0,0,0,0,0,1,0,0,0,0
5,1.0,0.947368026,19.0,P440925,68,32.0,0.8094485875732266,0,0,0,0,1,0,0,0,0,0,0,0,0,0,0,1,0,0,0,1,0,0,0,0,0,1,0,0,0,0
5,1.0,0.800000012,5.0,P440925,68,32.0,0.6989700043360187,0,0,0,0,1,0,0,0,0,0,0,0,0,0,0,1,0,0,0,1,0,0,0,0,0,1,0,0,0,0
5,1.0,1.0,10.0,P440925,68,32.0,1.0,0,0,0,0,1,0,0,0,0,0,0,0,0,0,0,1,0,0,0,1,0,0,0,0,0,1,0,0,0,0
5,1.0,0.200000003,5.0,P440925,68,32.0,0.3010299956639811,0,0,0,0,1,0,0,0,0,0,0,0,0,0,0,1,0,0,0,1,0,0,0,0,0,1,0,0,0,0
5,1.0,1.0,5.0,P122774,7,37.0,1.0,0,0,1,0,0,0,0,0,0,0,0,0,0,0,1,0,0,0,0,1,0,0,0,0,0,0,1,0,0,0
5,1.0,1.0,9.0,P122774,7,37.0,1.0,0,0,0,0,0,1,0,0,0,0,0,0,0,0,1,0,0,0,0,0,1,0,0,0,0,1,0,0,0,0
1,1.0,0.0,4.0,P122774,7,37.0,0.0,0,0,0,0,0,1,0,0,0,0,0,0,0,0,1,0,0,0,0,1,0,0,0,0,0,1,0,0,0,0
3,1.0,1.0,4.0,P122774,7,37.0,1.0,0,0,0,0,0,1,0,0,0,0,0,0,0,0,1,0,0,0,0,1,0,0,0,0,0,1,0,0,0,0
5,1.0,1.0,13.0,P122774,7,37.0,1.0,0,0,0,0,1,0,0,0,0,0,0,0,0,0,1,0,0,0,0,0,1,0,0,0,0,1,0,0,0,0
4,1.0,1.0,4.0,P122774,7,37.0,1.0,0,0,0,0,0,1,0,0,0,0,0,0,0,0,1,0,0,0,0,0,0,0,1,0,0,1,0,0,0,0
5,1.0,0.375,8.0,P122774,7,37.0,0.4362085839710631,0,0,1,0,0,0,0,0,0,0,0,0,0,0,1,0,0,0,0,0,0,1,0,0,0,1,0,0,0,0
4,1.0,0.8125,16.0,P122774,7,37.0,0.6556091324118037,0,0,0,0,0,1,0,0,0,0,0,0,0,0,1,0,0,0,0,1,0,0,0,0,0,1,0,0,0,0
5,1.0,1.0,4.0,P386197,68,27.0,1.0,0,0,0,0,0,1,0,0,0,0,0,0,0,0,0,1,0,0,0,1,0,0,0,0,0,0,1,0,0,0
1,1.0,0.828571022,113.72000000000116,P386197,68,27.0,0.588532389046175,0,0,0,0,1,0,0,0,0,0,0,0,0,0,0,1,0,0,0,1,0,0,0,0,0,0,1,0,0,0
5,1.0,0.956521988,23.0,P386197,68,27.0,0.8189574032199598,0,0,0,0,1,0,0,0,0,0,0,0,0,0,0,1,0,0,0,1,0,0,0,0,0,0,1,0,0,0
5,1.0,0.75,4.0,P427415,101,10.9,0.6666666666666667,0,0,0,0,0,0,1,0,0,0,0,0,0,0,0,1,0,0,0,0,0,0,1,0,1,0,0,0,0,0
5,1.0,0.666666985,6.0,P427415,101,10.9,0.5943161289177871,0,0,0,0,0,1,0,0,0,0,0,0,0,0,0,1,0,0,0,1,0,0,0,0,0,0,1,0,0,0
5,1.0,0.800000012,10.0,P427415,101,10.9,0.6666666666666666,0,0,1,0,0,0,0,0,0,0,0,0,0,0,0,0,0,0,1,1,0,0,0,0,0,1,0,0,0,0
5,1.0,0.833333015,6.0,P427415,101,10.9,0.7210570543488701,0,0,0,0,1,0,0,0,0,0,0,0,0,0,0,0,0,1,0,1,0,0,0,0,0,1,0,0,0,0
5,1.0,0.888889015,9.0,P427415,101,10.9,0.7601875334318686,0,0,0,0,0,0,0,1,0,0,0,0,0,0,0,1,0,0,0,0,0,1,0,0,1,0,0,0,0,0
5,1.0,0.833333015,12.0,P427415,101,10.9,0.6857972507265685,0,0,0,0,0,1,0,0,0,0,0,0,0,0,0,1,0,0,0,0,0,0,1,0,0,0,1,0,0,0
4,1.0,0.714286029,7.0,P427415,101,10.9,0.6199062332840658,0,1,0,0,0,0,0,0,0,0,0,0,0,0,0,1,0,0,0,0,1,0,0,0,1,0,0,0,0,0
3,0.0,0.307691991,13.0,P427415,101,10.9,0.411408089932221,0,0,1,0,0,0,0,0,0,0,0,0,0,0,0,0,0,0,1,0,1,0,0,0,0,1,0,0,0,0
5,1.0,1.0,15.0,P427415,101,10.9,1.0,0,0,1,0,0,0,0,0,0,0,0,0,0,0,1,0,0,0,0,1,0,0,0,0,0,0,1,0,0,0
5,1.0,0.888889015,9.0,P427415,101,10.9,0.7601875334318686,0,0,1,0,0,0,0,0,0,0,0,0,0,0,0,1,0,0,0,1,0,0,0,0,0,0,1,0,0,0
5,1.0,0.888889015,9.0,P427415,101,10.9,0.7601875334318686,0,0,0,0,1,0,0,0,0,0,0,0,0,0,0,1,0,0,0,1,0,0,0,0,0,1,0,0,0,0
4,1.0,0.923076987,13.0,P427415,101,10.9,0.7872539464466368,0,0,0,0,0,1,0,0,0,0,0,0,0,0,0,1,0,0,0,0,1,0,0,0,0,0,1,0,0,0
4,1.0,0.846153975,13.0,P427415,101,10.9,0.6934264036172708,0,0,0,1,0,0,0,0,0,0,0,0,0,0,1,0,0,0,0,0,0,0,1,0,0,0,1,0,0,0
5,1.0,0.740741014,27.0,P427415,101,10.9,0.594173270921001,0,0,1,0,0,0,0,0,0,0,0,0,0,0,1,0,0,0,0,1,0,0,0,0,0,0,0,0,0,1
5,1.0,1.0,6.0,P427415,101,10.9,1.0,0,0,0,0,1,0,0,0,0,0,0,0,0,0,0,0,0,1,0,0,0,1,0,0,0,1,0,0,0,0
4,1.0,0.93333298,15.0,P427415,101,10.9,0.7962049529094938,0,0,1,0,0,0,0,0,0,0,0,0,0,0,0,0,0,0,1,1,0,0,0,0,0,0,1,0,0,0
4,1.0,0.384615004,13.0,P427415,101,10.9,0.4491768952476266,0,0,0,0,1,0,0,0,0,0,0,0,0,0,0,1,0,0,0,0,1,0,0,0,0,1,0,0,0,0
5,1.0,0.944444001,18.0,P427415,101,10.9,0.8065735963827292,0,0,0,0,1,0,0,0,0,0,0,0,0,0,1,0,0,0,0,1,0,0,0,0,0,1,0,0,0,0
1,0.0,0.800000012,5.0,P427415,101,10.9,0.6989700043360187,0,0,0,0,1,0,0,0,0,0,0,0,0,0,0,1,0,0,0,0,1,0,0,0,0,0,1,0,0,0
5,1.0,0.857142985,7.0,P427415,101,10.9,0.7373504649628064,0,0,1,0,0,0,0,0,0,0,0,0,0,0,1,0,0,0,0,0,0,1,0,0,0,1,0,0,0,0
5,1.0,0.75,4.0,P427415,101,10.9,0.6666666666666667,0,0,0,0,1,0,0,0,0,0,0,0,0,0,0,1,0,0,0,0,0,0,1,0,1,0,0,0,0,0
1,0.0,0.600000024,15.0,P427415,101,10.9,0.5419766203817946,0,0,0,0,0,1,0,0,0,0,0,0,0,0,0,1,0,0,0,0,1,0,0,0,0,0,1,0,0,0
5,1.0,0.743589997,39.0,P427415,101,10.9,0.5865050938694752,0,0,0,0,1,0,0,0,0,0,0,0,0,0,0,1,0,0,0,1,0,0,0,0,0,0,1,0,0,0
5,1.0,0.800000012,10.0,P174502,7,37.0,0.6666666666666666,0,0,0,0,0,1,0,0,0,0,0,0,0,0,0,0,0,1,0,1,0,0,0,0,0,0,1,0,0,0
5,1.0,0.769231021,13.0,P174502,7,37.0,0.6336614981727328,0,0,0,0,1,0,0,0,0,0,0,0,0,0,1,0,0,0,0,1,0,0,0,0,0,1,0,0,0,0
2,0.0,1.0,17.0,P174502,7,37.0,1.0,0,0,0,0,0,1,0,0,0,0,0,0,0,0,0,1,0,0,0,0,0,0,1,0,0,0,1,0,0,0
1,0.0,1.0,17.0,P174502,7,37.0,1.0,0,0,0,0,1,0,0,0,0,0,0,0,0,0,0,1,0,0,0,1,0,0,0,0,0,0,1,0,0,0
3,1.0,0.5,4.0,P174502,7,37.0,0.5,0,0,1,0,0,0,0,0,0,0,0,0,0,0,0,1,0,0,0,1,0,0,0,0,0,0,1,0,0,0
5,1.0,1.0,7.0,P174502,7,37.0,1.0,0,0,1,0,0,0,0,0,0,0,0,0,0,0,0,1,0,0,0,1,0,0,0,0,0,0,1,0,0,0
4,1.0,0.600000024,5.0,P439058,98,89.0,0.5578858913022596,0,0,1,0,0,0,0,0,0,0,0,0,0,1,0,0,0,0,0,1,0,0,0,0,0,0,1,0,0,0
1,0.0,0.5,14.0,P439058,98,89.0,0.5,0,0,0,0,0,1,0,0,0,0,0,0,0,0,0,1,0,0,0,0,0,1,0,0,1,0,0,0,0,0
5,1.0,1.0,5.0,P439058,98,89.0,1.0,0,1,0,0,0,0,0,0,0,0,0,0,0,0,0,1,0,0,0,0,1,0,0,0,0,0,1,0,0,0
2,0.0,0.666666985,6.0,P439058,98,89.0,0.5943161289177871,0,0,0,0,0,1,0,0,0,0,0,0,0,0,0,1,0,0,0,1,0,0,0,0,0,1,0,0,0,0
5,1.0,1.0,5.0,P439058,98,89.0,1.0,0,0,0,0,0,1,0,0,0,0,0,0,0,0,0,0,0,0,1,0,0,0,1,0,0,0,1,0,0,0
5,1.0,0.909090996,11.0,P439058,98,89.0,0.7757561757824245,0,0,0,1,0,0,0,0,0,0,0,0,0,0,0,0,0,0,1,0,0,1,0,0,0,0,1,0,0,0
5,1.0,0.875,80.0,P439058,98,89.0,0.6399867550693298,0,0,0,1,0,0,0,0,0,0,0,0,0,0,0,0,0,0,1,1,0,0,0,0,0,0,1,0,0,0
3,1.0,0.899999976,10.0,P439058,98,89.0,0.7686217868402409,0,0,1,0,0,0,0,0,0,0,0,0,0,0,0,0,0,1,0,1,0,0,0,0,1,0,0,0,0,0
5,1.0,0.928570986,14.0,P439058,98,89.0,0.7919854023234905,0,0,0,0,1,0,0,0,0,0,0,0,0,0,0,1,0,0,0,0,1,0,0,0,0,0,1,0,0,0
1,0.0,0.428570986,7.0,P439058,98,89.0,0.4627564263195183,0,0,0,0,0,0,0,1,0,0,0,0,0,0,0,1,0,0,0,0,0,1,0,0,1,0,0,0,0,0
5,1.0,0.952381015,21.0,P439058,98,89.0,0.814550976584631,0,0,1,0,0,0,0,0,0,0,0,0,0,0,0,1,0,0,0,0,1,0,0,0,0,1,0,0,0,0
4,1.0,0.777778029,18.0,P439058,98,89.0,0.6272281775627488,0,0,0,0,1,0,0,0,0,0,0,0,0,0,0,0,0,0,1,1,0,0,0,0,0,0,1,0,0,0
5,1.0,0.25,4.0,P439058,98,89.0,0.3333333333333333,0,0,0,0,0,0,1,0,0,0,0,0,0,0,0,1,0,0,0,1,0,0,0,0,1,0,0,0,0,0
3,0.0,0.928570986,14.0,P439058,98,89.0,0.7919854023234905,0,0,0,1,0,0,0,0,0,0,0,0,0,0,0,1,0,0,0,0,0,0,1,1,0,0,0,0,0,0
5,1.0,0.666666985,9.0,P439058,98,89.0,0.583970804646981,0,0,0,0,0,1,0,0,0,0,0,0,0,0,0,1,0,0,0,0,0,0,1,0,1,0,0,0,0,0
1,0.0,0.882353008,34.0,P439058,98,89.0,0.6808839478879348,0,0,0,0,0,0,0,1,0,0,0,0,0,0,0,1,0,0,0,0,1,0,0,0,1,0,0,0,0,0
4,1.0,0.942028999,69.0,P439058,98,89.0,0.7224672878443908,0,0,0,0,1,0,0,0,0,0,0,0,0,0,1,0,0,0,0,0,0,1,0,0,0,0,1,0,0,0
5,1.0,0.096774198,31.0,P439058,98,89.0,0.2916310210572107,0,0,0,0,0,1,0,0,0,0,0,0,0,0,0,1,0,0,0,1,0,0,0,0,1,0,0,0,0,0
5,1.0,0.400000006,5.0,P439058,98,89.0,0.4421141086977403,0,0,0,0,0,0,0,1,0,0,0,0,0,0,0,0,0,1,0,0,1,0,0,0,0,0,1,0,0,0
5,1.0,0.805555999,36.0,P427420,101,30.8,0.6205841014587709,0,0,1,0,0,0,0,0,0,0,0,0,0,0,1,0,0,0,0,0,0,1,0,0,0,1,0,0,0,0
4,1.0,1.0,4.0,P427420,101,30.8,1.0,0,0,0,0,0,1,0,0,0,0,0,0,0,0,0,1,0,0,0,1,0,0,0,0,0,1,0,0,0,0
1,0.0,0.285714,7.0,P427420,101,30.8,0.3800937667159343,0,0,0,0,1,0,0,0,0,0,0,0,0,0,0,1,0,0,0,1,0,0,0,0,0,0,1,0,0,0
4,1.0,0.75,4.0,P427420,101,30.8,0.6666666666666667,0,0,0,0,1,0,0,0,0,0,0,0,0,0,0,1,0,0,0,0,0,0,1,0,0,0,1,0,0,0
5,1.0,0.5,10.0,P427420,101,30.8,0.5,0,0,1,0,0,0,0,0,0,0,0,0,0,0,0,1,0,0,0,1,0,0,0,0,0,0,1,0,0,0
5,1.0,1.0,6.0,P427420,101,30.8,1.0,0,0,1,0,0,0,0,0,0,0,0,0,0,0,1,0,0,0,0,1,0,0,0,0,0,1,0,0,0,0
5,1.0,1.0,5.0,P427420,101,30.8,1.0,0,0,0,0,1,0,0,0,0,0,0,0,0,0,0,0,0,0,1,0,0,1,0,0,0,1,0,0,0,0
5,1.0,1.0,16.0,P427420,101,30.8,1.0,0,0,0,0,1,0,0,0,0,0,0,0,0,0,0,0,0,1,0,0,0,1,0,0,0,1,0,0,0,0
5,1.0,0.800000012,10.0,P427420,101,30.8,0.6666666666666666,0,0,1,0,0,0,0,0,0,0,0,0,0,0,0,1,0,0,0,0,1,0,0,0,0,1,0,0,0,0
5,1.0,0.400000006,5.0,P427420,101,30.8,0.4421141086977403,0,0,0,0,0,0,1,0,0,0,0,0,0,0,0,1,0,0,0,1,0,0,0,0,0,0,1,0,0,0
5,1.0,0.176470995,17.0,P427420,101,30.8,0.3385876151975628,0,0,0,0,0,1,0,0,0,0,0,0,0,0,0,1,0,0,0,1,0,0,0,0,1,0,0,0,0,0
3,0.0,0.78947401,19.0,P427420,101,30.8,0.6327183637591292,0,0,0,0,1,0,0,0,0,0,0,0,0,0,0,1,0,0,0,1,0,0,0,0,0,0,1,0,0,0
5,1.0,0.800000012,5.0,P427420,101,30.8,0.6989700043360187,0,0,0,0,0,1,0,0,0,0,0,0,0,0,0,1,0,0,0,1,0,0,0,0,0,0,1,0,0,0
5,1.0,1.0,10.0,P427420,101,30.8,1.0,0,0,0,0,0,1,0,0,0,0,0,0,0,0,0,1,0,0,0,1,0,0,0,0,0,0,1,0,0,0
3,1.0,0.375,24.0,P427420,101,30.8,0.4536958096060715,0,0,0,0,1,0,0,0,0,0,0,0,0,0,0,1,0,0,0,1,0,0,0,0,0,0,1,0,0,0
5,1.0,0.818181992,11.0,P427420,101,30.8,0.6769924925288455,0,0,0,0,0,1,0,0,0,0,0,0,0,0,0,1,0,0,0,0,1,0,0,0,0,0,1,0,0,0
5,1.0,0.5,6.0,P427420,101,30.8,0.5,0,0,1,0,0,0,0,0,0,0,0,0,0,0,0,1,0,0,0,0,1,0,0,0,0,0,1,0,0,0
2,0.0,0.800000012,5.0,P427420,101,30.8,0.6989700043360187,0,0,0,0,0,1,0,0,0,0,0,0,0,0,0,1,0,0,0,0,0,0,1,0,0,0,1,0,0,0
1,0.0,0.8125,16.0,P427420,101,30.8,0.6556091324118037,0,0,0,0,0,0,1,0,0,0,0,0,0,0,0,1,0,0,0,1,0,0,0,0,1,0,0,0,0,0
4,1.0,1.0,13.0,P427420,101,30.8,1.0,0,0,0,0,1,0,0,0,0,0,0,0,0,0,1,0,0,0,0,1,0,0,0,0,0,0,1,0,0,0
5,1.0,1.0,6.0,P427420,101,30.8,1.0,0,0,0,0,1,0,0,0,0,0,0,0,0,0,1,0,0,0,0,0,0,1,0,0,0,1,0,0,0,0
2,0.0,0.571429014,35.0,P427420,101,30.8,0.5233736048706831,0,0,1,0,0,0,0,0,0,0,0,0,0,0,1,0,0,0,0,0,0,1,0,0,0,0,1,0,0,0
4,1.0,0.875,8.0,P427420,101,30.8,0.75,0,0,0,1,0,0,0,0,0,0,0,0,0,0,0,0,0,0,1,0,1,0,0,0,0,0,1,0,0,0
1,0.0,1.0,8.0,P427420,101,30.8,1.0,0,0,0,0,0,1,0,0,0,0,0,0,0,0,0,1,0,0,0,1,0,0,0,0,0,0,1,0,0,0
5,1.0,1.0,9.0,P427420,101,30.8,1.0,0,0,1,0,0,0,0,0,0,0,0,0,0,0,1,0,0,0,0,1,0,0,0,0,0,0,1,0,0,0
5,1.0,1.0,6.0,P427420,101,30.8,1.0,0,0,0,0,0,0,0,1,0,0,0,0,0,0,0,0,0,0,1,1,0,0,0,0,0,0,1,0,0,0
5,1.0,0.888889015,27.0,P427420,101,30.8,0.6989700043360187,0,0,1,0,0,0,0,0,0,0,0,0,0,0,1,0,0,0,0,0,1,0,0,0,0,0,1,0,0,0
1,0.0,0.600000024,5.0,P427420,101,30.8,0.5578858913022596,0,0,1,0,0,0,0,0,0,0,0,0,0,0,1,0,0,0,0,0,0,1,0,0,0,0,1,0,0,0
1,0.0,0.826086998,23.0,P427420,101,30.8,0.6505149978319905,0,0,0,0,1,0,0,0,0,0,0,0,0,0,0,1,0,0,0,1,0,0,0,0,0,0,1,0,0,0
5,1.0,0.823529005,17.0,P427420,101,30.8,0.6614123848024371,0,0,0,0,0,0,0,1,0,0,0,0,0,0,0,1,0,0,0,1,0,0,0,0,1,0,0,0,0,0
4,1.0,0.0,5.0,P427420,101,30.8,0.0,0,0,0,0,0,1,0,0,0,0,0,0,0,0,0,0,0,1,0,1,0,0,0,0,0,0,1,0,0,0
5,1.0,0.777778029,9.0,P39274,72,39.0,0.6543128759565946,0,0,0,0,0,1,0,0,0,0,0,0,0,0,0,1,0,0,0,0,0,1,0,0,1,0,0,0,0,0
5,1.0,1.0,12.0,P39274,72,39.0,1.0,0,0,0,0,1,0,0,0,0,0,0,0,0,0,1,0,0,0,0,1,0,0,0,0,0,0,0,0,1,0
5,1.0,1.0,10.0,P39274,72,39.0,1.0,0,1,0,0,0,0,0,0,0,0,0,0,0,0,0,1,0,0,0,0,0,0,1,0,1,0,0,0,0,0
1,1.0,0.800000012,5.0,P39274,72,39.0,0.6989700043360187,0,0,0,0,1,0,0,0,0,0,0,0,0,0,0,1,0,0,0,1,0,0,0,0,1,0,0,0,0,0
5,1.0,1.0,4.0,P39274,72,39.0,1.0,0,0,0,0,1,0,0,0,0,0,0,0,0,0,0,1,0,0,0,1,0,0,0,0,1,0,0,0,0,0
5,1.0,1.0,6.0,P39274,72,39.0,1.0,0,0,0,0,1,0,0,0,0,0,0,0,0,0,0,1,0,0,0,1,0,0,0,0,1,0,0,0,0,0
5,1.0,1.0,4.0,P39274,72,39.0,1.0,0,0,0,0,0,1,0,0,0,0,0,0,0,0,0,1,0,0,0,0,0,0,1,0,1,0,0,0,0,0
5,1.0,1.0,6.0,P39274,72,39.0,1.0,0,0,0,0,0,0,0,1,0,0,0,0,0,0,0,1,0,0,0,1,0,0,0,0,1,0,0,0,0,0
5,1.0,1.0,12.0,P449599,72,12.0,1.0,0,0,0,0,0,0,1,0,0,0,0,0,0,0,0,1,0,0,0,0,0,1,0,0,0,0,1,0,0,0
5,1.0,1.0,7.0,P449599,72,12.0,1.0,0,0,1,0,0,0,0,0,0,0,0,0,0,0,1,0,0,0,0,0,0,1,0,0,0,1,0,0,0,0
5,1.0,1.0,8.0,P449599,72,12.0,1.0,0,0,0,0,0,0,0,0,0,0,0,0,1,0,0,1,0,0,0,0,1,0,0,0,0,0,1,0,0,0
5,1.0,1.0,5.0,P449599,72,12.0,1.0,0,0,1,0,0,0,0,0,0,0,0,0,0,0,0,1,0,0,0,1,0,0,0,0,0,0,1,0,0,0
1,1.0,0.0,26.0,P449599,72,12.0,0.0,0,0,1,0,0,0,0,0,0,0,0,0,0,0,0,1,0,0,0,1,0,0,0,0,0,0,1,0,0,0
3,1.0,1.0,5.0,P449599,72,12.0,1.0,0,0,1,0,0,0,0,0,0,0,0,0,0,0,0,1,0,0,0,0,0,0,1,0,0,0,1,0,0,0
1,1.0,1.0,8.0,P449599,72,12.0,1.0,0,0,1,0,0,0,0,0,0,0,0,0,0,0,0,1,0,0,0,1,0,0,0,0,0,0,1,0,0,0
5,1.0,1.0,5.0,P449599,72,12.0,1.0,0,0,1,0,0,0,0,0,0,0,0,0,0,0,0,1,0,0,0,1,0,0,0,0,0,0,1,0,0,0
5,1.0,1.0,6.0,P449599,72,12.0,1.0,0,0,1,0,0,0,0,0,0,0,0,0,0,0,0,1,0,0,0,1,0,0,0,0,0,0,1,0,0,0
5,1.0,0.954545021,22.0,P449599,72,12.0,0.8168307490863663,0,0,1,0,0,0,0,0,0,0,0,0,0,0,0,1,0,0,0,1,0,0,0,0,0,0,1,0,0,0
5,1.0,1.0,6.0,P449599,72,12.0,1.0,0,0,1,0,0,0,0,0,0,0,0,0,0,0,0,1,0,0,0,0,0,0,1,0,0,0,1,0,0,0
1,1.0,0.800000012,5.0,P449599,72,12.0,0.6989700043360187,0,0,0,0,0,0,0,1,0,0,0,0,0,0,0,1,0,0,0,1,0,0,0,0,0,0,1,0,0,0
5,1.0,0.600000024,5.0,P449599,72,12.0,0.5578858913022596,0,0,1,0,0,0,0,0,0,0,0,0,0,0,0,1,0,0,0,1,0,0,0,0,0,0,1,0,0,0
1,0.0,0.642857015,14.0,P400259,22,78.0,0.5623818557528476,0,0,0,0,1,0,0,0,0,0,0,0,0,0,0,1,0,0,0,1,0,0,0,0,1,0,0,0,0,0
1,0.0,0.5,4.0,P400259,22,78.0,0.5,0,0,0,0,1,0,0,0,0,0,0,0,0,0,1,0,0,0,0,1,0,0,0,0,0,0,1,0,0,0
1,0.0,1.0,8.0,P400259,22,78.0,1.0,0,0,0,0,1,0,0,0,0,0,0,0,0,0,1,0,0,0,0,0,1,0,0,0,0,1,0,0,0,0
1,0.0,0.863636017,22.0,P400259,22,78.0,0.6836408181204355,0,0,1,0,0,0,0,0,0,0,0,0,0,0,1,0,0,0,0,1,0,0,0,0,0,1,0,0,0,0
4,1.0,0.899999976,10.0,P400259,22,78.0,0.7686217868402409,0,0,0,0,0,0,0,0,0,0,0,0,1,0,0,1,0,0,0,0,0,1,0,0,1,0,0,0,0,0
4,1.0,0.166666999,6.0,P400259,22,78.0,0.2789429456511298,0,0,0,0,0,1,0,0,0,0,0,0,0,0,0,1,0,0,0,1,0,0,0,0,0,0,1,0,0,0
1,0.0,0.375,8.0,P400259,22,78.0,0.4362085839710631,0,0,0,0,0,1,0,0,0,0,0,0,0,0,0,1,0,0,0,0,0,0,1,0,0,0,1,0,0,0
4,1.0,1.0,4.0,P400259,22,78.0,1.0,0,0,0,0,0,0,1,0,0,0,0,0,0,0,0,1,0,0,0,0,0,0,1,0,1,0,0,0,0,0
5,1.0,0.625,8.0,P379510,54,132.0,0.5637914160289369,0,0,0,0,0,1,0,0,0,0,0,0,0,0,0,1,0,0,0,1,0,0,0,0,0,0,1,0,0,0
5,1.0,0.888889015,9.0,P379510,54,132.0,0.7601875334318686,0,0,0,0,0,1,0,0,0,0,0,0,0,0,0,1,0,0,0,0,0,1,0,0,0,0,1,0,0,0
1,0.0,0.813952982,113.72000000000116,P379510,54,132.0,0.5916331867028949,0,0,0,0,0,1,0,0,0,0,0,0,0,0,0,1,0,0,0,0,0,1,0,0,0,0,1,0,0,0
5,1.0,0.857142985,14.0,P379510,54,132.0,0.7001245250427999,0,0,0,0,1,0,0,0,0,0,0,0,0,0,0,1,0,0,0,1,0,0,0,0,1,0,0,0,0,0
3,0.0,0.649999976,20.0,P379510,54,132.0,0.5593001930486659,0,0,0,0,0,1,0,0,0,0,0,0,0,0,0,1,0,0,0,1,0,0,0,0,1,0,0,0,0,0
4,1.0,0.5,6.0,P379510,54,132.0,0.5,0,0,0,0,0,1,0,0,0,0,0,0,0,0,0,1,0,0,0,0,1,0,0,0,0,0,1,0,0,0
1,0.0,0.75,12.0,P379510,54,132.0,0.6241963505817848,0,0,0,0,0,0,0,1,0,0,0,0,0,0,0,1,0,0,0,1,0,0,0,0,1,0,0,0,0,0
5,1.0,0.93333298,15.0,P379510,54,132.0,0.7962049529094938,0,0,0,0,0,0,1,0,0,0,0,0,0,0,0,1,0,0,0,0,1,0,0,0,1,0,0,0,0,0
5,1.0,0.833333015,6.0,P379510,54,132.0,0.7210570543488701,0,0,0,0,0,1,0,0,0,0,0,0,0,0,0,0,0,0,1,0,0,0,1,0,0,0,1,0,0,0
4,1.0,1.0,9.0,P379510,54,132.0,1.0,0,0,0,0,1,0,0,0,0,0,0,0,0,0,1,0,0,0,0,1,0,0,0,0,0,1,0,0,0,0
5,1.0,0.25,4.0,P379510,54,132.0,0.3333333333333333,0,0,1,0,0,0,0,0,0,0,0,0,0,0,0,1,0,0,0,1,0,0,0,0,0,0,1,0,0,0
5,1.0,0.75,4.0,P379510,54,132.0,0.6666666666666667,0,0,1,0,0,0,0,0,0,0,0,0,0,0,0,1,0,0,0,0,1,0,0,0,0,0,1,0,0,0
5,1.0,0.800000012,5.0,P379510,54,132.0,0.6989700043360187,0,0,1,0,0,0,0,0,0,0,0,0,0,0,0,1,0,0,0,1,0,0,0,0,0,0,1,0,0,0
5,1.0,0.857142985,7.0,P379510,54,132.0,0.7373504649628064,0,0,1,0,0,0,0,0,0,0,0,0,0,0,0,1,0,0,0,1,0,0,0,0,0,0,1,0,0,0
5,1.0,0.916666985,12.0,P379510,54,132.0,0.7818957080144684,0,0,1,0,0,0,0,0,0,0,0,0,0,0,0,1,0,0,0,1,0,0,0,0,0,0,1,0,0,0
5,1.0,0.9375,16.0,P379510,54,132.0,0.7999999999999999,0,0,1,0,0,0,0,0,0,0,0,0,0,0,0,1,0,0,0,0,0,1,0,0,0,0,1,0,0,0
5,1.0,0.5,8.0,P379510,54,132.0,0.5,0,0,1,0,0,0,0,0,0,0,0,0,0,0,0,1,0,0,0,1,0,0,0,0,0,0,1,0,0,0
4,1.0,0.714286029,7.0,P379510,54,132.0,0.6199062332840658,0,0,1,0,0,0,0,0,0,0,0,0,0,0,0,1,0,0,0,1,0,0,0,0,0,0,1,0,0,0
3,1.0,0.600000024,15.0,P379510,54,132.0,0.5419766203817946,0,0,1,0,0,0,0,0,0,0,0,0,0,0,0,1,0,0,0,0,1,0,0,0,0,0,1,0,0,0
4,1.0,0.586206973,29.0,P379510,54,132.0,0.5298261452949584,0,0,1,0,0,0,0,0,0,0,0,0,0,0,0,1,0,0,0,1,0,0,0,0,0,0,1,0,0,0
4,1.0,1.0,5.0,P443840,99,10.99,1.0,0,0,0,0,1,0,0,0,0,0,0,0,0,0,0,0,0,0,1,1,0,0,0,0,0,1,0,0,0,0
5,1.0,0.5,4.0,P443840,99,10.99,0.5,0,0,0,0,1,0,0,0,0,0,0,0,0,0,0,0,0,1,0,0,0,0,1,0,0,1,0,0,0,0
5,1.0,1.0,5.0,P443840,99,10.99,1.0,0,0,0,0,0,0,0,1,0,0,0,0,0,0,0,0,0,1,0,1,0,0,0,0,1,0,0,0,0,0
1,0.0,0.411765009,17.0,P443840,99,10.99,0.4644371482073046,0,0,0,0,1,0,0,0,0,0,0,0,0,0,1,0,0,0,0,0,0,1,0,0,0,1,0,0,0,0
4,1.0,0.636363983,11.0,P443840,99,10.99,0.5637054741273227,0,1,0,0,0,0,0,0,0,0,0,0,0,0,0,1,0,0,0,1,0,0,0,0,0,1,0,0,0,0
5,1.0,1.0,10.0,P443840,99,10.99,1.0,0,0,0,0,0,0,0,0,0,0,0,1,0,0,0,1,0,0,0,1,0,0,0,0,1,0,0,0,0,0
5,1.0,1.0,6.0,P443840,99,10.99,1.0,0,0,0,0,1,0,0,0,0,0,0,0,0,0,0,0,0,1,0,1,0,0,0,0,0,0,1,0,0,0
5,1.0,0.800000012,15.0,P443840,99,10.99,0.649149872836091,0,0,0,0,0,1,0,0,0,0,0,0,0,0,1,0,0,0,0,0,0,1,0,0,0,1,0,0,0,0
4,1.0,0.833333015,6.0,P443840,99,10.99,0.7210570543488701,0,0,0,0,1,0,0,0,0,0,0,0,0,0,0,1,0,0,0,0,1,0,0,0,0,1,0,0,0,0
4,1.0,0.857142985,7.0,P443840,99,10.99,0.7373504649628064,0,0,0,0,0,0,0,1,0,0,0,0,0,0,0,1,0,0,0,1,0,0,0,0,0,0,1,0,0,0
5,1.0,0.666666985,6.0,P443840,99,10.99,0.5943161289177871,0,0,0,0,0,0,0,1,0,0,0,0,0,0,0,0,0,0,1,0,0,0,1,0,1,0,0,0,0,0
1,0.0,0.25,4.0,P443840,99,10.99,0.3333333333333333,0,0,1,0,0,0,0,0,0,0,0,0,0,0,0,1,0,0,0,0,1,0,0,0,0,0,1,0,0,0
2,0.0,1.0,5.0,P443840,99,10.99,1.0,0,0,1,0,0,0,0,0,0,0,0,0,0,0,1,0,0,0,0,0,1,0,0,0,0,1,0,0,0,0
5,1.0,0.9375,16.0,P443840,99,10.99,0.7999999999999999,0,0,0,1,0,0,0,0,0,0,0,0,0,0,1,0,0,0,0,1,0,0,0,0,0,1,0,0,0,0
2,0.0,0.714286029,7.0,P443840,99,10.99,0.6199062332840658,0,0,0,0,0,0,0,1,0,0,0,0,0,0,0,1,0,0,0,0,0,0,1,0,0,0,1,0,0,0
5,1.0,0.909090996,11.0,P54509,54,39.0,0.7757561757824245,0,0,0,0,1,0,0,0,0,0,0,0,0,0,0,0,0,1,0,1,0,0,0,0,0,1,0,0,0,0
5,1.0,1.0,8.0,P54509,54,39.0,1.0,0,0,0,0,0,1,0,0,0,0,0,0,0,0,0,1,0,0,0,0,1,0,0,0,0,0,1,0,0,0
5,1.0,0.785713971,14.0,P54509,54,39.0,0.6418955364979173,0,0,0,1,0,0,0,0,0,0,0,0,0,0,1,0,0,0,0,0,0,0,1,0,0,1,0,0,0,0
2,0.0,0.400000006,5.0,P54509,54,39.0,0.4421141086977403,0,0,1,0,0,0,0,0,0,0,0,0,0,0,0,0,0,0,1,1,0,0,0,0,0,0,1,0,0,0
1,1.0,0.0,6.0,P54509,54,39.0,0.0,0,0,0,0,0,1,0,0,0,0,0,0,0,0,0,1,0,0,0,0,1,0,0,0,0,0,1,0,0,0
5,1.0,1.0,5.0,P428250,71,19.0,1.0,0,0,0,1,0,0,0,0,0,0,0,0,0,0,0,1,0,0,0,1,0,0,0,1,0,0,0,0,0,0
5,1.0,1.0,5.0,P428250,71,19.0,1.0,0,0,0,1,0,0,0,0,0,0,0,0,0,0,1,0,0,0,0,0,0,1,0,0,0,1,0,0,0,0
3,0.0,0.285714,7.0,P428250,71,19.0,0.3800937667159343,0,0,1,0,0,0,0,0,0,0,0,0,0,0,0,0,0,0,1,1,0,0,0,0,1,0,0,0,0,0
5,1.0,1.0,7.0,P428250,71,19.0,1.0,0,0,0,0,1,0,0,0,0,0,0,0,0,0,0,1,0,0,0,1,0,0,0,0,0,0,1,0,0,0
5,1.0,1.0,19.0,P428250,71,19.0,1.0,0,0,1,0,0,0,0,0,0,0,0,0,0,0,0,1,0,0,0,1,0,0,0,0,1,0,0,0,0,0
5,1.0,1.0,6.0,P428250,71,19.0,1.0,0,0,0,0,1,0,0,0,0,0,0,0,0,0,1,0,0,0,0,1,0,0,0,0,0,1,0,0,0,0
5,1.0,1.0,11.0,P428250,71,19.0,1.0,0,0,0,0,1,0,0,0,0,0,0,0,0,0,0,1,0,0,0,0,1,0,0,0,0,0,1,0,0,0
2,0.0,0.5,10.0,P428250,71,19.0,0.5,0,0,0,1,0,0,0,0,0,0,0,0,0,0,1,0,0,0,0,0,0,0,1,0,0,1,0,0,0,0
5,1.0,0.928570986,14.0,P428250,71,19.0,0.7919854023234905,0,0,0,0,0,1,0,0,0,0,0,0,0,0,0,1,0,0,0,0,1,0,0,0,0,0,1,0,0,0
5,1.0,1.0,47.0,P428250,71,19.0,1.0,0,0,1,0,0,0,0,0,0,0,0,0,0,0,0,0,0,1,0,0,0,0,1,0,0,0,1,0,0,0
2,1.0,0.190476,21.0,P428250,71,19.0,0.3576679971701948,0,0,0,0,0,1,0,0,0,0,0,0,0,0,0,1,0,0,0,1,0,0,0,0,1,0,0,0,0,0
5,1.0,1.0,9.0,P428250,71,19.0,1.0,0,0,0,0,1,0,0,0,0,0,0,0,0,0,1,0,0,0,0,0,0,0,1,0,0,0,1,0,0,0
3,1.0,0.78947401,19.0,P428250,71,19.0,0.6327183637591292,0,0,1,0,0,0,0,0,0,0,0,0,0,0,1,0,0,0,0,1,0,0,0,0,0,1,0,0,0,0
1,0.0,0.25,4.0,P428250,71,19.0,0.3333333333333333,0,0,0,0,0,1,0,0,0,0,0,0,0,0,1,0,0,0,0,1,0,0,0,0,0,1,0,0,0,0
4,1.0,1.0,4.0,P428250,71,19.0,1.0,0,0,0,0,1,0,0,0,0,0,0,0,0,0,0,0,0,1,0,0,0,0,1,0,0,0,1,0,0,0
5,1.0,0.972221971,72.0,P428250,71,19.0,0.7950844209359111,0,0,1,0,0,0,0,0,0,0,0,0,0,0,1,0,0,0,0,1,0,0,0,0,0,0,1,0,0,0
5,1.0,0.833333015,6.0,P428250,71,19.0,0.7210570543488701,0,0,0,0,1,0,0,0,0,0,0,0,0,0,0,0,0,0,1,1,0,0,0,0,0,0,1,0,0,0
5,1.0,0.90476203,21.0,P428250,71,19.0,0.7316756633516291,0,0,0,0,1,0,0,0,0,0,0,0,0,0,0,0,0,1,0,1,0,0,0,0,0,1,0,0,0,0
1,0.0,0.875,8.0,P447780,98,62.0,0.75,0,0,1,0,0,0,0,0,0,0,0,0,0,0,0,1,0,0,0,1,0,0,0,0,0,0,1,0,0,0
5,1.0,0.184211001,38.0,P447780,98,62.0,0.375,0,0,0,0,0,1,0,0,0,0,0,0,0,0,0,1,0,0,0,0,1,0,0,0,0,0,1,0,0,0
1,0.0,0.928570986,14.0,P447780,98,62.0,0.7919854023234905,0,0,1,0,0,0,0,0,0,0,0,0,0,0,0,1,0,0,0,1,0,0,0,0,0,0,1,0,0,0
5,1.0,0.962962985,27.0,P447780,98,62.0,0.82623465712856,0,0,1,0,0,0,0,0,0,0,0,0,0,0,0,1,0,0,0,0,0,1,0,0,0,0,1,0,0,0
5,1.0,0.777778029,9.0,P447780,98,62.0,0.6543128759565946,0,0,1,0,0,0,0,0,0,0,0,0,0,0,0,1,0,0,0,1,0,0,0,0,0,1,0,0,0,0
5,1.0,1.0,13.0,P447780,98,62.0,1.0,0,0,0,0,1,0,0,0,0,0,0,0,0,0,0,1,0,0,0,1,0,0,0,0,0,0,1,0,0,0
1,0.0,1.0,15.0,P447780,98,62.0,1.0,0,0,0,0,1,0,0,0,0,0,0,0,0,0,0,1,0,0,0,0,0,1,0,0,0,1,0,0,0,0
1,0.0,0.692308009,13.0,P447780,98,62.0,0.588591910067779,0,0,0,0,0,1,0,0,0,0,0,0,0,0,0,1,0,0,0,0,0,0,1,0,0,1,0,0,0,0
3,1.0,0.899999976,10.0,P447780,98,62.0,0.7686217868402409,0,0,0,0,0,1,0,0,0,0,0,0,0,0,0,1,0,0,0,0,1,0,0,0,1,0,0,0,0,0
5,1.0,1.0,5.0,P447780,98,62.0,1.0,0,0,0,0,0,1,0,0,0,0,0,0,0,0,0,0,0,0,1,1,0,0,0,0,0,0,1,0,0,0
2,0.0,0.75,12.0,P447780,98,62.0,0.6241963505817848,0,0,0,0,0,1,0,0,0,0,0,0,0,0,0,1,0,0,0,0,1,0,0,0,0,0,1,0,0,0
5,1.0,0.857142985,7.0,P447780,98,62.0,0.7373504649628064,0,0,0,1,0,0,0,0,0,0,0,0,0,0,1,0,0,0,0,1,0,0,0,0,0,0,0,0,0,1
4,1.0,0.909090996,22.0,P447780,98,62.0,0.7348354902219298,0,0,1,0,0,0,0,0,0,0,0,0,0,0,0,1,0,0,0,0,0,0,1,1,0,0,0,0,0,0
4,1.0,0.888889015,9.0,P447780,98,62.0,0.7601875334318686,0,0,1,0,0,0,0,0,0,0,0,0,0,0,0,0,0,1,0,0,1,0,0,0,0,1,0,0,0,0
5,1.0,0.666666985,9.0,P447780,98,62.0,0.583970804646981,0,0,0,0,0,1,0,0,0,0,0,0,0,0,0,1,0,0,0,1,0,0,0,0,0,0,1,0,0,0
1,1.0,0.384615004,13.0,P230538,25,17.0,0.4491768952476266,0,0,0,0,0,1,0,0,0,0,0,0,0,0,0,0,0,1,0,1,0,0,0,0,0,1,0,0,0,0
5,1.0,0.75,4.0,P443833,99,11.99,0.6666666666666667,0,0,0,0,1,0,0,0,0,0,0,0,0,0,0,0,0,0,1,1,0,0,0,0,0,1,0,0,0,0
5,1.0,0.75,4.0,P443833,99,11.99,0.6666666666666667,0,0,0,0,0,1,0,0,0,0,0,0,0,0,0,1,0,0,0,1,0,0,0,0,1,0,0,0,0,0
3,1.0,0.333332986,12.0,P443833,99,11.99,0.4227950118402033,0,0,0,0,0,0,0,1,0,0,0,0,0,0,0,1,0,0,0,1,0,0,0,0,1,0,0,0,0,0
2,0.0,0.5,6.0,P443833,99,11.99,0.5,0,0,0,0,0,1,0,0,0,0,0,0,0,0,0,1,0,0,0,1,0,0,0,0,1,0,0,0,0,0
4,1.0,0.75,4.0,P443833,99,11.99,0.6666666666666667,0,0,1,0,0,0,0,0,0,0,0,0,0,0,0,0,0,1,0,1,0,0,0,0,0,0,1,0,0,0
5,1.0,0.25,4.0,P443833,99,11.99,0.3333333333333333,0,0,0,0,0,0,1,0,0,0,0,0,0,0,0,0,0,0,1,0,0,1,0,0,0,0,1,0,0,0
1,0.0,0.800000012,5.0,P443833,99,11.99,0.6989700043360187,0,1,0,0,0,0,0,0,0,0,0,0,0,0,0,1,0,0,0,0,0,0,1,0,0,0,1,0,0,0
5,1.0,1.0,4.0,P443833,99,11.99,1.0,0,0,0,0,0,1,0,0,0,0,0,0,0,0,0,1,0,0,0,0,0,0,1,0,0,0,1,0,0,0
5,1.0,0.800000012,5.0,P443833,99,11.99,0.6989700043360187,0,0,0,0,0,0,0,0,0,0,0,0,1,0,0,1,0,0,0,1,0,0,0,0,1,0,0,0,0,0
5,1.0,0.75,8.0,P443833,99,11.99,0.6391511932854698,0,0,0,1,0,0,0,0,0,0,0,0,0,0,0,1,0,0,0,1,0,0,0,0,1,0,0,0,0,0
5,1.0,1.0,7.0,P443833,99,11.99,1.0,0,0,1,0,0,0,0,0,0,0,0,0,0,0,0,0,0,1,0,0,0,1,0,0,0,1,0,0,0,0
5,1.0,0.25,8.0,P443833,99,11.99,0.3608488067145302,0,0,0,0,1,0,0,0,0,0,0,0,0,0,0,0,0,1,0,0,0,0,1,0,0,1,0,0,0,0
5,1.0,0.777778029,27.0,P443833,99,11.99,0.6136731268579214,0,0,1,0,0,0,0,0,0,0,0,0,0,0,0,0,0,0,1,0,1,0,0,0,0,0,1,0,0,0
5,1.0,0.272727013,11.0,P443833,99,11.99,0.3868528072345414,0,0,0,0,1,0,0,0,0,0,0,0,0,0,0,1,0,0,0,0,0,0,1,0,0,0,1,0,0,0
5,1.0,1.0,33.0,P443833,99,11.99,1.0,0,0,1,0,0,0,0,0,0,0,0,0,0,0,0,1,0,0,0,0,1,0,0,0,0,0,0,0,0,1
5,1.0,1.0,7.0,P443833,99,11.99,1.0,0,0,0,0,1,0,0,0,0,0,0,0,0,0,0,1,0,0,0,1,0,0,0,0,1,0,0,0,0,0
5,1.0,0.857142985,7.0,P443833,99,11.99,0.7373504649628064,0,0,1,0,0,0,0,0,0,0,0,0,0,0,1,0,0,0,0,0,1,0,0,0,0,0,1,0,0,0
5,1.0,0.75,4.0,P443833,99,11.99,0.6666666666666667,0,0,1,0,0,0,0,0,0,0,0,0,0,0,0,1,0,0,0,1,0,0,0,0,1,0,0,0,0,0
5,1.0,0.666666985,9.0,P443833,99,11.99,0.583970804646981,0,0,0,0,0,1,0,0,0,0,0,0,0,1,0,0,0,0,0,0,0,1,0,0,0,0,1,0,0,0
5,1.0,0.581817985,55.0,P443833,99,11.99,0.5238557796104086,0,0,0,0,0,0,0,1,0,0,0,0,0,0,0,1,0,0,0,0,1,0,0,0,0,0,1,0,0,0
4,1.0,0.458332986,24.0,P429242,84,30.0,0.4849578685128451,0,0,0,0,0,1,0,0,0,0,0,0,0,0,0,1,0,0,0,1,0,0,0,0,0,0,1,0,0,0
5,1.0,1.0,8.0,P429242,84,30.0,1.0,0,0,0,0,1,0,0,0,0,0,0,0,0,0,0,0,0,1,0,1,0,0,0,0,0,0,1,0,0,0
5,1.0,0.5,10.0,P429242,84,30.0,0.5,0,0,0,0,0,1,0,0,0,0,0,0,0,0,0,1,0,0,0,1,0,0,0,0,0,0,1,0,0,0
5,1.0,0.928570986,14.0,P429242,84,30.0,0.7919854023234905,0,1,0,0,0,0,0,0,0,0,0,0,0,0,0,1,0,0,0,0,0,0,1,0,1,0,0,0,0,0
5,1.0,0.807691991,26.0,P429242,84,30.0,0.6330468657882854,0,0,0,0,1,0,0,0,0,0,0,0,0,0,0,1,0,0,0,1,0,0,0,0,1,0,0,0,0,0
4,1.0,0.9375,16.0,P114902,72,48.0,0.7999999999999999,0,0,0,1,0,0,0,0,0,0,0,0,0,0,0,0,0,0,1,0,0,0,1,1,0,0,0,0,0,0
5,1.0,0.800000012,5.0,P114902,72,48.0,0.6989700043360187,0,0,0,0,0,0,0,0,0,0,0,0,1,0,0,1,0,0,0,0,1,0,0,0,0,0,1,0,0,0
3,1.0,0.375,24.0,P114902,72,48.0,0.4536958096060715,0,0,0,0,0,0,0,0,0,0,0,0,1,0,0,1,0,0,0,1,0,0,0,0,0,0,1,0,0,0
3,0.0,1.0,7.0,P114902,72,48.0,1.0,0,0,0,0,0,1,0,0,0,0,0,0,0,0,0,0,0,0,1,1,0,0,0,0,0,0,1,0,0,0
5,1.0,1.0,5.0,P114902,72,48.0,1.0,0,0,0,0,0,0,1,0,0,0,0,0,0,0,0,1,0,0,0,0,0,0,1,0,0,0,1,0,0,0
3,1.0,1.0,6.0,P114902,72,48.0,1.0,0,0,1,0,0,0,0,0,0,0,0,0,0,0,0,1,0,0,0,1,0,0,0,0,0,0,1,0,0,0
5,1.0,1.0,11.0,P114902,72,48.0,1.0,0,0,1,0,0,0,0,0,0,0,0,0,0,0,0,1,0,0,0,1,0,0,0,0,0,0,1,0,0,0
5,1.0,1.0,7.0,P114902,72,48.0,1.0,0,0,1,0,0,0,0,0,0,0,0,0,0,0,0,1,0,0,0,1,0,0,0,0,0,0,1,0,0,0
4,1.0,1.0,4.0,P114902,72,48.0,1.0,0,0,1,0,0,0,0,0,0,0,0,0,0,0,0,1,0,0,0,1,0,0,0,0,0,0,1,0,0,0
5,1.0,0.800000012,5.0,P114902,72,48.0,0.6989700043360187,0,0,1,0,0,0,0,0,0,0,0,0,0,0,0,1,0,0,0,0,0,0,1,0,0,0,1,0,0,0
1,1.0,0.0,6.0,P114902,72,48.0,0.0,0,0,0,0,0,1,0,0,0,0,0,0,0,0,0,1,0,0,0,1,0,0,0,0,0,0,1,0,0,0
4,1.0,0.899999976,10.0,P114902,72,48.0,0.7686217868402409,0,0,1,0,0,0,0,0,0,0,0,0,0,0,0,1,0,0,0,1,0,0,0,0,0,0,1,0,0,0
5,1.0,0.800000012,5.0,P442566,22,36.0,0.6989700043360187,0,0,0,0,1,0,0,0,0,0,0,0,0,0,0,1,0,0,0,0,1,0,0,0,1,0,0,0,0,0
1,0.0,0.25,4.0,P442566,22,36.0,0.3333333333333333,0,0,0,0,1,0,0,0,0,0,0,0,0,0,0,0,0,1,0,1,0,0,0,0,0,1,0,0,0,0
3,1.0,0.75,4.0,P442566,22,36.0,0.6666666666666667,0,0,0,0,1,0,0,0,0,0,0,0,0,0,0,1,0,0,0,0,0,0,1,0,0,0,1,0,0,0
3,0.0,1.0,6.0,P442566,22,36.0,1.0,0,0,0,0,0,0,1,0,0,0,0,0,0,0,0,1,0,0,0,1,0,0,0,0,1,0,0,0,0,0
5,1.0,1.0,5.0,P442566,22,36.0,1.0,0,0,0,0,1,0,0,0,0,0,0,0,0,0,0,0,0,1,0,1,0,0,0,0,0,1,0,0,0,0
3,0.0,0.0,7.0,P442566,22,36.0,0.0,0,0,1,0,0,0,0,0,0,0,0,0,0,0,1,0,0,0,0,0,0,1,0,0,0,0,1,0,0,0
2,0.0,0.888889015,9.0,P442566,22,36.0,0.7601875334318686,0,0,0,0,0,0,0,1,0,0,0,0,0,0,0,1,0,0,0,0,1,0,0,0,0,0,1,0,0,0
4,1.0,1.0,11.0,P442566,22,36.0,1.0,0,0,0,0,0,1,0,0,0,0,0,0,0,0,0,1,0,0,0,1,0,0,0,0,0,0,1,0,0,0
5,1.0,1.0,4.0,P442566,22,36.0,1.0,0,0,1,0,0,0,0,0,0,0,0,0,0,0,1,0,0,0,0,0,0,1,0,0,0,0,1,0,0,0
2,0.0,0.75,4.0,P442566,22,36.0,0.6666666666666667,0,0,0,0,0,0,1,0,0,0,0,0,0,0,0,1,0,0,0,1,0,0,0,0,0,0,1,0,0,0
2,0.0,0.833333015,12.0,P442566,22,36.0,0.6857972507265685,0,1,0,0,0,0,0,0,0,0,0,0,0,0,0,1,0,0,0,1,0,0,0,0,1,0,0,0,0,0
5,1.0,0.986110985,72.0,P431848,66,41.0,0.8605285271744351,0,0,0,0,0,1,0,0,0,0,0,0,0,0,0,1,0,0,0,0,0,0,1,0,1,0,0,0,0,0
5,1.0,0.833333015,6.0,P431848,66,41.0,0.7210570543488701,0,0,0,0,1,0,0,0,0,0,0,0,0,0,0,1,0,0,0,0,1,0,0,0,0,0,1,0,0,0
5,1.0,1.0,4.0,P431848,66,41.0,1.0,0,0,0,1,0,0,0,0,0,0,0,0,0,0,1,0,0,0,0,1,0,0,0,0,0,0,0,0,0,1
5,1.0,1.0,4.0,P431848,66,41.0,1.0,0,0,0,0,0,1,0,0,0,0,0,0,0,0,0,1,0,0,0,0,1,0,0,0,0,0,1,0,0,0
5,1.0,1.0,4.0,P431848,66,41.0,1.0,0,0,1,0,0,0,0,0,0,0,0,0,0,1,0,0,0,0,0,0,0,1,0,1,0,0,0,0,0,0
5,1.0,0.461537987,13.0,P431848,66,41.0,0.4834136986177055,0,0,1,0,0,0,0,0,0,0,0,0,0,0,0,0,0,1,0,1,0,0,0,0,0,0,1,0,0,0
3,0.0,0.5,10.0,P453825,54,54.0,0.5,0,0,1,0,0,0,0,0,0,0,0,0,0,0,0,1,0,0,0,1,0,0,0,0,0,0,1,0,0,0
5,1.0,1.0,4.0,P453825,54,54.0,1.0,0,0,0,0,1,0,0,0,0,0,0,0,0,0,0,0,0,1,0,0,0,1,0,0,0,0,1,0,0,0
5,1.0,0.857142985,7.0,P402718,93,72.0,0.7373504649628064,0,0,0,0,0,0,0,1,0,0,0,0,0,0,0,1,0,0,0,0,0,1,0,0,0,0,1,0,0,0
5,1.0,0.958333015,24.0,P402718,93,72.0,0.8209477682489587,0,0,0,0,1,0,0,0,0,0,0,0,0,0,0,0,0,0,1,1,0,0,0,0,0,0,1,0,0,0
1,0.0,0.9375,32.0,P402718,93,72.0,0.7576198183122896,0,0,0,0,1,0,0,0,0,0,0,0,0,0,0,0,0,0,1,1,0,0,0,0,0,0,1,0,0,0
4,1.0,0.916666985,12.0,P402718,93,72.0,0.7818957080144684,0,0,0,0,1,0,0,0,0,0,0,0,0,0,0,0,0,0,1,1,0,0,0,0,0,0,1,0,0,0
5,1.0,1.0,4.0,P402718,93,72.0,1.0,0,0,0,0,1,0,0,0,0,0,0,0,0,0,0,1,0,0,0,1,0,0,0,0,0,0,1,0,0,0
5,1.0,0.800000012,5.0,P402718,93,72.0,0.6989700043360187,0,0,0,0,1,0,0,0,0,0,0,0,0,0,0,1,0,0,0,1,0,0,0,0,0,0,1,0,0,0
5,1.0,0.947368026,19.0,P402718,93,72.0,0.8094485875732266,0,0,0,0,1,0,0,0,0,0,0,0,0,0,0,1,0,0,0,1,0,0,0,0,0,0,1,0,0,0
5,1.0,0.888889015,9.0,P402718,93,72.0,0.7601875334318686,0,0,0,0,1,0,0,0,0,0,0,0,0,0,0,1,0,0,0,1,0,0,0,0,0,0,1,0,0,0
5,1.0,0.916666985,12.0,P402718,93,72.0,0.7818957080144684,0,0,0,0,1,0,0,0,0,0,0,0,0,0,0,1,0,0,0,1,0,0,0,0,0,0,1,0,0,0
4,1.0,0.952381015,21.0,P402718,93,72.0,0.814550976584631,0,0,0,0,1,0,0,0,0,0,0,0,0,0,0,1,0,0,0,0,0,0,1,0,0,0,1,0,0,0
5,1.0,0.25,4.0,P402718,93,72.0,0.3333333333333333,0,0,0,0,1,0,0,0,0,0,0,0,0,0,0,1,0,0,0,1,0,0,0,0,0,0,1,0,0,0
5,1.0,0.857142985,7.0,P402718,93,72.0,0.7373504649628064,0,0,0,0,1,0,0,0,0,0,0,0,0,0,0,1,0,0,0,1,0,0,0,0,0,0,1,0,0,0
3,1.0,0.93333298,15.0,P402718,93,72.0,0.7962049529094938,0,0,0,0,1,0,0,0,0,0,0,0,0,0,0,1,0,0,0,1,0,0,0,0,0,0,1,0,0,0
5,1.0,0.800000012,10.0,P402718,93,72.0,0.6666666666666666,0,0,0,0,1,0,0,0,0,0,0,0,0,0,0,1,0,0,0,0,1,0,0,0,0,0,1,0,0,0
5,1.0,0.75,4.0,P402718,93,72.0,0.6666666666666667,0,0,0,0,1,0,0,0,0,0,0,0,0,0,0,1,0,0,0,0,1,0,0,0,0,0,1,0,0,0
5,1.0,1.0,7.0,P447592,18,68.0,1.0,0,0,0,0,1,0,0,0,0,0,0,0,0,0,1,0,0,0,0,0,1,0,0,0,1,0,0,0,0,0
5,1.0,0.92592603,27.0,P447592,18,68.0,0.7478343556177288,0,0,0,0,0,1,0,0,0,0,0,0,0,0,0,0,0,0,1,1,0,0,0,0,0,0,1,0,0,0
5,1.0,1.0,9.0,P447592,18,68.0,1.0,0,0,0,0,0,1,0,0,0,0,0,0,0,0,0,0,0,0,1,0,0,1,0,1,0,0,0,0,0,0
5,1.0,0.714286029,7.0,P442594,78,20.0,0.6199062332840658,0,0,0,0,0,0,1,0,0,0,0,0,0,0,0,1,0,0,0,0,1,0,0,0,0,0,1,0,0,0
2,0.0,1.0,4.0,P442594,78,20.0,1.0,0,0,1,0,0,0,0,0,0,0,0,0,0,0,0,1,0,0,0,1,0,0,0,0,0,1,0,0,0,0
5,1.0,1.0,8.0,P442594,78,20.0,1.0,0,0,0,0,0,1,0,0,0,0,0,0,0,0,0,0,0,1,0,0,0,1,0,0,0,0,1,0,0,0
5,1.0,0.800000012,5.0,P442594,78,20.0,0.6989700043360187,0,0,0,0,1,0,0,0,0,0,0,0,0,0,0,1,0,0,0,1,0,0,0,0,0,0,1,0,0,0
5,1.0,0.666666985,6.0,P442594,78,20.0,0.5943161289177871,0,0,0,0,0,0,0,1,0,0,0,0,0,0,0,1,0,0,0,0,0,0,1,0,1,0,0,0,0,0
1,0.0,0.642857015,14.0,P442594,78,20.0,0.5623818557528476,0,0,0,0,0,0,0,0,0,0,0,0,1,0,0,1,0,0,0,0,1,0,0,0,1,0,0,0,0,0
3,0.0,0.666666985,9.0,P442594,78,20.0,0.583970804646981,0,0,0,0,1,0,0,0,0,0,0,0,0,0,0,0,0,0,1,0,0,1,0,0,0,1,0,0,0,0
5,1.0,0.833333015,6.0,P442594,78,20.0,0.7210570543488701,0,0,0,0,1,0,0,0,0,0,0,0,0,0,1,0,0,0,0,0,0,1,0,0,0,1,0,0,0,0
4,1.0,0.800000012,5.0,P442594,78,20.0,0.6989700043360187,0,0,0,0,1,0,0,0,0,0,0,0,0,0,0,1,0,0,0,1,0,0,0,0,0,0,1,0,0,0
3,0.0,1.0,18.0,P442594,78,20.0,1.0,0,0,1,0,0,0,0,0,0,0,0,0,0,0,0,0,0,1,0,1,0,0,0,0,0,1,0,0,0,0
2,0.0,1.0,8.0,P442594,78,20.0,1.0,0,0,0,0,1,0,0,0,0,0,0,0,0,0,1,0,0,0,0,1,0,0,0,0,0,1,0,0,0,0
4,1.0,1.0,5.0,P442594,78,20.0,1.0,0,0,0,0,1,0,0,0,0,0,0,0,0,0,0,1,0,0,0,0,0,0,1,0,0,0,1,0,0,0
5,1.0,1.0,4.0,P442594,78,20.0,1.0,0,0,1,0,0,0,0,0,0,0,0,0,0,0,1,0,0,0,0,0,0,0,1,0,0,0,1,0,0,0
5,1.0,0.5,16.0,P442594,78,20.0,0.5,0,0,0,0,0,0,0,0,0,0,0,1,0,0,0,1,0,0,0,1,0,0,0,0,1,0,0,0,0,0
3,1.0,1.0,17.0,P442594,78,20.0,1.0,0,0,0,0,1,0,0,0,0,0,0,0,0,0,0,0,0,1,0,0,0,1,0,0,0,1,0,0,0,0
1,0.0,0.8125,16.0,P442594,78,20.0,0.6556091324118037,0,0,0,0,0,1,0,0,0,0,0,0,0,0,0,0,0,1,0,0,0,0,1,0,0,0,1,0,0,0
5,1.0,1.0,5.0,P442594,78,20.0,1.0,0,0,1,0,0,0,0,0,0,0,0,0,0,0,0,1,0,0,0,0,1,0,0,0,1,0,0,0,0,0
5,1.0,0.625,8.0,P442594,78,20.0,0.5637914160289369,0,0,0,0,1,0,0,0,0,0,0,0,0,0,0,0,0,1,0,1,0,0,0,0,0,1,0,0,0,0
1,0.0,0.625,8.0,P429515,22,64.0,0.5637914160289369,0,0,1,0,0,0,0,0,0,0,0,0,0,0,1,0,0,0,0,0,0,1,0,0,0,0,1,0,0,0
1,0.0,0.814814985,27.0,P429515,22,64.0,0.6363573739615787,0,0,0,0,0,1,0,0,0,0,0,0,0,0,0,0,0,0,1,1,0,0,0,0,0,0,1,0,0,0
5,1.0,1.0,5.0,P429515,22,64.0,1.0,0,0,1,0,0,0,0,0,0,0,0,0,0,0,1,0,0,0,0,0,0,1,0,0,0,0,0,0,0,1
5,1.0,0.0238095,42.0,P429515,22,64.0,0.1564377883420715,0,0,1,0,0,0,0,0,0,0,0,0,0,0,0,1,0,0,0,0,0,1,0,0,1,0,0,0,0,0
1,0.0,0.857142985,7.0,P429515,22,64.0,0.7373504649628064,0,0,0,0,1,0,0,0,0,0,0,0,0,0,0,1,0,0,0,1,0,0,0,0,0,0,1,0,0,0
1,0.0,0.75,12.0,P429515,22,64.0,0.6241963505817848,0,0,0,0,0,1,0,0,0,0,0,0,0,0,1,0,0,0,0,1,0,0,0,0,0,0,1,0,0,0
4,1.0,1.0,7.0,P429515,22,64.0,1.0,0,0,0,0,1,0,0,0,0,0,0,0,0,0,0,0,0,0,1,0,0,1,0,0,0,0,1,0,0,0
4,0.0,0.5,6.0,P429515,22,64.0,0.5,0,0,0,0,1,0,0,0,0,0,0,0,0,0,0,1,0,0,0,1,0,0,0,0,0,0,1,0,0,0
2,0.0,1.0,11.0,P429515,22,64.0,1.0,0,0,0,0,1,0,0,0,0,0,0,0,0,0,0,1,0,0,0,0,1,0,0,0,0,1,0,0,0,0
1,0.0,0.75,8.0,P429515,22,64.0,0.6391511932854698,0,0,1,0,0,0,0,0,0,0,0,0,0,0,0,1,0,0,0,1,0,0,0,0,0,0,1,0,0,0
3,0.0,1.0,5.0,P429515,22,64.0,1.0,0,0,0,0,0,0,0,1,0,0,0,0,0,0,0,1,0,0,0,0,0,0,1,0,1,0,0,0,0,0
4,1.0,0.727272987,11.0,P429515,22,64.0,0.6131471927654585,0,0,0,0,0,1,0,0,0,0,0,0,0,0,0,1,0,0,0,1,0,0,0,0,0,0,1,0,0,0
4,1.0,0.75,4.0,P429515,22,64.0,0.6666666666666667,0,0,0,0,0,0,0,0,0,0,0,0,1,0,0,1,0,0,0,0,1,0,0,0,0,0,1,0,0,0
5,1.0,1.0,14.0,P429515,22,64.0,1.0,0,0,0,0,1,0,0,0,0,0,0,0,0,0,0,1,0,0,0,0,0,0,1,0,0,0,1,0,0,0
4,1.0,0.714286029,7.0,P429515,22,64.0,0.6199062332840658,0,0,0,0,1,0,0,0,0,0,0,0,0,0,0,1,0,0,0,0,1,0,0,0,0,0,1,0,0,0
5,1.0,0.826923013,52.0,P429515,22,64.0,0.6217068650802362,0,0,1,0,0,0,0,0,0,0,0,0,0,0,0,0,0,0,1,1,0,0,0,0,0,0,1,0,0,0
5,1.0,1.0,11.0,P416563,4,74.0,1.0,0,0,0,0,1,0,0,0,0,0,0,0,0,0,0,0,0,1,0,0,1,0,0,1,0,0,0,0,0,0
5,1.0,1.0,5.0,P416563,4,74.0,1.0,0,0,0,0,0,0,0,1,0,0,0,0,0,0,0,1,0,0,0,0,0,0,1,0,0,0,1,0,0,0
3,1.0,0.666666985,6.0,P416563,4,74.0,0.5943161289177871,0,0,0,0,1,0,0,0,0,0,0,0,0,0,0,0,0,0,1,1,0,0,0,0,0,0,0,1,0,0
5,1.0,0.75,4.0,P416563,4,74.0,0.6666666666666667,0,0,0,0,1,0,0,0,0,0,0,0,0,0,0,1,0,0,0,1,0,0,0,0,1,0,0,0,0,0
3,0.0,0.166666999,24.0,P416563,4,74.0,0.3458211482999904,0,0,0,0,1,0,0,0,0,0,0,0,0,0,1,0,0,0,0,1,0,0,0,0,0,0,0,1,0,0
5,1.0,1.0,6.0,P416563,4,74.0,1.0,0,0,0,0,1,0,0,0,0,0,0,0,0,0,0,1,0,0,0,0,0,1,0,0,0,1,0,0,0,0
5,1.0,1.0,6.0,P416563,4,74.0,1.0,0,0,0,0,0,0,0,0,0,1,0,0,0,0,0,1,0,0,0,0,1,0,0,0,1,0,0,0,0,0
5,1.0,0.857142985,7.0,P416563,4,74.0,0.7373504649628064,0,0,0,0,1,0,0,0,0,0,0,0,0,0,1,0,0,0,0,0,1,0,0,0,0,1,0,0,0,0
3,0.0,0.6875,16.0,P416563,4,74.0,0.5810382621965612,0,1,0,0,0,0,0,0,0,0,0,0,0,0,0,1,0,0,0,0,0,1,0,0,1,0,0,0,0,0
5,1.0,0.916666985,12.0,P416563,4,74.0,0.7818957080144684,0,0,0,0,0,0,0,0,0,0,0,0,1,0,0,1,0,0,0,1,0,0,0,0,1,0,0,0,0,0
5,1.0,1.0,5.0,P416563,4,74.0,1.0,0,0,0,0,0,0,1,0,0,0,0,0,0,0,0,1,0,0,0,0,1,0,0,0,0,1,0,0,0,0
4,1.0,0.9375,16.0,P416563,4,74.0,0.7999999999999999,0,0,0,0,0,0,1,0,0,0,0,0,0,0,0,0,0,0,1,1,0,0,0,0,0,0,0,0,1,0
5,1.0,1.0,6.0,P416563,4,74.0,1.0,0,0,0,0,0,0,0,0,0,0,0,0,1,0,0,1,0,0,0,0,0,1,0,0,0,0,0,1,0,0
5,1.0,1.0,4.0,P416563,4,74.0,1.0,0,0,0,0,0,0,1,0,0,0,0,0,0,0,0,1,0,0,0,1,0,0,0,0,1,0,0,0,0,0
4,1.0,0.703704,27.0,P416563,4,74.0,0.5768837214660166,0,0,0,0,1,0,0,0,0,0,0,0,0,0,0,0,0,1,0,0,1,0,0,0,0,0,0,1,0,0
5,1.0,0.5,4.0,P416563,4,74.0,0.5,0,0,0,0,0,0,0,0,0,1,0,0,0,0,0,0,0,1,0,0,1,0,0,0,0,0,0,1,0,0
2,0.0,0.666666985,12.0,P416563,4,74.0,0.5772049881597967,0,0,1,0,0,0,0,0,0,0,0,0,0,0,0,0,0,0,1,0,1,0,0,0,0,1,0,0,0,0
5,1.0,1.0,4.0,P416563,4,74.0,1.0,0,0,0,0,0,0,1,0,0,0,0,0,0,0,0,1,0,0,0,0,0,0,1,0,1,0,0,0,0,0
5,1.0,0.909090996,11.0,P416563,4,74.0,0.7757561757824245,0,0,0,0,0,0,0,0,0,0,1,0,0,0,0,0,0,0,1,1,0,0,0,0,0,0,0,1,0,0
1,0.0,0.777778029,9.0,P416563,4,74.0,0.6543128759565946,0,0,0,0,1,0,0,0,0,0,0,0,0,0,0,0,0,1,0,1,0,0,0,0,0,0,0,1,0,0
5,1.0,0.92592603,27.0,P416563,4,74.0,0.7478343556177288,0,0,0,0,0,0,0,0,0,0,0,0,1,0,0,1,0,0,0,0,1,0,0,0,1,0,0,0,0,0
5,1.0,0.666666985,6.0,P416563,4,74.0,0.5943161289177871,0,0,0,1,0,0,0,0,0,0,0,0,0,0,0,1,0,0,0,0,1,0,0,0,0,0,0,0,0,1
5,1.0,0.892857015,56.0,P416563,4,74.0,0.6689354164085719,0,0,0,0,1,0,0,0,0,0,0,0,0,0,0,1,0,0,0,1,0,0,0,0,0,1,0,0,0,0
5,1.0,0.878787994,33.0,P416563,4,74.0,0.6787956380839754,0,0,0,0,1,0,0,0,0,0,0,0,0,0,0,1,0,0,0,1,0,0,0,0,0,1,0,0,0,0
5,1.0,0.444444001,9.0,P473322,66,60.0,0.4731974454383393,0,0,0,0,1,0,0,0,0,0,0,0,0,0,1,0,0,0,0,0,0,1,0,0,0,0,1,0,0,0
1,0.0,0.666666985,15.0,P473322,66,60.0,0.5723372020956964,0,0,0,0,0,0,0,1,0,0,0,0,0,0,0,1,0,0,0,0,0,0,1,0,0,0,1,0,0,0
5,1.0,0.833333015,6.0,P473322,66,60.0,0.7210570543488701,0,0,0,0,0,1,0,0,0,0,0,0,0,0,0,1,0,0,0,0,1,0,0,0,0,0,1,0,0,0
4,1.0,0.857142985,7.0,P473322,66,60.0,0.7373504649628064,0,1,0,0,0,0,0,0,0,0,0,0,0,0,0,1,0,0,0,0,0,0,1,0,0,0,1,0,0,0
4,1.0,0.5,4.0,P473322,66,60.0,0.5,0,0,1,0,0,0,0,0,0,0,0,0,0,0,1,0,0,0,0,1,0,0,0,0,0,0,1,0,0,0
1,0.0,0.666666985,6.0,P473322,66,60.0,0.5943161289177871,0,0,0,0,0,0,0,1,0,0,0,0,0,0,0,1,0,0,0,1,0,0,0,0,1,0,0,0,0,0
3,0.0,0.25,4.0,P473322,66,60.0,0.3333333333333333,0,0,0,0,1,0,0,0,0,0,0,0,0,0,0,0,0,1,0,1,0,0,0,0,0,0,1,0,0,0
5,1.0,1.0,17.0,P415619,15,130.0,1.0,0,0,0,0,1,0,0,0,0,0,0,0,0,0,0,1,0,0,0,0,0,0,1,0,0,0,0,0,0,1
5,1.0,0.909090996,11.0,P415619,15,130.0,0.7757561757824245,0,0,1,0,0,0,0,0,0,0,0,0,0,0,1,0,0,0,0,1,0,0,0,0,0,1,0,0,0,0
5,1.0,0.6875,16.0,P415619,15,130.0,0.5810382621965612,0,0,1,0,0,0,0,0,0,0,0,0,0,0,0,1,0,0,0,0,0,1,0,0,0,1,0,0,0,0
5,1.0,0.75,4.0,P415619,15,130.0,0.6666666666666667,0,0,0,0,0,1,0,0,0,0,0,0,0,0,0,1,0,0,0,1,0,0,0,0,1,0,0,0,0,0
3,1.0,0.0,4.0,P415619,15,130.0,0.0,0,0,0,0,0,1,0,0,0,0,0,0,0,0,1,0,0,0,0,1,0,0,0,1,0,0,0,0,0,0
1,0.0,0.931818008,44.0,P415619,15,130.0,0.7294488472806673,0,0,0,0,1,0,0,0,0,0,0,0,0,0,0,0,0,0,1,0,0,1,0,0,0,0,1,0,0,0
5,1.0,1.0,10.0,P415619,15,130.0,1.0,0,0,1,0,0,0,0,0,0,0,0,0,0,0,0,1,0,0,0,0,1,0,0,0,0,1,0,0,0,0
1,0.0,0.692308009,13.0,P415619,15,130.0,0.588591910067779,0,0,1,0,0,0,0,0,0,0,0,0,0,0,0,1,0,0,0,0,0,0,1,0,0,0,1,0,0,0
5,1.0,0.923076987,13.0,P415619,15,130.0,0.7872539464466368,0,0,0,0,1,0,0,0,0,0,0,0,0,0,0,1,0,0,0,0,1,0,0,0,0,0,1,0,0,0
3,0.0,0.5,4.0,P456392,114,16.0,0.5,0,0,0,0,1,0,0,0,0,0,0,0,0,0,0,1,0,0,0,0,0,0,1,0,1,0,0,0,0,0
5,1.0,1.0,4.0,P456392,114,16.0,1.0,0,0,0,0,0,1,0,0,0,0,0,0,0,0,0,1,0,0,0,1,0,0,0,0,0,0,1,0,0,0
5,1.0,0.846153975,13.0,P456392,114,16.0,0.6934264036172708,0,0,0,0,0,1,0,0,0,0,0,0,0,0,0,1,0,0,0,1,0,0,0,0,0,0,1,0,0,0
5,1.0,1.0,5.0,P456392,114,16.0,1.0,0,1,0,0,0,0,0,0,0,0,0,0,0,0,0,1,0,0,0,0,0,1,0,0,1,0,0,0,0,0
5,1.0,1.0,6.0,P456392,114,16.0,1.0,0,0,0,0,0,0,1,0,0,0,0,0,0,0,0,1,0,0,0,0,1,0,0,0,1,0,0,0,0,0
5,1.0,0.5,4.0,P456392,114,16.0,0.5,0,0,0,0,0,1,0,0,0,0,0,0,0,0,0,1,0,0,0,1,0,0,0,0,0,0,1,0,0,0
5,1.0,0.666666985,6.0,P456392,114,16.0,0.5943161289177871,0,0,0,1,0,0,0,0,0,0,0,0,0,0,0,1,0,0,0,1,0,0,0,0,0,0,0,0,0,1
5,1.0,0.923076987,13.0,P456392,114,16.0,0.7872539464466368,0,0,1,0,0,0,0,0,0,0,0,0,0,0,0,1,0,0,0,1,0,0,0,0,0,0,1,0,0,0
4,1.0,0.818181992,11.0,P456392,114,16.0,0.6769924925288455,0,0,1,0,0,0,0,0,0,0,0,0,0,0,1,0,0,0,0,1,0,0,0,0,0,1,0,0,0,0
5,1.0,0.75,4.0,P456392,114,16.0,0.6666666666666667,0,0,0,0,1,0,0,0,0,0,0,0,0,0,0,0,0,0,1,1,0,0,0,0,0,0,1,0,0,0
4,1.0,0.9375,16.0,P456392,114,16.0,0.7999999999999999,0,1,0,0,0,0,0,0,0,0,0,0,0,0,0,1,0,0,0,0,0,0,1,0,0,0,1,0,0,0
2,0.0,1.0,6.0,P456392,114,16.0,1.0,0,0,0,0,0,1,0,0,0,0,0,0,0,0,1,0,0,0,0,1,0,0,0,0,0,0,1,0,0,0
5,1.0,0.965516984,58.0,P456392,114,16.0,0.786331354318449,0,0,0,0,0,0,0,0,0,0,0,0,1,0,0,1,0,0,0,0,0,0,1,0,1,0,0,0,0,0
5,1.0,1.0,9.0,P456392,114,16.0,1.0,0,0,0,0,0,0,0,0,0,0,0,0,1,0,0,1,0,0,0,0,0,1,0,0,0,0,1,0,0,0
3,1.0,0.586206973,29.0,P479327,34,39.0,0.5298261452949584,0,0,0,0,1,0,0,0,0,0,0,0,0,0,0,0,0,1,0,1,0,0,0,0,0,1,0,0,0,0
3,0.0,0.833333015,6.0,P479327,34,39.0,0.7210570543488701,0,0,0,0,0,1,0,0,0,0,0,0,0,0,0,1,0,0,0,0,0,0,1,0,0,0,1,0,0,0
1,0.0,1.0,8.0,P479327,34,39.0,1.0,0,0,0,0,0,0,0,0,0,0,0,0,1,0,0,1,0,0,0,0,1,0,0,0,0,0,1,0,0,0
5,1.0,1.0,6.0,P479327,34,39.0,1.0,0,0,0,0,1,0,0,0,0,0,0,0,0,0,0,1,0,0,0,1,0,0,0,0,0,0,1,0,0,0
5,1.0,0.818181992,11.0,P479327,34,39.0,0.6769924925288455,0,0,0,0,0,0,0,1,0,0,0,0,0,0,0,0,0,0,1,0,1,0,0,0,0,0,1,0,0,0
5,1.0,0.909090996,11.0,P500472,34,21.0,0.7757561757824245,0,0,0,0,1,0,0,0,0,0,0,0,0,0,0,1,0,0,0,0,0,0,1,0,1,0,0,0,0,0
1,0.0,1.0,6.0,P500472,34,21.0,1.0,0,0,1,0,0,0,0,0,0,0,0,0,0,0,0,0,0,0,1,1,0,0,0,0,0,0,0,0,0,1
2,0.0,0.333332986,9.0,P500472,34,21.0,0.4160291953530189,0,0,0,0,0,0,1,0,0,0,0,0,0,0,0,1,0,0,0,0,1,0,0,0,1,0,0,0,0,0
3,0.0,0.636363983,11.0,P500472,34,21.0,0.5637054741273227,0,0,0,0,0,0,0,0,0,0,0,0,1,0,0,1,0,0,0,0,0,1,0,0,0,0,1,0,0,0
1,0.0,0.708333015,24.0,P500472,34,21.0,0.5815855815233052,0,0,0,0,1,0,0,0,0,0,0,0,0,0,1,0,0,0,0,1,0,0,0,0,0,1,0,0,0,0
5,1.0,0.800000012,10.0,P500472,34,21.0,0.6666666666666666,0,0,0,0,0,1,0,0,0,0,0,0,0,0,0,1,0,0,0,0,0,1,0,0,0,0,1,0,0,0
5,1.0,1.0,5.0,P500472,34,21.0,1.0,0,0,1,0,0,0,0,0,0,0,0,0,0,0,0,1,0,0,0,1,0,0,0,0,1,0,0,0,0,0
3,0.0,0.471154004,104.0,P500472,34,21.0,0.4928610724801877,0,0,0,0,0,1,0,0,0,0,0,0,0,0,0,0,0,0,1,1,0,0,0,0,0,0,1,0,0,0
5,1.0,1.0,8.0,P416815,66,33.0,1.0,0,0,1,0,0,0,0,0,0,0,0,0,0,0,0,0,0,1,0,1,0,0,0,0,0,0,1,0,0,0
3,0.0,1.0,5.0,P416815,66,33.0,1.0,0,0,0,0,0,1,0,0,0,0,0,0,0,0,0,1,0,0,0,0,0,0,1,0,0,0,1,0,0,0
5,1.0,0.166666999,6.0,P416815,66,33.0,0.2789429456511298,0,1,0,0,0,0,0,0,0,0,0,0,0,0,0,1,0,0,0,0,0,0,1,1,0,0,0,0,0,0
5,1.0,0.899999976,10.0,P416815,66,33.0,0.7686217868402409,0,0,0,0,0,1,0,0,0,0,0,0,0,0,0,1,0,0,0,1,0,0,0,0,0,0,1,0,0,0
5,1.0,0.848484993,33.0,P416815,66,33.0,0.6526962078695199,0,0,0,0,0,1,0,0,0,0,0,0,0,0,0,1,0,0,0,0,0,0,1,0,0,0,1,0,0,0
5,1.0,1.0,9.0,P482320,94,22.0,1.0,0,0,0,0,0,1,0,0,0,0,0,0,0,0,0,1,0,0,0,1,0,0,0,0,0,0,1,0,0,0
1,0.0,0.833333015,6.0,P482320,94,22.0,0.7210570543488701,0,0,0,0,0,1,0,0,0,0,0,0,0,0,0,1,0,0,0,0,1,0,0,0,0,0,1,0,0,0
5,1.0,0.800000012,5.0,P482320,94,22.0,0.6989700043360187,0,0,0,0,0,0,1,0,0,0,0,0,0,0,1,0,0,0,0,0,0,1,0,0,0,1,0,0,0,0
5,1.0,1.0,6.0,P482320,94,22.0,1.0,0,0,1,0,0,0,0,0,0,0,0,0,0,0,1,0,0,0,0,0,0,0,1,0,0,0,1,0,0,0
4,1.0,0.400000006,5.0,P482320,94,22.0,0.4421141086977403,0,0,0,0,1,0,0,0,0,0,0,0,0,0,0,0,0,1,0,0,0,1,0,0,0,0,1,0,0,0
5,1.0,0.75,4.0,P482320,94,22.0,0.6666666666666667,0,0,0,0,1,0,0,0,0,0,0,0,0,0,1,0,0,0,0,1,0,0,0,0,0,0,1,0,0,0
3,1.0,0.800000012,5.0,P482320,94,22.0,0.6989700043360187,0,0,0,1,0,0,0,0,0,0,0,0,0,0,0,1,0,0,0,0,1,0,0,0,0,0,1,0,0,0
2,0.0,1.0,9.0,P482320,94,22.0,1.0,0,0,0,0,0,0,0,0,0,0,0,0,1,0,0,1,0,0,0,0,0,1,0,0,1,0,0,0,0,0
3,0.0,1.0,9.0,P482320,94,22.0,1.0,0,0,1,0,0,0,0,0,0,0,0,0,0,0,0,1,0,0,0,1,0,0,0,0,0,0,1,0,0,0
2,0.0,1.0,7.0,P482320,94,22.0,1.0,0,0,0,0,0,0,1,0,0,0,0,0,0,0,0,1,0,0,0,0,0,1,0,0,0,0,1,0,0,0
4,1.0,1.0,5.0,P482320,94,22.0,1.0,0,0,0,0,1,0,0,0,0,0,0,0,0,0,0,1,0,0,0,1,0,0,0,0,0,0,1,0,0,0
5,1.0,1.0,5.0,P482320,94,22.0,1.0,0,0,0,0,1,0,0,0,0,0,0,0,0,0,1,0,0,0,0,1,0,0,0,0,0,0,1,0,0,0
2,0.0,0.571429014,7.0,P482320,94,22.0,0.5372435736804816,0,0,0,0,1,0,0,0,0,0,0,0,0,0,0,0,0,0,1,0,1,0,0,0,0,0,1,0,0,0
5,1.0,1.0,23.0,P482320,94,22.0,1.0,0,0,1,0,0,0,0,0,0,0,0,0,0,0,1,0,0,0,0,0,1,0,0,0,0,1,0,0,0,0
1,0.0,1.0,6.0,P482320,94,22.0,1.0,0,0,1,0,0,0,0,0,0,0,0,0,0,0,0,1,0,0,0,0,0,0,1,0,0,0,1,0,0,0
4,1.0,0.833333015,6.0,P482320,94,22.0,0.7210570543488701,0,0,1,0,0,0,0,0,0,0,0,0,0,0,0,0,0,0,1,0,1,0,0,0,0,1,0,0,0,0
1,0.0,1.0,10.0,P482320,94,22.0,1.0,0,0,0,0,0,1,0,0,0,0,0,0,0,0,0,1,0,0,0,1,0,0,0,0,0,0,1,0,0,0
5,1.0,1.0,4.0,P482320,94,22.0,1.0,0,0,0,0,0,1,0,0,0,0,0,0,0,0,0,0,0,0,1,0,1,0,0,0,0,1,0,0,0,0
5,1.0,0.93333298,15.0,P482320,94,22.0,0.7962049529094938,0,0,0,1,0,0,0,0,0,0,0,0,0,0,1,0,0,0,0,1,0,0,0,0,0,1,0,0,0,0
1,0.0,0.720000029,25.0,P482320,94,22.0,0.5860885757431284,0,0,0,0,0,1,0,0,0,0,0,0,0,0,0,0,0,1,0,0,0,1,0,0,0,0,1,0,0,0
3,0.0,1.0,4.0,P482320,94,22.0,1.0,0,0,0,1,0,0,0,0,0,0,0,0,0,0,0,0,0,0,1,1,0,0,0,0,0,0,1,0,0,0
4,1.0,0.857142985,7.0,P482320,94,22.0,0.7373504649628064,0,0,0,0,1,0,0,0,0,0,0,0,0,0,0,1,0,0,0,0,0,0,1,0,0,0,1,0,0,0
1,0.0,0.568750024,113.72000000000116,P482320,94,22.0,0.5155806437189953,0,0,0,0,1,0,0,0,0,0,0,0,0,0,0,0,0,1,0,0,0,0,1,0,0,1,0,0,0,0
5,1.0,0.857142985,7.0,P482320,94,22.0,0.7373504649628064,0,0,0,0,1,0,0,0,0,0,0,0,0,0,0,1,0,0,0,1,0,0,0,0,0,0,1,0,0,0
2,0.0,0.363635987,11.0,P460516,34,32.0,0.4362945258726772,0,0,1,0,0,0,0,0,0,0,0,0,0,0,0,0,0,1,0,0,0,1,0,0,0,1,0,0,0,0
5,1.0,0.899999976,10.0,P460516,34,32.0,0.7686217868402409,0,0,0,0,1,0,0,0,0,0,0,0,0,0,0,1,0,0,0,1,0,0,0,0,0,1,0,0,0,0
2,1.0,0.600000024,5.0,P460516,34,32.0,0.5578858913022596,0,0,0,0,0,1,0,0,0,0,0,0,0,0,0,0,0,1,0,0,0,1,0,0,0,1,0,0,0,0
3,0.0,1.0,4.0,P460516,34,32.0,1.0,0,0,0,0,0,1,0,0,0,0,0,0,0,0,0,1,0,0,0,0,0,0,1,0,1,0,0,0,0,0
5,1.0,1.0,7.0,P460516,34,32.0,1.0,0,0,0,0,0,1,0,0,0,0,0,0,0,0,0,1,0,0,0,0,0,1,0,0,0,0,1,0,0,0
5,1.0,1.0,4.0,P460516,34,32.0,1.0,0,0,1,0,0,0,0,0,0,0,0,0,0,0,0,0,0,0,1,1,0,0,0,0,0,1,0,0,0,0
5,1.0,0.333332986,6.0,P460516,34,32.0,0.4056838710822129,0,0,0,0,0,0,1,0,0,0,0,0,0,0,0,1,0,0,0,0,0,0,1,0,0,0,1,0,0,0
5,1.0,0.400000006,5.0,P460516,34,32.0,0.4421141086977403,0,0,0,0,0,1,0,0,0,0,0,0,0,0,0,1,0,0,0,1,0,0,0,0,1,0,0,0,0,0
5,1.0,0.8125,16.0,P460516,34,32.0,0.6556091324118037,0,0,0,0,0,1,0,0,0,0,0,0,0,0,0,1,0,0,0,1,0,0,0,0,0,0,1,0,0,0
4,1.0,0.899999976,10.0,P456418,46,50.0,0.7686217868402409,0,0,0,0,0,0,0,0,0,0,0,0,1,0,0,1,0,0,0,0,0,0,1,0,1,0,0,0,0,0
3,1.0,0.75,12.0,P456418,46,50.0,0.6241963505817848,0,0,1,0,0,0,0,0,0,0,0,0,0,0,0,1,0,0,0,0,0,0,1,0,0,0,1,0,0,0
5,1.0,0.5,4.0,P456418,46,50.0,0.5,0,0,0,0,0,0,0,0,0,0,1,0,0,0,1,0,0,0,0,1,0,0,0,0,0,0,0,1,0,0
1,0.0,0.934782982,113.72000000000116,P456418,46,50.0,0.6788637791823697,0,0,0,0,1,0,0,0,0,0,0,0,0,0,0,1,0,0,0,0,0,1,0,0,0,0,0,1,0,0
1,0.0,0.600000024,5.0,P456418,46,50.0,0.5578858913022596,0,0,0,0,1,0,0,0,0,0,0,0,0,0,0,0,0,1,0,1,0,0,0,0,0,1,0,0,0,0
5,1.0,1.0,7.0,P456418,46,50.0,1.0,0,0,0,0,1,0,0,0,0,0,0,0,0,0,0,1,0,0,0,1,0,0,0,0,0,0,0,1,0,0
5,1.0,1.0,4.0,P456418,46,50.0,1.0,0,0,0,0,1,0,0,0,0,0,0,0,0,0,0,1,0,0,0,1,0,0,0,0,0,0,0,1,0,0
5,1.0,1.0,6.0,P456418,46,50.0,1.0,0,0,0,0,1,0,0,0,0,0,0,0,0,0,0,1,0,0,0,1,0,0,0,0,0,0,0,1,0,0
5,1.0,0.833333015,6.0,P456418,46,50.0,0.7210570543488701,0,0,0,0,1,0,0,0,0,0,0,0,0,0,0,1,0,0,0,1,0,0,0,0,0,0,0,1,0,0
5,1.0,0.75,8.0,P456418,46,50.0,0.6391511932854698,0,0,0,0,1,0,0,0,0,0,0,0,0,0,0,1,0,0,0,1,0,0,0,0,0,0,0,1,0,0
5,1.0,1.0,5.0,P456418,46,50.0,1.0,0,0,0,0,1,0,0,0,0,0,0,0,0,0,0,1,0,0,0,1,0,0,0,0,0,0,0,1,0,0
5,1.0,1.0,17.0,P456418,46,50.0,1.0,0,0,0,0,1,0,0,0,0,0,0,0,0,0,0,1,0,0,0,1,0,0,0,0,0,0,0,1,0,0
5,1.0,0.833333015,6.0,P456418,46,50.0,0.7210570543488701,0,0,0,0,1,0,0,0,0,0,0,0,0,0,0,1,0,0,0,1,0,0,0,0,0,0,0,1,0,0
4,1.0,0.800000012,5.0,P456418,46,50.0,0.6989700043360187,0,0,0,0,1,0,0,0,0,0,0,0,0,0,0,1,0,0,0,1,0,0,0,0,0,0,0,1,0,0
5,1.0,0.958333015,24.0,P456418,46,50.0,0.8209477682489587,1,0,0,0,0,0,0,0,0,0,0,0,0,0,0,1,0,0,0,0,0,0,1,0,0,0,0,1,0,0
5,1.0,0.833333015,6.0,P456418,46,50.0,0.7210570543488701,0,0,0,0,1,0,0,0,0,0,0,0,0,0,0,1,0,0,0,1,0,0,0,0,0,0,0,1,0,0
5,1.0,0.75,4.0,P433435,40,44.0,0.6666666666666667,0,0,0,0,0,1,0,0,0,0,0,0,0,0,0,1,0,0,0,1,0,0,0,0,0,0,1,0,0,0
4,1.0,0.75,4.0,P433435,40,44.0,0.6666666666666667,0,0,0,0,0,1,0,0,0,0,0,0,0,0,0,1,0,0,0,1,0,0,0,0,0,0,1,0,0,0
3,0.0,0.75,4.0,P433435,40,44.0,0.6666666666666667,0,0,0,0,0,0,1,0,0,0,0,0,0,0,0,0,0,1,0,1,0,0,0,0,1,0,0,0,0,0
1,0.0,0.892857015,28.0,P433435,40,44.0,0.701512126945176,0,0,0,0,1,0,0,0,0,0,0,0,0,0,0,1,0,0,0,1,0,0,0,0,1,0,0,0,0,0
5,1.0,0.928570986,14.0,P433435,40,44.0,0.7919854023234905,0,0,0,0,0,1,0,0,0,0,0,0,0,0,0,0,0,0,1,0,0,0,1,0,0,1,0,0,0,0
5,1.0,0.75,4.0,P433435,40,44.0,0.6666666666666667,0,0,0,0,0,1,0,0,0,0,0,0,0,0,0,1,0,0,0,0,0,0,1,0,1,0,0,0,0,0
2,0.0,0.857142985,7.0,P433435,40,44.0,0.7373504649628064,0,0,0,0,0,0,0,1,0,0,0,0,0,0,0,1,0,0,0,0,0,0,1,0,1,0,0,0,0,0
5,1.0,0.857142985,14.0,P433435,40,44.0,0.7001245250427999,0,0,0,0,1,0,0,0,0,0,0,0,0,0,0,1,0,0,0,1,0,0,0,0,0,0,1,0,0,0
1,0.0,0.892857015,28.0,P433435,40,44.0,0.701512126945176,0,0,0,0,1,0,0,0,0,0,0,0,0,0,1,0,0,0,0,1,0,0,0,0,0,1,0,0,0,0
3,0.0,0.375,8.0,P433435,40,44.0,0.4362085839710631,0,0,0,0,0,0,0,0,0,0,0,0,1,0,0,1,0,0,0,1,0,0,0,0,1,0,0,0,0,0
4,1.0,0.833333015,6.0,P448203,84,64.0,0.7210570543488701,0,0,0,0,0,1,0,0,0,0,0,0,0,0,0,0,0,0,1,0,1,0,0,0,0,1,0,0,0,0
5,1.0,1.0,5.0,P448203,84,64.0,1.0,0,0,0,0,1,0,0,0,0,0,0,0,0,0,0,0,0,1,0,1,0,0,0,0,0,0,1,0,0,0
1,0.0,0.166666999,12.0,P448203,84,64.0,0.3142027492734314,0,0,0,0,0,1,0,0,0,0,0,0,0,0,0,1,0,0,0,1,0,0,0,0,0,0,1,0,0,0
5,1.0,1.0,8.0,P448203,84,64.0,1.0,0,0,0,0,1,0,0,0,0,0,0,0,0,0,1,0,0,0,0,1,0,0,0,0,0,1,0,0,0,0
5,1.0,0.944444001,18.0,P448203,84,64.0,0.8065735963827292,0,0,0,0,1,0,0,0,0,0,0,0,0,0,1,0,0,0,0,0,1,0,0,0,0,1,0,0,0,0
5,1.0,1.0,12.0,P448203,84,64.0,1.0,0,0,0,0,1,0,0,0,0,0,0,0,0,0,0,1,0,0,0,1,0,0,0,0,0,0,1,0,0,0
5,1.0,0.705882013,17.0,P448203,84,64.0,0.5887355477484346,0,0,0,0,0,0,1,0,0,0,0,0,0,0,0,0,0,1,0,1,0,0,0,0,0,0,1,0,0,0
1,0.0,0.90476203,42.0,P448203,84,64.0,0.6947775370433603,0,0,0,0,0,0,0,1,0,0,0,0,0,0,0,1,0,0,0,1,0,0,0,0,0,1,0,0,0,0
4,1.0,1.0,4.0,P448203,84,64.0,1.0,0,0,0,0,0,1,0,0,0,0,0,0,0,0,0,1,0,0,0,0,1,0,0,0,0,0,0,0,1,0
5,1.0,0.600000024,5.0,P448203,84,64.0,0.5578858913022596,0,0,0,0,0,1,0,0,0,0,0,0,0,0,0,1,0,0,0,1,0,0,0,0,0,0,1,0,0,0
5,1.0,0.666666985,6.0,P448203,84,64.0,0.5943161289177871,0,0,1,0,0,0,0,0,0,0,0,0,0,0,1,0,0,0,0,0,0,0,1,1,0,0,0,0,0,0
5,1.0,0.875,8.0,P448203,84,64.0,0.75,0,0,0,0,0,1,0,0,0,0,0,0,0,0,0,1,0,0,0,0,1,0,0,0,0,0,1,0,0,0
5,1.0,1.0,4.0,P470529,34,45.0,1.0,0,0,1,0,0,0,0,0,0,0,0,0,0,0,0,1,0,0,0,1,0,0,0,0,0,0,1,0,0,0
4,1.0,0.714286029,7.0,P470529,34,45.0,0.6199062332840658,0,0,1,0,0,0,0,0,0,0,0,0,0,0,0,0,0,1,0,1,0,0,0,0,0,0,0,0,0,1
3,0.0,0.800000012,10.0,P470529,34,45.0,0.6666666666666666,0,0,1,0,0,0,0,0,0,0,0,0,0,0,1,0,0,0,0,0,0,1,0,0,0,1,0,0,0,0
5,1.0,0.75,4.0,P470529,34,45.0,0.6666666666666667,0,1,0,0,0,0,0,0,0,0,0,0,0,0,0,1,0,0,0,0,1,0,0,0,1,0,0,0,0,0
4,1.0,1.0,11.0,P470529,34,45.0,1.0,0,0,0,0,0,1,0,0,0,0,0,0,0,0,1,0,0,0,0,0,1,0,0,0,0,0,1,0,0,0
5,1.0,0.666666985,6.0,P470529,34,45.0,0.5943161289177871,0,0,0,0,0,1,0,0,0,0,0,0,0,0,0,1,0,0,0,0,1,0,0,0,0,0,1,0,0,0
5,1.0,0.857142985,7.0,P470529,34,45.0,0.7373504649628064,0,0,0,0,0,1,0,0,0,0,0,0,0,0,0,1,0,0,0,1,0,0,0,0,1,0,0,0,0,0
5,1.0,0.833333015,12.0,P470529,34,45.0,0.6857972507265685,0,0,1,0,0,0,0,0,0,0,0,0,0,0,0,1,0,0,0,0,1,0,0,0,1,0,0,0,0,0
5,1.0,0.888889015,9.0,P470529,34,45.0,0.7601875334318686,0,0,1,0,0,0,0,0,0,0,0,0,0,0,0,1,0,0,0,0,0,1,0,0,0,1,0,0,0,0
5,1.0,0.5,4.0,P470529,34,45.0,0.5,0,0,0,0,1,0,0,0,0,0,0,0,0,0,1,0,0,0,0,0,1,0,0,0,0,0,1,0,0,0
5,1.0,0.5,4.0,P470529,34,45.0,0.5,0,0,0,0,0,1,0,0,0,0,0,0,0,0,0,1,0,0,0,0,1,0,0,0,1,0,0,0,0,0
3,0.0,0.428570986,7.0,P470529,34,45.0,0.4627564263195183,0,0,0,0,1,0,0,0,0,0,0,0,0,0,0,1,0,0,0,1,0,0,0,0,1,0,0,0,0,0
5,1.0,0.777778029,9.0,P404338,44,45.0,0.6543128759565946,0,0,0,0,1,0,0,0,0,0,0,0,0,0,0,0,0,0,1,0,0,1,0,0,0,0,1,0,0,0
5,1.0,1.0,9.0,P404338,44,45.0,1.0,0,0,0,0,1,0,0,0,0,0,0,0,0,0,1,0,0,0,0,1,0,0,0,0,0,1,0,0,0,0
3,1.0,0.5,6.0,P404338,44,45.0,0.5,0,0,1,0,0,0,0,0,0,0,0,0,0,0,0,1,0,0,0,1,0,0,0,0,0,0,1,0,0,0
4,1.0,0.800000012,5.0,P404338,44,45.0,0.6989700043360187,0,0,0,0,0,0,0,1,0,0,0,0,0,0,0,0,0,1,0,1,0,0,0,0,1,0,0,0,0,0
3,0.0,0.238095,42.0,P404338,44,45.0,0.4068088558282997,0,0,0,0,1,0,0,0,0,0,0,0,0,0,0,1,0,0,0,1,0,0,0,0,0,0,1,0,0,0
5,1.0,1.0,5.0,P404338,44,45.0,1.0,0,0,0,0,1,0,0,0,0,0,0,0,0,0,0,1,0,0,0,1,0,0,0,0,0,0,1,0,0,0
1,1.0,0.846153975,13.0,P404338,44,45.0,0.6934264036172708,0,0,0,0,1,0,0,0,0,0,0,0,0,0,0,1,0,0,0,0,1,0,0,0,0,0,1,0,0,0
5,1.0,1.0,4.0,P466155,98,89.0,1.0,0,0,0,0,0,1,0,0,0,0,0,0,0,0,0,0,0,0,1,0,0,1,0,0,0,0,1,0,0,0
5,1.0,0.939393997,33.0,P466155,98,89.0,0.7593057666543161,0,0,0,0,1,0,0,0,0,0,0,0,0,0,0,0,0,0,1,0,1,0,0,0,1,0,0,0,0,0
5,1.0,0.800000012,5.0,P466155,98,89.0,0.6989700043360187,0,0,0,0,0,0,0,1,0,0,0,0,0,0,0,1,0,0,0,0,1,0,0,0,0,0,1,0,0,0
4,1.0,0.96875,32.0,P466155,98,89.0,0.8333333333333334,0,0,0,0,0,0,0,1,0,0,0,0,0,0,0,1,0,0,0,1,0,0,0,0,0,0,1,0,0,0
5,1.0,0.875,8.0,P466155,98,89.0,0.75,0,0,0,0,0,1,0,0,0,0,0,0,0,0,0,1,0,0,0,0,0,0,1,1,0,0,0,0,0,0
5,1.0,1.0,8.0,P466155,98,89.0,1.0,0,0,0,0,1,0,0,0,0,0,0,0,0,0,1,0,0,0,0,1,0,0,0,0,0,0,0,0,0,1
5,1.0,0.818181992,11.0,P377533,18,92.0,0.6769924925288455,0,0,0,0,1,0,0,0,0,0,0,0,0,0,1,0,0,0,0,1,0,0,0,0,0,0,1,0,0,0
5,1.0,1.0,10.0,P377533,18,92.0,1.0,0,0,0,0,0,1,0,0,0,0,0,0,0,0,0,1,0,0,0,1,0,0,0,0,1,0,0,0,0,0
5,1.0,0.857142985,7.0,P377533,18,92.0,0.7373504649628064,0,0,0,0,0,1,0,0,0,0,0,0,0,0,0,1,0,0,0,1,0,0,0,0,0,0,1,0,0,0
5,1.0,0.888889015,9.0,P377533,18,92.0,0.7601875334318686,0,0,0,0,0,0,0,1,0,0,0,0,0,0,0,1,0,0,0,0,0,0,1,0,1,0,0,0,0,0
5,1.0,1.0,26.0,P377533,18,92.0,1.0,0,0,0,0,0,1,0,0,0,0,0,0,0,0,0,0,0,1,0,1,0,0,0,0,0,1,0,0,0,0
5,1.0,0.833333015,6.0,P377533,18,92.0,0.7210570543488701,0,0,1,0,0,0,0,0,0,0,0,0,0,0,1,0,0,0,0,1,0,0,0,0,0,0,1,0,0,0
5,1.0,0.947368026,19.0,P377533,18,92.0,0.8094485875732266,0,0,1,0,0,0,0,0,0,0,0,0,0,0,1,0,0,0,0,1,0,0,0,0,0,0,0,0,0,1
5,1.0,1.0,4.0,P377533,18,92.0,1.0,0,0,1,0,0,0,0,0,0,0,0,0,0,0,0,1,0,0,0,1,0,0,0,0,0,0,1,0,0,0
1,1.0,0.785713971,14.0,P377533,18,92.0,0.6418955364979173,0,0,0,0,0,1,0,0,0,0,0,0,0,0,0,1,0,0,0,1,0,0,0,0,0,0,1,0,0,0
5,1.0,0.941175997,17.0,P377533,18,92.0,0.8034383677671774,0,0,0,0,0,1,0,0,0,0,0,0,0,0,0,1,0,0,0,1,0,0,0,0,0,0,1,0,0,0
5,1.0,0.285714,7.0,P377533,18,92.0,0.3800937667159343,0,0,0,0,0,1,0,0,0,0,0,0,0,0,0,1,0,0,0,1,0,0,0,0,0,0,1,0,0,0
5,1.0,1.0,20.0,P377533,18,92.0,1.0,0,0,0,0,0,1,0,0,0,0,0,0,0,0,0,1,0,0,0,1,0,0,0,0,0,0,1,0,0,0
5,1.0,1.0,5.0,P377533,18,92.0,1.0,0,0,0,0,0,1,0,0,0,0,0,0,0,0,0,1,0,0,0,1,0,0,0,0,0,0,1,0,0,0
5,1.0,1.0,4.0,P377533,18,92.0,1.0,0,0,0,0,0,1,0,0,0,0,0,0,0,0,0,1,0,0,0,1,0,0,0,0,0,0,1,0,0,0
5,1.0,1.0,7.0,P377533,18,92.0,1.0,0,0,0,0,0,1,0,0,0,0,0,0,0,0,0,1,0,0,0,1,0,0,0,0,0,0,1,0,0,0
5,1.0,0.916666985,12.0,P416341,53,245.0,0.7818957080144684,0,0,1,0,0,0,0,0,0,0,0,0,0,0,0,1,0,0,0,1,0,0,0,0,0,0,0,0,0,1
2,0.0,0.5,16.0,P416341,53,245.0,0.5,0,0,0,0,0,1,0,0,0,0,0,0,0,0,0,0,0,1,0,1,0,0,0,0,0,0,1,0,0,0
5,1.0,0.666666985,30.0,P416341,53,245.0,0.5594062417953451,0,1,0,0,0,0,0,0,0,0,0,0,0,0,0,1,0,0,0,0,1,0,0,0,1,0,0,0,0,0
3,0.0,0.777778029,18.0,P416341,53,245.0,0.6272281775627488,0,0,0,0,0,0,1,0,0,0,0,0,0,0,0,1,0,0,0,1,0,0,0,0,1,0,0,0,0,0
5,1.0,0.636363983,11.0,P416341,53,245.0,0.5637054741273227,0,0,0,0,1,0,0,0,0,0,0,0,0,0,0,1,0,0,0,1,0,0,0,0,0,0,1,0,0,0
1,0.0,0.727272987,66.0,P416341,53,245.0,0.5692909148496731,0,0,0,0,0,1,0,0,0,0,0,0,0,0,1,0,0,0,0,1,0,0,0,0,0,0,1,0,0,0
1,0.0,0.571429014,14.0,P416341,53,245.0,0.5303290195561405,0,0,1,0,0,0,0,0,0,0,0,0,0,0,0,1,0,0,0,0,0,0,1,0,0,1,0,0,0,0
5,1.0,0.804347992,46.0,P416341,53,245.0,0.6123705874743044,0,0,0,0,1,0,0,0,0,0,0,0,0,0,0,1,0,0,0,1,0,0,0,0,0,0,1,0,0,0
2,0.0,0.857142985,14.0,P416341,53,245.0,0.7001245250427999,0,0,0,0,0,0,0,1,0,0,0,0,0,0,0,1,0,0,0,1,0,0,0,0,1,0,0,0,0,0
1,0.0,0.769231021,13.0,P416341,53,245.0,0.6336614981727328,0,0,0,0,1,0,0,0,0,0,0,0,0,0,0,1,0,0,0,0,1,0,0,0,1,0,0,0,0,0
5,1.0,0.909090996,11.0,P416341,53,245.0,0.7757561757824245,0,0,0,0,1,0,0,0,0,0,0,0,0,0,0,0,0,1,0,0,1,0,0,0,0,1,0,0,0,0
5,1.0,0.899999976,10.0,P416341,53,245.0,0.7686217868402409,0,0,0,0,1,0,0,0,0,0,0,0,0,0,0,0,0,0,1,0,1,0,0,0,0,0,1,0,0,0
4,1.0,0.4375,16.0,P416341,53,245.0,0.4745387728193468,0,1,0,0,0,0,0,0,0,0,0,0,0,0,0,1,0,0,0,1,0,0,0,0,0,0,1,0,0,0
1,0.0,0.5,8.0,P416341,53,245.0,0.5,0,0,1,0,0,0,0,0,0,0,0,0,0,0,0,1,0,0,0,0,0,1,0,0,1,0,0,0,0,0
5,1.0,0.571429014,7.0,P416341,53,245.0,0.5372435736804816,0,0,0,1,0,0,0,0,0,0,0,0,0,0,1,0,0,0,0,0,1,0,0,0,0,0,1,0,0,0
5,1.0,0.75,4.0,P416341,53,245.0,0.6666666666666667,0,0,0,0,0,1,0,0,0,0,0,0,0,0,0,0,0,1,0,0,0,0,1,0,0,1,0,0,0,0
1,0.0,0.866666973,75.0,P416341,53,245.0,0.6359958911276448,0,0,0,0,1,0,0,0,0,0,0,0,0,0,0,0,0,1,0,1,0,0,0,0,0,1,0,0,0,0
5,1.0,0.900843978,113.72000000000116,P416341,53,245.0,0.610163683439663,0,0,0,0,0,1,0,0,0,0,0,0,0,0,0,1,0,0,0,1,0,0,0,0,0,0,1,0,0,0
5,1.0,0.859649003,57.0,P416341,53,245.0,0.6403444863594805,0,0,0,0,1,0,0,0,0,0,0,0,0,0,0,1,0,0,0,0,0,1,0,0,0,0,1,0,0,0
5,1.0,0.847221971,72.0,P416341,53,245.0,0.624184629723683,0,0,1,0,0,0,0,0,0,0,0,0,0,0,0,1,0,0,0,1,0,0,0,0,0,0,1,0,0,0
1,0.0,0.777778029,27.0,P416341,53,245.0,0.6136731268579214,0,0,1,0,0,0,0,0,0,0,0,0,0,0,0,0,0,0,1,1,0,0,0,0,0,0,1,0,0,0
5,1.0,0.859375,64.0,P416341,53,245.0,0.6361238786527382,0,0,0,0,0,0,0,0,0,0,0,0,1,0,0,1,0,0,0,1,0,0,0,0,1,0,0,0,0,0
1,0.0,0.850000024,40.0,P416341,53,245.0,0.6462790738806947,0,0,1,0,0,0,0,0,0,0,0,0,0,0,0,0,0,0,1,0,1,0,0,0,0,1,0,0,0,0
5,1.0,0.877192974,113.72000000000116,P416341,53,245.0,0.6116421535579205,0,0,0,0,0,0,0,1,0,0,0,0,0,0,0,1,0,0,0,0,0,0,1,0,1,0,0,0,0,0
3,1.0,0.600000024,5.0,P416341,53,245.0,0.5578858913022596,0,0,0,0,1,0,0,0,0,0,0,0,0,0,0,1,0,0,0,1,0,0,0,0,0,0,1,0,0,0
5,1.0,0.5,6.0,P416341,53,245.0,0.5,0,0,0,0,1,0,0,0,0,0,0,0,0,0,0,1,0,0,0,1,0,0,0,0,0,0,1,0,0,0
5,1.0,0.733332992,15.0,P416341,53,245.0,0.6069119518459337,0,0,0,0,1,0,0,0,0,0,0,0,0,0,0,1,0,0,0,1,0,0,0,0,0,0,1,0,0,0
5,1.0,0.600000024,15.0,P416341,53,245.0,0.5419766203817946,0,0,0,0,1,0,0,0,0,0,0,0,0,0,0,1,0,0,0,1,0,0,0,0,0,0,1,0,0,0
5,1.0,0.982758999,58.0,P426501,53,100.0,0.8541844894713946,0,0,0,0,0,1,0,0,0,0,0,0,0,0,0,1,0,0,0,1,0,0,0,0,0,0,1,0,0,0
1,0.0,0.600000024,15.0,P426501,53,100.0,0.5419766203817946,0,0,0,0,0,0,1,0,0,0,0,0,0,0,0,1,0,0,0,1,0,0,0,0,1,0,0,0,0,0
5,1.0,0.877551019,49.0,P426501,53,100.0,0.6604055386893274,0,0,0,0,0,1,0,0,0,0,0,0,0,0,0,1,0,0,0,0,1,0,0,0,0,0,1,0,0,0
5,1.0,0.800000012,15.0,P426501,53,100.0,0.649149872836091,0,0,0,0,1,0,0,0,0,0,0,0,0,0,0,1,0,0,0,0,0,0,1,0,0,0,1,0,0,0
5,1.0,0.5,10.0,P426501,53,100.0,0.5,0,0,0,0,0,1,0,0,0,0,0,0,0,0,0,1,0,0,0,1,0,0,0,0,1,0,0,0,0,0
1,0.0,0.576923013,26.0,P426501,53,100.0,0.5273592321148182,0,0,0,0,1,0,0,0,0,0,0,0,0,0,0,1,0,0,0,0,1,0,0,0,0,0,1,0,0,0
5,1.0,0.666666985,9.0,P426501,53,100.0,0.583970804646981,0,0,0,0,0,1,0,0,0,0,0,0,0,0,0,1,0,0,0,1,0,0,0,0,1,0,0,0,0,0
5,1.0,0.93333298,30.0,P426501,53,100.0,0.7540002482184784,0,0,0,1,0,0,0,0,0,0,0,0,0,0,1,0,0,0,0,0,0,1,0,0,0,1,0,0,0,0
4,1.0,0.888889015,45.0,P426501,53,100.0,0.6745410412554547,0,0,0,1,0,0,0,0,0,0,0,0,0,0,0,0,0,0,1,0,1,0,0,0,0,1,0,0,0,0
3,0.0,1.0,5.0,P426501,53,100.0,1.0,0,0,0,0,1,0,0,0,0,0,0,0,0,0,0,1,0,0,0,1,0,0,0,0,1,0,0,0,0,0
5,1.0,0.86956501,113.72000000000116,P426501,53,100.0,0.6247025116293472,0,0,0,0,0,0,0,1,0,0,0,0,0,0,0,1,0,0,0,1,0,0,0,0,0,0,0,0,1,0
3,0.0,0.5,4.0,P426501,53,100.0,0.5,0,0,1,0,0,0,0,0,0,0,0,0,0,0,0,1,0,0,0,1,0,0,0,0,0,0,1,0,0,0
1,0.0,0.868421018,76.0,P426501,53,100.0,0.6368249371379048,0,0,1,0,0,0,0,0,0,0,0,0,0,0,1,0,0,0,0,1,0,0,0,0,0,0,1,0,0,0
5,1.0,0.857142985,14.0,P426501,53,100.0,0.7001245250427999,0,0,0,0,0,0,0,1,0,0,0,0,0,0,0,0,0,0,1,0,0,1,0,0,0,0,1,0,0,0
5,1.0,0.857142985,35.0,P426501,53,100.0,0.6571285251462631,0,0,0,0,1,0,0,0,0,0,0,0,0,0,0,0,0,0,1,0,1,0,0,1,0,0,0,0,0,0
5,1.0,0.888889015,18.0,P426501,53,100.0,0.7205846872952778,0,1,0,0,0,0,0,0,0,0,0,0,0,0,0,1,0,0,0,0,1,0,0,0,1,0,0,0,0,0
5,1.0,0.833333015,6.0,P426501,53,100.0,0.7210570543488701,0,0,1,0,0,0,0,0,0,0,0,0,0,0,1,0,0,0,0,0,0,0,1,0,0,1,0,0,0,0
3,1.0,0.842104971,19.0,P426501,53,100.0,0.6714559000758995,0,0,0,0,0,1,0,0,0,0,0,0,0,0,0,1,0,0,0,1,0,0,0,0,0,0,1,0,0,0
5,1.0,0.076923102,13.0,P426501,53,100.0,0.2127460535533631,0,0,0,0,0,1,0,0,0,0,0,0,0,0,0,1,0,0,0,1,0,0,0,0,0,0,1,0,0,0
5,1.0,0.800000012,15.0,P426501,53,100.0,0.649149872836091,0,0,0,0,0,1,0,0,0,0,0,0,0,0,0,1,0,0,0,1,0,0,0,0,0,0,1,0,0,0
3,0.0,0.75,4.0,P122882,7,20.0,0.6666666666666667,0,0,0,0,1,0,0,0,0,0,0,0,0,0,0,0,0,0,1,0,1,0,0,0,0,0,1,0,0,0
1,1.0,0.615384996,13.0,P122882,7,20.0,0.5508231047523734,0,0,0,0,1,0,0,0,0,0,0,0,0,0,0,1,0,0,0,0,0,1,0,0,1,0,0,0,0,0
5,1.0,0.75,4.0,P411539,19,49.0,0.6666666666666667,0,0,0,0,1,0,0,0,0,0,0,0,0,0,1,0,0,0,0,0,0,0,1,0,0,1,0,0,0,0
5,1.0,1.0,13.0,P411539,19,49.0,1.0,0,0,0,0,0,1,0,0,0,0,0,0,0,0,0,1,0,0,0,1,0,0,0,0,0,1,0,0,0,0
3,0.0,0.400000006,5.0,P411539,19,49.0,0.4421141086977403,0,0,0,0,1,0,0,0,0,0,0,0,0,0,0,1,0,0,0,1,0,0,0,0,0,0,1,0,0,0
3,0.0,1.0,5.0,P411539,19,49.0,1.0,0,0,0,0,0,0,1,0,0,0,0,0,0,0,0,1,0,0,0,1,0,0,0,0,0,0,1,0,0,0
3,1.0,0.888889015,36.0,P411539,19,49.0,0.6847914023639966,0,0,0,0,0,1,0,0,0,0,0,0,0,0,0,1,0,0,0,0,0,1,0,0,1,0,0,0,0,0
4,1.0,0.899999976,10.0,P411539,19,49.0,0.7686217868402409,0,0,0,0,0,1,0,0,0,0,0,0,0,0,0,1,0,0,0,1,0,0,0,0,1,0,0,0,0,0
5,1.0,0.899999976,10.0,P411539,19,49.0,0.7686217868402409,0,0,0,0,1,0,0,0,0,0,0,0,0,0,0,1,0,0,0,0,1,0,0,0,0,0,1,0,0,0
5,1.0,0.75,4.0,P411539,19,49.0,0.6666666666666667,0,0,1,0,0,0,0,0,0,0,0,0,0,0,0,1,0,0,0,1,0,0,0,0,0,1,0,0,0,0
5,1.0,0.90625,32.0,P411539,19,49.0,0.7104340987720837,0,0,1,0,0,0,0,0,0,0,0,0,0,0,1,0,0,0,0,1,0,0,0,0,0,0,1,0,0,0
4,1.0,0.75,4.0,P411539,19,49.0,0.6666666666666667,0,0,0,1,0,0,0,0,0,0,0,0,0,0,1,0,0,0,0,1,0,0,0,0,0,0,1,0,0,0
4,1.0,0.5,6.0,P411539,19,49.0,0.5,0,0,0,0,0,1,0,0,0,0,0,0,0,0,0,1,0,0,0,1,0,0,0,0,0,0,1,0,0,0
5,1.0,0.75,4.0,P411539,19,49.0,0.6666666666666667,0,0,1,0,0,0,0,0,0,0,0,0,0,0,0,1,0,0,0,0,1,0,0,0,0,0,1,0,0,0
5,1.0,0.899999976,20.0,P411539,19,49.0,0.7282714920267325,0,0,1,0,0,0,0,0,0,0,0,0,0,0,0,1,0,0,0,1,0,0,0,0,0,0,1,0,0,0
5,1.0,0.875,8.0,P419222,22,34.0,0.75,0,0,1,0,0,0,0,0,0,0,0,0,0,0,0,0,0,0,1,0,0,1,0,0,0,0,1,0,0,0
2,0.0,0.800000012,5.0,P419222,22,34.0,0.6989700043360187,0,0,1,0,0,0,0,0,0,0,0,0,0,0,1,0,0,0,0,1,0,0,0,0,0,1,0,0,0,0
2,0.0,0.899999976,10.0,P419222,22,34.0,0.7686217868402409,0,0,1,0,0,0,0,0,0,0,0,0,0,0,0,1,0,0,0,1,0,0,0,0,0,0,1,0,0,0
1,0.0,1.0,4.0,P419222,22,34.0,1.0,0,0,1,0,0,0,0,0,0,0,0,0,0,0,0,0,0,1,0,0,1,0,0,0,0,0,1,0,0,0
1,0.0,1.0,8.0,P419222,22,34.0,1.0,0,0,0,0,0,1,0,0,0,0,0,0,0,0,0,0,0,1,0,0,0,1,0,0,0,0,1,0,0,0
5,1.0,1.0,21.0,P419222,22,34.0,1.0,0,0,0,0,0,1,0,0,0,0,0,0,0,0,0,1,0,0,0,1,0,0,0,0,0,0,1,0,0,0
2,0.0,1.0,5.0,P419222,22,34.0,1.0,0,0,0,0,0,1,0,0,0,0,0,0,0,0,0,0,0,0,1,0,0,1,0,0,0,0,1,0,0,0
5,1.0,0.875,8.0,P419222,22,34.0,0.75,0,0,0,0,0,1,0,0,0,0,0,0,0,0,1,0,0,0,0,1,0,0,0,0,0,0,1,0,0,0
4,1.0,0.875,8.0,P419222,22,34.0,0.75,0,0,0,0,1,0,0,0,0,0,0,0,0,0,0,1,0,0,0,1,0,0,0,0,0,0,1,0,0,0
1,0.0,0.428570986,7.0,P419222,22,34.0,0.4627564263195183,0,0,0,0,0,0,0,0,0,0,0,0,1,0,0,1,0,0,0,1,0,0,0,0,1,0,0,0,0,0
3,1.0,0.823529005,17.0,P419222,22,34.0,0.6614123848024371,0,0,1,0,0,0,0,0,0,0,0,0,0,0,0,1,0,0,0,1,0,0,0,0,0,0,1,0,0,0
1,0.0,0.5,10.0,P474938,9,52.0,0.5,0,0,0,0,0,1,0,0,0,0,0,0,0,0,0,1,0,0,0,0,1,0,0,0,1,0,0,0,0,0
5,1.0,1.0,7.0,P474938,9,52.0,1.0,0,0,1,0,0,0,0,0,0,0,0,0,0,0,0,0,0,1,0,1,0,0,0,0,0,0,1,0,0,0
5,1.0,1.0,4.0,P474938,9,52.0,1.0,0,0,0,0,1,0,0,0,0,0,0,0,0,0,1,0,0,0,0,1,0,0,0,0,0,0,1,0,0,0
3,0.0,0.75,4.0,P474938,9,52.0,0.6666666666666667,0,0,0,0,1,0,0,0,0,0,0,0,0,0,0,1,0,0,0,1,0,0,0,0,1,0,0,0,0,0
3,0.0,0.125,24.0,P474938,9,52.0,0.3096247654715364,0,0,1,0,0,0,0,0,0,0,0,0,0,0,0,1,0,0,0,1,0,0,0,0,0,0,0,1,0,0
2,0.0,1.0,5.0,P474938,9,52.0,1.0,0,0,0,0,0,0,0,0,0,1,0,0,0,0,0,1,0,0,0,1,0,0,0,0,0,0,0,1,0,0
5,1.0,1.0,6.0,P474938,9,52.0,1.0,0,0,0,0,1,0,0,0,0,0,0,0,0,0,0,1,0,0,0,1,0,0,0,0,0,0,0,1,0,0
3,0.0,0.785713971,14.0,P474938,9,52.0,0.6418955364979173,0,0,0,0,1,0,0,0,0,0,0,0,0,0,0,1,0,0,0,0,0,0,1,0,0,0,0,1,0,0
2,0.0,1.0,14.0,P458209,27,42.0,1.0,0,0,0,0,0,0,0,0,0,0,0,0,1,0,0,1,0,0,0,1,0,0,0,0,1,0,0,0,0,0
4,1.0,0.5,6.0,P458209,27,42.0,0.5,0,0,0,0,0,0,0,1,0,0,0,0,0,0,0,1,0,0,0,1,0,0,0,0,1,0,0,0,0,0
1,0.0,0.428570986,7.0,P458209,27,42.0,0.4627564263195183,0,0,0,1,0,0,0,0,0,0,0,0,0,0,1,0,0,0,0,1,0,0,0,1,0,0,0,0,0,0
3,0.0,0.222222,9.0,P458209,27,42.0,0.3456871240434053,0,0,1,0,0,0,0,0,0,0,0,0,0,0,0,0,0,0,1,1,0,0,0,1,0,0,0,0,0,0
1,0.0,0.75,4.0,P458209,27,42.0,0.6666666666666667,0,0,0,0,1,0,0,0,0,0,0,0,0,0,0,1,0,0,0,0,0,0,1,0,0,0,1,0,0,0
5,1.0,0.75,4.0,P458209,27,42.0,0.6666666666666667,0,0,0,0,0,1,0,0,0,0,0,0,0,0,0,1,0,0,0,0,1,0,0,0,0,0,1,0,0,0
3,0.0,1.0,7.0,P458209,27,42.0,1.0,0,0,1,0,0,0,0,0,0,0,0,0,0,0,0,1,0,0,0,1,0,0,0,0,1,0,0,0,0,0
5,1.0,1.0,12.0,P458209,27,42.0,1.0,0,0,0,0,0,0,1,0,0,0,0,0,0,0,0,1,0,0,0,1,0,0,0,0,1,0,0,0,0,0
5,1.0,0.800000012,5.0,P458209,27,42.0,0.6989700043360187,0,0,0,0,0,1,0,0,0,0,0,0,0,0,0,0,0,0,1,0,1,0,0,0,0,0,1,0,0,0
5,1.0,1.0,5.0,P458209,27,42.0,1.0,0,0,1,0,0,0,0,0,0,0,0,0,0,0,0,0,0,1,0,1,0,0,0,0,0,1,0,0,0,0
2,0.0,0.800000012,10.0,P458209,27,42.0,0.6666666666666666,0,0,0,0,1,0,0,0,0,0,0,0,0,0,0,1,0,0,0,1,0,0,0,0,0,0,1,0,0,0
4,1.0,1.0,5.0,P458209,27,42.0,1.0,0,0,1,0,0,0,0,0,0,0,0,0,0,0,1,0,0,0,0,0,0,0,1,0,0,1,0,0,0,0
5,1.0,1.0,6.0,P458209,27,42.0,1.0,0,0,0,0,0,1,0,0,0,0,0,0,0,0,0,1,0,0,0,0,1,0,0,0,0,0,1,0,0,0
5,1.0,0.571429014,7.0,P458209,27,42.0,0.5372435736804816,0,0,1,0,0,0,0,0,0,0,0,0,0,0,0,0,0,1,0,1,0,0,0,0,0,0,1,0,0,0
5,1.0,0.200000003,10.0,P458209,27,42.0,0.3333333333333332,0,0,1,0,0,0,0,0,0,0,0,0,0,0,0,0,0,1,0,1,0,0,0,0,0,0,1,0,0,0
2,0.0,0.732142985,56.0,P458209,27,42.0,0.5741200153330654,0,0,0,0,1,0,0,0,0,0,0,0,0,0,0,1,0,0,0,1,0,0,0,0,0,0,1,0,0,0
4,1.0,1.0,4.0,P417936,111,46.0,1.0,0,1,0,0,0,0,0,0,0,0,0,0,0,0,0,1,0,0,0,0,0,0,1,0,1,0,0,0,0,0
1,0.0,0.800000012,20.0,P417936,111,46.0,0.6377303057306478,0,0,0,0,0,1,0,0,0,0,0,0,0,0,0,1,0,0,0,0,1,0,0,0,0,0,1,0,0,0
2,0.0,0.666666985,12.0,P417936,111,46.0,0.5772049881597967,0,0,0,0,0,1,0,0,0,0,0,0,0,0,0,1,0,0,0,1,0,0,0,0,1,0,0,0,0,0
5,1.0,0.888889015,9.0,P417936,111,46.0,0.7601875334318686,0,0,0,0,0,0,1,0,0,0,0,0,0,0,0,1,0,0,0,1,0,0,0,0,0,0,1,0,0,0
4,1.0,0.918919027,37.0,P417936,111,46.0,0.7194668811370827,0,0,0,0,1,0,0,0,0,0,0,0,0,0,1,0,0,0,0,1,0,0,0,0,0,1,0,0,0,0
3,1.0,0.899999976,40.0,P417936,111,46.0,0.6916995763579098,0,0,1,0,0,0,0,0,0,0,0,0,0,0,0,0,0,0,1,0,0,0,1,0,0,0,1,0,0,0
2,1.0,0.899999976,30.0,P417936,111,46.0,0.7062001286991106,0,0,1,0,0,0,0,0,0,0,0,0,0,0,0,1,0,0,0,1,0,0,0,0,0,0,1,0,0,0
1,0.0,0.159999996,25.0,P415747,88,18.0,0.342398603373972,0,0,0,0,1,0,0,0,0,0,0,0,0,0,0,1,0,0,0,0,1,0,0,0,0,0,1,0,0,0
2,0.0,0.666666985,6.0,P415747,88,18.0,0.5943161289177871,0,0,0,0,0,0,0,1,0,0,0,0,0,0,0,1,0,0,0,0,0,0,1,0,0,0,1,0,0,0
3,0.0,0.200000003,5.0,P415747,88,18.0,0.3010299956639811,0,0,1,0,0,0,0,0,0,0,0,0,0,0,0,0,0,0,1,0,0,1,0,0,0,0,0,0,0,1
5,1.0,1.0,5.0,P415747,88,18.0,1.0,0,0,0,0,1,0,0,0,0,0,0,0,0,0,0,0,0,1,0,1,0,0,0,0,0,0,1,0,0,0
4,0.0,0.961538017,26.0,P415747,88,18.0,0.8245749364180455,0,0,0,0,0,0,0,0,0,0,0,0,1,0,0,1,0,0,0,1,0,0,0,0,1,0,0,0,0,0
3,0.0,0.428570986,7.0,P415747,88,18.0,0.4627564263195183,0,0,0,0,1,0,0,0,0,0,0,0,0,0,1,0,0,0,0,0,0,1,0,0,0,0,1,0,0,0
4,1.0,1.0,16.0,P415747,88,18.0,1.0,0,0,1,0,0,0,0,0,0,0,0,0,0,0,0,0,0,1,0,1,0,0,0,0,0,0,1,0,0,0
2,0.0,0.833333015,6.0,P415747,88,18.0,0.7210570543488701,0,0,1,0,0,0,0,0,0,0,0,0,0,0,0,0,0,0,1,0,1,0,0,0,0,0,1,0,0,0
5,1.0,0.909090996,11.0,P415747,88,18.0,0.7757561757824245,0,0,0,0,1,0,0,0,0,0,0,0,0,0,0,1,0,0,0,0,0,0,1,0,0,0,1,0,0,0
3,1.0,0.947368026,19.0,P415747,88,18.0,0.8094485875732266,0,0,0,0,1,0,0,0,0,0,0,0,0,0,0,1,0,0,0,1,0,0,0,0,0,0,1,0,0,0
1,0.0,0.83871001,31.0,P454018,98,49.0,0.6478180753414248,0,0,0,1,0,0,0,0,0,0,0,0,0,0,0,0,0,1,0,0,1,0,0,1,0,0,0,0,0,0
5,1.0,0.857142985,7.0,P454018,98,49.0,0.7373504649628064,0,0,0,0,0,1,0,0,0,0,0,0,0,0,0,1,0,0,0,0,1,0,0,0,1,0,0,0,0,0
5,1.0,1.0,4.0,P454018,98,49.0,1.0,0,0,0,0,1,0,0,0,0,0,0,0,0,0,0,1,0,0,0,1,0,0,0,0,0,0,1,0,0,0
5,1.0,1.0,7.0,P454018,98,49.0,1.0,0,0,0,0,1,0,0,0,0,0,0,0,0,0,0,1,0,0,0,1,0,0,0,0,0,0,1,0,0,0
3,0.0,0.428570986,7.0,P454018,98,49.0,0.4627564263195183,0,0,0,0,1,0,0,0,0,0,0,0,0,0,0,1,0,0,0,0,1,0,0,0,1,0,0,0,0,0
2,0.0,0.75,4.0,P454018,98,49.0,0.6666666666666667,0,0,0,0,0,1,0,0,0,0,0,0,0,0,1,0,0,0,0,1,0,0,0,0,0,0,1,0,0,0
5,1.0,0.857142985,7.0,P454018,98,49.0,0.7373504649628064,0,0,0,0,0,1,0,0,0,0,0,0,0,0,0,1,0,0,0,1,0,0,0,0,1,0,0,0,0,0
1,0.0,1.0,15.0,P454018,98,49.0,1.0,0,0,0,0,1,0,0,0,0,0,0,0,0,0,1,0,0,0,0,0,1,0,0,0,0,1,0,0,0,0
5,1.0,0.5,6.0,P454018,98,49.0,0.5,0,0,1,0,0,0,0,0,0,0,0,0,0,0,0,0,0,0,1,1,0,0,0,0,0,0,1,0,0,0
4,1.0,0.0,4.0,P454018,98,49.0,0.0,0,0,0,0,1,0,0,0,0,0,0,0,0,0,0,0,0,1,0,1,0,0,0,0,0,0,1,0,0,0
1,0.0,1.0,4.0,P482739,84,50.0,1.0,0,0,0,0,1,0,0,0,0,0,0,0,0,0,0,1,0,0,0,0,0,0,1,0,1,0,0,0,0,0
1,0.0,1.0,9.0,P434360,68,52.0,1.0,0,0,0,0,1,0,0,0,0,0,0,0,0,0,1,0,0,0,0,1,0,0,0,0,0,0,1,0,0,0
5,1.0,0.75,4.0,P434360,68,52.0,0.6666666666666667,0,0,0,0,1,0,0,0,0,0,0,0,0,0,0,1,0,0,0,1,0,0,0,0,1,0,0,0,0,0
5,1.0,1.0,4.0,P434360,68,52.0,1.0,0,0,0,0,1,0,0,0,0,0,0,0,0,0,0,1,0,0,0,0,0,0,1,0,1,0,0,0,0,0
1,1.0,0.800000012,10.0,P434360,68,52.0,0.6666666666666666,0,0,0,0,1,0,0,0,0,0,0,0,0,0,0,1,0,0,0,0,0,0,1,0,1,0,0,0,0,0
5,1.0,1.0,8.0,P434360,68,52.0,1.0,0,0,0,0,1,0,0,0,0,0,0,0,0,0,0,1,0,0,0,1,0,0,0,0,1,0,0,0,0,0
5,1.0,1.0,5.0,P434360,68,52.0,1.0,0,0,0,0,1,0,0,0,0,0,0,0,0,0,0,1,0,0,0,1,0,0,0,0,1,0,0,0,0,0
4,1.0,1.0,4.0,P434360,68,52.0,1.0,0,0,0,0,1,0,0,0,0,0,0,0,0,0,0,1,0,0,0,1,0,0,0,0,1,0,0,0,0,0
5,1.0,1.0,4.0,P434360,68,52.0,1.0,0,0,0,0,1,0,0,0,0,0,0,0,0,0,0,1,0,0,0,1,0,0,0,0,1,0,0,0,0,0
5,1.0,1.0,4.0,P434360,68,52.0,1.0,0,0,0,0,1,0,0,0,0,0,0,0,0,0,0,1,0,0,0,1,0,0,0,0,1,0,0,0,0,0
4,1.0,0.5,4.0,P434360,68,52.0,0.5,0,0,0,0,1,0,0,0,0,0,0,0,0,0,0,1,0,0,0,1,0,0,0,0,1,0,0,0,0,0
2,0.0,0.5,8.0,P462336,110,38.0,0.5,0,0,1,0,0,0,0,0,0,0,0,0,0,0,0,1,0,0,0,0,1,0,0,0,0,0,1,0,0,0
5,1.0,1.0,7.0,P467038,71,28.0,1.0,0,0,0,0,0,1,0,0,0,0,0,0,0,0,0,1,0,0,0,0,0,1,0,1,0,0,0,0,0,0
5,1.0,0.875,8.0,P467038,71,28.0,0.75,0,0,0,0,1,0,0,0,0,0,0,0,0,0,1,0,0,0,0,0,1,0,0,0,0,1,0,0,0,0
1,0.0,0.222222,18.0,P467038,71,28.0,0.3727718224372513,0,0,0,0,1,0,0,0,0,0,0,0,0,0,0,1,0,0,0,1,0,0,0,0,1,0,0,0,0,0
5,1.0,0.857142985,7.0,P467038,71,28.0,0.7373504649628064,0,0,0,0,0,0,0,1,0,0,0,0,0,0,0,0,0,1,0,1,0,0,0,0,0,0,1,0,0,0
2,0.0,0.800000012,5.0,P467038,71,28.0,0.6989700043360187,0,0,0,0,0,1,0,0,0,0,0,0,0,0,0,1,0,0,0,0,0,1,0,0,0,0,1,0,0,0
5,1.0,0.5,4.0,P467038,71,28.0,0.5,0,0,0,0,0,1,0,0,0,0,0,0,0,0,0,0,0,1,0,0,1,0,0,0,0,1,0,0,0,0
5,1.0,0.800000012,5.0,P467038,71,28.0,0.6989700043360187,0,0,0,0,1,0,0,0,0,0,0,0,0,0,1,0,0,0,0,0,1,0,0,1,0,0,0,0,0,0
5,1.0,0.777778029,9.0,P467038,71,28.0,0.6543128759565946,0,0,0,0,1,0,0,0,0,0,0,0,0,0,0,0,0,1,0,0,0,0,1,0,0,0,1,0,0,0
5,1.0,1.0,6.0,P467038,71,28.0,1.0,0,0,1,0,0,0,0,0,0,0,0,0,0,0,1,0,0,0,0,0,0,0,1,0,0,1,0,0,0,0
5,1.0,0.75,4.0,P467038,71,28.0,0.6666666666666667,0,0,1,0,0,0,0,0,0,0,0,0,0,0,0,0,0,0,1,1,0,0,0,0,0,0,1,0,0,0
5,1.0,1.0,5.0,P467038,71,28.0,1.0,0,0,0,0,0,0,1,0,0,0,0,0,0,0,0,1,0,0,0,1,0,0,0,0,1,0,0,0,0,0
1,0.0,0.600000024,10.0,P467038,71,28.0,0.5473191697130572,0,0,0,0,0,0,1,0,0,0,0,0,0,0,0,0,0,0,1,0,0,0,1,0,0,0,1,0,0,0
1,0.0,0.800000012,15.0,P467038,71,28.0,0.649149872836091,0,0,1,0,0,0,0,0,0,0,0,0,0,0,0,1,0,0,0,0,1,0,0,0,0,0,1,0,0,0
5,1.0,0.400000006,5.0,P467038,71,28.0,0.4421141086977403,0,0,0,0,0,1,0,0,0,0,0,0,0,0,0,0,0,1,0,1,0,0,0,0,0,1,0,0,0,0
5,1.0,1.0,4.0,P467038,71,28.0,1.0,0,0,0,0,0,1,0,0,0,0,0,0,0,0,0,1,0,0,0,1,0,0,0,0,1,0,0,0,0,0
5,1.0,1.0,4.0,P467038,71,28.0,1.0,0,0,1,0,0,0,0,0,0,0,0,0,0,0,0,1,0,0,0,0,1,0,0,0,0,1,0,0,0,0
5,1.0,1.0,5.0,P467038,71,28.0,1.0,0,0,0,0,1,0,0,0,0,0,0,0,0,0,0,1,0,0,0,1,0,0,0,0,0,0,1,0,0,0
5,1.0,1.0,7.0,P467038,71,28.0,1.0,0,0,0,0,0,1,0,0,0,0,0,0,0,0,0,1,0,0,0,1,0,0,0,0,1,0,0,0,0,0
2,0.0,0.625,8.0,P467038,71,28.0,0.5637914160289369,0,0,0,0,0,1,0,0,0,0,0,0,0,0,0,0,0,0,1,0,1,0,0,0,0,0,0,0,0,1
3,0.0,0.363635987,11.0,P467038,71,28.0,0.4362945258726772,0,0,1,0,0,0,0,0,0,0,0,0,0,0,0,1,0,0,0,0,0,0,1,0,0,0,1,0,0,0
3,0.0,0.5,14.0,P467038,71,28.0,0.5,0,0,0,0,1,0,0,0,0,0,0,0,0,0,0,1,0,0,0,0,1,0,0,0,0,0,1,0,0,0
5,1.0,0.777778029,18.0,P467038,71,28.0,0.6272281775627488,0,0,0,0,0,1,0,0,0,0,0,0,0,0,0,1,0,0,0,1,0,0,0,0,0,0,1,0,0,0
4,1.0,0.880952001,42.0,P467038,71,28.0,0.6699861103568933,0,0,1,0,0,0,0,0,0,0,0,0,0,0,1,0,0,0,0,1,0,0,0,0,0,0,1,0,0,0
5,1.0,0.9375,16.0,P467038,71,28.0,0.7999999999999999,0,0,0,0,0,0,1,0,0,0,0,0,0,0,0,0,0,1,0,1,0,0,0,0,0,0,1,0,0,0
5,1.0,0.846153975,13.0,P467038,71,28.0,0.6934264036172708,0,0,1,0,0,0,0,0,0,0,0,0,0,0,0,0,0,1,0,0,1,0,0,0,0,1,0,0,0,0
3,0.0,0.5,26.0,P467038,71,28.0,0.5,0,0,0,0,0,0,1,0,0,0,0,0,0,0,0,0,0,0,1,0,0,1,0,0,0,0,1,0,0,0
5,1.0,0.75,4.0,P467038,71,28.0,0.6666666666666667,0,0,0,0,1,0,0,0,0,0,0,0,0,0,0,1,0,0,0,0,1,0,0,0,1,0,0,0,0,0
4,1.0,0.93333298,15.0,P467038,71,28.0,0.7962049529094938,0,0,0,0,0,1,0,0,0,0,0,0,0,0,0,1,0,0,0,1,0,0,0,0,1,0,0,0,0,0
5,1.0,1.0,16.0,P467038,71,28.0,1.0,0,0,0,0,0,0,1,0,0,0,0,0,0,0,0,0,0,0,1,0,0,0,1,0,0,0,1,0,0,0
5,1.0,0.800000012,5.0,P467038,71,28.0,0.6989700043360187,0,0,1,0,0,0,0,0,0,0,0,0,0,0,0,0,0,0,1,1,0,0,0,0,0,1,0,0,0,0
5,1.0,0.75,4.0,P467038,71,28.0,0.6666666666666667,0,0,0,0,0,1,0,0,0,0,0,0,0,0,1,0,0,0,0,0,0,1,0,0,0,0,1,0,0,0
5,1.0,1.0,7.0,P463036,27,48.0,1.0,0,0,1,0,0,0,0,0,0,0,0,0,0,0,1,0,0,0,0,1,0,0,0,0,0,0,0,0,1,0
5,1.0,0.875,8.0,P463036,27,48.0,0.75,0,0,0,0,1,0,0,0,0,0,0,0,0,0,0,1,0,0,0,1,0,0,0,0,1,0,0,0,0,0
5,1.0,0.800000012,5.0,P463036,27,48.0,0.6989700043360187,0,0,0,0,1,0,0,0,0,0,0,0,0,0,0,0,0,1,0,0,1,0,0,0,0,1,0,0,0,0
5,1.0,0.800000012,5.0,P463036,27,48.0,0.6989700043360187,0,0,0,0,1,0,0,0,0,0,0,0,0,0,0,1,0,0,0,1,0,0,0,0,0,0,1,0,0,0
2,0.0,0.5,6.0,P463036,27,48.0,0.5,0,0,0,0,0,0,0,1,0,0,0,0,0,0,0,1,0,0,0,1,0,0,0,0,0,0,1,0,0,0
3,0.0,0.899999976,10.0,P463036,27,48.0,0.7686217868402409,0,0,1,0,0,0,0,0,0,0,0,0,0,0,0,0,0,0,1,1,0,0,0,0,0,0,1,0,0,0
3,1.0,1.0,5.0,P463036,27,48.0,1.0,0,0,0,0,0,0,0,0,0,0,0,0,1,0,0,1,0,0,0,0,1,0,0,0,1,0,0,0,0,0
5,1.0,1.0,9.0,P463036,27,48.0,1.0,0,0,0,0,0,0,0,1,0,0,0,0,0,0,0,1,0,0,0,0,1,0,0,0,0,0,1,0,0,0
5,1.0,1.0,6.0,P463036,27,48.0,1.0,0,0,0,0,1,0,0,0,0,0,0,0,0,0,1,0,0,0,0,1,0,0,0,0,0,1,0,0,0,0
5,1.0,1.0,6.0,P463036,27,48.0,1.0,0,0,1,0,0,0,0,0,0,0,0,0,0,0,0,1,0,0,0,0,1,0,0,0,0,0,1,0,0,0
5,1.0,0.899999976,10.0,P463036,27,48.0,0.7686217868402409,0,0,0,0,1,0,0,0,0,0,0,0,0,0,0,0,0,0,1,1,0,0,0,0,0,0,1,0,0,0
5,1.0,1.0,6.0,P463036,27,48.0,1.0,0,0,0,0,0,0,0,0,0,0,0,0,1,0,0,1,0,0,0,1,0,0,0,0,0,0,1,0,0,0
4,1.0,1.0,5.0,P463036,27,48.0,1.0,0,0,0,0,1,0,0,0,0,0,0,0,0,0,1,0,0,0,0,1,0,0,0,0,0,0,1,0,0,0
2,0.0,0.625,8.0,P463036,27,48.0,0.5637914160289369,0,0,0,1,0,0,0,0,0,0,0,0,0,0,0,0,0,1,0,0,1,0,0,1,0,0,0,0,0,0
1,0.0,0.349999994,40.0,P463036,27,48.0,0.45104949024421,0,0,0,0,0,1,0,0,0,0,0,0,0,0,0,1,0,0,0,1,0,0,0,0,1,0,0,0,0,0
5,1.0,0.699999988,10.0,P463036,27,48.0,0.6,0,0,1,0,0,0,0,0,0,0,0,0,0,0,0,1,0,0,0,0,1,0,0,0,0,0,1,0,0,0
4,0.0,1.0,8.0,P463036,27,48.0,1.0,0,0,0,0,0,0,0,1,0,0,0,0,0,0,0,1,0,0,0,0,1,0,0,0,0,0,1,0,0,0
2,0.0,0.75,4.0,P404795,57,28.0,0.6666666666666667,0,0,0,0,0,1,0,0,0,0,0,0,0,0,0,0,0,0,1,1,0,0,0,0,0,0,1,0,0,0
3,0.0,0.666666985,6.0,P404795,57,28.0,0.5943161289177871,0,0,0,0,1,0,0,0,0,0,0,0,0,0,1,0,0,0,0,0,1,0,0,0,0,1,0,0,0,0
4,1.0,1.0,7.0,P404795,57,28.0,1.0,0,0,0,0,1,0,0,0,0,0,0,0,0,0,0,0,0,1,0,1,0,0,0,0,0,1,0,0,0,0
5,1.0,0.333332986,9.0,P404795,57,28.0,0.4160291953530189,0,0,0,0,0,0,0,1,0,0,0,0,0,0,0,1,0,0,0,0,1,0,0,0,0,0,1,0,0,0
1,0.0,1.0,16.0,P404795,57,28.0,1.0,0,0,0,0,0,0,1,0,0,0,0,0,0,0,0,1,0,0,0,0,1,0,0,0,0,0,1,0,0,0
4,1.0,1.0,4.0,P404795,57,28.0,1.0,0,0,0,0,1,0,0,0,0,0,0,0,0,0,0,0,0,1,0,0,1,0,0,0,0,1,0,0,0,0
4,1.0,1.0,4.0,P404795,57,28.0,1.0,0,0,0,0,0,1,0,0,0,0,0,0,0,0,1,0,0,0,0,1,0,0,0,0,0,0,1,0,0,0
5,1.0,0.25,4.0,P404795,57,28.0,0.3333333333333333,0,0,0,1,0,0,0,0,0,0,0,0,0,0,1,0,0,0,0,0,1,0,0,0,0,1,0,0,0,0
1,1.0,0.714286029,7.0,P404795,57,28.0,0.6199062332840658,0,0,1,0,0,0,0,0,0,0,0,0,0,0,0,1,0,0,0,1,0,0,0,0,0,0,1,0,0,0
2,1.0,0.666666985,6.0,P404795,57,28.0,0.5943161289177871,0,0,1,0,0,0,0,0,0,0,0,0,0,0,0,1,0,0,0,1,0,0,0,0,0,0,1,0,0,0
5,1.0,0.899999976,10.0,P404795,57,28.0,0.7686217868402409,0,0,1,0,0,0,0,0,0,0,0,0,0,0,0,1,0,0,0,0,0,0,1,0,0,0,1,0,0,0
2,1.0,0.714286029,7.0,P404795,57,28.0,0.6199062332840658,0,0,1,0,0,0,0,0,0,0,0,0,0,0,0,1,0,0,0,0,1,0,0,0,0,0,1,0,0,0
5,1.0,0.875,8.0,P404795,57,28.0,0.75,0,0,1,0,0,0,0,0,0,0,0,0,0,0,0,1,0,0,0,0,0,0,1,0,0,0,1,0,0,0
5,1.0,0.800000012,10.0,P404795,57,28.0,0.6666666666666666,0,0,1,0,0,0,0,0,0,0,0,0,0,0,0,1,0,0,0,0,1,0,0,0,0,0,1,0,0,0
5,1.0,1.0,7.0,P439055,0,98.0,1.0,0,0,1,0,0,0,0,0,0,0,0,0,0,0,1,0,0,0,0,1,0,0,0,0,0,1,0,0,0,0
5,1.0,1.0,8.0,P439055,0,98.0,1.0,0,0,0,0,1,0,0,0,0,0,0,0,0,0,1,0,0,0,0,0,0,1,0,0,0,0,1,0,0,0
5,1.0,0.722221971,18.0,P439055,0,98.0,0.5956141834399917,0,0,0,0,0,1,0,0,0,0,0,0,0,0,0,1,0,0,0,1,0,0,0,0,0,0,1,0,0,0
5,1.0,1.0,6.0,P439055,0,98.0,1.0,0,0,0,0,0,0,0,0,0,0,0,1,0,0,0,1,0,0,0,0,0,0,1,0,1,0,0,0,0,0
5,1.0,0.666666985,6.0,P439055,0,98.0,0.5943161289177871,0,0,0,0,1,0,0,0,0,0,0,0,0,0,0,1,0,0,0,1,0,0,0,0,0,0,1,0,0,0
3,1.0,0.899999976,10.0,P439055,0,98.0,0.7686217868402409,0,0,1,0,0,0,0,0,0,0,0,0,0,0,1,0,0,0,0,0,1,0,0,0,0,0,1,0,0,0
5,1.0,1.0,6.0,P439055,0,98.0,1.0,0,0,0,0,0,1,0,0,0,0,0,0,0,0,0,0,0,1,0,1,0,0,0,0,0,1,0,0,0,0
4,1.0,0.928570986,14.0,P439055,0,98.0,0.7919854023234905,0,0,0,1,0,0,0,0,0,0,0,0,0,0,1,0,0,0,0,1,0,0,0,0,0,1,0,0,0,0
1,0.0,0.75,8.0,P481989,34,35.0,0.6391511932854698,0,0,1,0,0,0,0,0,0,0,0,0,0,0,0,0,0,0,1,0,0,1,0,0,0,0,0,0,1,0
1,0.0,0.352941006,17.0,P481989,34,35.0,0.4391763950979201,0,0,0,0,1,0,0,0,0,0,0,0,0,0,0,0,0,1,0,1,0,0,0,0,0,1,0,0,0,0
1,0.0,0.818181992,22.0,P481989,34,35.0,0.646578519633974,0,0,1,0,0,0,0,0,0,0,0,0,0,0,1,0,0,0,0,0,0,1,0,0,0,1,0,0,0,0
2,0.0,0.800000012,5.0,P481989,34,35.0,0.6989700043360187,0,0,1,0,0,0,0,0,0,0,0,0,0,0,1,0,0,0,0,1,0,0,0,1,0,0,0,0,0,0
1,0.0,1.0,4.0,P481989,34,35.0,1.0,0,0,1,0,0,0,0,0,0,0,0,0,0,0,0,1,0,0,0,1,0,0,0,0,0,0,1,0,0,0
2,0.0,0.875,8.0,P481989,34,35.0,0.75,0,0,0,0,0,1,0,0,0,0,0,0,0,0,0,0,0,0,1,0,0,0,1,0,0,1,0,0,0,0
1,0.0,1.0,48.0,P481989,34,35.0,1.0,0,1,0,0,0,0,0,0,0,0,0,0,0,0,0,1,0,0,0,1,0,0,0,0,0,0,1,0,0,0
4,1.0,0.75,4.0,P427413,101,8.9,0.6666666666666667,0,0,0,0,1,0,0,0,0,0,0,0,0,0,0,0,0,1,0,0,0,0,1,0,0,1,0,0,0,0
5,1.0,0.785713971,14.0,P427413,101,8.9,0.6418955364979173,0,0,0,0,0,1,0,0,0,0,0,0,0,0,0,1,0,0,0,0,1,0,0,0,0,0,1,0,0,0
5,1.0,0.411765009,17.0,P427413,101,8.9,0.4644371482073046,0,0,0,0,0,1,0,0,0,0,0,0,0,0,0,1,0,0,0,1,0,0,0,0,0,0,1,0,0,0
4,1.0,0.666666985,6.0,P427413,101,8.9,0.5943161289177871,0,0,0,0,1,0,0,0,0,0,0,0,0,0,1,0,0,0,0,0,1,0,0,0,0,1,0,0,0,0
5,1.0,0.833333015,6.0,P427413,101,8.9,0.7210570543488701,0,0,0,0,0,1,0,0,0,0,0,0,0,0,0,1,0,0,0,1,0,0,0,0,0,0,1,0,0,0
1,0.0,1.0,6.0,P427413,101,8.9,1.0,0,0,0,0,1,0,0,0,0,0,0,0,0,0,0,0,0,1,0,0,0,1,0,0,0,0,1,0,0,0
5,1.0,0.75,4.0,P427413,101,8.9,0.6666666666666667,0,0,0,0,0,1,0,0,0,0,0,0,0,0,0,1,0,0,0,0,0,1,0,0,1,0,0,0,0,0
5,1.0,0.75,8.0,P427413,101,8.9,0.6391511932854698,0,0,0,0,0,1,0,0,0,0,0,0,0,0,0,1,0,0,0,1,0,0,0,0,0,0,1,0,0,0
4,1.0,0.920000017,25.0,P427413,101,8.9,0.7431147865896834,0,0,0,0,0,1,0,0,0,0,0,0,0,0,0,0,0,0,1,1,0,0,0,0,0,0,1,0,0,0
5,1.0,0.888889015,9.0,P427413,101,8.9,0.7601875334318686,0,0,0,0,0,1,0,0,0,0,0,0,0,0,0,1,0,0,0,1,0,0,0,0,0,0,1,0,0,0
5,1.0,0.0,4.0,P427413,101,8.9,0.0,0,0,1,0,0,0,0,0,0,0,0,0,0,0,0,0,0,1,0,1,0,0,0,1,0,0,0,0,0,0
5,1.0,0.888889015,18.0,P427413,101,8.9,0.7205846872952778,0,0,1,0,0,0,0,0,0,0,0,0,0,0,0,1,0,0,0,0,0,1,0,0,0,1,0,0,0,0
5,1.0,0.772727013,22.0,P427413,101,8.9,0.617319681505689,0,0,0,0,0,0,0,1,0,0,0,0,0,0,0,1,0,0,0,0,1,0,0,0,0,0,1,0,0,0
5,1.0,0.833333015,6.0,P427413,101,8.9,0.7210570543488701,0,0,0,0,1,0,0,0,0,0,0,0,0,0,0,1,0,0,0,0,1,0,0,0,0,0,1,0,0,0
4,1.0,0.692308009,26.0,P427413,101,8.9,0.5726627086368982,0,0,0,0,0,1,0,0,0,0,0,0,0,0,0,0,0,0,1,0,1,0,0,0,0,1,0,0,0,0
2,0.0,0.615384996,13.0,P427413,101,8.9,0.5508231047523734,0,0,0,0,0,1,0,0,0,0,0,0,0,0,0,0,0,0,1,1,0,0,0,0,0,0,1,0,0,0
5,1.0,1.0,7.0,P427413,101,8.9,1.0,0,0,0,1,0,0,0,0,0,0,0,0,0,0,0,0,0,1,0,0,1,0,0,0,0,0,1,0,0,0
5,1.0,0.727272987,22.0,P427413,101,8.9,0.5928311641538279,0,0,0,1,0,0,0,0,0,0,0,0,0,0,0,1,0,0,0,0,1,0,0,0,0,0,1,0,0,0
5,1.0,1.0,17.0,P427413,101,8.9,1.0,0,0,0,0,0,0,1,0,0,0,0,0,0,0,0,1,0,0,0,1,0,0,0,0,1,0,0,0,0,0
5,1.0,0.649999976,20.0,P427413,101,8.9,0.5593001930486659,0,0,0,0,0,1,0,0,0,0,0,0,0,0,0,1,0,0,0,0,0,0,1,0,0,0,1,0,0,0
5,1.0,1.0,4.0,P427413,101,8.9,1.0,0,0,1,0,0,0,0,0,0,0,0,0,0,0,0,1,0,0,0,1,0,0,0,0,0,0,1,0,0,0
1,0.0,0.595745027,94.0,P427413,101,8.9,0.5246210381876893,0,0,0,0,1,0,0,0,0,0,0,0,0,0,0,1,0,0,0,1,0,0,0,0,1,0,0,0,0,0
5,1.0,1.0,35.0,P427413,101,8.9,1.0,0,0,0,0,0,0,0,1,0,0,0,0,0,0,0,1,0,0,0,1,0,0,0,0,1,0,0,0,0,0
5,1.0,0.75,16.0,P427413,101,8.9,0.6144493051612967,0,0,1,0,0,0,0,0,0,0,0,0,0,0,1,0,0,0,0,0,1,0,0,0,0,0,1,0,0,0
5,1.0,0.6875,16.0,P427413,101,8.9,0.5810382621965612,0,0,1,0,0,0,0,0,0,0,0,0,0,0,1,0,0,0,0,0,1,0,0,0,0,1,0,0,0,0
4,1.0,0.666666985,12.0,P427413,101,8.9,0.5772049881597967,0,0,0,0,0,1,0,0,0,0,0,0,0,0,0,0,0,0,1,0,0,1,0,0,0,0,1,0,0,0
5,1.0,1.0,7.0,P427413,101,8.9,1.0,0,0,0,0,0,1,0,0,0,0,0,0,0,0,0,0,0,0,1,1,0,0,0,0,0,0,1,0,0,0
5,1.0,0.956521988,23.0,P427413,101,8.9,0.8189574032199598,0,0,0,0,0,1,0,0,0,0,0,0,0,0,0,1,0,0,0,0,0,0,1,0,0,0,1,0,0,0
4,1.0,0.923076987,13.0,P427413,101,8.9,0.7872539464466368,0,0,0,0,0,0,0,0,0,0,0,0,1,0,0,1,0,0,0,0,0,0,1,0,1,0,0,0,0,0
5,1.0,0.923076987,13.0,P427413,101,8.9,0.7872539464466368,0,0,1,0,0,0,0,0,0,0,0,0,0,0,0,1,0,0,0,1,0,0,0,0,0,0,1,0,0,0
5,1.0,0.75,4.0,P427413,101,8.9,0.6666666666666667,0,0,0,0,0,1,0,0,0,0,0,0,0,0,0,1,0,0,0,1,0,0,0,0,0,0,1,0,0,0
5,1.0,0.866666973,15.0,P427413,101,8.9,0.7060702520912807,0,0,0,0,0,0,0,1,0,0,0,0,0,0,0,1,0,0,0,1,0,0,0,0,1,0,0,0,0,0
5,1.0,0.961538017,52.0,P427413,101,8.9,0.7816070278899274,0,0,0,0,0,1,0,0,0,0,0,0,0,0,0,1,0,0,0,1,0,0,0,0,1,0,0,0,0,0
5,1.0,0.709676981,31.0,P427413,101,8.9,0.5765811857109555,0,0,0,0,0,0,0,0,0,0,0,0,1,0,0,1,0,0,0,1,0,0,0,0,1,0,0,0,0,0
5,1.0,0.833333015,6.0,P427413,101,8.9,0.7210570543488701,0,0,1,0,0,0,0,0,0,0,0,0,0,0,1,0,0,0,0,1,0,0,0,0,0,0,1,0,0,0
5,1.0,1.0,4.0,P203616,75,58.0,1.0,0,0,0,0,1,0,0,0,0,0,0,0,0,0,0,1,0,0,0,1,0,0,0,0,0,0,1,0,0,0
5,1.0,0.941175997,34.0,P203616,75,58.0,0.7609175985614538,0,0,0,0,1,0,0,0,0,0,0,0,0,0,1,0,0,0,0,0,0,1,0,0,0,1,0,0,0,0
1,1.0,0.75,4.0,P203616,75,58.0,0.6666666666666667,0,0,0,0,1,0,0,0,0,0,0,0,0,0,1,0,0,0,0,1,0,0,0,0,0,0,1,0,0,0
5,1.0,0.833333015,6.0,P203616,75,58.0,0.7210570543488701,0,0,0,0,1,0,0,0,0,0,0,0,0,0,1,0,0,0,0,1,0,0,0,0,0,0,1,0,0,0
5,1.0,1.0,4.0,P203616,75,58.0,1.0,0,0,0,0,1,0,0,0,0,0,0,0,0,0,1,0,0,0,0,1,0,0,0,0,0,0,1,0,0,0
5,1.0,1.0,9.0,P203616,75,58.0,1.0,0,0,0,0,1,0,0,0,0,0,0,0,0,0,1,0,0,0,0,1,0,0,0,0,0,0,1,0,0,0
1,1.0,0.899999976,10.0,P203616,75,58.0,0.7686217868402409,0,0,0,0,1,0,0,0,0,0,0,0,0,0,1,0,0,0,0,1,0,0,0,0,0,0,1,0,0,0
5,1.0,1.0,6.0,P203616,75,58.0,1.0,0,0,0,0,1,0,0,0,0,0,0,0,0,0,1,0,0,0,0,1,0,0,0,0,0,0,1,0,0,0
4,1.0,0.75,4.0,P203616,75,58.0,0.6666666666666667,0,0,0,0,0,0,0,0,0,0,0,0,1,0,1,0,0,0,0,1,0,0,0,0,0,0,1,0,0,0
5,1.0,1.0,7.0,P203616,75,58.0,1.0,0,0,0,0,1,0,0,0,0,0,0,0,0,0,1,0,0,0,0,1,0,0,0,0,0,0,1,0,0,0
5,1.0,1.0,11.0,P203616,75,58.0,1.0,0,1,0,0,0,0,0,0,0,0,0,0,0,0,1,0,0,0,0,1,0,0,0,0,0,0,1,0,0,0
5,1.0,1.0,8.0,P203616,75,58.0,1.0,0,0,0,0,0,0,0,1,0,0,0,0,0,0,1,0,0,0,0,1,0,0,0,0,0,0,1,0,0,0
5,1.0,0.800000012,5.0,P466142,66,35.0,0.6989700043360187,0,0,0,0,0,1,0,0,0,0,0,0,0,0,0,0,0,1,0,0,1,0,0,0,0,0,1,0,0,0
5,1.0,1.0,5.0,P466142,66,35.0,1.0,0,0,0,0,1,0,0,0,0,0,0,0,0,0,1,0,0,0,0,0,0,1,0,0,0,1,0,0,0,0
4,1.0,1.0,6.0,P466142,66,35.0,1.0,0,0,0,0,0,0,0,0,0,0,0,0,1,0,0,1,0,0,0,1,0,0,0,0,0,0,1,0,0,0
5,1.0,0.0,4.0,P466142,66,35.0,0.0,0,0,0,0,0,0,1,0,0,0,0,0,0,0,0,1,0,0,0,0,0,0,1,0,0,0,1,0,0,0
3,0.0,0.875,8.0,P446421,68,40.0,0.75,0,0,0,0,1,0,0,0,0,0,0,0,0,0,0,1,0,0,0,1,0,0,0,0,0,0,1,0,0,0
5,1.0,0.400000006,5.0,P446421,68,40.0,0.4421141086977403,0,0,0,0,0,1,0,0,0,0,0,0,0,0,0,1,0,0,0,1,0,0,0,0,0,1,0,0,0,0
4,1.0,0.857142985,7.0,P439926,22,74.0,0.7373504649628064,0,0,0,0,0,1,0,0,0,0,0,0,0,0,0,0,0,0,1,1,0,0,0,0,0,0,1,0,0,0
5,1.0,0.888889015,18.0,P439926,22,74.0,0.7205846872952778,0,0,0,0,0,0,1,0,0,0,0,0,0,0,0,1,0,0,0,0,0,1,0,0,0,0,1,0,0,0
5,1.0,0.909090996,11.0,P439926,22,74.0,0.7757561757824245,0,0,1,0,0,0,0,0,0,0,0,0,0,0,0,0,0,0,1,0,1,0,0,0,0,0,1,0,0,0
2,0.0,0.523810029,21.0,P439926,22,74.0,0.5089099843050301,0,0,0,0,1,0,0,0,0,0,0,0,0,0,0,1,0,0,0,1,0,0,0,0,0,0,1,0,0,0
5,1.0,0.888889015,9.0,P439926,22,74.0,0.7601875334318686,0,0,1,0,0,0,0,0,0,0,0,0,0,0,0,1,0,0,0,1,0,0,0,0,0,0,1,0,0,0
5,1.0,1.0,5.0,P439926,22,74.0,1.0,0,0,0,0,1,0,0,0,0,0,0,0,0,0,0,1,0,0,0,1,0,0,0,0,0,0,1,0,0,0
2,0.0,0.222222,9.0,P439926,22,74.0,0.3456871240434053,0,0,0,0,0,0,0,0,0,0,0,0,1,0,0,1,0,0,0,0,1,0,0,0,1,0,0,0,0,0
1,0.0,0.466666996,15.0,P439926,22,74.0,0.4862295731793668,0,0,0,0,0,0,0,1,0,0,0,0,0,0,0,0,0,0,1,1,0,0,0,0,0,0,1,0,0,0
5,1.0,0.75,4.0,P439926,22,74.0,0.6666666666666667,0,0,0,0,0,1,0,0,0,0,0,0,0,0,0,0,0,1,0,0,0,1,0,0,1,0,0,0,0,0
5,1.0,0.909090996,11.0,P439926,22,74.0,0.7757561757824245,0,0,0,0,0,1,0,0,0,0,0,0,0,0,0,1,0,0,0,0,0,1,0,0,0,0,1,0,0,0
5,1.0,1.0,4.0,P439926,22,74.0,1.0,0,0,1,0,0,0,0,0,0,0,0,0,0,0,0,0,0,0,1,1,0,0,0,0,0,0,1,0,0,0
5,1.0,0.888889015,9.0,P439926,22,74.0,0.7601875334318686,0,0,0,0,0,1,0,0,0,0,0,0,0,0,0,1,0,0,0,1,0,0,0,0,1,0,0,0,0,0
5,1.0,1.0,6.0,P439926,22,74.0,1.0,0,0,1,0,0,0,0,0,0,0,0,0,0,0,0,0,0,1,0,0,1,0,0,0,0,0,0,0,1,0
1,0.0,0.227273002,22.0,P439926,22,74.0,0.3826803184943108,0,0,0,0,0,0,0,0,0,0,0,1,0,0,0,1,0,0,0,0,0,0,1,0,1,0,0,0,0,0
1,0.0,0.536231995,69.0,P439926,22,74.0,0.509887632807571,0,0,0,0,0,1,0,0,0,0,0,0,0,0,0,1,0,0,0,0,0,1,0,0,0,0,1,0,0,0
1,0.0,0.394737005,38.0,P439926,22,74.0,0.4659309810222223,0,0,1,0,0,0,0,0,0,0,0,0,0,0,0,0,0,1,0,0,0,0,1,0,0,1,0,0,0,0
5,1.0,1.0,5.0,P439926,22,74.0,1.0,0,0,0,0,1,0,0,0,0,0,0,0,0,0,0,0,0,0,1,0,1,0,0,0,0,0,1,0,0,0
1,0.0,0.473684013,19.0,P439926,22,74.0,0.4898616553642111,0,0,0,0,1,0,0,0,0,0,0,0,0,0,1,0,0,0,0,1,0,0,0,0,0,1,0,0,0,0
5,1.0,1.0,13.0,P439926,22,74.0,1.0,0,0,0,0,0,0,0,1,0,0,0,0,0,0,0,1,0,0,0,0,0,0,1,0,1,0,0,0,0,0
5,1.0,0.945455015,55.0,P439926,22,74.0,0.7411981642721186,0,0,0,0,0,0,1,0,0,0,0,0,0,0,0,1,0,0,0,1,0,0,0,0,0,0,1,0,0,0
1,0.0,0.966666996,60.0,P439926,22,74.0,0.7877549249098272,0,0,0,0,1,0,0,0,0,0,0,0,0,0,1,0,0,0,0,1,0,0,0,0,0,0,1,0,0,0
2,0.0,0.894737005,19.0,P439926,22,74.0,0.7245884476238132,0,0,0,0,1,0,0,0,0,0,0,0,0,0,0,1,0,0,0,1,0,0,0,0,0,1,0,0,0,0
5,1.0,0.949999988,20.0,P439926,22,74.0,0.8120981752908923,0,0,0,0,0,0,1,0,0,0,0,0,0,0,0,0,0,0,1,1,0,0,0,0,0,1,0,0,0,0
1,0.0,0.391303986,23.0,P439926,22,74.0,0.4595395509441787,0,0,0,0,1,0,0,0,0,0,0,0,0,0,0,1,0,0,0,1,0,0,0,1,0,0,0,0,0,0
1,0.0,0.600000024,30.0,P439926,22,74.0,0.5344402680041584,0,0,0,0,0,0,1,0,0,0,0,0,0,0,0,0,0,0,1,1,0,0,0,0,0,0,1,0,0,0
1,0.0,0.684211016,19.0,P439926,22,74.0,0.5755891054608883,0,0,0,0,0,0,1,0,0,0,0,0,0,0,0,1,0,0,0,1,0,0,0,0,0,0,1,0,0,0
4,1.0,0.892857015,28.0,P439926,22,74.0,0.701512126945176,0,0,0,0,0,0,0,1,0,0,0,0,0,0,0,1,0,0,0,1,0,0,0,0,0,0,1,0,0,0
5,1.0,0.600000024,5.0,P439926,22,74.0,0.5578858913022596,0,0,0,0,0,1,0,0,0,0,0,0,0,0,0,1,0,0,0,0,1,0,0,0,0,0,1,0,0,0
5,1.0,0.899999976,110.0,P439926,22,74.0,0.649523311616411,0,0,0,0,1,0,0,0,0,0,0,0,0,0,0,1,0,0,0,1,0,0,0,0,1,0,0,0,0,0
5,1.0,0.625,16.0,P439926,22,74.0,0.5520264007992993,0,0,0,0,1,0,0,0,0,0,0,0,0,0,1,0,0,0,0,0,1,0,0,0,0,0,1,0,0,0
5,1.0,0.71559602,109.0,P439926,22,74.0,0.557670118397659,0,0,0,0,0,0,1,0,0,0,0,0,0,0,0,1,0,0,0,0,0,0,1,0,0,0,1,0,0,0
3,1.0,1.0,4.0,P445827,111,33.0,1.0,0,0,0,0,0,0,0,1,0,0,0,0,0,0,0,1,0,0,0,0,1,0,0,0,0,0,1,0,0,0
5,1.0,1.0,4.0,P445827,111,33.0,1.0,0,0,0,1,0,0,0,0,0,0,0,0,0,0,0,1,0,0,0,0,1,0,0,0,0,0,1,0,0,0
4,1.0,0.464286,28.0,P445827,111,33.0,0.4876625899638475,0,0,0,0,0,1,0,0,0,0,0,0,0,0,0,0,0,0,1,1,0,0,0,0,0,0,1,0,0,0
5,1.0,0.800000012,5.0,P422430,54,48.0,0.6989700043360187,0,0,0,0,0,0,0,1,0,0,0,0,0,0,0,1,0,0,0,1,0,0,0,0,0,0,1,0,0,0
5,1.0,0.833333015,6.0,P422430,54,48.0,0.7210570543488701,0,0,1,0,0,0,0,0,0,0,0,0,0,0,0,0,0,0,1,0,1,0,0,0,0,1,0,0,0,0
1,0.0,0.264705986,34.0,P422430,54,48.0,0.414083244786221,0,0,0,0,0,0,1,0,0,0,0,0,0,0,0,1,0,0,0,1,0,0,0,0,1,0,0,0,0,0
5,1.0,1.0,4.0,P434545,66,60.0,1.0,0,0,0,0,1,0,0,0,0,0,0,0,0,0,0,1,0,0,0,0,1,0,0,0,0,0,1,0,0,0
1,0.0,0.722221971,18.0,P434545,66,60.0,0.5956141834399917,0,0,0,0,0,1,0,0,0,0,0,0,0,0,0,1,0,0,0,1,0,0,0,0,0,1,0,0,0,0
1,0.0,0.236842006,38.0,P434545,66,60.0,0.4036944086183503,0,1,0,0,0,0,0,0,0,0,0,0,0,0,0,1,0,0,0,0,0,1,0,0,1,0,0,0,0,0
5,1.0,1.0,6.0,P434545,66,60.0,1.0,0,0,0,0,0,1,0,0,0,0,0,0,0,0,1,0,0,0,0,1,0,0,0,0,0,1,0,0,0,0
4,1.0,0.5,10.0,P434545,66,60.0,0.5,0,0,0,0,0,1,0,0,0,0,0,0,0,0,0,1,0,0,0,0,0,0,1,0,0,1,0,0,0,0
5,1.0,0.857142985,7.0,P428095,75,40.0,0.7373504649628064,0,0,0,0,1,0,0,0,0,0,0,0,0,0,0,0,0,0,1,0,1,0,0,0,0,1,0,0,0,0
1,0.0,0.333332986,9.0,P428095,75,40.0,0.4160291953530189,0,0,0,0,0,1,0,0,0,0,0,0,0,0,0,1,0,0,0,1,0,0,0,0,1,0,0,0,0,0
4,1.0,0.888889015,9.0,P428095,75,40.0,0.7601875334318686,0,0,0,0,1,0,0,0,0,0,0,0,0,0,1,0,0,0,0,1,0,0,0,0,0,0,1,0,0,0
3,0.0,0.25,4.0,P428095,75,40.0,0.3333333333333333,0,0,0,0,0,1,0,0,0,0,0,0,0,0,0,0,0,0,1,1,0,0,0,0,0,0,1,0,0,0
5,1.0,1.0,4.0,P428095,75,40.0,1.0,0,0,1,0,0,0,0,0,0,0,0,0,0,0,0,1,0,0,0,0,0,1,0,0,0,0,1,0,0,0
3,1.0,0.75,8.0,P428095,75,40.0,0.6391511932854698,0,0,0,0,1,0,0,0,0,0,0,0,0,0,0,1,0,0,0,1,0,0,0,0,0,0,1,0,0,0
5,1.0,1.0,6.0,P428095,75,40.0,1.0,0,0,0,0,0,0,0,1,0,0,0,0,0,0,0,0,0,0,1,0,1,0,0,0,0,0,1,0,0,0
4,1.0,0.923076987,13.0,P428095,75,40.0,0.7872539464466368,0,0,0,0,0,1,0,0,0,0,0,0,0,0,0,1,0,0,0,1,0,0,0,0,0,0,1,0,0,0
5,1.0,1.0,9.0,P428095,75,40.0,1.0,0,0,0,0,1,0,0,0,0,0,0,0,0,0,0,0,0,0,1,0,1,0,0,0,0,1,0,0,0,0
5,1.0,1.0,7.0,P428095,75,40.0,1.0,0,0,0,0,1,0,0,0,0,0,0,0,0,0,0,1,0,0,0,1,0,0,0,0,1,0,0,0,0,0
5,1.0,1.0,4.0,P428095,75,40.0,1.0,0,0,1,0,0,0,0,0,0,0,0,0,0,0,0,1,0,0,0,1,0,0,0,0,0,0,1,0,0,0
5,1.0,0.800000012,5.0,P428095,75,40.0,0.6989700043360187,0,0,0,0,1,0,0,0,0,0,0,0,0,0,0,1,0,0,0,0,0,0,1,0,0,0,1,0,0,0
1,0.0,0.833333015,18.0,P428095,75,40.0,0.6666666666666667,0,0,1,0,0,0,0,0,0,0,0,0,0,0,0,0,0,1,0,1,0,0,0,0,0,0,1,0,0,0
5,1.0,0.952381015,21.0,P428095,75,40.0,0.814550976584631,0,0,0,0,0,0,0,1,0,0,0,0,0,0,0,1,0,0,0,0,0,1,0,1,0,0,0,0,0,0
5,1.0,0.857142985,14.0,P428095,75,40.0,0.7001245250427999,0,0,0,0,0,1,0,0,0,0,0,0,0,0,0,1,0,0,0,0,0,1,0,0,0,0,1,0,0,0
5,1.0,0.952381015,21.0,P428095,75,40.0,0.814550976584631,0,0,0,0,1,0,0,0,0,0,0,0,0,0,0,1,0,0,0,0,0,0,1,0,1,0,0,0,0,0
1,0.0,0.545454979,11.0,P465368,75,22.0,0.5206212286759117,0,0,0,0,0,1,0,0,0,0,0,0,0,0,0,1,0,0,0,1,0,0,0,0,0,0,1,0,0,0
3,0.0,0.833333015,6.0,P465368,75,22.0,0.7210570543488701,0,0,0,0,0,1,0,0,0,0,0,0,0,0,0,1,0,0,0,0,0,0,1,0,0,0,1,0,0,0
5,1.0,0.75,8.0,P465368,75,22.0,0.6391511932854698,0,0,0,0,1,0,0,0,0,0,0,0,0,0,0,1,0,0,0,1,0,0,0,0,0,0,1,0,0,0
5,1.0,1.0,5.0,P465368,75,22.0,1.0,0,0,0,0,0,0,0,0,0,0,0,0,1,0,0,1,0,0,0,0,0,1,0,0,1,0,0,0,0,0
5,1.0,0.909090996,11.0,P465368,75,22.0,0.7757561757824245,0,1,0,0,0,0,0,0,0,0,0,0,0,0,0,1,0,0,0,1,0,0,0,0,1,0,0,0,0,0
5,1.0,1.0,4.0,P465368,75,22.0,1.0,0,0,0,0,1,0,0,0,0,0,0,0,0,0,0,0,0,1,0,0,0,1,0,0,0,1,0,0,0,0
5,1.0,0.899999976,10.0,P465368,75,22.0,0.7686217868402409,0,0,1,0,0,0,0,0,0,0,0,0,0,0,0,1,0,0,0,1,0,0,0,1,0,0,0,0,0,0
1,0.0,0.882353008,17.0,P465368,75,22.0,0.7162089270041655,0,0,0,0,1,0,0,0,0,0,0,0,0,0,0,0,0,0,1,0,1,0,0,0,0,1,0,0,0,0
5,1.0,1.0,5.0,P465368,75,22.0,1.0,0,0,0,1,0,0,0,0,0,0,0,0,0,0,1,0,0,0,0,1,0,0,0,0,0,1,0,0,0,0
4,1.0,1.0,6.0,P465368,75,22.0,1.0,0,0,1,0,0,0,0,0,0,0,0,0,0,0,0,1,0,0,0,1,0,0,0,0,0,0,1,0,0,0
3,0.0,0.800000012,10.0,P465368,75,22.0,0.6666666666666666,0,0,0,0,0,0,0,0,0,0,0,0,1,0,0,1,0,0,0,1,0,0,0,0,1,0,0,0,0,0
5,1.0,0.860000014,100.0,P465368,75,22.0,0.6225165967797236,0,0,1,0,0,0,0,0,0,0,0,0,0,0,0,1,0,0,0,1,0,0,0,0,1,0,0,0,0,0
1,0.0,0.5,14.0,P465368,75,22.0,0.5,0,0,0,0,0,1,0,0,0,0,0,0,0,0,0,1,0,0,0,0,0,1,0,0,1,0,0,0,0,0
1,0.0,0.537312984,67.0,P465368,75,22.0,0.5102578148960498,0,0,0,0,0,0,0,1,0,0,0,0,0,0,0,1,0,0,0,1,0,0,0,0,1,0,0,0,0,0
2,0.0,0.800000012,5.0,P442858,111,29.0,0.6989700043360187,0,0,1,0,0,0,0,0,0,0,0,0,0,0,0,0,0,1,0,0,0,0,1,0,0,0,0,1,0,0
4,1.0,1.0,7.0,P442858,111,29.0,1.0,0,0,0,0,0,1,0,0,0,0,0,0,0,0,0,1,0,0,0,0,1,0,0,0,0,0,1,0,0,0
3,0.0,0.666666985,6.0,P442858,111,29.0,0.5943161289177871,0,0,1,0,0,0,0,0,0,0,0,0,0,0,0,0,0,0,1,1,0,0,0,0,0,0,1,0,0,0
4,1.0,0.400000006,5.0,P442858,111,29.0,0.4421141086977403,0,0,0,0,0,1,0,0,0,0,0,0,0,0,0,1,0,0,0,0,0,0,1,0,0,0,1,0,0,0
3,0.0,0.375,16.0,P442858,111,29.0,0.4479735992007008,0,0,0,0,0,1,0,0,0,0,0,0,0,0,0,0,0,0,1,1,0,0,0,0,0,1,0,0,0,0
2,0.0,0.5,6.0,P442858,111,29.0,0.5,0,0,0,0,0,0,0,1,0,0,0,0,0,0,0,1,0,0,0,1,0,0,0,0,0,0,1,0,0,0
5,1.0,0.222222,9.0,P442858,111,29.0,0.3456871240434053,0,0,1,0,0,0,0,0,0,0,0,0,0,0,1,0,0,0,0,1,0,0,0,0,0,0,1,0,0,0
5,1.0,1.0,6.0,P423148,14,49.0,1.0,0,0,1,0,0,0,0,0,0,0,0,0,0,0,0,0,0,0,1,1,0,0,0,1,0,0,0,0,0,0
5,1.0,0.400000006,5.0,P423148,14,49.0,0.4421141086977403,0,0,0,0,0,1,0,0,0,0,0,0,0,0,0,1,0,0,0,0,0,0,1,0,0,0,1,0,0,0
5,1.0,1.0,4.0,P423148,14,49.0,1.0,0,0,0,0,1,0,0,0,0,0,0,0,0,0,0,1,0,0,0,0,1,0,0,0,0,1,0,0,0,0
5,1.0,1.0,4.0,P423148,14,49.0,1.0,0,0,0,0,1,0,0,0,0,0,0,0,0,0,1,0,0,0,0,1,0,0,0,0,0,0,1,0,0,0
5,1.0,1.0,4.0,P423148,14,49.0,1.0,0,0,0,0,0,0,0,1,0,0,0,0,0,0,0,1,0,0,0,1,0,0,0,0,0,0,1,0,0,0
4,1.0,0.899999976,10.0,P423148,14,49.0,0.7686217868402409,0,0,0,0,0,0,0,1,0,0,0,0,0,0,0,1,0,0,0,0,0,0,1,0,0,0,1,0,0,0
2,1.0,1.0,4.0,P423148,14,49.0,1.0,0,0,1,0,0,0,0,0,0,0,0,0,0,0,1,0,0,0,0,1,0,0,0,0,0,0,1,0,0,0
5,1.0,0.93442601,61.0,P423148,14,49.0,0.7161425549677932,0,0,1,0,0,0,0,0,0,0,0,0,0,0,0,1,0,0,0,0,0,0,1,0,0,0,1,0,0,0
5,1.0,0.941175997,17.0,P423148,14,49.0,0.8034383677671774,0,0,0,0,0,0,0,0,0,0,0,0,1,0,0,1,0,0,0,0,0,0,1,0,1,0,0,0,0,0
5,1.0,1.0,6.0,P443350,14,15.0,1.0,0,0,1,0,0,0,0,0,0,0,0,0,0,0,0,0,0,0,1,1,0,0,0,1,0,0,0,0,0,0
5,1.0,0.400000006,5.0,P443350,14,15.0,0.4421141086977403,0,0,0,0,0,1,0,0,0,0,0,0,0,0,0,1,0,0,0,0,0,0,1,0,0,0,1,0,0,0
5,1.0,1.0,4.0,P443350,14,15.0,1.0,0,0,0,0,1,0,0,0,0,0,0,0,0,0,0,1,0,0,0,0,1,0,0,0,0,1,0,0,0,0
5,1.0,1.0,4.0,P443350,14,15.0,1.0,0,0,0,0,1,0,0,0,0,0,0,0,0,0,1,0,0,0,0,1,0,0,0,0,0,0,1,0,0,0
5,1.0,1.0,4.0,P443350,14,15.0,1.0,0,0,0,0,0,0,0,1,0,0,0,0,0,0,0,1,0,0,0,1,0,0,0,0,0,0,1,0,0,0
4,1.0,0.899999976,10.0,P443350,14,15.0,0.7686217868402409,0,0,0,0,0,0,0,1,0,0,0,0,0,0,0,1,0,0,0,0,0,0,1,0,0,0,1,0,0,0
2,1.0,1.0,4.0,P443350,14,15.0,1.0,0,0,1,0,0,0,0,0,0,0,0,0,0,0,1,0,0,0,0,1,0,0,0,0,0,0,1,0,0,0
5,1.0,0.93442601,61.0,P443350,14,15.0,0.7161425549677932,0,0,1,0,0,0,0,0,0,0,0,0,0,0,0,1,0,0,0,0,0,0,1,0,0,0,1,0,0,0
5,1.0,0.941175997,17.0,P443350,14,15.0,0.8034383677671774,0,0,0,0,0,0,0,0,0,0,0,0,1,0,0,1,0,0,0,0,0,0,1,0,1,0,0,0,0,0
5,1.0,0.75,4.0,P453225,98,29.0,0.6666666666666667,0,0,0,0,0,0,1,0,0,0,0,0,0,0,0,1,0,0,0,0,0,0,1,1,0,0,0,0,0,0
1,0.0,0.333332986,6.0,P453225,98,29.0,0.4056838710822129,0,0,1,0,0,0,0,0,0,0,0,0,0,0,0,0,0,1,0,0,0,1,0,0,0,1,0,0,0,0
5,1.0,1.0,11.0,P453225,98,29.0,1.0,0,0,0,0,1,0,0,0,0,0,0,0,0,0,0,0,0,1,0,1,0,0,0,0,0,0,1,0,0,0
5,1.0,0.800000012,5.0,P453225,98,29.0,0.6989700043360187,0,0,0,0,0,0,1,0,0,0,0,0,0,0,0,0,0,1,0,1,0,0,0,0,0,0,0,1,0,0
5,1.0,0.600000024,5.0,P453225,98,29.0,0.5578858913022596,0,0,0,0,1,0,0,0,0,0,0,0,0,0,1,0,0,0,0,0,1,0,0,0,0,0,1,0,0,0
1,0.0,0.222222,27.0,P453225,98,29.0,0.3863268731420786,0,0,0,0,0,1,0,0,0,0,0,0,0,0,0,0,0,0,1,1,0,0,0,0,0,0,1,0,0,0
5,1.0,1.0,4.0,P453225,98,29.0,1.0,0,0,0,0,0,1,0,0,0,0,0,0,0,0,0,1,0,0,0,0,0,1,0,0,0,0,1,0,0,0
1,0.0,0.75,12.0,P453225,98,29.0,0.6241963505817848,0,0,0,0,0,0,0,0,0,0,0,0,1,0,0,1,0,0,0,0,0,1,0,0,1,0,0,0,0,0
5,1.0,0.833333015,6.0,P453225,98,29.0,0.7210570543488701,0,0,0,1,0,0,0,0,0,0,0,0,0,0,0,0,0,0,1,1,0,0,0,0,0,1,0,0,0,0
2,0.0,0.818181992,11.0,P453225,98,29.0,0.6769924925288455,0,0,0,0,0,1,0,0,0,0,0,0,0,0,0,1,0,0,0,1,0,0,0,0,0,0,1,0,0,0
2,0.0,0.777778029,9.0,P453225,98,29.0,0.6543128759565946,0,0,1,0,0,0,0,0,0,0,0,0,0,0,0,1,0,0,0,1,0,0,0,0,1,0,0,0,0,0
1,0.0,0.875,8.0,P453225,98,29.0,0.75,0,0,0,0,1,0,0,0,0,0,0,0,0,0,1,0,0,0,0,0,1,0,0,0,0,1,0,0,0,0
5,1.0,0.714286029,7.0,P453225,98,29.0,0.6199062332840658,0,0,0,0,0,0,0,0,0,0,0,0,1,0,0,1,0,0,0,1,0,0,0,0,0,0,1,0,0,0
1,0.0,1.0,13.0,P453225,98,29.0,1.0,0,0,0,0,1,0,0,0,0,0,0,0,0,0,0,0,0,1,0,0,0,0,1,0,0,0,1,0,0,0
3,0.0,1.0,8.0,P453225,98,29.0,1.0,0,0,1,0,0,0,0,0,0,0,0,0,0,0,0,1,0,0,0,1,0,0,0,0,0,0,1,0,0,0
1,0.0,0.166666999,18.0,P453225,98,29.0,0.3333333333333333,0,0,0,0,1,0,0,0,0,0,0,0,0,0,1,0,0,0,0,0,0,0,1,0,0,0,1,0,0,0
5,1.0,1.0,8.0,P453225,98,29.0,1.0,0,0,0,0,0,0,0,0,0,0,0,1,0,0,0,1,0,0,0,0,0,0,1,0,0,0,1,0,0,0
2,0.0,0.714286029,7.0,P453225,98,29.0,0.6199062332840658,0,0,1,0,0,0,0,0,0,0,0,0,0,0,0,0,0,0,1,1,0,0,0,0,0,0,0,0,0,1
1,0.0,0.727272987,11.0,P453225,98,29.0,0.6131471927654585,0,0,0,0,0,1,0,0,0,0,0,0,0,0,0,1,0,0,0,1,0,0,0,0,1,0,0,0,0,0
2,0.0,0.777778029,9.0,P453225,98,29.0,0.6543128759565946,0,0,0,1,0,0,0,0,0,0,0,0,0,0,1,0,0,0,0,0,1,0,0,0,0,1,0,0,0,0
1,0.0,0.75,20.0,P453225,98,29.0,0.6074446133234529,0,0,1,0,0,0,0,0,0,0,0,0,0,0,1,0,0,0,0,0,1,0,0,0,0,0,1,0,0,0
1,0.0,0.230768993,26.0,P3617,72,52.0,0.389928150559664,0,0,0,0,0,0,0,1,0,0,0,0,0,0,0,1,0,0,0,0,1,0,0,0,0,1,0,0,0,0
3,0.0,0.600000024,20.0,P3617,72,52.0,0.5386089194935016,0,0,1,0,0,0,0,0,0,0,0,0,0,0,0,0,0,1,0,1,0,0,0,0,0,0,1,0,0,0
3,1.0,0.571429014,7.0,P3617,72,52.0,0.5372435736804816,0,0,0,1,0,0,0,0,0,0,0,0,0,0,0,0,0,0,1,0,0,0,1,0,1,0,0,0,0,0
5,1.0,0.954545021,22.0,P3617,72,52.0,0.8168307490863663,0,0,0,0,1,0,0,0,0,0,0,0,0,0,0,1,0,0,0,1,0,0,0,0,0,0,1,0,0,0
4,1.0,0.857142985,7.0,P3617,72,52.0,0.7373504649628064,0,0,0,0,1,0,0,0,0,0,0,0,0,0,0,1,0,0,0,1,0,0,0,0,0,0,1,0,0,0
1,1.0,0.600000024,5.0,P3617,72,52.0,0.5578858913022596,0,0,0,0,1,0,0,0,0,0,0,0,0,0,0,1,0,0,0,1,0,0,0,0,1,0,0,0,0,0
5,1.0,1.0,4.0,P3617,72,52.0,1.0,0,0,0,0,1,0,0,0,0,0,0,0,0,0,0,1,0,0,0,1,0,0,0,0,1,0,0,0,0,0
5,1.0,0.899999976,10.0,P3617,72,52.0,0.7686217868402409,0,0,0,0,1,0,0,0,0,0,0,0,0,0,0,1,0,0,0,1,0,0,0,0,1,0,0,0,0,0
5,1.0,0.800000012,5.0,P3617,72,52.0,0.6989700043360187,0,0,0,0,1,0,0,0,0,0,0,0,0,0,0,1,0,0,0,1,0,0,0,0,1,0,0,0,0,0
5,1.0,0.75,4.0,P3617,72,52.0,0.6666666666666667,0,0,0,0,1,0,0,0,0,0,0,0,0,0,0,1,0,0,0,1,0,0,0,0,1,0,0,0,0,0
5,1.0,1.0,6.0,P3617,72,52.0,1.0,0,0,0,0,1,0,0,0,0,0,0,0,0,0,0,1,0,0,0,1,0,0,0,0,1,0,0,0,0,0
4,1.0,0.983332992,60.0,P3617,72,52.0,0.8552170493860418,0,0,1,0,0,0,0,0,0,0,0,0,0,0,0,1,0,0,0,0,0,0,1,0,1,0,0,0,0,0
5,1.0,0.875,8.0,P3617,72,52.0,0.75,0,0,0,0,1,0,0,0,0,0,0,0,0,0,0,1,0,0,0,1,0,0,0,0,1,0,0,0,0,0
5,1.0,1.0,4.0,P474953,33,145.0,1.0,0,0,0,0,0,0,1,0,0,0,0,0,0,0,0,1,0,0,0,1,0,0,0,0,1,0,0,0,0,0
3,0.0,1.0,6.0,P474953,33,145.0,1.0,0,0,0,1,0,0,0,0,0,0,0,0,0,0,0,0,0,0,1,1,0,0,0,1,0,0,0,0,0,0
5,1.0,0.600000024,5.0,P476513,33,55.0,0.5578858913022596,0,1,0,0,0,0,0,0,0,0,0,0,0,0,0,1,0,0,0,1,0,0,0,0,1,0,0,0,0,0
5,1.0,0.75,4.0,P476513,33,55.0,0.6666666666666667,0,0,0,0,0,1,0,0,0,0,0,0,0,0,0,1,0,0,0,1,0,0,0,0,1,0,0,0,0,0
5,1.0,0.75,4.0,P476513,33,55.0,0.6666666666666667,0,0,1,0,0,0,0,0,0,0,0,0,0,0,0,1,0,0,0,0,0,1,0,0,0,0,1,0,0,0
3,0.0,0.461537987,13.0,P468658,114,16.0,0.4834136986177055,0,0,0,0,1,0,0,0,0,0,0,0,0,0,0,1,0,0,0,1,0,0,0,0,0,0,1,0,0,0
1,0.0,0.285714,28.0,P468658,114,16.0,0.4191779135894102,0,0,0,0,0,1,0,0,0,0,0,0,0,0,0,1,0,0,0,0,0,0,1,1,0,0,0,0,0,0
2,0.0,0.666666985,9.0,P468658,114,16.0,0.583970804646981,0,0,0,0,1,0,0,0,0,0,0,0,0,0,0,1,0,0,0,0,0,1,0,0,0,0,1,0,0,0
5,1.0,0.75,4.0,P468658,114,16.0,0.6666666666666667,0,0,0,0,1,0,0,0,0,0,0,0,0,0,0,1,0,0,0,0,0,0,1,0,0,0,1,0,0,0
5,1.0,0.800000012,5.0,P468658,114,16.0,0.6989700043360187,0,0,1,0,0,0,0,0,0,0,0,0,0,0,0,1,0,0,0,0,0,1,0,0,0,0,1,0,0,0
5,1.0,0.875,24.0,P468658,114,16.0,0.6903752345284636,0,0,0,0,1,0,0,0,0,0,0,0,0,0,1,0,0,0,0,0,0,0,1,0,0,1,0,0,0,0
5,1.0,1.0,4.0,P468658,114,16.0,1.0,0,0,0,0,1,0,0,0,0,0,0,0,0,0,0,0,0,0,1,0,0,1,0,0,0,1,0,0,0,0
5,1.0,0.75,4.0,P468658,114,16.0,0.6666666666666667,0,0,0,0,0,0,0,0,0,0,0,1,0,0,0,1,0,0,0,1,0,0,0,0,1,0,0,0,0,0
5,1.0,0.875,8.0,P468658,114,16.0,0.75,0,0,1,0,0,0,0,0,0,0,0,0,0,0,0,1,0,0,0,1,0,0,0,0,0,0,1,0,0,0
5,1.0,0.666666985,6.0,P468658,114,16.0,0.5943161289177871,0,0,0,0,0,1,0,0,0,0,0,0,0,0,0,1,0,0,0,0,0,1,0,0,0,0,1,0,0,0
5,1.0,0.800000012,5.0,P377570,44,28.0,0.6989700043360187,0,0,0,0,0,1,0,0,0,0,0,0,0,0,0,1,0,0,0,0,0,1,0,0,0,0,1,0,0,0
1,0.0,0.600000024,15.0,P377570,44,28.0,0.5419766203817946,0,0,0,0,1,0,0,0,0,0,0,0,0,0,1,0,0,0,0,0,1,0,0,0,0,0,1,0,0,0
4,1.0,0.857142985,7.0,P377570,44,28.0,0.7373504649628064,0,0,0,0,1,0,0,0,0,0,0,0,0,0,0,0,0,1,0,0,0,1,0,1,0,0,0,0,0,0
5,1.0,1.0,6.0,P377570,44,28.0,1.0,0,0,0,0,1,0,0,0,0,0,0,0,0,0,1,0,0,0,0,1,0,0,0,0,0,0,1,0,0,0
5,1.0,0.800000012,5.0,P377570,44,28.0,0.6989700043360187,0,0,0,0,1,0,0,0,0,0,0,0,0,0,1,0,0,0,0,1,0,0,0,0,0,0,1,0,0,0
5,1.0,1.0,4.0,P377570,44,28.0,1.0,0,0,0,0,1,0,0,0,0,0,0,0,0,0,1,0,0,0,0,1,0,0,0,0,0,0,1,0,0,0
1,1.0,0.5,4.0,P377570,44,28.0,0.5,0,0,0,0,1,0,0,0,0,0,0,0,0,0,1,0,0,0,0,1,0,0,0,0,0,0,1,0,0,0
5,1.0,0.75,4.0,P377570,44,28.0,0.6666666666666667,0,0,0,0,1,0,0,0,0,0,0,0,0,0,1,0,0,0,0,1,0,0,0,0,0,0,1,0,0,0
5,1.0,0.857142985,7.0,P377570,44,28.0,0.7373504649628064,0,0,0,0,1,0,0,0,0,0,0,0,0,0,1,0,0,0,0,1,0,0,0,0,0,0,1,0,0,0
3,1.0,1.0,4.0,P456208,112,125.0,1.0,0,0,0,0,0,0,0,0,0,0,0,1,0,0,0,1,0,0,0,1,0,0,0,0,1,0,0,0,0,0
1,0.0,0.0,4.0,P122718,7,26.0,0.0,0,0,0,0,1,0,0,0,0,0,0,0,0,0,0,0,0,1,0,1,0,0,0,0,0,0,1,0,0,0
5,1.0,1.0,6.0,P122718,7,26.0,1.0,0,0,0,0,0,0,0,1,0,0,0,0,0,0,0,1,0,0,0,1,0,0,0,0,0,0,1,0,0,0
2,1.0,0.785713971,14.0,P122718,7,26.0,0.6418955364979173,0,0,1,0,0,0,0,0,0,0,0,0,0,0,1,0,0,0,0,1,0,0,0,0,0,0,1,0,0,0
5,1.0,1.0,6.0,P122718,7,26.0,1.0,0,0,1,0,0,0,0,0,0,0,0,0,0,0,1,0,0,0,0,0,0,0,1,0,0,0,1,0,0,0
3,0.0,0.5,4.0,P427397,17,54.0,0.5,0,0,1,0,0,0,0,0,0,0,0,0,0,0,0,1,0,0,0,1,0,0,0,0,1,0,0,0,0,0
5,1.0,0.875,8.0,P427397,17,54.0,0.75,0,0,1,0,0,0,0,0,0,0,0,0,0,0,0,0,0,1,0,1,0,0,0,0,0,0,1,0,0,0
4,1.0,0.400000006,5.0,P427397,17,54.0,0.4421141086977403,0,0,0,1,0,0,0,0,0,0,0,0,0,1,0,0,0,0,0,0,1,0,0,0,0,0,1,0,0,0
3,0.0,0.780488014,41.0,P427397,17,54.0,0.6029404546204393,0,0,0,0,1,0,0,0,0,0,0,0,0,0,1,0,0,0,0,0,0,0,1,0,0,1,0,0,0,0
3,0.0,0.785713971,14.0,P427397,17,54.0,0.6418955364979173,0,0,1,0,0,0,0,0,0,0,0,0,0,0,0,1,0,0,0,1,0,0,0,1,0,0,0,0,0,0
1,0.0,0.349999994,20.0,P469502,70,34.0,0.4406998069513341,0,0,1,0,0,0,0,0,0,0,0,0,0,0,1,0,0,0,0,1,0,0,0,0,0,1,0,0,0,0
3,1.0,0.217390999,23.0,P469502,70,34.0,0.3783117385707172,0,0,0,0,1,0,0,0,0,0,0,0,0,0,0,0,0,0,1,1,0,0,0,0,0,0,1,0,0,0
5,1.0,1.0,13.0,P469502,70,34.0,1.0,0,0,0,0,0,0,0,0,0,0,0,0,1,0,0,1,0,0,0,1,0,0,0,0,1,0,0,0,0,0
5,1.0,0.888889015,9.0,P469502,70,34.0,0.7601875334318686,0,0,0,0,1,0,0,0,0,0,0,0,0,0,0,1,0,0,0,1,0,0,0,0,1,0,0,0,0,0
2,1.0,0.0,4.0,P469502,70,34.0,0.0,0,0,0,0,1,0,0,0,0,0,0,0,0,0,0,1,0,0,0,1,0,0,0,0,0,0,0,0,1,0
4,1.0,0.857142985,7.0,P469502,70,34.0,0.7373504649628064,0,0,0,0,0,0,0,1,0,0,0,0,0,0,0,1,0,0,0,0,0,0,1,0,0,1,0,0,0,0
4,1.0,0.75,4.0,P469502,70,34.0,0.6666666666666667,0,0,1,0,0,0,0,0,0,0,0,0,0,0,0,0,0,0,1,0,1,0,0,0,0,0,1,0,0,0
5,1.0,0.916666985,24.0,P469502,70,34.0,0.740532674963355,0,0,0,0,0,0,0,0,0,0,0,1,0,0,0,1,0,0,0,0,0,0,1,0,1,0,0,0,0,0
1,0.0,0.434783012,23.0,P469502,70,34.0,0.4760607180717437,0,0,0,0,0,0,1,0,0,0,0,0,0,0,0,1,0,0,0,1,0,0,0,0,1,0,0,0,0,0
1,0.0,0.428570986,21.0,P469502,70,34.0,0.4730495729267067,0,0,0,0,1,0,0,0,0,0,0,0,0,0,1,0,0,0,0,1,0,0,0,0,0,1,0,0,0,0
5,1.0,1.0,6.0,P469502,70,34.0,1.0,0,0,1,0,0,0,0,0,0,0,0,0,0,0,0,1,0,0,0,0,0,0,1,0,0,1,0,0,0,0
5,1.0,1.0,6.0,P469502,70,34.0,1.0,0,1,0,0,0,0,0,0,0,0,0,0,0,0,0,1,0,0,0,1,0,0,0,0,1,0,0,0,0,0
5,1.0,1.0,4.0,P469502,70,34.0,1.0,0,0,1,0,0,0,0,0,0,0,0,0,0,0,1,0,0,0,0,0,1,0,0,0,0,1,0,0,0,0
5,1.0,1.0,6.0,P469502,70,34.0,1.0,0,0,0,0,1,0,0,0,0,0,0,0,0,0,0,1,0,0,0,1,0,0,0,0,0,0,1,0,0,0
5,1.0,1.0,8.0,P469502,70,34.0,1.0,0,0,0,0,0,0,0,1,0,0,0,0,0,0,0,1,0,0,0,0,0,0,1,0,1,0,0,0,0,0
4,1.0,0.833333015,12.0,P469502,70,34.0,0.6857972507265685,0,0,0,0,0,1,0,0,0,0,0,0,0,0,0,1,0,0,0,0,0,0,1,0,1,0,0,0,0,0
5,1.0,0.857142985,7.0,P469502,70,34.0,0.7373504649628064,0,0,0,0,0,0,0,1,0,0,0,0,0,0,0,1,0,0,0,0,1,0,0,0,0,0,1,0,0,0
5,1.0,0.666666985,12.0,P469502,70,34.0,0.5772049881597967,0,0,1,0,0,0,0,0,0,0,0,0,0,0,0,0,0,0,1,1,0,0,0,0,0,1,0,0,0,0
5,1.0,1.0,5.0,P469502,70,34.0,1.0,0,0,0,0,0,1,0,0,0,0,0,0,0,0,0,1,0,0,0,0,0,0,1,0,1,0,0,0,0,0
2,0.0,0.200000003,10.0,P448937,93,65.0,0.3333333333333332,0,0,0,1,0,0,0,0,0,0,0,0,0,0,0,0,0,1,0,0,0,1,0,0,0,0,1,0,0,0
1,0.0,1.0,4.0,P448937,93,65.0,1.0,0,0,0,0,1,0,0,0,0,0,0,0,0,0,0,1,0,0,0,1,0,0,0,0,0,0,1,0,0,0
5,1.0,0.666666985,6.0,P448937,93,65.0,0.5943161289177871,0,0,0,0,1,0,0,0,0,0,0,0,0,0,1,0,0,0,0,1,0,0,0,0,0,0,1,0,0,0
5,1.0,0.857142985,7.0,P448937,93,65.0,0.7373504649628064,0,0,0,0,1,0,0,0,0,0,0,0,0,0,0,0,0,1,0,0,0,0,1,0,0,0,1,0,0,0
2,0.0,0.400000006,5.0,P448937,93,65.0,0.4421141086977403,0,0,1,0,0,0,0,0,0,0,0,0,0,0,0,1,0,0,0,1,0,0,0,0,0,0,1,0,0,0
4,1.0,0.625,16.0,P448937,93,65.0,0.5520264007992993,0,0,0,0,0,0,0,1,0,0,0,0,0,0,1,0,0,0,0,0,1,0,0,0,0,0,1,0,0,0
3,1.0,0.800000012,5.0,P421998,48,56.0,0.6989700043360187,0,0,0,0,1,0,0,0,0,0,0,0,0,0,0,1,0,0,0,1,0,0,0,0,0,0,1,0,0,0
5,1.0,0.857142985,14.0,P421998,48,56.0,0.7001245250427999,0,0,0,0,0,1,0,0,0,0,0,0,0,0,0,0,0,1,0,1,0,0,0,0,0,1,0,0,0,0
1,0.0,0.785713971,14.0,P421998,48,56.0,0.6418955364979173,0,0,0,1,0,0,0,0,0,0,0,0,0,0,0,0,0,1,0,0,0,0,1,0,0,0,0,0,0,1
1,0.0,0.600000024,5.0,P421998,48,56.0,0.5578858913022596,0,0,1,0,0,0,0,0,0,0,0,0,0,0,0,1,0,0,0,1,0,0,0,0,0,0,1,0,0,0
1,0.0,1.0,7.0,P421998,48,56.0,1.0,0,0,0,0,1,0,0,0,0,0,0,0,0,0,0,0,0,0,1,1,0,0,0,0,0,1,0,0,0,0
3,1.0,0.121950999,41.0,P421998,48,56.0,0.3316428767780924,0,0,0,0,0,0,0,1,0,0,0,0,0,0,0,1,0,0,0,0,0,1,0,0,0,0,1,0,0,0
5,1.0,0.888889015,27.0,P421998,48,56.0,0.6989700043360187,0,0,1,0,0,0,0,0,0,0,0,0,0,0,0,0,0,0,1,0,0,1,0,0,0,0,1,0,0,0
5,1.0,0.857142985,42.0,P421998,48,56.0,0.6498163831147652,0,0,1,0,0,0,0,0,0,0,0,0,0,0,0,1,0,0,0,1,0,0,0,0,0,0,1,0,0,0
2,1.0,0.800000012,5.0,P421998,48,56.0,0.6989700043360187,0,1,0,0,0,0,0,0,0,0,0,0,0,0,0,1,0,0,0,1,0,0,0,0,1,0,0,0,0,0
5,1.0,0.833333015,6.0,P421998,48,56.0,0.7210570543488701,0,0,1,0,0,0,0,0,0,0,0,0,0,0,0,1,0,0,0,1,0,0,0,0,0,0,1,0,0,0
1,0.0,0.375,8.0,P445951,48,30.0,0.4362085839710631,0,0,0,0,1,0,0,0,0,0,0,0,0,0,0,0,0,1,0,1,0,0,0,0,0,1,0,0,0,0
2,0.0,0.727272987,11.0,P445951,48,30.0,0.6131471927654585,0,0,0,0,0,1,0,0,0,0,0,0,0,0,0,1,0,0,0,0,0,0,1,0,1,0,0,0,0,0
5,1.0,0.75,4.0,P445951,48,30.0,0.6666666666666667,0,0,0,0,0,0,1,0,0,0,0,0,0,0,0,1,0,0,0,1,0,0,0,0,1,0,0,0,0,0
1,0.0,0.636363983,11.0,P445951,48,30.0,0.5637054741273227,0,0,0,0,1,0,0,0,0,0,0,0,0,0,1,0,0,0,0,1,0,0,0,0,0,0,1,0,0,0
1,0.0,0.714286029,7.0,P445951,48,30.0,0.6199062332840658,0,0,0,0,0,1,0,0,0,0,0,0,0,0,0,1,0,0,0,1,0,0,0,0,1,0,0,0,0,0
5,1.0,1.0,9.0,P445951,48,30.0,1.0,0,0,0,0,1,0,0,0,0,0,0,0,0,0,0,1,0,0,0,1,0,0,0,0,1,0,0,0,0,0
1,0.0,0.800000012,20.0,P445951,48,30.0,0.6377303057306478,0,0,1,0,0,0,0,0,0,0,0,0,0,0,0,0,0,1,0,1,0,0,0,0,0,1,0,0,0,0
1,0.0,0.342465997,73.0,P445951,48,30.0,0.4556831376774467,0,0,0,0,0,1,0,0,0,0,0,0,0,0,0,1,0,0,0,0,0,0,1,0,0,0,1,0,0,0
5,1.0,0.857142985,7.0,P445951,48,30.0,0.7373504649628064,0,0,0,0,0,1,0,0,0,0,0,0,0,0,0,0,0,1,0,0,0,0,1,0,1,0,0,0,0,0
1,0.0,0.833333015,12.0,P445951,48,30.0,0.6857972507265685,0,0,0,0,0,0,0,1,0,0,0,0,0,0,0,1,0,0,0,1,0,0,0,0,1,0,0,0,0,0
5,1.0,0.727272987,11.0,P445951,48,30.0,0.6131471927654585,0,0,0,0,0,1,0,0,0,0,0,0,0,0,0,1,0,0,0,0,1,0,0,0,1,0,0,0,0,0
5,1.0,1.0,4.0,P434336,45,28.0,1.0,0,0,0,1,0,0,0,0,0,0,0,0,0,0,1,0,0,0,0,1,0,0,0,0,0,0,1,0,0,0
5,1.0,0.875,8.0,P434336,45,28.0,0.75,0,0,1,0,0,0,0,0,0,0,0,0,0,0,1,0,0,0,0,1,0,0,0,0,0,0,1,0,0,0
5,1.0,1.0,6.0,P434336,45,28.0,1.0,0,1,0,0,0,0,0,0,0,0,0,0,0,0,0,1,0,0,0,1,0,0,0,0,1,0,0,0,0,0
5,1.0,0.909090996,11.0,P434336,45,28.0,0.7757561757824245,0,0,0,0,0,0,0,1,0,0,0,0,0,0,0,1,0,0,0,0,1,0,0,0,0,0,1,0,0,0
5,1.0,0.909090996,11.0,P434336,45,28.0,0.7757561757824245,0,0,1,0,0,0,0,0,0,0,0,0,0,0,0,0,0,0,1,1,0,0,0,0,0,1,0,0,0,0
4,1.0,0.350876987,57.0,P434336,45,28.0,0.4556230108090953,0,0,0,0,1,0,0,0,0,0,0,0,0,0,0,1,0,0,0,1,0,0,0,0,1,0,0,0,0,0
1,0.0,1.0,4.0,P434336,45,28.0,1.0,0,0,0,0,0,0,1,0,0,0,0,0,0,0,0,1,0,0,0,0,1,0,0,0,0,0,0,1,0,0
5,1.0,0.954545021,22.0,P434336,45,28.0,0.8168307490863663,0,0,0,1,0,0,0,0,0,0,0,0,0,0,0,1,0,0,0,0,1,0,0,0,0,1,0,0,0,0
4,1.0,0.142857,7.0,P434336,45,28.0,0.2626495350371936,0,0,0,0,1,0,0,0,0,0,0,0,0,0,0,1,0,0,0,1,0,0,0,0,0,1,0,0,0,0
5,1.0,0.965516984,29.0,P434336,45,28.0,0.82929272033628,0,0,1,0,0,0,0,0,0,0,0,0,0,0,1,0,0,0,0,1,0,0,0,0,0,0,1,0,0,0
4,1.0,0.600000024,10.0,P421277,0,115.0,0.5473191697130572,0,0,1,0,0,0,0,0,0,0,0,0,0,0,0,0,0,0,1,0,1,0,0,0,0,1,0,0,0,0
4,1.0,1.0,10.0,P421277,0,115.0,1.0,0,0,0,0,0,0,0,0,0,0,0,0,1,0,0,1,0,0,0,1,0,0,0,0,1,0,0,0,0,0
1,0.0,0.4375,16.0,P421277,0,115.0,0.4745387728193468,0,0,1,0,0,0,0,0,0,0,0,0,0,0,1,0,0,0,0,0,1,0,0,0,0,0,1,0,0,0
4,1.0,1.0,7.0,P421277,0,115.0,1.0,0,0,0,0,1,0,0,0,0,0,0,0,0,0,0,1,0,0,0,0,1,0,0,0,1,0,0,0,0,0
4,1.0,1.0,6.0,P421277,0,115.0,1.0,0,0,1,0,0,0,0,0,0,0,0,0,0,0,1,0,0,0,0,0,1,0,0,1,0,0,0,0,0,0
3,0.0,1.0,6.0,P421277,0,115.0,1.0,0,0,1,0,0,0,0,0,0,0,0,0,0,0,0,1,0,0,0,1,0,0,0,0,0,0,1,0,0,0
3,0.0,1.0,11.0,P421277,0,115.0,1.0,0,0,0,0,0,0,0,1,0,0,0,0,0,0,0,1,0,0,0,0,0,1,0,0,0,0,1,0,0,0
5,1.0,1.0,9.0,P421277,0,115.0,1.0,0,0,0,0,0,0,0,1,0,0,0,0,0,0,0,1,0,0,0,0,1,0,0,0,0,0,1,0,0,0
1,0.0,0.888889015,9.0,P421277,0,115.0,0.7601875334318686,0,0,1,0,0,0,0,0,0,0,0,0,0,0,0,1,0,0,0,1,0,0,0,0,0,0,1,0,0,0
4,1.0,0.818181992,11.0,P421277,0,115.0,0.6769924925288455,0,0,1,0,0,0,0,0,0,0,0,0,0,0,1,0,0,0,0,1,0,0,0,0,0,0,1,0,0,0
5,1.0,1.0,11.0,P421277,0,115.0,1.0,0,0,1,0,0,0,0,0,0,0,0,0,0,0,1,0,0,0,0,1,0,0,0,0,0,1,0,0,0,0
2,0.0,0.833333015,18.0,P421277,0,115.0,0.6666666666666667,0,0,0,0,0,0,0,1,0,0,0,0,0,0,0,1,0,0,0,0,0,1,0,0,0,0,1,0,0,0
2,0.0,0.893616974,47.0,P421277,0,115.0,0.6773325211850345,0,0,0,1,0,0,0,0,0,0,0,0,0,0,0,0,0,1,0,0,1,0,0,0,0,0,0,0,0,1
5,1.0,0.690322995,113.72000000000116,P421277,0,115.0,0.5400150386423642,0,0,0,1,0,0,0,0,0,0,0,0,0,0,0,0,0,0,1,0,1,0,0,0,0,0,0,0,0,1
3,1.0,0.25,32.0,P421277,0,115.0,0.4056838710822129,0,0,1,0,0,0,0,0,0,0,0,0,0,0,0,1,0,0,0,1,0,0,0,0,0,0,1,0,0,0
5,1.0,1.0,5.0,P455936,92,24.0,1.0,0,0,1,0,0,0,0,0,0,0,0,0,0,0,0,0,0,1,0,0,1,0,0,0,0,0,1,0,0,0
3,0.0,0.5,4.0,P455936,92,24.0,0.5,0,0,0,0,1,0,0,0,0,0,0,0,0,0,0,0,0,0,1,0,1,0,0,0,0,0,0,0,0,1
4,1.0,0.470587999,17.0,P455936,92,24.0,0.4882927808755417,0,0,0,0,0,1,0,0,0,0,0,0,0,0,0,0,0,1,0,1,0,0,0,0,0,1,0,0,0,0
5,1.0,0.5,4.0,P455936,92,24.0,0.5,0,0,0,1,0,0,0,0,0,0,0,0,0,0,0,0,1,0,0,0,0,0,1,0,0,1,0,0,0,0
5,1.0,0.92682898,41.0,P455936,92,24.0,0.7254784375772821,0,0,1,0,0,0,0,0,0,0,0,0,0,0,0,1,0,0,0,0,1,0,0,0,0,1,0,0,0,0
2,0.0,1.0,5.0,P455936,92,24.0,1.0,0,0,0,0,0,0,0,1,0,0,0,0,0,0,0,1,0,0,0,0,1,0,0,0,1,0,0,0,0,0
5,1.0,1.0,9.0,P455936,92,24.0,1.0,0,0,0,0,0,0,0,1,0,0,0,0,0,0,0,0,0,0,1,1,0,0,0,0,0,0,1,0,0,0
5,1.0,1.0,4.0,P455936,92,24.0,1.0,0,0,0,0,0,1,0,0,0,0,0,0,0,0,0,1,0,0,0,0,0,1,0,0,0,0,1,0,0,0
5,1.0,0.833333015,6.0,P455936,92,24.0,0.7210570543488701,0,0,0,0,1,0,0,0,0,0,0,0,0,0,0,1,0,0,0,1,0,0,0,0,0,1,0,0,0,0
3,1.0,0.777778029,9.0,P455936,92,24.0,0.6543128759565946,0,0,0,0,0,1,0,0,0,0,0,0,0,0,0,1,0,0,0,0,1,0,0,0,0,1,0,0,0,0
5,1.0,0.777778029,9.0,P455936,92,24.0,0.6543128759565946,0,0,0,0,0,1,0,0,0,0,0,0,0,0,0,1,0,0,0,1,0,0,0,0,0,0,1,0,0,0
5,1.0,1.0,20.0,P405096,115,12.0,1.0,0,0,0,0,1,0,0,0,0,0,0,0,0,0,0,1,0,0,0,1,0,0,0,0,0,0,1,0,0,0
5,1.0,0.800000012,5.0,P405096,115,12.0,0.6989700043360187,0,0,0,0,1,0,0,0,0,0,0,0,0,0,0,1,0,0,0,1,0,0,0,0,0,0,1,0,0,0
1,0.0,1.0,7.0,P500777,111,25.0,1.0,0,0,1,0,0,0,0,0,0,0,0,0,0,0,1,0,0,0,0,0,0,1,0,0,0,1,0,0,0,0
1,0.0,1.0,45.0,P500777,111,25.0,1.0,0,0,0,0,1,0,0,0,0,0,0,0,0,0,1,0,0,0,0,1,0,0,0,0,0,1,0,0,0,0
2,0.0,0.928570986,14.0,P500777,111,25.0,0.7919854023234905,0,0,0,0,1,0,0,0,0,0,0,0,0,0,1,0,0,0,0,0,0,0,1,0,0,1,0,0,0,0
5,1.0,0.714286029,7.0,P467602,0,68.0,0.6199062332840658,0,0,0,0,1,0,0,0,0,0,0,0,0,0,1,0,0,0,0,0,1,0,0,0,0,1,0,0,0,0
3,0.0,0.857142985,7.0,P467602,0,68.0,0.7373504649628064,0,0,0,0,0,0,0,1,0,0,0,0,0,0,0,1,0,0,0,1,0,0,0,0,1,0,0,0,0,0
5,1.0,0.400000006,5.0,P467602,0,68.0,0.4421141086977403,0,0,1,0,0,0,0,0,0,0,0,0,0,0,0,0,0,0,1,0,0,0,1,0,0,0,1,0,0,0
5,1.0,0.75,4.0,P467602,0,68.0,0.6666666666666667,0,1,0,0,0,0,0,0,0,0,0,0,0,0,0,1,0,0,0,1,0,0,0,0,0,0,1,0,0,0
4,1.0,1.0,8.0,P467602,0,68.0,1.0,0,0,0,0,1,0,0,0,0,0,0,0,0,0,1,0,0,0,0,0,0,0,1,1,0,0,0,0,0,0
5,1.0,0.941175997,17.0,P443842,99,12.99,0.8034383677671774,0,0,0,0,1,0,0,0,0,0,0,0,0,0,0,1,0,0,0,1,0,0,0,1,0,0,0,0,0,0
5,1.0,0.800000012,15.0,P443842,99,12.99,0.649149872836091,0,0,0,0,0,0,0,1,0,0,0,0,0,0,0,1,0,0,0,0,1,0,0,0,0,0,1,0,0,0
5,1.0,1.0,5.0,P443842,99,12.99,1.0,0,0,0,0,0,0,0,1,0,0,0,0,0,0,0,1,0,0,0,1,0,0,0,0,0,0,1,0,0,0
5,1.0,0.714286029,7.0,P443842,99,12.99,0.6199062332840658,0,0,0,0,0,0,0,1,0,0,0,0,0,0,0,1,0,0,0,1,0,0,0,0,1,0,0,0,0,0
3,0.0,0.916666985,12.0,P443842,99,12.99,0.7818957080144684,0,0,0,0,1,0,0,0,0,0,0,0,0,0,1,0,0,0,0,0,0,1,0,0,0,1,0,0,0,0
5,1.0,0.833333015,12.0,P443842,99,12.99,0.6857972507265685,0,0,0,0,1,0,0,0,0,0,0,0,0,0,1,0,0,0,0,1,0,0,0,0,0,1,0,0,0,0
5,1.0,0.699999988,10.0,P443842,99,12.99,0.6,0,0,0,0,0,0,1,0,0,0,0,0,0,0,0,1,0,0,0,1,0,0,0,0,0,0,1,0,0,0
5,1.0,1.0,12.0,P443842,99,12.99,1.0,0,0,0,0,1,0,0,0,0,0,0,0,0,0,1,0,0,0,0,0,0,1,0,0,0,0,1,0,0,0
4,1.0,0.555555999,9.0,P443842,99,12.99,0.5268025545616606,0,0,0,0,0,1,0,0,0,0,0,0,0,0,0,1,0,0,0,0,0,1,0,0,1,0,0,0,0,0
1,0.0,0.5,6.0,P443842,99,12.99,0.5,0,0,1,0,0,0,0,0,0,0,0,0,0,0,0,0,0,0,1,1,0,0,0,0,0,0,1,0,0,0
5,1.0,1.0,62.0,P443842,99,12.99,1.0,0,0,1,0,0,0,0,0,0,0,0,0,0,0,0,0,0,1,0,1,0,0,0,0,0,1,0,0,0,0
3,1.0,0.576923013,26.0,P443842,99,12.99,0.5273592321148182,0,0,1,0,0,0,0,0,0,0,0,0,0,0,1,0,0,0,0,0,0,0,1,0,0,0,1,0,0,0
5,1.0,1.0,17.0,P443842,99,12.99,1.0,0,0,0,0,1,0,0,0,0,0,0,0,0,0,0,1,0,0,0,1,0,0,0,0,0,0,1,0,0,0
1,0.0,0.481480986,54.0,P443842,99,12.99,0.494637735188349,0,0,0,0,0,1,0,0,0,0,0,0,0,0,0,0,0,1,0,1,0,0,0,0,0,0,1,0,0,0
1,0.0,0.236842006,76.0,P443842,99,12.99,0.4193176965806771,0,0,0,0,0,0,0,0,0,0,0,1,0,0,0,1,0,0,0,0,0,0,1,0,1,0,0,0,0,0
3,1.0,0.0,4.0,P443842,99,12.99,0.0,0,0,0,0,1,0,0,0,0,0,0,0,0,0,0,1,0,0,0,1,0,0,0,0,0,0,1,0,0,0
5,1.0,0.600000024,10.0,P443842,99,12.99,0.5473191697130572,0,0,0,1,0,0,0,0,0,0,0,0,0,0,0,0,0,1,0,1,0,0,0,0,0,0,0,0,0,1
5,1.0,0.785713971,14.0,P443842,99,12.99,0.6418955364979173,0,0,0,0,1,0,0,0,0,0,0,0,0,0,0,1,0,0,0,0,0,0,1,0,0,0,1,0,0,0
2,0.0,1.0,5.0,P448802,99,12.99,1.0,0,0,0,0,0,1,0,0,0,0,0,0,0,0,0,1,0,0,0,0,0,1,0,0,1,0,0,0,0,0
5,1.0,0.777778029,9.0,P448802,99,12.99,0.6543128759565946,0,0,0,0,0,0,1,0,0,0,0,0,0,1,0,0,0,0,0,0,0,1,0,0,1,0,0,0,0,0
5,1.0,1.0,4.0,P448802,99,12.99,1.0,0,0,0,0,0,1,0,0,0,0,0,0,0,0,0,1,0,0,0,1,0,0,0,0,0,0,1,0,0,0
1,0.0,0.785713971,14.0,P448802,99,12.99,0.6418955364979173,0,0,1,0,0,0,0,0,0,0,0,0,0,0,0,1,0,0,0,0,0,0,1,0,0,0,1,0,0,0
4,1.0,0.800000012,5.0,P448802,99,12.99,0.6989700043360187,0,0,0,0,1,0,0,0,0,0,0,0,0,0,0,0,0,1,0,1,0,0,0,0,0,0,1,0,0,0
1,0.0,0.777778029,9.0,P448802,99,12.99,0.6543128759565946,0,0,0,1,0,0,0,0,0,0,0,0,0,0,0,1,0,0,0,0,0,1,0,1,0,0,0,0,0,0
5,1.0,0.857142985,28.0,P448802,99,12.99,0.6666666666666666,0,0,0,0,1,0,0,0,0,0,0,0,0,0,0,1,0,0,0,0,1,0,0,0,0,0,1,0,0,0
5,1.0,1.0,12.0,P448802,99,12.99,1.0,0,0,0,0,1,0,0,0,0,0,0,0,0,0,0,1,0,0,0,1,0,0,0,0,0,0,1,0,0,0
5,1.0,0.0,5.0,P448802,99,12.99,0.0,0,0,0,0,1,0,0,0,0,0,0,0,0,0,0,1,0,0,0,1,0,0,0,0,0,0,1,0,0,0
1,0.0,0.899999976,10.0,P448802,99,12.99,0.7686217868402409,0,0,0,0,0,1,0,0,0,0,0,0,0,0,0,1,0,0,0,1,0,0,0,0,0,0,1,0,0,0
4,1.0,0.921347976,89.0,P448802,99,12.99,0.6800013459176474,0,0,0,0,1,0,0,0,0,0,0,0,0,0,0,0,0,0,1,0,1,0,0,0,0,1,0,0,0,0
1,0.0,0.466666996,15.0,P479841,111,69.0,0.4862295731793668,0,0,0,0,1,0,0,0,0,0,0,0,0,0,0,0,0,1,0,1,0,0,0,0,0,0,1,0,0,0
5,1.0,0.25,12.0,P479841,111,69.0,0.3758036494182151,0,0,1,0,0,0,0,0,0,0,0,0,0,0,0,1,0,0,0,0,1,0,0,0,0,0,1,0,0,0
1,0.0,0.461537987,13.0,P500757,71,24.0,0.4834136986177055,0,0,0,0,0,0,1,0,0,0,0,0,0,0,0,1,0,0,0,1,0,0,0,0,1,0,0,0,0,0
3,0.0,1.0,4.0,P500757,71,24.0,1.0,0,0,0,0,0,0,1,0,0,0,0,0,0,0,0,1,0,0,0,1,0,0,0,0,1,0,0,0,0,0
1,0.0,0.714286029,7.0,P500757,71,24.0,0.6199062332840658,0,0,1,0,0,0,0,0,0,0,0,0,0,0,1,0,0,0,0,0,1,0,0,0,0,0,0,0,0,1
1,0.0,0.714286029,7.0,P500757,71,24.0,0.6199062332840658,0,0,1,0,0,0,0,0,0,0,0,0,0,0,0,0,0,0,1,0,0,1,0,0,0,0,0,1,0,0
1,0.0,0.666666985,12.0,P500757,71,24.0,0.5772049881597967,0,0,1,0,0,0,0,0,0,0,0,0,0,0,1,0,0,0,0,1,0,0,0,1,0,0,0,0,0,0
4,1.0,0.714286029,7.0,P500757,71,24.0,0.6199062332840658,0,0,0,0,1,0,0,0,0,0,0,0,0,0,1,0,0,0,0,1,0,0,0,0,0,0,0,1,0,0
1,0.0,0.411765009,17.0,P500757,71,24.0,0.4644371482073046,0,0,0,0,1,0,0,0,0,0,0,0,0,0,1,0,0,0,0,0,0,0,1,0,0,0,0,1,0,0
5,1.0,1.0,5.0,P500757,71,24.0,1.0,0,0,1,0,0,0,0,0,0,0,0,0,0,0,0,1,0,0,0,1,0,0,0,1,0,0,0,0,0,0
1,0.0,0.5,4.0,P500757,71,24.0,0.5,0,0,0,0,0,0,0,0,0,0,1,0,0,0,1,0,0,0,0,0,0,1,0,0,0,1,0,0,0,0
1,0.0,0.0,4.0,P500757,71,24.0,0.0,0,0,1,0,0,0,0,0,0,0,0,0,0,0,0,1,0,0,0,1,0,0,0,0,0,0,0,1,0,0
4,1.0,1.0,4.0,P500757,71,24.0,1.0,0,0,1,0,0,0,0,0,0,0,0,0,0,0,0,1,0,0,0,1,0,0,0,0,1,0,0,0,0,0
5,1.0,0.666666985,15.0,P500757,71,24.0,0.5723372020956964,0,0,0,0,0,0,0,0,0,1,0,0,0,0,0,0,0,1,0,0,0,0,1,0,0,1,0,0,0,0
2,0.0,0.772727013,22.0,P500757,71,24.0,0.617319681505689,0,0,0,0,0,0,1,0,0,0,0,0,0,0,0,1,0,0,0,1,0,0,0,0,0,0,0,1,0,0
1,0.0,0.75,8.0,P500757,71,24.0,0.6391511932854698,0,0,0,0,1,0,0,0,0,0,0,0,0,0,0,1,0,0,0,0,0,1,0,0,0,0,0,0,0,1
5,1.0,0.833333015,6.0,P500757,71,24.0,0.7210570543488701,0,0,0,0,0,0,0,0,0,0,0,0,1,0,0,1,0,0,0,0,0,1,0,0,0,0,0,1,0,0
3,0.0,0.368420988,19.0,P500757,71,24.0,0.4477318095822363,0,0,0,0,0,0,1,0,0,0,0,0,0,0,0,0,0,1,0,0,0,1,0,0,0,1,0,0,0,0
5,1.0,0.975610018,41.0,P500757,71,24.0,0.8427067526504531,0,0,0,0,0,0,0,0,0,1,0,0,0,0,0,1,0,0,0,1,0,0,0,0,0,0,0,1,0,0
5,1.0,1.0,5.0,P500757,71,24.0,1.0,0,0,0,0,0,0,1,0,0,0,0,0,0,0,0,0,0,0,1,0,0,0,1,0,0,0,0,1,0,0
4,1.0,1.0,12.0,P500757,71,24.0,1.0,0,0,1,0,0,0,0,0,0,0,0,0,0,0,0,1,0,0,0,0,1,0,0,0,0,1,0,0,0,0
5,1.0,0.857142985,7.0,P500757,71,24.0,0.7373504649628064,0,0,1,0,0,0,0,0,0,0,0,0,0,0,0,0,0,1,0,0,1,0,0,0,0,1,0,0,0,0
5,1.0,0.857142985,14.0,P500757,71,24.0,0.7001245250427999,0,0,1,0,0,0,0,0,0,0,0,0,0,0,0,0,0,0,1,1,0,0,0,0,0,0,0,1,0,0
3,0.0,0.0,4.0,P500757,71,24.0,0.0,0,0,0,0,0,0,0,0,0,0,0,0,1,0,0,1,0,0,0,1,0,0,0,0,0,0,0,1,0,0
1,0.0,0.5,26.0,P500757,71,24.0,0.5,0,1,0,0,0,0,0,0,0,0,0,0,0,0,0,1,0,0,0,1,0,0,0,0,1,0,0,0,0,0
5,1.0,0.909090996,11.0,P500757,71,24.0,0.7757561757824245,0,0,0,0,1,0,0,0,0,0,0,0,0,0,1,0,0,0,0,0,1,0,0,0,0,1,0,0,0,0
5,1.0,0.833333015,6.0,P418624,45,72.0,0.7210570543488701,0,0,1,0,0,0,0,0,0,0,0,0,0,0,0,0,0,0,1,1,0,0,0,0,0,0,1,0,0,0
4,1.0,1.0,4.0,P418624,45,72.0,1.0,0,0,1,0,0,0,0,0,0,0,0,0,0,0,0,1,0,0,0,0,0,1,0,0,0,1,0,0,0,0
5,1.0,1.0,5.0,P418624,45,72.0,1.0,0,0,0,0,0,0,0,0,0,0,0,0,1,0,0,1,0,0,0,1,0,0,0,0,1,0,0,0,0,0
5,1.0,0.642857015,14.0,P418624,45,72.0,0.5623818557528476,0,0,0,1,0,0,0,0,0,0,0,0,0,0,0,1,0,0,0,1,0,0,0,0,0,0,1,0,0,0
1,0.0,0.571429014,7.0,P418624,45,72.0,0.5372435736804816,0,0,0,0,1,0,0,0,0,0,0,0,0,0,0,1,0,0,0,1,0,0,0,0,1,0,0,0,0,0
5,1.0,0.899999976,10.0,P418624,45,72.0,0.7686217868402409,0,0,0,0,0,0,1,0,0,0,0,0,0,0,0,1,0,0,0,1,0,0,0,0,1,0,0,0,0,0
2,0.0,0.75,8.0,P418624,45,72.0,0.6391511932854698,0,0,0,0,0,1,0,0,0,0,0,0,0,0,0,1,0,0,0,1,0,0,0,0,0,0,1,0,0,0
5,1.0,0.855768979,104.0,P418624,45,72.0,0.6187518102593997,0,0,0,1,0,0,0,0,0,0,0,0,0,0,0,1,0,0,0,0,0,0,1,0,0,0,1,0,0,0
5,1.0,0.981131971,53.0,P418624,45,72.0,0.8513656624281651,0,0,1,0,0,0,0,0,0,0,0,0,0,0,1,0,0,0,0,1,0,0,0,0,0,1,0,0,0,0
5,1.0,0.909090996,11.0,P418624,45,72.0,0.7757561757824245,0,0,0,0,0,1,0,0,0,0,0,0,0,0,0,1,0,0,0,1,0,0,0,0,0,0,1,0,0,0
5,1.0,0.944444001,18.0,P456211,112,60.0,0.8065735963827292,0,0,0,0,0,1,0,0,0,0,0,0,0,0,1,0,0,0,0,1,0,0,0,0,0,1,0,0,0,0
1,0.0,1.0,6.0,P456211,112,60.0,1.0,0,0,0,0,1,0,0,0,0,0,0,0,0,0,0,1,0,0,0,1,0,0,0,0,0,0,1,0,0,0
1,0.0,1.0,7.0,P456211,112,60.0,1.0,0,0,1,0,0,0,0,0,0,0,0,0,0,0,1,0,0,0,0,1,0,0,0,1,0,0,0,0,0,0
5,1.0,0.944444001,18.0,P459300,112,12.0,0.8065735963827292,0,0,0,0,0,1,0,0,0,0,0,0,0,0,1,0,0,0,0,1,0,0,0,0,0,1,0,0,0,0
1,0.0,1.0,6.0,P459300,112,12.0,1.0,0,0,0,0,1,0,0,0,0,0,0,0,0,0,0,1,0,0,0,1,0,0,0,0,0,0,1,0,0,0
1,0.0,1.0,7.0,P459300,112,12.0,1.0,0,0,1,0,0,0,0,0,0,0,0,0,0,0,1,0,0,0,0,1,0,0,0,1,0,0,0,0,0,0
5,1.0,1.0,18.0,P427410,101,7.8,1.0,0,0,1,0,0,0,0,0,0,0,0,0,0,0,0,0,0,0,1,1,0,0,0,0,0,0,1,0,0,0
3,0.0,0.428570986,14.0,P427410,101,7.8,0.4696709804438595,0,0,0,0,0,1,0,0,0,0,0,0,0,0,0,1,0,0,0,1,0,0,0,0,1,0,0,0,0,0
4,1.0,0.851064026,47.0,P427410,101,7.8,0.6410432147664402,0,0,0,1,0,0,0,0,0,0,0,0,0,0,1,0,0,0,0,1,0,0,0,0,0,1,0,0,0,0
1,0.0,0.5,6.0,P427410,101,7.8,0.5,0,0,0,1,0,0,0,0,0,0,0,0,0,0,0,0,0,0,1,0,1,0,0,0,1,0,0,0,0,0
5,1.0,1.0,9.0,P427410,101,7.8,1.0,0,0,0,0,1,0,0,0,0,0,0,0,0,0,0,1,0,0,0,1,0,0,0,0,0,0,1,0,0,0
4,1.0,1.0,8.0,P427410,101,7.8,1.0,0,0,0,1,0,0,0,0,0,0,0,0,0,0,0,0,0,0,1,1,0,0,0,0,1,0,0,0,0,0
4,1.0,0.875,8.0,P427410,101,7.8,0.75,0,0,0,0,0,0,0,0,0,0,0,0,1,0,0,1,0,0,0,1,0,0,0,0,1,0,0,0,0,0
1,0.0,0.625,8.0,P427410,101,7.8,0.5637914160289369,0,0,0,0,1,0,0,0,0,0,0,0,0,0,0,1,0,0,0,0,0,1,0,0,0,0,1,0,0,0
5,1.0,0.703125,64.0,P427410,101,7.8,0.5610245835886245,0,0,0,0,1,0,0,0,0,0,0,0,0,0,0,1,0,0,0,1,0,0,0,0,0,0,1,0,0,0
4,1.0,1.0,7.0,P427410,101,7.8,1.0,0,0,0,1,0,0,0,0,0,0,0,0,0,0,1,0,0,0,0,1,0,0,0,0,0,1,0,0,0,0
3,0.0,1.0,4.0,P427410,101,7.8,1.0,0,0,0,0,1,0,0,0,0,0,0,0,0,0,0,1,0,0,0,1,0,0,0,0,0,0,1,0,0,0
5,1.0,1.0,7.0,P427410,101,7.8,1.0,0,0,0,0,1,0,0,0,0,0,0,0,0,0,0,1,0,0,0,1,0,0,0,0,0,0,1,0,0,0
5,1.0,0.980000019,50.0,P427410,101,7.8,0.8494850021680095,0,0,0,0,0,1,0,0,0,0,0,0,0,0,0,1,0,0,0,1,0,0,0,0,1,0,0,0,0,0
5,1.0,0.891892016,74.0,P427410,101,7.8,0.6567864735177309,0,0,0,0,1,0,0,0,0,0,0,0,0,0,0,1,0,0,0,0,1,0,0,0,0,0,0,0,1,0
4,1.0,1.0,7.0,P427410,101,7.8,1.0,0,0,1,0,0,0,0,0,0,0,0,0,0,0,1,0,0,0,0,1,0,0,0,0,0,1,0,0,0,0
5,1.0,0.980768979,52.0,P427410,101,7.8,0.8507560634725879,0,0,0,0,0,0,1,0,0,0,0,0,0,0,0,1,0,0,0,0,1,0,0,0,1,0,0,0,0,0
2,0.0,0.111111,9.0,P427410,101,7.8,0.2398124665681313,0,0,0,0,1,0,0,0,0,0,0,0,0,0,0,1,0,0,0,1,0,0,0,0,0,0,1,0,0,0
5,1.0,0.888889015,9.0,P427410,101,7.8,0.7601875334318686,0,0,0,0,1,0,0,0,0,0,0,0,0,0,0,1,0,0,0,0,0,1,0,0,0,0,1,0,0,0
5,1.0,1.0,4.0,P427410,101,7.8,1.0,0,0,0,0,1,0,0,0,0,0,0,0,0,0,0,1,0,0,0,1,0,0,0,0,0,0,1,0,0,0
3,0.0,0.909090996,11.0,P427410,101,7.8,0.7757561757824245,0,0,0,0,1,0,0,0,0,0,0,0,0,0,0,1,0,0,0,0,0,0,1,0,0,0,1,0,0,0
5,1.0,0.833333015,6.0,P427410,101,7.8,0.7210570543488701,0,0,1,0,0,0,0,0,0,0,0,0,0,0,0,0,0,1,0,1,0,0,0,0,0,0,1,0,0,0
5,1.0,0.90476203,21.0,P427410,101,7.8,0.7316756633516291,0,0,0,0,0,1,0,0,0,0,0,0,0,0,0,0,0,0,1,1,0,0,0,0,0,1,0,0,0,0
5,1.0,0.981131971,53.0,P427410,101,7.8,0.8513656624281651,0,0,0,0,0,0,0,0,0,0,0,0,1,0,0,1,0,0,0,1,0,0,0,0,1,0,0,0,0,0
5,1.0,1.0,4.0,P454120,22,54.0,1.0,0,0,0,0,1,0,0,0,0,0,0,0,0,0,0,0,0,0,1,1,0,0,0,0,0,0,1,0,0,0
3,0.0,0.571429014,7.0,P454120,22,54.0,0.5372435736804816,0,0,0,0,0,0,1,0,0,0,0,0,0,0,0,1,0,0,0,0,1,0,0,0,1,0,0,0,0,0
5,1.0,0.800000012,15.0,P454120,22,54.0,0.649149872836091,0,0,1,0,0,0,0,0,0,0,0,0,0,0,1,0,0,0,0,1,0,0,0,0,0,1,0,0,0,0
1,0.0,0.761905015,21.0,P454120,22,54.0,0.6125902699186471,0,0,1,0,0,0,0,0,0,0,0,0,0,0,0,0,0,0,1,0,0,0,1,0,0,1,0,0,0,0
2,0.0,0.625,8.0,P454120,22,54.0,0.5637914160289369,0,0,0,0,1,0,0,0,0,0,0,0,0,0,0,1,0,0,0,1,0,0,0,0,0,0,1,0,0,0
4,0.0,0.200000003,5.0,P454120,22,54.0,0.3010299956639811,0,0,0,0,1,0,0,0,0,0,0,0,0,0,0,1,0,0,0,1,0,0,0,0,0,0,1,0,0,0
2,0.0,1.0,8.0,P454120,22,54.0,1.0,0,0,0,0,0,1,0,0,0,0,0,0,0,0,0,0,0,0,1,1,0,0,0,0,0,0,1,0,0,0
5,1.0,1.0,5.0,P454120,22,54.0,1.0,0,0,1,0,0,0,0,0,0,0,0,0,0,0,0,0,0,1,0,0,1,0,0,0,0,1,0,0,0,0
5,1.0,1.0,9.0,P454120,22,54.0,1.0,0,0,1,0,0,0,0,0,0,0,0,0,0,0,0,1,0,0,0,1,0,0,0,0,0,0,1,0,0,0
5,1.0,1.0,4.0,P454120,22,54.0,1.0,0,0,0,0,1,0,0,0,0,0,0,0,0,0,0,0,0,1,0,1,0,0,0,0,0,1,0,0,0,0
5,1.0,0.0,36.0,P454120,22,54.0,0.0,0,0,1,0,0,0,0,0,0,0,0,0,0,0,0,1,0,0,0,1,0,0,0,0,0,0,1,0,0,0
5,1.0,1.0,4.0,P454120,22,54.0,1.0,0,0,0,0,1,0,0,0,0,0,0,0,0,0,0,0,0,0,1,0,0,1,0,0,0,0,1,0,0,0
5,1.0,0.800000012,5.0,P454120,22,54.0,0.6989700043360187,0,0,0,0,0,1,0,0,0,0,0,0,0,0,0,0,0,1,0,1,0,0,0,0,0,1,0,0,0,0
3,0.0,1.0,17.0,P454120,22,54.0,1.0,0,0,0,0,1,0,0,0,0,0,0,0,0,0,0,0,0,1,0,1,0,0,0,0,0,1,0,0,0,0
1,0.0,0.763158023,38.0,P454120,22,54.0,0.5963055913816497,0,0,0,0,1,0,0,0,0,0,0,0,0,0,1,0,0,0,0,0,1,0,0,0,0,0,1,0,0,0
5,1.0,0.714286029,7.0,P418629,93,22.0,0.6199062332840658,0,0,0,0,1,0,0,0,0,0,0,0,0,0,0,1,0,0,0,1,0,0,0,1,0,0,0,0,0,0
1,0.0,0.25,16.0,P418629,93,22.0,0.3855506948387032,0,0,0,0,0,1,0,0,0,0,0,0,0,0,0,0,0,0,1,0,0,1,0,0,0,1,0,0,0,0
5,1.0,1.0,15.0,P418629,93,22.0,1.0,0,0,0,0,0,1,0,0,0,0,0,0,0,0,0,1,0,0,0,0,0,1,0,0,1,0,0,0,0,0
4,1.0,0.285714,7.0,P418629,93,22.0,0.3800937667159343,0,0,0,0,1,0,0,0,0,0,0,0,0,0,0,1,0,0,0,1,0,0,0,0,0,0,1,0,0,0
3,0.0,0.875,8.0,P418629,93,22.0,0.75,0,0,0,0,1,0,0,0,0,0,0,0,0,0,0,0,0,0,1,1,0,0,0,0,0,0,0,0,0,1
5,1.0,0.833333015,24.0,P418629,93,22.0,0.6541788517000094,0,0,1,0,0,0,0,0,0,0,0,0,0,0,0,0,0,1,0,1,0,0,0,0,0,1,0,0,0,0
5,1.0,0.75,4.0,P418629,93,22.0,0.6666666666666667,0,0,1,0,0,0,0,0,0,0,0,0,0,0,0,0,0,1,0,1,0,0,0,0,0,0,1,0,0,0
4,1.0,1.0,16.0,P418629,93,22.0,1.0,0,0,1,0,0,0,0,0,0,0,0,0,0,0,1,0,0,0,0,1,0,0,0,0,0,0,1,0,0,0
5,1.0,1.0,10.0,P418629,93,22.0,1.0,0,0,0,0,1,0,0,0,0,0,0,0,0,0,0,1,0,0,0,1,0,0,0,0,1,0,0,0,0,0
1,1.0,0.809524,21.0,P418629,93,22.0,0.6423320028298052,0,0,1,0,0,0,0,0,0,0,0,0,0,0,0,1,0,0,0,1,0,0,0,0,0,1,0,0,0,0
1,1.0,0.75,8.0,P418629,93,22.0,0.6391511932854698,0,0,1,0,0,0,0,0,0,0,0,0,0,0,0,1,0,0,0,1,0,0,0,0,0,1,0,0,0,0
5,1.0,0.959999979,25.0,P418629,93,22.0,0.8228161798644421,0,0,1,0,0,0,0,0,0,0,0,0,0,0,0,1,0,0,0,1,0,0,0,0,0,1,0,0,0,0
5,1.0,0.333332986,9.0,P418629,93,22.0,0.4160291953530189,0,0,1,0,0,0,0,0,0,0,0,0,0,0,0,1,0,0,0,1,0,0,0,0,0,1,0,0,0,0
3,0.0,0.75999999,25.0,P474377,98,92.0,0.6062219839800091,0,0,1,0,0,0,0,0,0,0,0,0,0,0,0,1,0,0,0,0,0,1,0,0,0,0,0,0,0,1
2,0.0,0.777778029,9.0,P474377,98,92.0,0.6543128759565946,0,0,0,0,1,0,0,0,0,0,0,0,0,0,1,0,0,0,0,0,0,0,1,0,0,0,1,0,0,0
5,1.0,0.800000012,5.0,P474377,98,92.0,0.6989700043360187,0,0,0,0,1,0,0,0,0,0,0,0,0,0,1,0,0,0,0,0,0,1,0,0,0,1,0,0,0,0
5,1.0,1.0,15.0,P474377,98,92.0,1.0,0,0,1,0,0,0,0,0,0,0,0,0,0,0,0,0,0,1,0,0,1,0,0,0,0,0,1,0,0,0
1,0.0,0.314285994,35.0,P474377,98,92.0,0.4356594349152103,0,0,0,0,1,0,0,0,0,0,0,0,0,0,0,1,0,0,0,1,0,0,0,0,1,0,0,0,0,0
5,1.0,0.846153975,13.0,P474377,98,92.0,0.6934264036172708,0,0,0,0,1,0,0,0,0,0,0,0,0,0,0,1,0,0,0,1,0,0,0,0,1,0,0,0,0,0
3,0.0,0.75,8.0,P474377,98,92.0,0.6391511932854698,0,0,0,1,0,0,0,0,0,0,0,0,0,0,1,0,0,0,0,1,0,0,0,0,0,0,1,0,0,0
4,1.0,0.0,5.0,P474377,98,92.0,0.0,0,0,1,0,0,0,0,0,0,0,0,0,0,0,0,0,0,1,0,0,0,1,0,0,0,1,0,0,0,0
3,0.0,1.0,6.0,P474377,98,92.0,1.0,0,0,0,0,1,0,0,0,0,0,0,0,0,0,0,0,0,0,1,0,0,1,0,1,0,0,0,0,0,0
5,1.0,0.8125,16.0,P474377,98,92.0,0.6556091324118037,0,0,0,0,0,1,0,0,0,0,0,0,0,0,0,1,0,0,0,0,0,0,1,0,1,0,0,0,0,0
2,0.0,0.171428993,35.0,P503191,98,22.0,0.3639182750443421,0,0,0,0,1,0,0,0,0,0,0,0,0,0,0,0,0,0,1,0,0,0,1,0,0,0,0,1,0,0
5,1.0,0.899999976,30.0,P503191,98,22.0,0.7062001286991106,0,0,0,0,0,1,0,0,0,0,0,0,0,0,0,1,0,0,0,0,1,0,0,0,1,0,0,0,0,0
5,1.0,0.942857027,35.0,P503191,98,22.0,0.7624608115505944,0,0,1,0,0,0,0,0,0,0,0,0,0,0,0,0,0,0,1,0,0,1,0,0,0,0,1,0,0,0
5,1.0,0.800000012,5.0,P503191,98,22.0,0.6989700043360187,0,0,0,0,1,0,0,0,0,0,0,0,0,0,1,0,0,0,0,1,0,0,0,0,0,1,0,0,0,0
1,0.0,0.736841977,19.0,P503191,98,22.0,0.6018143876079656,0,0,0,0,1,0,0,0,0,0,0,0,0,0,0,0,0,1,0,0,1,0,0,0,0,0,1,0,0,0
2,0.0,1.0,11.0,P503191,98,22.0,1.0,0,0,1,0,0,0,0,0,0,0,0,0,0,0,0,0,0,0,1,0,1,0,0,0,0,0,1,0,0,0
5,1.0,0.892857015,28.0,P503191,98,22.0,0.701512126945176,0,0,0,0,1,0,0,0,0,0,0,0,0,0,0,0,0,1,0,0,1,0,0,0,0,1,0,0,0,0
5,1.0,0.777778029,9.0,P473820,24,82.0,0.6543128759565946,0,0,0,0,1,0,0,0,0,0,0,0,0,0,1,0,0,0,0,0,1,0,0,0,0,1,0,0,0,0
4,1.0,0.666666985,6.0,P473820,24,82.0,0.5943161289177871,0,0,0,0,0,0,0,0,0,0,0,1,0,0,0,1,0,0,0,1,0,0,0,0,1,0,0,0,0,0
5,1.0,0.666666985,6.0,P473820,24,82.0,0.5943161289177871,0,0,1,0,0,0,0,0,0,0,0,0,0,0,1,0,0,0,0,1,0,0,0,0,0,0,1,0,0,0
5,1.0,1.0,5.0,P384780,44,56.0,1.0,0,0,1,0,0,0,0,0,0,0,0,0,0,0,1,0,0,0,0,0,0,0,1,0,0,0,1,0,0,0
3,0.0,1.0,11.0,P384780,44,56.0,1.0,0,0,0,0,0,0,1,0,0,0,0,0,0,0,0,1,0,0,0,0,1,0,0,0,1,0,0,0,0,0
5,1.0,0.615384996,13.0,P384780,44,56.0,0.5508231047523734,0,0,0,0,1,0,0,0,0,0,0,0,0,0,1,0,0,0,0,0,1,0,0,0,0,1,0,0,0,0
1,1.0,0.600000024,5.0,P384780,44,56.0,0.5578858913022596,0,0,0,0,1,0,0,0,0,0,0,0,0,0,1,0,0,0,0,1,0,0,0,0,0,0,1,0,0,0
5,1.0,1.0,6.0,P384780,44,56.0,1.0,0,0,0,0,1,0,0,0,0,0,0,0,0,0,1,0,0,0,0,1,0,0,0,0,0,0,1,0,0,0
5,1.0,1.0,5.0,P384780,44,56.0,1.0,0,0,0,0,1,0,0,0,0,0,0,0,0,0,1,0,0,0,0,1,0,0,0,0,0,0,1,0,0,0
2,1.0,0.400000006,5.0,P384780,44,56.0,0.4421141086977403,0,0,0,0,1,0,0,0,0,0,0,0,0,0,1,0,0,0,0,1,0,0,0,0,0,0,1,0,0,0
5,1.0,1.0,24.0,P384780,44,56.0,1.0,0,0,0,0,1,0,0,0,0,0,0,0,0,0,1,0,0,0,0,0,1,0,0,0,0,0,1,0,0,0
1,1.0,0.177778006,45.0,P384780,44,56.0,0.3765716963841675,0,0,0,0,1,0,0,0,0,0,0,0,0,0,1,0,0,0,0,0,1,0,0,0,0,0,1,0,0,0
5,1.0,1.0,4.0,P384780,44,56.0,1.0,0,0,0,0,1,0,0,0,0,0,0,0,0,0,1,0,0,0,0,0,0,1,0,0,0,0,1,0,0,0
3,1.0,0.833333015,6.0,P384780,44,56.0,0.7210570543488701,0,0,0,0,1,0,0,0,0,0,0,0,0,0,1,0,0,0,0,1,0,0,0,0,0,0,1,0,0,0
5,1.0,1.0,4.0,P384780,44,56.0,1.0,0,0,0,0,1,0,0,0,0,0,0,0,0,0,1,0,0,0,0,1,0,0,0,0,0,0,1,0,0,0
5,1.0,1.0,6.0,P423259,19,52.0,1.0,0,0,0,0,0,1,0,0,0,0,0,0,0,0,0,0,0,1,0,0,0,1,0,0,0,0,1,0,0,0
5,1.0,1.0,22.0,P423259,19,52.0,1.0,0,0,0,0,1,0,0,0,0,0,0,0,0,0,0,1,0,0,0,1,0,0,0,0,0,0,1,0,0,0
5,1.0,0.875,8.0,P423259,19,52.0,0.75,0,0,0,0,0,1,0,0,0,0,0,0,0,0,0,1,0,0,0,1,0,0,0,0,0,0,1,0,0,0
1,0.0,0.400000006,15.0,P423259,19,52.0,0.4580233796182054,0,0,0,0,0,1,0,0,0,0,0,0,0,0,0,1,0,0,0,1,0,0,0,0,0,0,1,0,0,0
5,1.0,0.875,16.0,P423259,19,52.0,0.7113975059201018,0,0,1,0,0,0,0,0,0,0,0,0,0,0,1,0,0,0,0,0,1,0,0,0,0,1,0,0,0,0
5,1.0,0.714286029,7.0,P385432,7,32.0,0.6199062332840658,0,0,0,0,1,0,0,0,0,0,0,0,0,0,0,1,0,0,0,1,0,0,0,0,1,0,0,0,0,0
5,1.0,0.800000012,5.0,P385432,7,32.0,0.6989700043360187,0,0,0,0,0,1,0,0,0,0,0,0,0,0,0,1,0,0,0,0,1,0,0,0,1,0,0,0,0,0
5,1.0,1.0,25.0,P385432,7,32.0,1.0,0,0,0,0,0,1,0,0,0,0,0,0,0,0,0,0,0,1,0,0,0,1,0,0,0,0,1,0,0,0
5,1.0,1.0,8.0,P385432,7,32.0,1.0,0,0,0,0,0,1,0,0,0,0,0,0,0,0,1,0,0,0,0,1,0,0,0,0,0,1,0,0,0,0
1,0.0,0.800000012,5.0,P385432,7,32.0,0.6989700043360187,0,0,0,0,0,1,0,0,0,0,0,0,0,0,0,1,0,0,0,0,1,0,0,0,1,0,0,0,0,0
5,1.0,0.916666985,12.0,P385432,7,32.0,0.7818957080144684,0,0,0,0,0,1,0,0,0,0,0,0,0,0,0,1,0,0,0,1,0,0,0,0,0,0,1,0,0,0
1,1.0,0.333332986,12.0,P385432,7,32.0,0.4227950118402033,0,0,0,0,0,1,0,0,0,0,0,0,0,0,0,1,0,0,0,1,0,0,0,0,0,0,1,0,0,0
5,1.0,0.836066008,61.0,P385432,7,32.0,0.622327487860325,0,0,0,0,0,1,0,0,0,0,0,0,0,0,0,1,0,0,0,1,0,0,0,0,0,0,1,0,0,0
5,1.0,0.875,8.0,P433444,68,37.0,0.75,0,0,1,0,0,0,0,0,0,0,0,0,0,0,0,0,0,1,0,1,0,0,0,0,0,0,1,0,0,0
5,1.0,1.0,11.0,P433444,68,37.0,1.0,0,0,0,0,1,0,0,0,0,0,0,0,0,0,1,0,0,0,0,1,0,0,0,0,0,1,0,0,0,0
5,1.0,1.0,6.0,P433444,68,37.0,1.0,0,0,0,0,0,0,0,0,0,0,0,0,1,0,0,1,0,0,0,0,1,0,0,0,0,0,1,0,0,0
5,1.0,0.857142985,7.0,P431181,41,32.0,0.7373504649628064,0,0,1,0,0,0,0,0,0,0,0,0,0,0,0,1,0,0,0,1,0,0,0,1,0,0,0,0,0,0
3,1.0,1.0,22.0,P431181,41,32.0,1.0,0,0,0,0,1,0,0,0,0,0,0,0,0,0,0,0,0,1,0,1,0,0,0,0,0,0,1,0,0,0
4,1.0,0.666666985,6.0,P431181,41,32.0,0.5943161289177871,0,0,0,1,0,0,0,0,0,0,0,0,0,0,1,0,0,0,0,0,1,0,0,0,0,1,0,0,0,0
1,0.0,0.75,4.0,P431181,41,32.0,0.6666666666666667,0,0,0,0,1,0,0,0,0,0,0,0,0,0,0,0,0,1,0,0,0,1,0,0,0,1,0,0,0,0
5,1.0,1.0,4.0,P431181,41,32.0,1.0,0,0,1,0,0,0,0,0,0,0,0,0,0,0,0,0,0,1,0,0,0,0,1,0,0,0,1,0,0,0
3,0.0,1.0,9.0,P431181,41,32.0,1.0,0,0,0,1,0,0,0,0,0,0,0,0,0,0,0,1,0,0,0,0,0,0,1,0,0,0,1,0,0,0
5,1.0,1.0,5.0,P431181,41,32.0,1.0,0,0,0,0,1,0,0,0,0,0,0,0,0,0,1,0,0,0,0,0,0,1,0,0,1,0,0,0,0,0
4,1.0,0.571429014,7.0,P431181,41,32.0,0.5372435736804816,0,0,0,0,1,0,0,0,0,0,0,0,0,0,0,1,0,0,0,0,0,1,0,0,0,0,1,0,0,0
5,1.0,0.800000012,5.0,P431181,41,32.0,0.6989700043360187,0,0,0,0,1,0,0,0,0,0,0,0,0,0,0,1,0,0,0,0,0,0,1,0,0,1,0,0,0,0
3,1.0,0.680000007,25.0,P431181,41,32.0,0.5681212831057167,0,0,1,0,0,0,0,0,0,0,0,0,0,0,1,0,0,0,0,1,0,0,0,0,0,1,0,0,0,0
4,1.0,0.938776016,49.0,P431181,41,32.0,0.7352602452275264,0,0,0,0,0,1,0,0,0,0,0,0,0,0,0,0,0,1,0,1,0,0,0,0,1,0,0,0,0,0
5,1.0,0.727272987,11.0,P431181,41,32.0,0.6131471927654585,0,0,0,0,1,0,0,0,0,0,0,0,0,0,0,0,0,0,1,0,0,1,0,0,0,0,1,0,0,0
1,0.0,1.0,6.0,P431181,41,32.0,1.0,0,0,1,0,0,0,0,0,0,0,0,0,0,0,0,1,0,0,0,1,0,0,0,0,0,1,0,0,0,0
1,0.0,0.571429014,7.0,P431181,41,32.0,0.5372435736804816,0,0,1,0,0,0,0,0,0,0,0,0,0,0,0,1,0,0,0,1,0,0,0,0,0,0,1,0,0,0
4,1.0,0.846153975,13.0,P431181,41,32.0,0.6934264036172708,0,0,1,0,0,0,0,0,0,0,0,0,0,0,0,0,0,1,0,1,0,0,0,0,0,0,0,0,0,1
1,0.0,0.734375,113.72000000000116,P431181,41,32.0,0.5615674639615619,0,0,0,0,1,0,0,0,0,0,0,0,0,0,1,0,0,0,0,0,0,0,1,0,0,1,0,0,0,0
5,1.0,0.895833015,96.0,P431181,41,32.0,0.6506462764093283,0,0,0,0,0,1,0,0,0,0,0,0,0,0,0,0,0,1,0,1,0,0,0,0,0,1,0,0,0,0
5,1.0,0.86956501,23.0,P431181,41,32.0,0.687124423315857,0,0,0,0,1,0,0,0,0,0,0,0,0,0,0,1,0,0,0,1,0,0,0,0,0,0,1,0,0,0
2,0.0,0.5,4.0,P426707,29,36.0,0.5,0,0,0,0,1,0,0,0,0,0,0,0,0,0,0,1,0,0,0,1,0,0,0,0,0,0,1,0,0,0
3,0.0,0.857142985,7.0,P426707,29,36.0,0.7373504649628064,0,0,1,0,0,0,0,0,0,0,0,0,0,0,0,0,0,1,0,0,0,0,1,0,0,0,1,0,0,0
5,1.0,1.0,4.0,P426707,29,36.0,1.0,0,0,0,0,1,0,0,0,0,0,0,0,0,0,0,1,0,0,0,1,0,0,0,0,0,0,1,0,0,0
2,0.0,0.0,11.0,P426707,29,36.0,0.0,0,0,0,0,0,0,1,0,0,0,0,0,0,0,0,1,0,0,0,1,0,0,0,0,1,0,0,0,0,0
4,1.0,1.0,6.0,P426707,29,36.0,1.0,0,0,0,0,0,1,0,0,0,0,0,0,0,0,0,1,0,0,0,1,0,0,0,0,1,0,0,0,0,0
1,0.0,0.384615004,13.0,P426707,29,36.0,0.4491768952476266,0,0,0,0,0,1,0,0,0,0,0,0,0,0,0,0,0,0,1,0,1,0,0,0,1,0,0,0,0,0
5,1.0,1.0,6.0,P426707,29,36.0,1.0,0,0,0,1,0,0,0,0,0,0,0,0,0,0,0,0,0,1,0,0,0,0,1,0,0,1,0,0,0,0
1,0.0,0.217390999,23.0,P426707,29,36.0,0.3783117385707172,0,0,0,0,0,0,1,0,0,0,0,0,0,0,0,1,0,0,0,0,0,0,1,0,1,0,0,0,0,0
5,1.0,0.800000012,5.0,P426707,29,36.0,0.6989700043360187,0,0,1,0,0,0,0,0,0,0,0,0,0,0,0,1,0,0,0,0,0,0,1,0,1,0,0,0,0,0
5,1.0,0.75,4.0,P426707,29,36.0,0.6666666666666667,0,0,0,0,0,0,0,1,0,0,0,0,0,0,0,1,0,0,0,0,0,1,0,0,0,0,1,0,0,0
5,1.0,0.931034982,29.0,P426707,29,36.0,0.7520519717820634,0,0,1,0,0,0,0,0,0,0,0,0,0,0,0,0,0,1,0,0,1,0,0,0,0,0,1,0,0,0
2,0.0,0.461537987,13.0,P12295,111,64.0,0.4834136986177055,0,0,0,0,0,0,0,1,0,0,0,0,0,0,0,1,0,0,0,1,0,0,0,0,1,0,0,0,0,0
5,1.0,1.0,11.0,P12295,111,64.0,1.0,0,0,0,0,1,0,0,0,0,0,0,0,0,0,0,1,0,0,0,1,0,0,0,0,0,0,1,0,0,0
5,1.0,0.833333015,6.0,P12295,111,64.0,0.7210570543488701,0,0,1,0,0,0,0,0,0,0,0,0,0,0,0,1,0,0,0,1,0,0,0,0,0,0,1,0,0,0
1,0.0,0.647059023,34.0,P419223,22,60.0,0.5500439001914589,0,0,0,0,0,1,0,0,0,0,0,0,0,0,0,1,0,0,0,0,1,0,0,0,0,0,1,0,0,0
5,1.0,0.899999976,10.0,P419223,22,60.0,0.7686217868402409,0,0,0,0,1,0,0,0,0,0,0,0,0,0,0,0,0,0,1,1,0,0,0,0,0,0,1,0,0,0
3,0.0,0.899999976,20.0,P419223,22,60.0,0.7282714920267325,0,0,0,0,1,0,0,0,0,0,0,0,0,0,0,1,0,0,0,0,0,0,1,0,0,0,1,0,0,0
5,1.0,0.833333015,12.0,P419223,22,60.0,0.6857972507265685,0,0,1,0,0,0,0,0,0,0,0,0,0,0,0,1,0,0,0,1,0,0,0,0,0,1,0,0,0,0
1,0.0,0.0,5.0,P419223,22,60.0,0.0,0,0,1,0,0,0,0,0,0,0,0,0,0,0,1,0,0,0,0,0,0,0,1,0,0,0,0,1,0,0
1,0.0,1.0,15.0,P419223,22,60.0,1.0,0,0,0,0,1,0,0,0,0,0,0,0,0,0,0,1,0,0,0,1,0,0,0,0,0,0,1,0,0,0
5,1.0,0.833333015,6.0,P419223,22,60.0,0.7210570543488701,0,0,1,0,0,0,0,0,0,0,0,0,0,0,0,0,0,1,0,0,0,1,0,0,0,0,0,0,0,1
1,0.0,0.777778029,9.0,P419223,22,60.0,0.6543128759565946,0,0,0,0,0,1,0,0,0,0,0,0,0,0,0,1,0,0,0,1,0,0,0,0,0,0,1,0,0,0
1,0.0,0.75,4.0,P419223,22,60.0,0.6666666666666667,0,0,0,0,1,0,0,0,0,0,0,0,0,0,0,1,0,0,0,1,0,0,0,0,1,0,0,0,0,0
5,1.0,0.800000012,5.0,P419223,22,60.0,0.6989700043360187,0,0,1,0,0,0,0,0,0,0,0,0,0,0,0,1,0,0,0,1,0,0,0,0,0,0,1,0,0,0
5,1.0,0.857142985,7.0,P419223,22,60.0,0.7373504649628064,0,0,1,0,0,0,0,0,0,0,0,0,0,0,0,1,0,0,0,1,0,0,0,0,0,0,1,0,0,0
4,1.0,0.769231021,13.0,P419223,22,60.0,0.6336614981727328,0,0,1,0,0,0,0,0,0,0,0,0,0,0,0,1,0,0,0,1,0,0,0,0,0,0,1,0,0,0
1,0.0,0.75,8.0,P454378,111,54.0,0.6391511932854698,0,0,0,0,1,0,0,0,0,0,0,0,0,0,0,1,0,0,0,0,1,0,0,0,0,0,1,0,0,0
5,1.0,0.800000012,5.0,P454378,111,54.0,0.6989700043360187,0,0,0,0,0,1,0,0,0,0,0,0,0,0,0,1,0,0,0,0,0,0,1,0,0,0,1,0,0,0
5,1.0,1.0,15.0,P454378,111,54.0,1.0,0,0,0,0,0,1,0,0,0,0,0,0,0,0,0,0,0,1,0,0,0,0,1,0,0,0,1,0,0,0
4,1.0,1.0,5.0,P454378,111,54.0,1.0,0,0,0,0,0,0,0,1,0,0,0,0,0,0,0,0,0,1,0,1,0,0,0,0,0,0,1,0,0,0
4,1.0,0.088235296,34.0,P454378,111,54.0,0.2857142857142857,0,0,0,0,0,0,1,0,0,0,0,0,0,0,0,1,0,0,0,0,0,1,0,0,0,0,1,0,0,0
4,1.0,0.833333015,6.0,P436359,34,34.0,0.7210570543488701,0,0,1,0,0,0,0,0,0,0,0,0,0,0,0,0,0,1,0,0,0,0,1,0,0,1,0,0,0,0
2,0.0,0.285714,7.0,P436359,34,34.0,0.3800937667159343,0,0,1,0,0,0,0,0,0,0,0,0,0,0,0,0,0,1,0,1,0,0,0,0,0,0,1,0,0,0
5,1.0,0.857142985,7.0,P436359,34,34.0,0.7373504649628064,0,0,0,0,0,0,1,0,0,0,0,0,0,0,0,1,0,0,0,0,0,1,0,0,0,0,1,0,0,0
1,0.0,0.333332986,6.0,P436359,34,34.0,0.4056838710822129,0,0,0,0,0,1,0,0,0,0,0,0,0,0,0,0,0,0,1,1,0,0,0,0,0,0,1,0,0,0
4,0.0,1.0,4.0,P436359,34,34.0,1.0,0,0,0,0,1,0,0,0,0,0,0,0,0,0,0,1,0,0,0,1,0,0,0,0,0,0,1,0,0,0
2,0.0,0.888889015,9.0,P436359,34,34.0,0.7601875334318686,0,0,0,0,0,0,0,1,0,0,0,0,0,0,0,1,0,0,0,1,0,0,0,0,0,0,1,0,0,0
2,0.0,0.899999976,10.0,P436359,34,34.0,0.7686217868402409,0,0,0,1,0,0,0,0,0,0,0,0,0,0,1,0,0,0,0,0,1,0,0,0,0,0,1,0,0,0
3,0.0,0.400000006,5.0,P436359,34,34.0,0.4421141086977403,0,0,0,0,1,0,0,0,0,0,0,0,0,0,0,1,0,0,0,0,0,0,1,1,0,0,0,0,0,0
5,1.0,1.0,4.0,P436359,34,34.0,1.0,0,0,0,0,0,0,1,0,0,0,0,0,0,0,0,0,0,0,1,1,0,0,0,0,0,0,1,0,0,0
3,0.0,0.75,4.0,P436359,34,34.0,0.6666666666666667,0,0,1,0,0,0,0,0,0,0,0,0,0,0,1,0,0,0,0,1,0,0,0,0,0,1,0,0,0,0
2,0.0,0.879999995,25.0,P436359,34,34.0,0.6934190226946438,0,0,0,0,0,0,0,1,0,0,0,0,0,0,0,1,0,0,0,0,1,0,0,0,0,0,1,0,0,0
5,1.0,0.875,24.0,P436359,34,34.0,0.6903752345284636,0,0,0,0,1,0,0,0,0,0,0,0,0,0,0,1,0,0,0,1,0,0,0,0,0,0,1,0,0,0
3,1.0,0.916666985,24.0,P436359,34,34.0,0.740532674963355,0,0,1,0,0,0,0,0,0,0,0,0,0,0,0,1,0,0,0,1,0,0,0,0,0,0,1,0,0,0
4,0.0,1.0,9.0,P430146,107,48.0,1.0,0,0,0,1,0,0,0,0,0,0,0,0,0,0,1,0,0,0,0,0,0,0,1,0,0,1,0,0,0,0
5,1.0,1.0,4.0,P430146,107,48.0,1.0,0,0,0,1,0,0,0,0,0,0,0,0,0,0,0,0,0,1,0,0,0,1,0,0,0,0,1,0,0,0
5,1.0,0.975610018,41.0,P430146,107,48.0,0.8427067526504531,0,0,0,0,1,0,0,0,0,0,0,0,0,0,1,0,0,0,0,1,0,0,0,0,0,0,1,0,0,0
5,1.0,0.944444001,18.0,P430146,107,48.0,0.8065735963827292,0,0,0,0,1,0,0,0,0,0,0,0,0,0,0,1,0,0,0,0,1,0,0,0,0,0,1,0,0,0
2,0.0,0.400000006,5.0,P430146,107,48.0,0.4421141086977403,0,0,0,0,1,0,0,0,0,0,0,0,0,0,0,1,0,0,0,0,1,0,0,0,0,0,1,0,0,0
4,1.0,0.75,4.0,P430146,107,48.0,0.6666666666666667,0,0,0,0,0,1,0,0,0,0,0,0,0,0,0,1,0,0,0,1,0,0,0,0,0,0,1,0,0,0
5,1.0,1.0,4.0,P430146,107,48.0,1.0,0,0,0,0,1,0,0,0,0,0,0,0,0,0,0,1,0,0,0,1,0,0,0,0,0,0,1,0,0,0
4,1.0,1.0,8.0,P430146,107,48.0,1.0,0,0,1,0,0,0,0,0,0,0,0,0,0,0,0,1,0,0,0,1,0,0,0,0,0,0,1,0,0,0
5,1.0,0.93333298,15.0,P430146,107,48.0,0.7962049529094938,0,0,1,0,0,0,0,0,0,0,0,0,0,0,0,1,0,0,0,0,1,0,0,0,0,0,1,0,0,0
5,1.0,0.875,32.0,P430146,107,48.0,0.6766075912971578,0,0,0,0,0,0,0,1,0,0,0,0,0,0,0,1,0,0,0,0,1,0,0,0,1,0,0,0,0,0
4,1.0,0.949999988,20.0,P430146,107,48.0,0.8120981752908923,0,0,0,0,1,0,0,0,0,0,0,0,0,0,0,0,0,1,0,0,1,0,0,0,0,1,0,0,0,0
4,1.0,0.888889015,9.0,P430146,107,48.0,0.7601875334318686,0,0,1,0,0,0,0,0,0,0,0,0,0,0,0,1,0,0,0,1,0,0,0,0,0,0,0,0,0,1
5,1.0,1.0,5.0,P384539,29,24.0,1.0,0,0,0,0,0,0,1,0,0,0,0,0,0,0,0,1,0,0,0,0,0,0,1,0,1,0,0,0,0,0
5,1.0,1.0,8.0,P384539,29,24.0,1.0,0,0,1,0,0,0,0,0,0,0,0,0,0,0,1,0,0,0,0,1,0,0,0,0,0,0,1,0,0,0
5,1.0,1.0,5.0,P384539,29,24.0,1.0,0,0,1,0,0,0,0,0,0,0,0,0,0,0,1,0,0,0,0,0,0,0,1,0,0,0,1,0,0,0
4,1.0,1.0,7.0,P454383,94,34.0,1.0,0,0,0,0,1,0,0,0,0,0,0,0,0,0,0,1,0,0,0,0,1,0,0,0,1,0,0,0,0,0
5,1.0,1.0,13.0,P454383,94,34.0,1.0,0,0,0,0,0,1,0,0,0,0,0,0,0,0,0,0,0,0,1,0,1,0,0,0,0,0,1,0,0,0
3,0.0,1.0,7.0,P454383,94,34.0,1.0,0,0,0,0,0,0,1,0,0,0,0,0,0,0,0,1,0,0,0,0,1,0,0,0,1,0,0,0,0,0
4,1.0,0.75,4.0,P454383,94,34.0,0.6666666666666667,0,0,0,0,1,0,0,0,0,0,0,0,0,0,0,0,0,0,1,1,0,0,0,0,0,0,1,0,0,0
1,0.0,1.0,5.0,P454383,94,34.0,1.0,0,0,0,0,0,1,0,0,0,0,0,0,0,0,0,1,0,0,0,1,0,0,0,0,0,0,1,0,0,0
1,0.0,0.25,4.0,P454383,94,34.0,0.3333333333333333,0,0,0,0,1,0,0,0,0,0,0,0,0,0,0,1,0,0,0,0,1,0,0,0,0,1,0,0,0,0
5,1.0,1.0,12.0,P454383,94,34.0,1.0,0,0,0,0,1,0,0,0,0,0,0,0,0,0,0,0,0,0,1,1,0,0,0,0,0,1,0,0,0,0
1,0.0,0.230768993,13.0,P454383,94,34.0,0.3663385018272672,0,0,0,1,0,0,0,0,0,0,0,0,0,0,0,1,0,0,0,1,0,0,0,0,0,0,1,0,0,0
5,1.0,0.571429014,7.0,P454383,94,34.0,0.5372435736804816,0,0,0,1,0,0,0,0,0,0,0,0,0,0,0,1,0,0,0,0,1,0,0,0,1,0,0,0,0,0
4,1.0,0.952381015,21.0,P454383,94,34.0,0.814550976584631,0,0,0,0,0,1,0,0,0,0,0,0,0,0,0,1,0,0,0,1,0,0,0,0,1,0,0,0,0,0
4,1.0,0.899999976,10.0,P454383,94,34.0,0.7686217868402409,0,0,0,0,1,0,0,0,0,0,0,0,0,0,0,1,0,0,0,1,0,0,0,0,0,0,1,0,0,0
5,1.0,0.800000012,5.0,P454383,94,34.0,0.6989700043360187,0,0,0,0,1,0,0,0,0,0,0,0,0,0,0,1,0,0,0,0,0,0,1,0,0,0,1,0,0,0
5,1.0,0.833333015,6.0,P454383,94,34.0,0.7210570543488701,0,0,0,0,1,0,0,0,0,0,0,0,0,0,0,1,0,0,0,1,0,0,0,0,0,0,1,0,0,0
5,1.0,0.727272987,113.72000000000116,P454383,94,34.0,0.5569109792161445,0,0,0,0,1,0,0,0,0,0,0,0,0,0,0,1,0,0,0,0,1,0,0,0,0,0,1,0,0,0
5,1.0,0.181817994,11.0,P454384,94,22.0,0.3230075074711545,0,0,0,0,1,0,0,0,0,0,0,0,0,0,1,0,0,0,0,1,0,0,0,0,0,0,1,0,0,0
1,0.0,1.0,4.0,P454384,94,22.0,1.0,0,0,0,1,0,0,0,0,0,0,0,0,0,0,0,1,0,0,0,1,0,0,0,0,0,0,1,0,0,0
5,1.0,1.0,5.0,P454384,94,22.0,1.0,0,0,0,0,1,0,0,0,0,0,0,0,0,0,0,0,0,1,0,0,0,1,0,0,0,0,1,0,0,0
3,0.0,0.800000012,20.0,P454384,94,22.0,0.6377303057306478,0,0,0,0,0,0,0,0,0,0,0,0,1,0,0,1,0,0,0,0,0,0,1,0,0,0,1,0,0,0
4,1.0,1.0,9.0,P454384,94,22.0,1.0,0,0,0,0,1,0,0,0,0,0,0,0,0,0,1,0,0,0,0,1,0,0,0,0,0,0,0,0,1,0
2,0.0,0.846153975,13.0,P454384,94,22.0,0.6934264036172708,0,0,0,0,1,0,0,0,0,0,0,0,0,0,1,0,0,0,0,0,0,0,1,0,0,0,1,0,0,0
4,1.0,1.0,4.0,P454384,94,22.0,1.0,0,0,1,0,0,0,0,0,0,0,0,0,0,0,0,0,0,0,1,0,0,1,0,1,0,0,0,0,0,0
5,1.0,1.0,15.0,P454384,94,22.0,1.0,0,0,0,0,0,1,0,0,0,0,0,0,0,0,0,1,0,0,0,0,0,1,0,0,1,0,0,0,0,0
5,1.0,1.0,4.0,P454384,94,22.0,1.0,0,0,0,0,0,0,0,1,0,0,0,0,0,0,0,1,0,0,0,1,0,0,0,0,1,0,0,0,0,0
4,0.0,1.0,4.0,P454384,94,22.0,1.0,0,0,0,0,1,0,0,0,0,0,0,0,0,0,0,1,0,0,0,1,0,0,0,0,0,0,1,0,0,0
5,1.0,0.857142985,7.0,P454384,94,22.0,0.7373504649628064,0,1,0,0,0,0,0,0,0,0,0,0,0,0,0,1,0,0,0,0,0,0,1,0,1,0,0,0,0,0
5,1.0,0.86956501,23.0,P454384,94,22.0,0.687124423315857,0,0,0,0,1,0,0,0,0,0,0,0,0,0,0,1,0,0,0,1,0,0,0,0,0,0,1,0,0,0
5,1.0,0.909090996,11.0,P454384,94,22.0,0.7757561757824245,0,0,0,0,1,0,0,0,0,0,0,0,0,0,0,1,0,0,0,1,0,0,0,0,0,0,1,0,0,0
5,1.0,0.916666985,24.0,P454384,94,22.0,0.740532674963355,0,0,0,0,1,0,0,0,0,0,0,0,0,0,0,1,0,0,0,0,1,0,0,0,0,0,1,0,0,0
5,1.0,1.0,7.0,P481831,89,42.0,1.0,0,0,1,0,0,0,0,0,0,0,0,0,0,0,1,0,0,0,0,1,0,0,0,0,0,1,0,0,0,0
1,0.0,0.666666985,9.0,P449175,110,30.0,0.583970804646981,0,0,0,0,0,0,0,1,0,0,0,0,0,0,0,1,0,0,0,1,0,0,0,0,1,0,0,0,0,0
4,1.0,1.0,10.0,P449175,110,30.0,1.0,0,0,0,0,0,0,0,0,0,0,0,0,1,0,0,1,0,0,0,0,1,0,0,0,1,0,0,0,0,0
1,0.0,0.743589997,39.0,P449175,110,30.0,0.5865050938694752,0,0,1,0,0,0,0,0,0,0,0,0,0,0,0,1,0,0,0,0,1,0,0,0,0,0,1,0,0,0
3,0.0,0.611110985,18.0,P449175,110,30.0,0.5444165400074104,0,0,0,0,0,0,0,1,0,0,0,0,0,0,0,0,0,0,1,0,0,1,0,0,0,0,1,0,0,0
4,1.0,0.333332986,6.0,P449175,110,30.0,0.4056838710822129,0,0,0,0,1,0,0,0,0,0,0,0,0,0,0,1,0,0,0,0,1,0,0,0,0,1,0,0,0,0
5,1.0,1.0,5.0,P455236,34,22.0,1.0,0,0,0,0,0,0,1,0,0,0,0,0,0,0,0,1,0,0,0,0,0,1,0,0,1,0,0,0,0,0
1,0.0,0.375,8.0,P455236,34,22.0,0.4362085839710631,0,0,1,0,0,0,0,0,0,0,0,0,0,0,0,1,0,0,0,0,0,1,0,0,0,0,1,0,0,0
3,0.0,0.25,4.0,P470041,54,65.0,0.3333333333333333,0,0,1,0,0,0,0,0,0,0,0,0,0,0,0,1,0,0,0,1,0,0,0,0,1,0,0,0,0,0
3,0.0,0.800000012,5.0,P470041,54,65.0,0.6989700043360187,0,0,0,1,0,0,0,0,0,0,0,0,0,0,1,0,0,0,0,1,0,0,0,0,0,0,0,0,0,1
5,1.0,1.0,5.0,P470041,54,65.0,1.0,0,0,1,0,0,0,0,0,0,0,0,0,0,0,1,0,0,0,0,1,0,0,0,0,0,1,0,0,0,0
4,1.0,0.899999976,10.0,P470041,54,65.0,0.7686217868402409,0,0,0,0,1,0,0,0,0,0,0,0,0,0,0,1,0,0,0,0,1,0,0,0,0,0,1,0,0,0
1,0.0,0.571429014,14.0,P470041,54,65.0,0.5303290195561405,0,0,0,0,0,1,0,0,0,0,0,0,0,0,0,1,0,0,0,0,1,0,0,0,0,0,1,0,0,0
5,1.0,0.75,4.0,P470041,54,65.0,0.6666666666666667,0,0,1,0,0,0,0,0,0,0,0,0,0,0,0,0,0,1,0,0,1,0,0,1,0,0,0,0,0,0
5,1.0,0.846153975,13.0,P470041,54,65.0,0.6934264036172708,0,0,0,0,0,1,0,0,0,0,0,0,0,0,0,0,0,1,0,0,0,0,1,0,0,0,1,0,0,0
2,0.0,1.0,6.0,P456566,66,71.0,1.0,0,0,0,0,1,0,0,0,0,0,0,0,0,0,0,0,0,0,1,1,0,0,0,0,0,0,1,0,0,0
5,1.0,1.0,8.0,P456566,66,71.0,1.0,0,0,1,0,0,0,0,0,0,0,0,0,0,0,0,0,0,0,1,1,0,0,0,0,0,0,1,0,0,0
5,1.0,0.625,8.0,P456566,66,71.0,0.5637914160289369,0,0,0,0,0,1,0,0,0,0,0,0,0,0,0,1,0,0,0,1,0,0,0,0,1,0,0,0,0,0
5,1.0,1.0,5.0,P456566,66,71.0,1.0,0,0,0,0,0,0,1,0,0,0,0,0,0,0,0,1,0,0,0,1,0,0,0,0,1,0,0,0,0,0
5,1.0,1.0,6.0,P456566,66,71.0,1.0,0,0,0,0,0,1,0,0,0,0,0,0,0,0,0,1,0,0,0,0,1,0,0,0,0,0,1,0,0,0
3,0.0,0.78787899,33.0,P456566,66,71.0,0.6131471927654584,0,0,0,0,0,0,0,1,0,0,0,0,0,0,0,1,0,0,0,1,0,0,0,0,0,1,0,0,0,0
5,1.0,1.0,6.0,P456566,66,71.0,1.0,0,0,0,0,1,0,0,0,0,0,0,0,0,0,0,0,0,0,1,1,0,0,0,0,0,0,1,0,0,0
5,1.0,1.0,5.0,P456566,66,71.0,1.0,0,0,0,0,1,0,0,0,0,0,0,0,0,0,1,0,0,0,0,1,0,0,0,0,0,0,1,0,0,0
4,1.0,0.833333015,6.0,P456566,66,71.0,0.7210570543488701,0,0,0,0,0,1,0,0,0,0,0,0,0,0,0,1,0,0,0,0,0,1,0,0,0,0,1,0,0,0
5,1.0,0.800000012,5.0,P456566,66,71.0,0.6989700043360187,0,0,0,0,1,0,0,0,0,0,0,0,0,0,0,1,0,0,0,1,0,0,0,0,0,0,1,0,0,0
5,1.0,1.0,7.0,P456566,66,71.0,1.0,0,0,0,0,0,0,0,1,0,0,0,0,0,0,0,1,0,0,0,0,0,0,1,0,1,0,0,0,0,0
5,1.0,1.0,7.0,P456566,66,71.0,1.0,0,0,0,0,1,0,0,0,0,0,0,0,0,0,0,0,0,1,0,1,0,0,0,1,0,0,0,0,0,0
3,0.0,0.529411972,17.0,P456566,66,71.0,0.5117072191244583,0,0,1,0,0,0,0,0,0,0,0,0,0,0,0,1,0,0,0,1,0,0,0,0,0,1,0,0,0,0
3,0.0,1.0,4.0,P456566,66,71.0,1.0,0,0,0,0,0,0,1,0,0,0,0,0,0,0,0,1,0,0,0,0,0,1,0,0,0,0,1,0,0,0
5,1.0,0.800000012,5.0,P456566,66,71.0,0.6989700043360187,0,0,0,0,0,1,0,0,0,0,0,0,0,0,1,0,0,0,0,0,0,1,0,0,0,0,1,0,0,0
4,1.0,0.5,4.0,P456566,66,71.0,0.5,0,0,0,1,0,0,0,0,0,0,0,0,0,0,0,1,0,0,0,0,1,0,0,0,0,0,0,0,0,1
3,0.0,0.600000024,5.0,P456566,66,71.0,0.5578858913022596,0,0,0,0,0,0,0,1,0,0,0,0,0,0,0,1,0,0,0,0,0,1,0,0,0,0,1,0,0,0
4,1.0,1.0,4.0,P456566,66,71.0,1.0,0,0,0,0,1,0,0,0,0,0,0,0,0,0,0,1,0,0,0,0,1,0,0,0,0,0,1,0,0,0
2,0.0,0.321678013,113.72000000000116,P456566,66,71.0,0.4564428066506381,0,0,0,0,1,0,0,0,0,0,0,0,0,0,1,0,0,0,0,1,0,0,0,0,0,1,0,0,0,0
1,0.0,0.75,4.0,P454838,48,55.0,0.6666666666666667,0,0,1,0,0,0,0,0,0,0,0,0,0,0,1,0,0,0,0,1,0,0,0,0,0,0,1,0,0,0
1,0.0,0.949999988,20.0,P454838,48,55.0,0.8120981752908923,0,1,0,0,0,0,0,0,0,0,0,0,0,0,0,1,0,0,0,1,0,0,0,0,1,0,0,0,0,0
5,1.0,0.400000006,5.0,P454838,48,55.0,0.4421141086977403,0,0,0,0,0,0,1,0,0,0,0,0,0,0,1,0,0,0,0,1,0,0,0,0,0,0,1,0,0,0
5,1.0,0.857142985,7.0,P454838,48,55.0,0.7373504649628064,0,0,0,0,0,0,0,1,0,0,0,0,0,0,0,1,0,0,0,1,0,0,0,0,0,0,1,0,0,0
1,0.0,0.934782982,46.0,P454838,48,55.0,0.7318830572824041,0,1,0,0,0,0,0,0,0,0,0,0,0,0,0,1,0,0,0,1,0,0,0,0,0,0,1,0,0,0
1,0.0,1.0,8.0,P454838,48,55.0,1.0,0,0,0,0,1,0,0,0,0,0,0,0,0,0,0,0,0,1,0,1,0,0,0,0,0,0,1,0,0,0
1,0.0,0.850000024,20.0,P454838,48,55.0,0.6758469512137554,0,0,0,0,0,1,0,0,0,0,0,0,0,0,0,1,0,0,0,1,0,0,0,0,0,0,1,0,0,0
3,1.0,0.926470995,113.72000000000116,P454838,48,55.0,0.668894227675644,0,0,0,1,0,0,0,0,0,0,0,0,0,0,1,0,0,0,0,0,1,0,0,0,0,0,1,0,0,0
5,1.0,0.384615004,26.0,P454838,48,55.0,0.4583914134515144,0,0,0,0,0,0,0,1,0,0,0,0,0,0,0,1,0,0,0,1,0,0,0,0,0,0,1,0,0,0
3,1.0,0.5,16.0,P454838,48,55.0,0.5,0,0,1,0,0,0,0,0,0,0,0,0,0,0,0,0,0,0,1,1,0,0,0,0,0,0,1,0,0,0
4,1.0,0.0,4.0,P454838,48,55.0,0.0,0,0,0,0,0,1,0,0,0,0,0,0,0,0,0,1,0,0,0,0,0,1,0,0,1,0,0,0,0,0
4,1.0,0.666666985,6.0,P454838,48,55.0,0.5943161289177871,0,0,0,0,0,0,1,0,0,0,0,0,0,0,0,1,0,0,0,1,0,0,0,0,1,0,0,0,0,0
5,1.0,0.699999988,10.0,P421276,47,76.0,0.6,0,0,0,0,0,0,1,0,0,0,0,0,0,0,0,1,0,0,0,0,0,0,1,0,0,0,1,0,0,0
4,1.0,1.0,8.0,P421276,47,76.0,1.0,0,0,0,0,1,0,0,0,0,0,0,0,0,0,1,0,0,0,0,0,1,0,0,0,0,1,0,0,0,0
1,0.0,0.857142985,21.0,P421276,47,76.0,0.6798938534903572,0,0,0,0,1,0,0,0,0,0,0,0,0,0,1,0,0,0,0,0,0,1,0,0,0,0,1,0,0,0
5,1.0,0.75,4.0,P188309,7,23.5,0.6666666666666667,0,0,0,0,0,1,0,0,0,0,0,0,0,0,0,1,0,0,0,1,0,0,0,0,1,0,0,0,0,0
5,1.0,1.0,4.0,P188309,7,23.5,1.0,0,0,0,0,1,0,0,0,0,0,0,0,0,0,0,0,0,0,1,1,0,0,0,0,0,0,1,0,0,0
4,1.0,1.0,5.0,P188309,7,23.5,1.0,0,0,1,0,0,0,0,0,0,0,0,0,0,0,0,1,0,0,0,0,1,0,0,0,1,0,0,0,0,0
2,1.0,0.923076987,13.0,P188309,7,23.5,0.7872539464466368,0,0,0,0,1,0,0,0,0,0,0,0,0,0,0,1,0,0,0,0,0,0,1,0,1,0,0,0,0,0
3,0.0,0.833333015,6.0,P472050,66,51.0,0.7210570543488701,0,0,0,0,0,0,0,0,0,0,0,0,1,0,0,1,0,0,0,1,0,0,0,0,1,0,0,0,0,0
5,1.0,0.5,4.0,P411365,61,92.0,0.5,0,0,0,0,1,0,0,0,0,0,0,0,0,0,1,0,0,0,0,1,0,0,0,0,0,1,0,0,0,0
2,0.0,0.592593014,27.0,P411365,61,92.0,0.5327471639104969,0,0,0,0,0,0,0,1,0,0,0,0,0,0,0,1,0,0,0,1,0,0,0,0,0,0,1,0,0,0
2,0.0,0.720000029,25.0,P411365,61,92.0,0.5860885757431284,0,0,0,0,0,0,0,0,0,0,0,0,1,0,0,1,0,0,0,1,0,0,0,0,0,0,1,0,0,0
5,1.0,1.0,14.0,P411365,61,92.0,1.0,0,0,0,0,0,1,0,0,0,0,0,0,0,0,1,0,0,0,0,1,0,0,0,0,0,1,0,0,0,0
4,1.0,0.833333015,6.0,P411365,61,92.0,0.7210570543488701,0,0,1,0,0,0,0,0,0,0,0,0,0,0,1,0,0,0,0,1,0,0,0,1,0,0,0,0,0,0
5,1.0,0.875,8.0,P411365,61,92.0,0.75,0,0,0,0,1,0,0,0,0,0,0,0,0,0,1,0,0,0,0,0,1,0,0,0,0,1,0,0,0,0
1,1.0,0.714286029,28.0,P411365,61,92.0,0.5808220864105899,0,0,0,0,1,0,0,0,0,0,0,0,0,0,0,1,0,0,0,1,0,0,0,0,0,0,1,0,0,0
5,1.0,1.0,5.0,P214002,75,52.0,1.0,0,0,0,0,1,0,0,0,0,0,0,0,0,0,0,1,0,0,0,0,1,0,0,0,0,0,1,0,0,0
2,0.0,0.666666985,6.0,P214002,75,52.0,0.5943161289177871,0,0,1,0,0,0,0,0,0,0,0,0,0,0,1,0,0,0,0,1,0,0,0,0,0,1,0,0,0,0
1,1.0,0.6875,16.0,P214002,75,52.0,0.5810382621965612,0,0,1,0,0,0,0,0,0,0,0,0,0,0,0,1,0,0,0,0,0,1,0,0,0,0,1,0,0,0
3,1.0,0.25,4.0,P214002,75,52.0,0.3333333333333333,0,0,1,0,0,0,0,0,0,0,0,0,0,0,0,1,0,0,0,1,0,0,0,0,0,0,1,0,0,0
4,1.0,0.75,4.0,P214002,75,52.0,0.6666666666666667,0,0,1,0,0,0,0,0,0,0,0,0,0,0,0,1,0,0,0,1,0,0,0,0,0,0,1,0,0,0
4,1.0,1.0,4.0,P214002,75,52.0,1.0,0,0,1,0,0,0,0,0,0,0,0,0,0,0,0,1,0,0,0,0,0,1,0,0,0,0,1,0,0,0
5,1.0,1.0,12.0,P214002,75,52.0,1.0,0,0,1,0,0,0,0,0,0,0,0,0,0,0,0,1,0,0,0,1,0,0,0,0,0,0,1,0,0,0
5,1.0,1.0,10.0,P214002,75,52.0,1.0,0,0,1,0,0,0,0,0,0,0,0,0,0,0,0,1,0,0,0,1,0,0,0,0,0,0,1,0,0,0
1,1.0,0.944444001,18.0,P214002,75,52.0,0.8065735963827292,0,0,1,0,0,0,0,0,0,0,0,0,0,0,0,1,0,0,0,0,1,0,0,0,0,0,1,0,0,0
5,1.0,0.428570986,7.0,P395615,9,42.0,0.4627564263195183,0,0,1,0,0,0,0,0,0,0,0,0,0,0,1,0,0,0,0,0,0,1,0,0,0,0,1,0,0,0
5,1.0,0.800000012,5.0,P395615,9,42.0,0.6989700043360187,0,0,0,0,1,0,0,0,0,0,0,0,0,0,0,1,0,0,0,0,0,0,1,0,0,0,1,0,0,0
5,1.0,0.833333015,6.0,P395615,9,42.0,0.7210570543488701,0,0,0,0,0,0,1,0,0,0,0,0,0,0,0,1,0,0,0,1,0,0,0,0,0,0,0,0,0,1
5,1.0,0.888889015,9.0,P395615,9,42.0,0.7601875334318686,0,0,0,0,0,1,0,0,0,0,0,0,0,0,0,1,0,0,0,1,0,0,0,0,1,0,0,0,0,0
5,1.0,1.0,8.0,P395615,9,42.0,1.0,0,0,0,0,1,0,0,0,0,0,0,0,0,0,0,1,0,0,0,1,0,0,0,0,0,0,1,0,0,0
3,0.0,0.888889015,9.0,P395615,9,42.0,0.7601875334318686,0,0,1,0,0,0,0,0,0,0,0,0,0,0,1,0,0,0,0,1,0,0,0,0,0,0,1,0,0,0
5,1.0,1.0,5.0,P395615,9,42.0,1.0,0,1,0,0,0,0,0,0,0,0,0,0,0,0,0,1,0,0,0,0,0,1,0,0,1,0,0,0,0,0
5,1.0,1.0,6.0,P395615,9,42.0,1.0,0,0,1,0,0,0,0,0,0,0,0,0,0,0,1,0,0,0,0,1,0,0,0,0,0,1,0,0,0,0
1,0.0,0.419355005,62.0,P395615,9,42.0,0.4771903696643514,0,0,0,0,0,1,0,0,0,0,0,0,0,0,0,0,0,0,1,1,0,0,0,0,0,0,1,0,0,0
5,1.0,1.0,26.0,P395615,9,42.0,1.0,0,0,0,0,1,0,0,0,0,0,0,0,0,0,0,1,0,0,0,1,0,0,0,0,0,0,1,0,0,0
5,1.0,0.75,4.0,P395615,9,42.0,0.6666666666666667,0,0,0,0,1,0,0,0,0,0,0,0,0,0,0,1,0,0,0,1,0,0,0,0,0,0,1,0,0,0
5,1.0,1.0,31.0,P395615,9,42.0,1.0,0,0,0,0,1,0,0,0,0,0,0,0,0,0,0,1,0,0,0,1,0,0,0,0,0,0,1,0,0,0
5,1.0,1.0,6.0,P395615,9,42.0,1.0,0,0,0,0,1,0,0,0,0,0,0,0,0,0,0,1,0,0,0,1,0,0,0,0,0,0,1,0,0,0
5,1.0,0.93333298,15.0,P395615,9,42.0,0.7962049529094938,0,0,0,0,1,0,0,0,0,0,0,0,0,0,0,1,0,0,0,1,0,0,0,0,0,0,1,0,0,0
5,1.0,0.875,8.0,P482535,34,42.0,0.75,0,0,0,0,0,1,0,0,0,0,0,0,0,0,0,1,0,0,0,0,0,0,1,1,0,0,0,0,0,0
1,0.0,0.875,8.0,P482535,34,42.0,0.75,0,0,1,0,0,0,0,0,0,0,0,0,0,0,1,0,0,0,0,0,0,1,0,0,0,1,0,0,0,0
2,0.0,0.625,8.0,P482535,34,42.0,0.5637914160289369,0,0,0,0,1,0,0,0,0,0,0,0,0,0,1,0,0,0,0,0,0,1,0,0,0,1,0,0,0,0
1,0.0,0.676470995,34.0,P482535,34,42.0,0.561200072205281,0,0,0,0,0,0,0,1,0,0,0,0,0,0,0,1,0,0,0,0,0,0,1,0,0,0,1,0,0,0
5,1.0,0.600000024,5.0,P482535,34,42.0,0.5578858913022596,0,0,0,0,1,0,0,0,0,0,0,0,0,0,0,0,0,1,0,1,0,0,0,0,0,0,1,0,0,0
1,0.0,0.777778029,27.0,P482535,34,42.0,0.6136731268579214,0,0,0,0,1,0,0,0,0,0,0,0,0,0,0,0,0,1,0,1,0,0,0,0,0,0,1,0,0,0
5,1.0,1.0,10.0,P482535,34,42.0,1.0,0,0,0,0,0,1,0,0,0,0,0,0,0,0,0,1,0,0,0,0,0,0,1,0,0,0,1,0,0,0
4,1.0,1.0,7.0,P411401,40,49.5,1.0,0,0,1,0,0,0,0,0,0,0,0,0,0,0,0,0,0,0,1,0,0,0,1,0,0,1,0,0,0,0
5,1.0,1.0,7.0,P411401,40,49.5,1.0,0,0,0,0,0,0,1,0,0,0,0,0,0,0,0,1,0,0,0,0,1,0,0,0,1,0,0,0,0,0
5,1.0,1.0,15.0,P411401,40,49.5,1.0,0,0,0,0,1,0,0,0,0,0,0,0,0,0,0,1,0,0,0,1,0,0,0,1,0,0,0,0,0,0
1,0.0,0.285714,7.0,P411401,40,49.5,0.3800937667159343,0,0,0,0,0,0,0,1,0,0,0,0,0,0,0,0,0,0,1,1,0,0,0,0,0,0,1,0,0,0
5,1.0,1.0,4.0,P411401,40,49.5,1.0,0,0,0,0,0,0,1,0,0,0,0,0,0,0,0,1,0,0,0,0,1,0,0,0,0,0,1,0,0,0
1,1.0,0.842104971,19.0,P411401,40,49.5,0.6714559000758995,0,0,0,0,1,0,0,0,0,0,0,0,0,0,0,1,0,0,0,1,0,0,0,0,0,1,0,0,0,0
4,1.0,0.899999976,20.0,P411401,40,49.5,0.7282714920267325,0,0,0,0,1,0,0,0,0,0,0,0,0,0,0,1,0,0,0,0,0,1,0,0,0,1,0,0,0,0
5,1.0,0.982142985,56.0,P411401,40,49.5,0.8531000643495553,0,0,0,0,1,0,0,0,0,0,0,0,0,0,0,1,0,0,0,1,0,0,0,0,0,1,0,0,0,0
1,1.0,0.466666996,15.0,P411401,40,49.5,0.4862295731793668,0,0,0,0,1,0,0,0,0,0,0,0,0,0,0,1,0,0,0,1,0,0,0,0,0,1,0,0,0,0
5,1.0,0.888889015,9.0,P411401,40,49.5,0.7601875334318686,0,0,0,0,1,0,0,0,0,0,0,0,0,0,0,1,0,0,0,1,0,0,0,0,0,1,0,0,0,0
5,1.0,1.0,4.0,P460515,22,14.0,1.0,0,0,0,1,0,0,0,0,0,0,0,0,0,0,0,1,0,0,0,0,1,0,0,0,0,0,1,0,0,0
4,1.0,0.600000024,5.0,P460515,22,14.0,0.5578858913022596,0,0,1,0,0,0,0,0,0,0,0,0,0,0,0,0,0,1,0,0,0,0,1,0,0,1,0,0,0,0
4,1.0,1.0,7.0,P460515,22,14.0,1.0,0,0,0,0,1,0,0,0,0,0,0,0,0,0,0,0,0,0,1,1,0,0,0,0,0,0,1,0,0,0
3,0.0,0.0,5.0,P460515,22,14.0,0.0,0,0,0,0,1,0,0,0,0,0,0,0,0,0,1,0,0,0,0,1,0,0,0,0,0,1,0,0,0,0
3,1.0,0.428570986,7.0,P460515,22,14.0,0.4627564263195183,0,0,0,0,0,1,0,0,0,0,0,0,0,0,0,1,0,0,0,0,0,0,1,0,0,0,1,0,0,0
2,0.0,0.800000012,10.0,P460515,22,14.0,0.6666666666666666,0,0,0,0,0,0,1,0,0,0,0,0,0,0,0,1,0,0,0,1,0,0,0,0,1,0,0,0,0,0
3,0.0,1.0,6.0,P460515,22,14.0,1.0,0,0,0,0,0,1,0,0,0,0,0,0,0,0,0,0,0,0,1,1,0,0,0,0,0,0,1,0,0,0
5,1.0,0.899999976,10.0,P460515,22,14.0,0.7686217868402409,0,0,1,0,0,0,0,0,0,0,0,0,0,0,1,0,0,0,0,0,0,1,0,0,0,1,0,0,0,0
5,1.0,0.75,4.0,P462347,22,14.0,0.6666666666666667,0,0,0,0,0,0,0,0,0,0,0,0,1,0,0,1,0,0,0,1,0,0,0,0,1,0,0,0,0,0
3,0.0,1.0,6.0,P462347,22,14.0,1.0,0,0,0,0,1,0,0,0,0,0,0,0,0,0,0,1,0,0,0,1,0,0,0,0,1,0,0,0,0,0
5,1.0,0.75,4.0,P462347,22,14.0,0.6666666666666667,0,0,0,0,0,1,0,0,0,0,0,0,0,0,0,1,0,0,0,0,0,0,1,0,0,0,1,0,0,0
5,1.0,0.727272987,11.0,P462347,22,14.0,0.6131471927654585,0,0,0,0,1,0,0,0,0,0,0,0,0,0,0,0,0,0,1,1,0,0,0,0,0,0,1,0,0,0
5,1.0,1.0,4.0,P462347,22,14.0,1.0,0,0,0,1,0,0,0,0,0,0,0,0,0,0,1,0,0,0,0,1,0,0,0,0,0,1,0,0,0,0
3,1.0,0.75,4.0,P462347,22,14.0,0.6666666666666667,0,0,0,0,0,0,1,0,0,0,0,0,0,0,1,0,0,0,0,0,0,0,1,0,0,1,0,0,0,0
5,1.0,1.0,4.0,P462347,22,14.0,1.0,0,0,0,0,0,1,0,0,0,0,0,0,0,0,0,0,0,0,1,1,0,0,0,0,0,0,1,0,0,0
5,1.0,0.777778029,18.0,P462347,22,14.0,0.6272281775627488,0,0,0,0,0,0,1,0,0,0,0,0,0,0,1,0,0,0,0,0,0,1,0,0,0,1,0,0,0,0
5,1.0,1.0,5.0,P462347,22,14.0,1.0,0,0,0,0,0,0,0,1,0,0,0,0,0,0,0,1,0,0,0,1,0,0,0,0,1,0,0,0,0,0
5,1.0,1.0,7.0,P471046,45,62.0,1.0,0,0,0,0,0,0,0,1,0,0,0,0,0,0,0,1,0,0,0,0,1,0,0,0,0,0,1,0,0,0
3,1.0,0.714286029,7.0,P471046,45,62.0,0.6199062332840658,0,0,0,0,0,1,0,0,0,0,0,0,0,0,0,1,0,0,0,0,0,1,0,0,0,0,1,0,0,0
5,1.0,1.0,4.0,P455926,83,88.0,1.0,0,0,0,0,0,0,1,0,0,0,0,0,0,0,0,1,0,0,0,1,0,0,0,0,1,0,0,0,0,0
1,0.0,0.833333015,6.0,P455926,83,88.0,0.7210570543488701,0,0,0,0,1,0,0,0,0,0,0,0,0,0,0,1,0,0,0,1,0,0,0,0,0,0,1,0,0,0
2,0.0,0.428570986,7.0,P455926,83,88.0,0.4627564263195183,0,0,0,0,0,0,1,0,0,0,0,0,0,0,0,1,0,0,0,1,0,0,0,0,0,0,1,0,0,0
1,0.0,0.592593014,27.0,P455926,83,88.0,0.5327471639104969,0,0,1,0,0,0,0,0,0,0,0,0,0,0,1,0,0,0,0,0,0,0,1,0,0,1,0,0,0,0
5,1.0,0.0625,32.0,P455926,83,88.0,0.2423801816877102,0,0,0,0,0,1,0,0,0,0,0,0,0,0,0,0,0,0,1,0,0,1,0,0,1,0,0,0,0,0
4,1.0,1.0,10.0,P455926,83,88.0,1.0,0,0,0,0,0,0,0,0,0,0,0,0,1,0,0,1,0,0,0,1,0,0,0,0,1,0,0,0,0,0
5,1.0,0.600000024,5.0,P455926,83,88.0,0.5578858913022596,0,0,0,1,0,0,0,0,0,0,0,0,0,0,0,1,0,0,0,1,0,0,0,0,0,0,1,0,0,0
5,1.0,0.9375,16.0,P455926,83,88.0,0.7999999999999999,0,0,0,0,1,0,0,0,0,0,0,0,0,0,0,1,0,0,0,0,0,1,0,0,0,0,1,0,0,0
5,1.0,0.916666985,12.0,P455926,83,88.0,0.7818957080144684,0,0,0,0,1,0,0,0,0,0,0,0,0,0,1,0,0,0,0,1,0,0,0,0,0,1,0,0,0,0
5,1.0,0.800000012,15.0,P455926,83,88.0,0.649149872836091,0,0,0,0,1,0,0,0,0,0,0,0,0,0,1,0,0,0,0,1,0,0,0,0,0,1,0,0,0,0
5,1.0,1.0,8.0,P455926,83,88.0,1.0,0,0,0,0,0,0,0,0,0,0,0,0,1,0,0,1,0,0,0,1,0,0,0,0,1,0,0,0,0,0
3,1.0,0.966666996,30.0,P455926,83,88.0,0.8307061924012187,0,0,0,0,1,0,0,0,0,0,0,0,0,0,0,0,0,0,1,0,1,0,0,0,0,1,0,0,0,0
1,0.0,1.0,29.0,P455926,83,88.0,1.0,0,0,0,0,0,0,0,1,0,0,0,0,0,0,0,1,0,0,0,1,0,0,0,0,1,0,0,0,0,0
2,0.0,0.473684013,19.0,P455926,83,88.0,0.4898616553642111,0,0,0,0,1,0,0,0,0,0,0,0,0,0,1,0,0,0,0,0,0,0,1,0,0,0,1,0,0,0
5,1.0,0.823529005,17.0,P455926,83,88.0,0.6614123848024371,0,0,0,0,0,1,0,0,0,0,0,0,0,0,1,0,0,0,0,0,0,1,0,0,0,1,0,0,0,0
1,0.0,0.625,8.0,P455927,83,30.0,0.5637914160289369,0,0,0,0,1,0,0,0,0,0,0,0,0,0,0,1,0,0,0,0,1,0,0,0,1,0,0,0,0,0
3,0.0,0.75,8.0,P455927,83,30.0,0.6391511932854698,0,0,0,0,0,0,0,0,0,0,0,0,1,0,0,1,0,0,0,0,1,0,0,0,1,0,0,0,0,0
1,0.0,0.484847993,33.0,P455927,83,30.0,0.4950067647443164,0,0,0,0,1,0,0,0,0,0,0,0,0,0,1,0,0,0,0,1,0,0,0,0,0,1,0,0,0,0
5,1.0,0.9375,16.0,P455927,83,30.0,0.7999999999999999,0,1,0,0,0,0,0,0,0,0,0,0,0,0,0,1,0,0,0,1,0,0,0,0,1,0,0,0,0,0
4,1.0,0.857142985,7.0,P455927,83,30.0,0.7373504649628064,0,0,1,0,0,0,0,0,0,0,0,0,0,0,0,1,0,0,0,0,1,0,0,0,0,0,1,0,0,0
1,0.0,0.714286029,7.0,P455927,83,30.0,0.6199062332840658,0,0,0,0,0,0,0,1,0,0,0,0,0,0,0,1,0,0,0,0,1,0,0,0,1,0,0,0,0,0
5,1.0,1.0,4.0,P455927,83,30.0,1.0,0,0,1,0,0,0,0,0,0,0,0,0,0,0,0,0,0,0,1,1,0,0,0,0,0,0,1,0,0,0
5,1.0,0.800000012,5.0,P455927,83,30.0,0.6989700043360187,0,0,0,0,1,0,0,0,0,0,0,0,0,0,0,0,0,1,0,1,0,0,0,0,0,1,0,0,0,0
5,1.0,0.969582021,113.72000000000116,P455927,83,30.0,0.7162089270041654,0,0,0,0,0,0,0,0,0,0,0,0,1,0,0,1,0,0,0,1,0,0,0,0,1,0,0,0,0,0
5,1.0,0.866666973,15.0,P455927,83,30.0,0.7060702520912807,0,0,0,0,1,0,0,0,0,0,0,0,0,0,0,1,0,0,0,1,0,0,0,0,0,0,1,0,0,0
5,1.0,0.777778029,9.0,P455927,83,30.0,0.6543128759565946,0,0,0,0,1,0,0,0,0,0,0,0,0,0,1,0,0,0,0,0,1,0,0,0,0,0,1,0,0,0
5,1.0,0.75,8.0,P455927,83,30.0,0.6391511932854698,0,0,0,0,0,1,0,0,0,0,0,0,0,0,0,1,0,0,0,1,0,0,0,0,0,0,1,0,0,0
4,1.0,0.800000012,10.0,P455927,83,30.0,0.6666666666666666,0,0,0,0,0,1,0,0,0,0,0,0,0,0,0,1,0,0,0,1,0,0,0,0,0,0,1,0,0,0
1,0.0,0.87786299,113.72000000000116,P455927,83,30.0,0.6265603384976145,0,0,0,1,0,0,0,0,0,0,0,0,0,0,0,0,0,1,0,0,0,0,1,0,0,1,0,0,0,0
5,1.0,0.800000012,5.0,P455927,83,30.0,0.6989700043360187,0,0,0,0,1,0,0,0,0,0,0,0,0,0,1,0,0,0,0,1,0,0,0,0,0,0,1,0,0,0
5,1.0,0.777778029,9.0,P447210,4,56.0,0.6543128759565946,0,0,0,0,1,0,0,0,0,0,0,0,0,0,0,0,0,1,0,0,0,1,0,0,0,0,1,0,0,0
2,0.0,0.625,8.0,P447210,4,56.0,0.5637914160289369,0,0,0,1,0,0,0,0,0,0,0,0,0,0,1,0,0,0,0,0,0,1,0,0,0,1,0,0,0,0
5,1.0,1.0,5.0,P447210,4,56.0,1.0,0,0,0,1,0,0,0,0,0,0,0,0,0,0,1,0,0,0,0,0,0,1,0,0,0,1,0,0,0,0
2,0.0,0.586206973,29.0,P447210,4,56.0,0.5298261452949584,0,0,0,0,0,1,0,0,0,0,0,0,0,0,0,1,0,0,0,1,0,0,0,0,0,0,1,0,0,0
5,1.0,0.714286029,7.0,P447210,4,56.0,0.6199062332840658,0,0,0,0,0,1,0,0,0,0,0,0,0,0,0,0,0,0,1,0,1,0,0,0,0,0,1,0,0,0
5,1.0,0.5,24.0,P447210,4,56.0,0.5,0,0,1,0,0,0,0,0,0,0,0,0,0,0,1,0,0,0,0,1,0,0,0,0,0,0,0,0,0,1
5,1.0,0.733332992,15.0,P447210,4,56.0,0.6069119518459337,0,0,0,0,0,0,0,0,0,0,0,0,1,0,0,1,0,0,0,1,0,0,0,0,1,0,0,0,0,0
5,1.0,1.0,11.0,P447210,4,56.0,1.0,0,0,1,0,0,0,0,0,0,0,0,0,0,0,0,0,0,0,1,0,1,0,0,0,0,0,1,0,0,0
5,1.0,0.818181992,11.0,P447210,4,56.0,0.6769924925288455,0,0,1,0,0,0,0,0,0,0,0,0,0,0,0,1,0,0,0,0,0,1,0,0,0,0,1,0,0,0
1,0.0,0.923076987,13.0,P447210,4,56.0,0.7872539464466368,0,0,1,0,0,0,0,0,0,0,0,0,0,0,0,0,0,1,0,0,1,0,0,0,0,0,1,0,0,0
5,1.0,0.75,4.0,P447210,4,56.0,0.6666666666666667,0,0,0,0,1,0,0,0,0,0,0,0,0,0,0,0,0,1,0,0,1,0,0,0,0,0,1,0,0,0
5,1.0,0.400000006,10.0,P447210,4,56.0,0.4526808302869429,0,0,1,0,0,0,0,0,0,0,0,0,0,0,1,0,0,0,0,1,0,0,0,0,0,0,1,0,0,0
2,1.0,0.560000002,25.0,P447210,4,56.0,0.5214852113854901,0,0,1,0,0,0,0,0,0,0,0,0,0,0,1,0,0,0,0,0,1,0,0,0,0,1,0,0,0,0
5,1.0,1.0,7.0,P447210,4,56.0,1.0,0,0,0,0,0,0,1,0,0,0,0,0,0,0,0,1,0,0,0,1,0,0,0,0,0,0,1,0,0,0
5,1.0,1.0,20.0,P447210,4,56.0,1.0,0,0,0,0,1,0,0,0,0,0,0,0,0,0,0,0,0,0,1,1,0,0,0,0,0,0,0,0,0,1
2,0.0,0.800000012,10.0,P447210,4,56.0,0.6666666666666666,0,0,0,0,1,0,0,0,0,0,0,0,0,0,0,1,0,0,0,1,0,0,0,0,0,0,1,0,0,0
5,1.0,0.986841977,76.0,P447210,4,56.0,0.8620295252477095,0,0,0,0,0,0,0,0,0,0,0,0,1,0,0,1,0,0,0,1,0,0,0,0,0,0,1,0,0,0
4,1.0,0.545454979,11.0,P447210,4,56.0,0.5206212286759117,0,0,1,0,0,0,0,0,0,0,0,0,0,0,0,0,0,1,0,0,0,0,1,0,0,0,1,0,0,0
1,0.0,0.733332992,15.0,P188307,7,20.0,0.6069119518459337,0,0,1,0,0,0,0,0,0,0,0,0,0,0,0,1,0,0,0,1,0,0,0,0,0,0,1,0,0,0
5,1.0,1.0,4.0,P188307,7,20.0,1.0,0,0,0,0,1,0,0,0,0,0,0,0,0,0,0,1,0,0,0,1,0,0,0,0,0,0,1,0,0,0
4,1.0,1.0,8.0,P188307,7,20.0,1.0,0,0,0,0,1,0,0,0,0,0,0,0,0,0,0,1,0,0,0,0,0,0,1,0,0,0,1,0,0,0
5,1.0,1.0,8.0,P188307,7,20.0,1.0,0,0,0,0,0,1,0,0,0,0,0,0,0,0,0,1,0,0,0,0,0,0,1,0,0,0,1,0,0,0
1,0.0,1.0,4.0,P403817,7,32.0,1.0,0,0,1,0,0,0,0,0,0,0,0,0,0,0,1,0,0,0,0,0,0,1,0,0,0,1,0,0,0,0
1,0.0,0.0,4.0,P403817,7,32.0,0.0,0,0,0,0,1,0,0,0,0,0,0,0,0,0,0,0,0,1,0,0,0,1,0,0,0,1,0,0,0,0
5,1.0,1.0,5.0,P403817,7,32.0,1.0,0,0,0,0,1,0,0,0,0,0,0,0,0,0,1,0,0,0,0,1,0,0,0,0,0,0,1,0,0,0
4,1.0,0.875,8.0,P403817,7,32.0,0.75,0,0,1,0,0,0,0,0,0,0,0,0,0,0,1,0,0,0,0,1,0,0,0,0,0,0,1,0,0,0
2,1.0,0.75,4.0,P403817,7,32.0,0.6666666666666667,0,0,1,0,0,0,0,0,0,0,0,0,0,0,1,0,0,0,0,0,1,0,0,0,0,0,1,0,0,0
1,1.0,0.875,8.0,P403817,7,32.0,0.75,0,0,1,0,0,0,0,0,0,0,0,0,0,0,1,0,0,0,0,1,0,0,0,0,0,0,1,0,0,0
5,1.0,1.0,13.0,P403817,7,32.0,1.0,0,0,1,0,0,0,0,0,0,0,0,0,0,0,1,0,0,0,0,1,0,0,0,0,0,0,1,0,0,0
5,1.0,0.4375,16.0,P375841,54,80.0,0.4745387728193468,0,0,1,0,0,0,0,0,0,0,0,0,0,0,0,1,0,0,0,0,1,0,0,0,1,0,0,0,0,0
5,1.0,0.888889015,9.0,P375841,54,80.0,0.7601875334318686,0,0,0,0,1,0,0,0,0,0,0,0,0,0,0,1,0,0,0,1,0,0,0,0,0,0,1,0,0,0
2,1.0,1.0,4.0,P375841,54,80.0,1.0,0,0,0,0,1,0,0,0,0,0,0,0,0,0,0,1,0,0,0,1,0,0,0,0,0,0,1,0,0,0
1,1.0,0.258064985,31.0,P375841,54,80.0,0.4087647951769724,0,0,0,0,1,0,0,0,0,0,0,0,0,0,0,1,0,0,0,1,0,0,0,0,0,0,1,0,0,0
4,1.0,0.574999988,40.0,P375853,79,80.0,0.5237031886004407,0,0,0,0,0,1,0,0,0,0,0,0,0,0,0,1,0,0,0,1,0,0,0,0,1,0,0,0,0,0
5,1.0,1.0,10.0,P375853,79,80.0,1.0,0,0,1,0,0,0,0,0,0,0,0,0,0,0,0,1,0,0,0,1,0,0,0,0,0,0,1,0,0,0
1,1.0,1.0,4.0,P375853,79,80.0,1.0,0,0,1,0,0,0,0,0,0,0,0,0,0,0,0,1,0,0,0,1,0,0,0,0,0,0,1,0,0,0
5,1.0,1.0,16.0,P375853,79,80.0,1.0,0,0,1,0,0,0,0,0,0,0,0,0,0,0,0,1,0,0,0,1,0,0,0,0,0,0,1,0,0,0
1,0.0,0.296296,27.0,P297551,68,32.0,0.4231162785339835,0,0,0,0,0,0,0,1,0,0,0,0,0,0,0,1,0,0,0,1,0,0,0,0,1,0,0,0,0,0
5,1.0,0.888889015,9.0,P297551,68,32.0,0.7601875334318686,0,1,0,0,0,0,0,0,0,0,0,0,0,0,0,1,0,0,0,1,0,0,0,0,1,0,0,0,0,0
5,1.0,1.0,6.0,P297551,68,32.0,1.0,0,0,0,0,0,0,1,0,0,0,0,0,0,0,0,1,0,0,0,1,0,0,0,0,1,0,0,0,0,0
5,1.0,1.0,6.0,P297551,68,32.0,1.0,0,0,0,1,0,0,0,0,0,0,0,0,0,0,0,0,0,1,0,1,0,0,0,0,0,1,0,0,0,0
5,1.0,1.0,4.0,P297551,68,32.0,1.0,0,0,1,0,0,0,0,0,0,0,0,0,0,0,0,1,0,0,0,1,0,0,0,0,0,1,0,0,0,0
4,1.0,0.909090996,11.0,P297551,68,32.0,0.7757561757824245,0,0,1,0,0,0,0,0,0,0,0,0,0,0,0,1,0,0,0,1,0,0,0,0,0,1,0,0,0,0
4,1.0,1.0,4.0,P297551,68,32.0,1.0,0,0,1,0,0,0,0,0,0,0,0,0,0,0,0,1,0,0,0,1,0,0,0,0,0,1,0,0,0,0
5,1.0,0.75,4.0,P297551,68,32.0,0.6666666666666667,0,0,1,0,0,0,0,0,0,0,0,0,0,0,0,1,0,0,0,1,0,0,0,0,0,1,0,0,0,0
1,0.0,0.666666985,12.0,P442836,86,30.0,0.5772049881597967,0,0,0,0,1,0,0,0,0,0,0,0,0,0,0,1,0,0,0,0,1,0,0,0,0,1,0,0,0,0
5,1.0,0.5,4.0,P442836,86,30.0,0.5,0,0,0,0,1,0,0,0,0,0,0,0,0,0,0,1,0,0,0,1,0,0,0,0,0,0,1,0,0,0
5,1.0,1.0,4.0,P442836,86,30.0,1.0,0,0,1,0,0,0,0,0,0,0,0,0,0,0,0,0,0,1,0,1,0,0,0,0,0,0,1,0,0,0
5,1.0,1.0,8.0,P442836,86,30.0,1.0,0,0,0,0,0,0,1,0,0,0,0,0,0,0,0,1,0,0,0,1,0,0,0,0,0,1,0,0,0,0
4,1.0,1.0,4.0,P442836,86,30.0,1.0,0,0,1,0,0,0,0,0,0,0,0,0,0,0,0,1,0,0,0,0,0,1,0,1,0,0,0,0,0,0
4,0.0,0.666666985,6.0,P442836,86,30.0,0.5943161289177871,0,0,1,0,0,0,0,0,0,0,0,0,0,0,0,0,0,1,0,1,0,0,0,0,0,0,1,0,0,0
5,1.0,0.636363983,11.0,P442836,86,30.0,0.5637054741273227,0,1,0,0,0,0,0,0,0,0,0,0,0,0,0,1,0,0,0,0,1,0,0,0,1,0,0,0,0,0
5,1.0,1.0,8.0,P442836,86,30.0,1.0,0,0,1,0,0,0,0,0,0,0,0,0,0,0,1,0,0,0,0,1,0,0,0,0,0,1,0,0,0,0
3,0.0,0.888889015,9.0,P442836,86,30.0,0.7601875334318686,0,0,0,0,1,0,0,0,0,0,0,0,0,0,1,0,0,0,0,0,1,0,0,0,0,1,0,0,0,0
3,1.0,0.75,4.0,P442836,86,30.0,0.6666666666666667,0,0,1,0,0,0,0,0,0,0,0,0,0,0,1,0,0,0,0,1,0,0,0,0,0,0,1,0,0,0
2,0.0,0.714286029,7.0,P442744,34,29.0,0.6199062332840658,0,0,0,0,1,0,0,0,0,0,0,0,0,0,0,1,0,0,0,1,0,0,0,0,0,0,1,0,0,0
5,1.0,0.833333015,6.0,P442744,34,29.0,0.7210570543488701,0,0,0,0,0,1,0,0,0,0,0,0,0,0,0,1,0,0,0,1,0,0,0,0,0,0,1,0,0,0
5,1.0,1.0,7.0,P442744,34,29.0,1.0,0,0,0,0,0,0,1,0,0,0,0,0,0,0,0,1,0,0,0,1,0,0,0,0,1,0,0,0,0,0
2,0.0,0.416667014,12.0,P442744,34,29.0,0.4628433047468758,0,0,0,0,0,0,1,0,0,0,0,0,0,0,0,1,0,0,0,1,0,0,0,0,0,0,1,0,0,0
5,1.0,1.0,5.0,P442744,34,29.0,1.0,0,0,0,0,0,0,0,0,0,0,0,1,0,0,0,1,0,0,0,0,0,0,1,1,0,0,0,0,0,0
5,1.0,0.888889015,9.0,P442744,34,29.0,0.7601875334318686,0,0,0,0,0,0,0,0,0,0,0,1,0,0,0,1,0,0,0,0,0,0,1,0,1,0,0,0,0,0
1,0.0,0.555555999,72.0,P442744,34,29.0,0.5150528507611571,0,0,0,1,0,0,0,0,0,0,0,0,0,0,0,0,0,1,0,0,0,1,0,0,0,1,0,0,0,0
5,1.0,0.827585995,29.0,P442744,34,29.0,0.6424087238320494,0,0,0,0,1,0,0,0,0,0,0,0,0,0,0,1,0,0,0,0,1,0,0,0,0,0,1,0,0,0
3,0.0,0.555555999,9.0,P466164,107,69.0,0.5268025545616606,0,0,0,0,0,0,0,0,0,0,0,0,1,0,0,1,0,0,0,1,0,0,0,0,1,0,0,0,0,0
2,0.0,1.0,7.0,P466164,107,69.0,1.0,0,0,1,0,0,0,0,0,0,0,0,0,0,0,0,0,0,0,1,0,0,1,0,0,0,1,0,0,0,0
2,0.0,0.25,4.0,P466164,107,69.0,0.3333333333333333,0,0,0,0,1,0,0,0,0,0,0,0,0,0,0,0,0,1,0,0,1,0,0,0,0,0,0,0,0,1
3,0.0,0.600000024,5.0,P466164,107,69.0,0.5578858913022596,0,0,0,0,1,0,0,0,0,0,0,0,0,0,0,0,0,1,0,1,0,0,0,0,0,1,0,0,0,0
2,0.0,0.368420988,19.0,P466164,107,69.0,0.4477318095822363,0,0,1,0,0,0,0,0,0,0,0,0,0,0,0,1,0,0,0,0,1,0,0,0,0,0,1,0,0,0
3,0.0,1.0,6.0,P466164,107,69.0,1.0,0,0,0,0,1,0,0,0,0,0,0,0,0,0,1,0,0,0,0,0,1,0,0,0,0,1,0,0,0,0
5,1.0,1.0,9.0,P466164,107,69.0,1.0,0,0,0,0,1,0,0,0,0,0,0,0,0,0,0,1,0,0,0,1,0,0,0,0,0,0,1,0,0,0
4,1.0,0.666666985,6.0,P466164,107,69.0,0.5943161289177871,0,0,0,0,1,0,0,0,0,0,0,0,0,0,0,1,0,0,0,0,0,1,0,0,0,0,1,0,0,0
4,1.0,0.800000012,5.0,P466164,107,69.0,0.6989700043360187,0,0,0,0,0,1,0,0,0,0,0,0,0,0,0,1,0,0,0,1,0,0,0,0,1,0,0,0,0,0
1,0.0,0.846153975,13.0,P466164,107,69.0,0.6934264036172708,0,0,0,0,1,0,0,0,0,0,0,0,0,0,0,0,0,1,0,1,0,0,0,0,0,0,1,0,0,0
5,1.0,0.666666985,12.0,P466164,107,69.0,0.5772049881597967,0,0,0,0,0,0,0,0,0,0,0,0,1,0,0,1,0,0,0,1,0,0,0,0,0,0,1,0,0,0
4,1.0,0.909090996,11.0,P466164,107,69.0,0.7757561757824245,0,0,0,1,0,0,0,0,0,0,0,0,0,0,0,0,0,1,0,0,1,0,0,1,0,0,0,0,0,0
5,1.0,1.0,8.0,P466164,107,69.0,1.0,0,0,1,0,0,0,0,0,0,0,0,0,0,0,0,0,0,1,0,0,1,0,0,0,0,0,1,0,0,0
5,1.0,0.833333015,6.0,P466164,107,69.0,0.7210570543488701,0,1,0,0,0,0,0,0,0,0,0,0,0,0,0,1,0,0,0,0,0,1,0,0,0,0,1,0,0,0
5,1.0,1.0,17.0,P375534,29,28.0,1.0,0,0,0,0,1,0,0,0,0,0,0,0,0,0,1,0,0,0,0,0,1,0,0,0,0,1,0,0,0,0
5,1.0,0.75,4.0,P375534,29,28.0,0.6666666666666667,0,0,0,0,0,1,0,0,0,0,0,0,0,0,0,1,0,0,0,1,0,0,0,0,0,0,1,0,0,0
1,1.0,0.25,12.0,P375534,29,28.0,0.3758036494182151,0,0,0,0,1,0,0,0,0,0,0,0,0,0,0,1,0,0,0,1,0,0,0,0,0,0,1,0,0,0
5,1.0,0.454544991,11.0,P440650,61,32.0,0.4793787713240883,0,0,0,0,1,0,0,0,0,0,0,0,0,0,0,0,0,0,1,0,0,0,1,0,0,0,1,0,0,0
4,1.0,0.857142985,21.0,P440650,61,32.0,0.6798938534903572,0,0,0,1,0,0,0,0,0,0,0,0,0,0,1,0,0,0,0,0,1,0,0,0,0,0,1,0,0,0
4,1.0,0.888889015,9.0,P440650,61,32.0,0.7601875334318686,0,0,0,0,1,0,0,0,0,0,0,0,0,0,1,0,0,0,0,0,1,0,0,0,0,1,0,0,0,0
5,1.0,1.0,8.0,P440650,61,32.0,1.0,0,0,0,0,0,1,0,0,0,0,0,0,0,0,0,1,0,0,0,1,0,0,0,0,0,0,1,0,0,0
1,0.0,0.400000006,20.0,P440650,61,32.0,0.4613910805064984,0,0,0,0,0,1,0,0,0,0,0,0,0,0,0,1,0,0,0,0,1,0,0,0,0,0,1,0,0,0
5,1.0,0.857142985,7.0,P440650,61,32.0,0.7373504649628064,0,0,1,0,0,0,0,0,0,0,0,0,0,0,1,0,0,0,0,0,0,1,0,0,0,0,1,0,0,0
5,1.0,1.0,15.0,P446942,99,9.99,1.0,0,0,0,0,1,0,0,0,0,0,0,0,0,0,0,0,0,1,0,1,0,0,0,0,0,0,1,0,0,0
5,1.0,0.666666985,6.0,P446942,99,9.99,0.5943161289177871,0,0,1,0,0,0,0,0,0,0,0,0,0,0,1,0,0,0,0,1,0,0,0,0,0,1,0,0,0,0
4,1.0,0.625,8.0,P446942,99,9.99,0.5637914160289369,0,0,0,0,0,0,1,0,0,0,0,0,0,0,0,1,0,0,0,1,0,0,0,0,0,0,1,0,0,0
5,1.0,0.25,4.0,P446942,99,9.99,0.3333333333333333,0,0,0,0,0,1,0,0,0,0,0,0,0,0,0,1,0,0,0,0,1,0,0,0,0,0,1,0,0,0
5,1.0,1.0,4.0,P446942,99,9.99,1.0,0,0,0,0,1,0,0,0,0,0,0,0,0,0,0,1,0,0,0,1,0,0,0,0,0,0,1,0,0,0
2,0.0,1.0,5.0,P446942,99,9.99,1.0,0,1,0,0,0,0,0,0,0,0,0,0,0,0,0,1,0,0,0,0,0,0,1,0,1,0,0,0,0,0
4,1.0,1.0,6.0,P446942,99,9.99,1.0,0,0,0,0,1,0,0,0,0,0,0,0,0,0,0,1,0,0,0,1,0,0,0,0,0,0,1,0,0,0
5,1.0,0.800000012,5.0,P446942,99,9.99,0.6989700043360187,0,0,0,0,1,0,0,0,0,0,0,0,0,0,1,0,0,0,0,0,0,1,0,0,0,0,1,0,0,0
4,1.0,1.0,9.0,P446942,99,9.99,1.0,0,0,1,0,0,0,0,0,0,0,0,0,0,0,0,0,0,0,1,1,0,0,0,0,0,0,1,0,0,0
4,1.0,0.92592603,27.0,P446942,99,9.99,0.7478343556177288,0,0,0,0,0,0,0,1,0,0,0,0,0,0,0,1,0,0,0,0,0,0,1,0,1,0,0,0,0,0
5,1.0,0.93333298,15.0,P446942,99,9.99,0.7962049529094938,0,1,0,0,0,0,0,0,0,0,0,0,0,0,0,1,0,0,0,0,0,0,1,0,1,0,0,0,0,0
3,0.0,1.0,4.0,P433443,110,38.0,1.0,0,0,0,0,0,1,0,0,0,0,0,0,0,0,0,1,0,0,0,1,0,0,0,0,1,0,0,0,0,0
5,1.0,0.75,4.0,P433443,110,38.0,0.6666666666666667,0,0,1,0,0,0,0,0,0,0,0,0,0,0,0,1,0,0,0,0,0,1,0,0,1,0,0,0,0,0
5,1.0,0.666666985,6.0,P472468,34,40.0,0.5943161289177871,0,0,0,0,0,0,0,1,0,0,0,0,0,0,0,1,0,0,0,1,0,0,0,0,0,0,1,0,0,0
5,1.0,1.0,4.0,P472468,34,40.0,1.0,0,1,0,0,0,0,0,0,0,0,0,0,0,0,0,1,0,0,0,1,0,0,0,0,1,0,0,0,0,0
5,1.0,0.5,4.0,P472468,34,40.0,0.5,0,0,1,0,0,0,0,0,0,0,0,0,0,0,1,0,0,0,0,0,1,0,0,0,0,1,0,0,0,0
4,1.0,1.0,11.0,P472468,34,40.0,1.0,0,0,0,0,1,0,0,0,0,0,0,0,0,0,0,0,0,0,1,1,0,0,0,1,0,0,0,0,0,0
5,1.0,0.857142985,14.0,P457005,111,60.0,0.7001245250427999,0,0,0,0,1,0,0,0,0,0,0,0,0,0,0,0,0,1,0,0,1,0,0,0,0,1,0,0,0,0
5,1.0,0.875,24.0,P457005,111,60.0,0.6903752345284636,0,0,1,0,0,0,0,0,0,0,0,0,0,0,0,0,0,0,1,0,1,0,0,0,0,1,0,0,0,0
3,0.0,1.0,7.0,P457005,111,60.0,1.0,0,0,0,0,1,0,0,0,0,0,0,0,0,0,1,0,0,0,0,0,1,0,0,0,0,0,1,0,0,0
2,0.0,1.0,20.0,P457005,111,60.0,1.0,0,0,0,0,0,0,0,1,0,0,0,0,0,0,0,1,0,0,0,1,0,0,0,0,1,0,0,0,0,0
5,1.0,0.800000012,5.0,P457005,111,60.0,0.6989700043360187,0,0,0,0,1,0,0,0,0,0,0,0,0,0,0,1,0,0,0,0,0,0,1,0,0,0,1,0,0,0
3,1.0,0.75,4.0,P457005,111,60.0,0.6666666666666667,0,0,0,0,1,0,0,0,0,0,0,0,0,0,0,0,0,1,0,0,1,0,0,0,0,0,1,0,0,0
5,1.0,1.0,4.0,P416139,93,65.0,1.0,0,0,1,0,0,0,0,0,0,0,0,0,0,0,0,1,0,0,0,0,0,1,0,0,0,1,0,0,0,0
5,1.0,0.75,4.0,P416139,93,65.0,0.6666666666666667,0,0,0,0,1,0,0,0,0,0,0,0,0,0,0,1,0,0,0,0,1,0,0,0,0,0,1,0,0,0
5,1.0,0.785713971,14.0,P416139,93,65.0,0.6418955364979173,0,0,0,0,0,0,0,1,0,0,0,0,0,0,0,0,0,1,0,1,0,0,0,0,0,0,1,0,0,0
5,1.0,0.90476203,21.0,P416139,93,65.0,0.7316756633516291,0,0,0,0,0,1,0,0,0,0,0,0,0,0,0,1,0,0,0,1,0,0,0,0,0,0,1,0,0,0
1,0.0,0.941175997,17.0,P416139,93,65.0,0.8034383677671774,0,0,1,0,0,0,0,0,0,0,0,0,0,0,0,1,0,0,0,1,0,0,0,0,0,0,0,0,0,1
5,1.0,1.0,4.0,P416139,93,65.0,1.0,0,0,0,0,1,0,0,0,0,0,0,0,0,0,0,1,0,0,0,1,0,0,0,0,1,0,0,0,0,0
5,1.0,1.0,13.0,P416139,93,65.0,1.0,0,0,0,0,1,0,0,0,0,0,0,0,0,0,1,0,0,0,0,0,0,0,1,0,0,0,0,0,1,0
4,1.0,0.909090996,22.0,P416139,93,65.0,0.7348354902219298,0,0,0,0,0,0,0,0,0,0,0,0,1,0,0,1,0,0,0,1,0,0,0,0,1,0,0,0,0,0
3,1.0,0.800000012,5.0,P416139,93,65.0,0.6989700043360187,0,0,1,0,0,0,0,0,0,0,0,0,0,0,0,1,0,0,0,0,1,0,0,0,0,0,1,0,0,0
5,1.0,0.942857027,35.0,P416139,93,65.0,0.7624608115505944,0,0,1,0,0,0,0,0,0,0,0,0,0,0,0,1,0,0,0,0,0,0,1,0,0,0,1,0,0,0
3,1.0,0.666666985,6.0,P416139,93,65.0,0.5943161289177871,0,0,1,0,0,0,0,0,0,0,0,0,0,0,0,1,0,0,0,1,0,0,0,0,0,0,1,0,0,0
5,1.0,0.75,4.0,P416139,93,65.0,0.6666666666666667,0,0,1,0,0,0,0,0,0,0,0,0,0,0,0,1,0,0,0,1,0,0,0,0,0,0,1,0,0,0
5,1.0,0.454544991,11.0,P469538,91,89.0,0.4793787713240883,0,0,1,0,0,0,0,0,0,0,0,0,0,0,0,0,0,0,1,1,0,0,0,0,0,1,0,0,0,0
4,1.0,0.400000006,5.0,P476729,91,25.0,0.4421141086977403,0,0,1,0,0,0,0,0,0,0,0,0,0,0,0,0,0,1,0,1,0,0,0,1,0,0,0,0,0,0
5,1.0,0.416667014,12.0,P476729,91,25.0,0.4628433047468758,0,0,0,1,0,0,0,0,0,0,0,0,0,0,1,0,0,0,0,1,0,0,0,0,0,1,0,0,0,0
2,0.0,1.0,11.0,P476729,91,25.0,1.0,0,0,0,0,1,0,0,0,0,0,0,0,0,0,0,1,0,0,0,0,0,1,0,0,0,0,1,0,0,0
1,0.0,0.821429014,56.0,P476729,91,25.0,0.61621657838143,0,0,0,0,0,0,1,0,0,0,0,0,0,0,0,1,0,0,0,1,0,0,0,0,1,0,0,0,0,0
5,1.0,0.200000003,5.0,P476729,91,25.0,0.3010299956639811,0,0,0,0,1,0,0,0,0,0,0,0,0,0,0,0,0,1,0,0,0,0,1,0,0,0,1,0,0,0
5,1.0,0.857142985,7.0,P454313,51,34.0,0.7373504649628064,0,0,0,0,0,0,1,0,0,0,0,0,0,0,0,1,0,0,0,0,1,0,0,0,1,0,0,0,0,0
5,1.0,0.923076987,13.0,P454313,51,34.0,0.7872539464466368,0,0,0,0,0,0,1,0,0,0,0,0,0,0,0,1,0,0,0,0,1,0,0,0,0,0,1,0,0,0
5,1.0,1.0,11.0,P454313,51,34.0,1.0,0,0,1,0,0,0,0,0,0,0,0,0,0,0,1,0,0,0,0,0,1,0,0,0,0,0,1,0,0,0
4,1.0,1.0,7.0,P454313,51,34.0,1.0,0,0,0,0,1,0,0,0,0,0,0,0,0,0,1,0,0,0,0,1,0,0,0,0,0,0,0,0,0,1
5,1.0,1.0,7.0,P454313,51,34.0,1.0,0,0,1,0,0,0,0,0,0,0,0,0,0,0,0,1,0,0,0,0,0,1,0,0,0,0,1,0,0,0
5,1.0,0.833333015,6.0,P454313,51,34.0,0.7210570543488701,0,0,0,0,1,0,0,0,0,0,0,0,0,0,0,1,0,0,0,1,0,0,0,0,0,0,1,0,0,0
5,1.0,0.899999976,10.0,P454313,51,34.0,0.7686217868402409,0,0,0,0,0,0,0,1,0,0,0,0,0,0,0,1,0,0,0,1,0,0,0,0,1,0,0,0,0,0
5,1.0,0.5,4.0,P454313,51,34.0,0.5,0,0,0,0,0,0,0,1,0,0,0,0,0,0,0,1,0,0,0,1,0,0,0,0,1,0,0,0,0,0
1,0.0,0.318181992,22.0,P454313,51,34.0,0.4285714285714285,0,0,0,0,0,1,0,0,0,0,0,0,0,0,0,1,0,0,0,0,1,0,0,0,0,0,1,0,0,0
3,0.0,0.333332986,9.0,P454313,51,34.0,0.4160291953530189,0,0,0,0,0,1,0,0,0,0,0,0,0,0,0,1,0,0,0,1,0,0,0,0,0,0,1,0,0,0
5,1.0,0.833333015,12.0,P454313,51,34.0,0.6857972507265685,0,0,0,1,0,0,0,0,0,0,0,0,0,0,1,0,0,0,0,0,0,0,1,0,0,1,0,0,0,0
5,1.0,1.0,7.0,P454313,51,34.0,1.0,0,0,0,0,0,1,0,0,0,0,0,0,0,0,0,1,0,0,0,1,0,0,0,0,0,0,1,0,0,0
5,1.0,1.0,5.0,P454313,51,34.0,1.0,0,0,1,0,0,0,0,0,0,0,0,0,0,0,1,0,0,0,0,1,0,0,0,0,0,1,0,0,0,0
3,0.0,0.800000012,5.0,P409631,115,22.0,0.6989700043360187,0,0,0,0,1,0,0,0,0,0,0,0,0,0,0,0,0,0,1,1,0,0,0,1,0,0,0,0,0,0
5,1.0,1.0,4.0,P409631,115,22.0,1.0,0,0,1,0,0,0,0,0,0,0,0,0,0,0,1,0,0,0,0,0,0,1,0,0,0,0,1,0,0,0
5,1.0,1.0,6.0,P409631,115,22.0,1.0,0,0,1,0,0,0,0,0,0,0,0,0,0,0,0,1,0,0,0,1,0,0,0,0,0,0,1,0,0,0
4,1.0,0.800000012,5.0,P409631,115,22.0,0.6989700043360187,0,0,1,0,0,0,0,0,0,0,0,0,0,0,0,1,0,0,0,1,0,0,0,0,0,0,1,0,0,0
4,1.0,0.583333015,12.0,P453224,4,65.0,0.5371566952531242,0,0,0,0,0,0,0,1,0,0,0,0,0,0,0,1,0,0,0,0,0,1,0,0,1,0,0,0,0,0
2,0.0,1.0,5.0,P453224,4,65.0,1.0,0,0,0,0,0,0,0,1,0,0,0,0,0,0,0,1,0,0,0,1,0,0,0,0,1,0,0,0,0,0
5,1.0,0.800000012,10.0,P453224,4,65.0,0.6666666666666666,0,0,0,0,0,1,0,0,0,0,0,0,0,0,0,0,0,0,1,0,0,1,0,0,0,0,1,0,0,0
2,0.0,0.5,10.0,P453224,4,65.0,0.5,0,0,0,0,1,0,0,0,0,0,0,0,0,0,0,0,0,1,0,1,0,0,0,0,1,0,0,0,0,0
5,1.0,1.0,5.0,P453224,4,65.0,1.0,0,0,0,0,1,0,0,0,0,0,0,0,0,0,1,0,0,0,0,1,0,0,0,0,0,1,0,0,0,0
2,0.0,0.913043022,23.0,P453224,4,65.0,0.7377797560147545,0,0,0,0,0,0,1,0,0,0,0,0,0,0,0,1,0,0,0,1,0,0,0,0,0,0,1,0,0,0
3,0.0,0.666666985,15.0,P453224,4,65.0,0.5723372020956964,0,0,0,1,0,0,0,0,0,0,0,0,0,0,0,0,0,1,0,0,1,0,0,0,0,0,1,0,0,0
5,1.0,1.0,11.0,P453224,4,65.0,1.0,0,0,0,0,1,0,0,0,0,0,0,0,0,0,0,0,0,1,0,0,1,0,0,0,0,1,0,0,0,0
5,1.0,0.899999976,10.0,P453224,4,65.0,0.7686217868402409,0,0,0,0,0,0,0,1,0,0,0,0,0,0,0,0,0,0,1,0,1,0,0,0,0,0,1,0,0,0
4,1.0,1.0,4.0,P453224,4,65.0,1.0,0,0,0,1,0,0,0,0,0,0,0,0,0,0,0,0,0,1,0,1,0,0,0,0,0,1,0,0,0,0
5,1.0,0.780668974,113.72000000000116,P453224,4,65.0,0.5665618562169242,0,0,1,0,0,0,0,0,0,0,0,0,0,0,0,1,0,0,0,1,0,0,0,0,0,0,1,0,0,0
5,1.0,1.0,4.0,P453224,4,65.0,1.0,0,0,1,0,0,0,0,0,0,0,0,0,0,0,0,0,0,1,0,0,1,0,0,0,0,1,0,0,0,0
4,1.0,0.0,4.0,P453224,4,65.0,0.0,0,0,0,0,0,0,0,1,0,0,0,0,0,0,0,1,0,0,0,1,0,0,0,0,1,0,0,0,0,0
4,1.0,0.800000012,10.0,P475589,68,37.0,0.6666666666666666,0,0,0,0,0,0,1,0,0,0,0,0,0,0,0,0,0,0,1,1,0,0,0,0,0,0,0,0,1,0
5,1.0,1.0,5.0,P475589,68,37.0,1.0,0,0,0,0,0,0,1,0,0,0,0,0,0,0,0,1,0,0,0,1,0,0,0,0,0,0,1,0,0,0
5,1.0,1.0,8.0,P475589,68,37.0,1.0,0,0,0,0,0,0,0,0,0,0,0,0,1,0,0,1,0,0,0,1,0,0,0,0,1,0,0,0,0,0
4,1.0,0.75,4.0,P475589,68,37.0,0.6666666666666667,0,0,0,0,0,0,1,0,0,0,0,0,0,0,0,1,0,0,0,1,0,0,0,0,0,0,1,0,0,0
2,0.0,0.571429014,7.0,P443830,99,14.99,0.5372435736804816,0,0,0,1,0,0,0,0,0,0,0,0,0,0,0,0,0,1,0,1,0,0,0,0,0,0,0,0,0,1
5,1.0,1.0,27.0,P443830,99,14.99,1.0,0,0,0,0,0,1,0,0,0,0,0,0,0,0,0,1,0,0,0,1,0,0,0,0,0,0,1,0,0,0
4,1.0,1.0,5.0,P443830,99,14.99,1.0,0,0,0,0,0,0,0,0,0,0,0,0,1,0,0,1,0,0,0,0,0,1,0,0,0,0,1,0,0,0
5,1.0,0.75,8.0,P443830,99,14.99,0.6391511932854698,0,0,1,0,0,0,0,0,0,0,0,0,0,0,0,1,0,0,0,1,0,0,0,0,0,0,1,0,0,0
3,1.0,0.75,4.0,P443830,99,14.99,0.6666666666666667,0,0,0,0,1,0,0,0,0,0,0,0,0,0,0,1,0,0,0,0,0,1,0,0,0,0,1,0,0,0
5,1.0,0.888889015,18.0,P443830,99,14.99,0.7205846872952778,0,0,0,0,0,0,1,0,0,0,0,0,0,0,0,1,0,0,0,0,1,0,0,0,1,0,0,0,0,0
4,1.0,0.75,4.0,P443830,99,14.99,0.6666666666666667,0,0,0,0,0,0,1,0,0,0,0,0,0,0,0,1,0,0,0,1,0,0,0,0,0,1,0,0,0,0
5,1.0,1.0,17.0,P443830,99,14.99,1.0,0,1,0,0,0,0,0,0,0,0,0,0,0,0,0,1,0,0,0,0,0,0,1,0,0,0,1,0,0,0
5,1.0,1.0,4.0,P400203,37,74.0,1.0,0,0,0,0,1,0,0,0,0,0,0,0,0,0,0,0,0,1,0,1,0,0,0,1,0,0,0,0,0,0
5,1.0,0.888889015,54.0,P400203,37,74.0,0.6666666666666667,0,0,0,0,0,1,0,0,0,0,0,0,0,0,0,0,0,0,1,0,0,1,0,0,0,0,1,0,0,0
5,1.0,1.0,8.0,P400203,37,74.0,1.0,0,0,0,0,1,0,0,0,0,0,0,0,0,0,0,0,0,0,1,1,0,0,0,0,0,0,1,0,0,0
4,1.0,0.875,8.0,P400203,37,74.0,0.75,0,0,0,0,0,1,0,0,0,0,0,0,0,0,0,1,0,0,0,1,0,0,0,0,1,0,0,0,0,0
2,0.0,0.857142985,7.0,P400203,37,74.0,0.7373504649628064,0,0,0,0,0,1,0,0,0,0,0,0,0,0,0,1,0,0,0,1,0,0,0,0,0,0,1,0,0,0
4,1.0,0.833333015,6.0,P400203,37,74.0,0.7210570543488701,0,0,0,0,1,0,0,0,0,0,0,0,0,0,0,1,0,0,0,1,0,0,0,0,1,0,0,0,0,0
5,1.0,0.800000012,5.0,P400203,37,74.0,0.6989700043360187,0,0,0,0,0,1,0,0,0,0,0,0,0,0,0,0,0,1,0,0,0,0,1,0,0,0,1,0,0,0
1,0.0,0.845528007,113.72000000000116,P400203,37,74.0,0.6083852749497133,0,0,1,0,0,0,0,0,0,0,0,0,0,0,0,0,0,0,1,1,0,0,0,0,0,1,0,0,0,0
5,1.0,0.9375,16.0,P400203,37,74.0,0.7999999999999999,0,0,0,0,1,0,0,0,0,0,0,0,0,0,0,1,0,0,0,1,0,0,0,0,0,0,1,0,0,0
5,1.0,0.800000012,5.0,P400203,37,74.0,0.6989700043360187,0,0,0,0,1,0,0,0,0,0,0,0,0,0,0,1,0,0,0,1,0,0,0,0,0,0,1,0,0,0
4,1.0,0.875,24.0,P400203,37,74.0,0.6903752345284636,0,0,0,0,1,0,0,0,0,0,0,0,0,0,0,1,0,0,0,1,0,0,0,0,0,0,1,0,0,0
5,1.0,1.0,4.0,P479904,37,15.0,1.0,0,0,0,0,1,0,0,0,0,0,0,0,0,0,0,0,0,1,0,1,0,0,0,1,0,0,0,0,0,0
5,1.0,0.888889015,54.0,P479904,37,15.0,0.6666666666666667,0,0,0,0,0,1,0,0,0,0,0,0,0,0,0,0,0,0,1,0,0,1,0,0,0,0,1,0,0,0
5,1.0,1.0,8.0,P479904,37,15.0,1.0,0,0,0,0,1,0,0,0,0,0,0,0,0,0,0,0,0,0,1,1,0,0,0,0,0,0,1,0,0,0
4,1.0,0.875,8.0,P479904,37,15.0,0.75,0,0,0,0,0,1,0,0,0,0,0,0,0,0,0,1,0,0,0,1,0,0,0,0,1,0,0,0,0,0
2,0.0,0.857142985,7.0,P479904,37,15.0,0.7373504649628064,0,0,0,0,0,1,0,0,0,0,0,0,0,0,0,1,0,0,0,1,0,0,0,0,0,0,1,0,0,0
4,1.0,0.833333015,6.0,P479904,37,15.0,0.7210570543488701,0,0,0,0,1,0,0,0,0,0,0,0,0,0,0,1,0,0,0,1,0,0,0,0,1,0,0,0,0,0
5,1.0,0.800000012,5.0,P479904,37,15.0,0.6989700043360187,0,0,0,0,0,1,0,0,0,0,0,0,0,0,0,0,0,1,0,0,0,0,1,0,0,0,1,0,0,0
1,0.0,0.845528007,113.72000000000116,P479904,37,15.0,0.6083852749497133,0,0,1,0,0,0,0,0,0,0,0,0,0,0,0,0,0,0,1,1,0,0,0,0,0,1,0,0,0,0
5,1.0,0.9375,16.0,P479904,37,15.0,0.7999999999999999,0,0,0,0,1,0,0,0,0,0,0,0,0,0,0,1,0,0,0,1,0,0,0,0,0,0,1,0,0,0
5,1.0,0.800000012,5.0,P479904,37,15.0,0.6989700043360187,0,0,0,0,1,0,0,0,0,0,0,0,0,0,0,1,0,0,0,1,0,0,0,0,0,0,1,0,0,0
4,1.0,0.875,24.0,P479904,37,15.0,0.6903752345284636,0,0,0,0,1,0,0,0,0,0,0,0,0,0,0,1,0,0,0,1,0,0,0,0,0,0,1,0,0,0
2,0.0,0.875,16.0,P505346,91,110.0,0.7113975059201018,0,0,0,0,0,0,0,1,0,0,0,0,0,0,0,1,0,0,0,0,0,0,1,0,1,0,0,0,0,0
5,1.0,0.600000024,5.0,P505346,91,110.0,0.5578858913022596,0,0,0,0,0,1,0,0,0,0,0,0,0,0,0,1,0,0,0,1,0,0,0,0,0,0,1,0,0,0
5,1.0,0.625,8.0,P505346,91,110.0,0.5637914160289369,0,0,0,0,1,0,0,0,0,0,0,0,0,0,0,0,0,1,0,0,0,1,0,0,0,1,0,0,0,0
5,1.0,0.9375,16.0,P505346,91,110.0,0.7999999999999999,0,0,1,0,0,0,0,0,0,0,0,0,0,0,1,0,0,0,0,1,0,0,0,0,0,1,0,0,0,0
3,0.0,0.200000003,25.0,P505346,91,110.0,0.370482842750058,0,0,0,1,0,0,0,0,0,0,0,0,0,0,0,0,0,1,0,0,1,0,0,0,0,0,1,0,0,0
3,0.0,0.125,40.0,P505346,91,110.0,0.3333333333333333,0,0,0,0,1,0,0,0,0,0,0,0,0,0,0,1,0,0,0,1,0,0,0,1,0,0,0,0,0,0
5,1.0,1.0,12.0,P427411,101,11.1,1.0,0,0,1,0,0,0,0,0,0,0,0,0,0,0,0,0,0,0,1,0,1,0,0,0,0,0,1,0,0,0
5,1.0,1.0,11.0,P427411,101,11.1,1.0,0,0,1,0,0,0,0,0,0,0,0,0,0,0,0,1,0,0,0,0,1,0,0,0,0,0,1,0,0,0
3,1.0,0.363635987,22.0,P427411,101,11.1,0.4479309878815179,0,0,0,0,1,0,0,0,0,0,0,0,0,0,0,1,0,0,0,0,1,0,0,0,0,0,1,0,0,0
3,1.0,0.888889015,9.0,P427411,101,11.1,0.7601875334318686,0,0,0,1,0,0,0,0,0,0,0,0,0,0,0,0,0,1,0,0,1,0,0,0,0,1,0,0,0,0
5,1.0,0.75,8.0,P427411,101,11.1,0.6391511932854698,0,0,1,0,0,0,0,0,0,0,0,0,0,0,0,0,0,0,1,0,1,0,0,0,0,0,1,0,0,0
5,1.0,0.896552026,29.0,P427411,101,11.1,0.7039180890341348,0,0,0,0,1,0,0,0,0,0,0,0,0,0,0,1,0,0,0,1,0,0,0,0,0,0,1,0,0,0
5,1.0,1.0,4.0,P427411,101,11.1,1.0,0,0,0,1,0,0,0,0,0,0,0,0,0,0,1,0,0,0,0,1,0,0,0,0,0,1,0,0,0,0
5,1.0,0.916666985,12.0,P427411,101,11.1,0.7818957080144684,0,0,0,1,0,0,0,0,0,0,0,0,0,0,1,0,0,0,0,0,1,0,0,0,0,1,0,0,0,0
5,1.0,0.545454979,11.0,P427411,101,11.1,0.5206212286759117,0,0,0,0,0,0,1,0,0,0,0,0,0,0,0,1,0,0,0,1,0,0,0,0,0,0,1,0,0,0
5,1.0,0.75,8.0,P427411,101,11.1,0.6391511932854698,0,0,0,0,0,1,0,0,0,0,0,0,0,0,0,1,0,0,0,1,0,0,0,0,1,0,0,0,0,0
4,1.0,0.875,8.0,P427411,101,11.1,0.75,0,0,0,0,1,0,0,0,0,0,0,0,0,0,0,1,0,0,0,0,0,1,0,0,1,0,0,0,0,0
5,1.0,0.84375,32.0,P427411,101,11.1,0.6503177078468212,0,0,0,0,0,0,0,1,0,0,0,0,0,0,0,1,0,0,0,0,0,0,1,0,1,0,0,0,0,0
5,1.0,1.0,12.0,P427411,101,11.1,1.0,0,0,1,0,0,0,0,0,0,0,0,0,0,0,0,0,0,0,1,0,1,0,0,0,0,0,1,0,0,0
5,1.0,1.0,7.0,P427411,101,11.1,1.0,0,0,1,0,0,0,0,0,0,0,0,0,0,0,1,0,0,0,0,1,0,0,0,0,0,0,0,0,0,1
5,1.0,0.941175997,17.0,P427411,101,11.1,0.8034383677671774,0,0,0,0,0,1,0,0,0,0,0,0,0,0,0,0,0,0,1,0,1,0,0,0,0,0,1,0,0,0
5,1.0,0.866666973,15.0,P427411,101,11.1,0.7060702520912807,0,0,0,0,0,0,0,1,0,0,0,0,0,0,0,1,0,0,0,0,0,0,1,0,0,0,1,0,0,0
5,1.0,1.0,14.0,P427411,101,11.1,1.0,0,0,1,0,0,0,0,0,0,0,0,0,0,0,1,0,0,0,0,1,0,0,0,0,0,0,0,0,0,1
4,1.0,0.714286029,14.0,P427411,101,11.1,0.5983768161916053,0,0,1,0,0,0,0,0,0,0,0,0,0,0,0,1,0,0,0,0,1,0,0,0,0,0,1,0,0,0
2,0.0,0.25,4.0,P427411,101,11.1,0.3333333333333333,0,0,0,0,0,1,0,0,0,0,0,0,0,0,0,0,0,0,1,1,0,0,0,0,0,0,1,0,0,0
1,0.0,0.839827001,113.72000000000116,P427411,101,11.1,0.5917680077685837,0,0,0,0,0,0,0,0,0,0,0,0,1,0,0,1,0,0,0,0,0,0,1,0,1,0,0,0,0,0
5,1.0,1.0,7.0,P427411,101,11.1,1.0,0,0,0,0,1,0,0,0,0,0,0,0,0,0,0,0,0,0,1,1,0,0,0,0,0,0,1,0,0,0
5,1.0,0.75,4.0,P427411,101,11.1,0.6666666666666667,0,0,0,0,1,0,0,0,0,0,0,0,0,0,1,0,0,0,0,1,0,0,0,0,0,1,0,0,0,0
4,1.0,0.947368026,38.0,P427411,101,11.1,0.7667257153671132,0,0,1,0,0,0,0,0,0,0,0,0,0,0,1,0,0,0,0,1,0,0,0,0,0,1,0,0,0,0
1,0.0,0.636363983,11.0,P458755,10,85.0,0.5637054741273227,0,0,0,0,0,0,1,0,0,0,0,0,0,0,0,1,0,0,0,0,0,1,0,0,1,0,0,0,0,0
2,0.0,0.888889015,18.0,P458755,10,85.0,0.7205846872952778,0,0,0,0,0,1,0,0,0,0,0,0,0,0,0,1,0,0,0,0,1,0,0,0,1,0,0,0,0,0
5,1.0,0.600000024,5.0,P458755,10,85.0,0.5578858913022596,0,0,0,0,0,1,0,0,0,0,0,0,0,0,0,1,0,0,0,0,1,0,0,0,0,0,1,0,0,0
2,0.0,1.0,8.0,P458755,10,85.0,1.0,0,0,0,0,1,0,0,0,0,0,0,0,0,0,1,0,0,0,0,1,0,0,0,0,0,1,0,0,0,0
5,1.0,0.300000012,10.0,P458755,10,85.0,0.3999999999999999,0,0,1,0,0,0,0,0,0,0,0,0,0,0,0,0,0,0,1,1,0,0,0,0,1,0,0,0,0,0
2,0.0,0.769231021,13.0,P309310,93,35.0,0.6336614981727328,0,0,0,0,0,1,0,0,0,0,0,0,0,0,0,0,0,1,0,1,0,0,0,0,0,0,1,0,0,0
1,0.0,1.0,5.0,P309310,93,35.0,1.0,0,0,0,0,1,0,0,0,0,0,0,0,0,0,0,0,0,1,0,1,0,0,0,0,0,0,0,0,1,0
1,0.0,0.714286029,7.0,P309310,93,35.0,0.6199062332840658,0,0,0,0,0,0,0,0,0,0,0,0,1,0,0,1,0,0,0,1,0,0,0,0,0,0,1,0,0,0
1,0.0,0.833333015,6.0,P309310,93,35.0,0.7210570543488701,0,0,1,0,0,0,0,0,0,0,0,0,0,0,0,0,0,1,0,1,0,0,0,0,0,1,0,0,0,0
2,0.0,0.981684983,113.72000000000116,P309310,93,35.0,0.757426854326259,0,0,0,0,1,0,0,0,0,0,0,0,0,0,0,0,0,1,0,1,0,0,0,0,0,0,1,0,0,0
5,1.0,0.600000024,5.0,P309310,93,35.0,0.5578858913022596,0,0,0,0,0,1,0,0,0,0,0,0,0,0,0,1,0,0,0,1,0,0,0,0,1,0,0,0,0,0
4,0.0,1.0,7.0,P474937,9,30.0,1.0,0,0,0,0,1,0,0,0,0,0,0,0,0,0,0,0,0,1,0,0,0,0,1,0,0,1,0,0,0,0
5,1.0,1.0,4.0,P474937,9,30.0,1.0,0,0,0,0,0,0,0,0,0,0,1,0,0,0,1,0,0,0,0,1,0,0,0,0,0,1,0,0,0,0
5,1.0,0.866666973,15.0,P474937,9,30.0,0.7060702520912807,0,1,0,0,0,0,0,0,0,0,0,0,0,0,0,1,0,0,0,1,0,0,0,0,1,0,0,0,0,0
5,1.0,0.894737005,19.0,P474937,9,30.0,0.7245884476238132,0,0,1,0,0,0,0,0,0,0,0,0,0,0,1,0,0,0,0,1,0,0,0,0,0,0,0,1,0,0
5,1.0,0.600000024,5.0,P474937,9,30.0,0.5578858913022596,0,0,0,0,0,0,1,0,0,0,0,0,0,0,0,1,0,0,0,1,0,0,0,0,0,0,0,1,0,0
1,0.0,0.400000006,45.0,P404322,47,44.0,0.4691104384320037,0,0,1,0,0,0,0,0,0,0,0,0,0,0,0,1,0,0,0,0,0,1,0,0,0,0,1,0,0,0
5,1.0,0.833333015,6.0,P404322,47,44.0,0.7210570543488701,0,0,0,0,0,0,0,1,0,0,0,0,0,0,0,0,0,1,0,1,0,0,0,0,1,0,0,0,0,0
1,0.0,0.4375,48.0,P404322,47,44.0,0.4812274027305793,0,0,0,0,0,1,0,0,0,0,0,0,0,0,0,1,0,0,0,1,0,0,0,0,1,0,0,0,0,0
5,1.0,1.0,5.0,P404322,47,44.0,1.0,0,0,1,0,0,0,0,0,0,0,0,0,0,0,0,0,0,1,0,0,1,0,0,0,0,0,1,0,0,0
1,0.0,0.769231021,13.0,P404322,47,44.0,0.6336614981727328,0,0,1,0,0,0,0,0,0,0,0,0,0,0,1,0,0,0,0,1,0,0,0,0,0,0,1,0,0,0
5,1.0,1.0,4.0,P404322,47,44.0,1.0,0,0,1,0,0,0,0,0,0,0,0,0,0,0,0,1,0,0,0,1,0,0,0,0,0,0,1,0,0,0
5,1.0,0.766667008,60.0,P404322,47,44.0,0.5870740281818044,0,0,1,0,0,0,0,0,0,0,0,0,0,0,0,1,0,0,0,1,0,0,0,0,0,0,1,0,0,0
5,1.0,1.0,6.0,P404322,47,44.0,1.0,0,0,1,0,0,0,0,0,0,0,0,0,0,0,0,1,0,0,0,1,0,0,0,0,0,0,1,0,0,0
2,0.0,0.666666985,9.0,P448202,84,75.0,0.583970804646981,0,0,0,0,1,0,0,0,0,0,0,0,0,0,0,1,0,0,0,0,1,0,0,0,0,1,0,0,0,0
4,1.0,0.83871001,31.0,P453930,14,74.0,0.6478180753414248,0,0,0,0,1,0,0,0,0,0,0,0,0,0,1,0,0,0,0,0,0,1,0,0,0,1,0,0,0,0
1,0.0,0.600000024,30.0,P453930,14,74.0,0.5344402680041584,0,0,0,0,0,0,0,0,0,0,0,1,0,0,0,1,0,0,0,1,0,0,0,0,0,0,1,0,0,0
5,1.0,1.0,12.0,P39970,111,15.0,1.0,0,0,1,0,0,0,0,0,0,0,0,0,0,0,0,0,0,0,1,1,0,0,0,1,0,0,0,0,0,0
4,1.0,0.9375,16.0,P39970,111,15.0,0.7999999999999999,0,0,0,0,0,1,0,0,0,0,0,0,0,0,0,1,0,0,0,1,0,0,0,0,0,0,1,0,0,0
3,1.0,0.75,4.0,P39970,111,15.0,0.6666666666666667,0,0,0,0,0,1,0,0,0,0,0,0,0,0,0,1,0,0,0,1,0,0,0,0,0,0,1,0,0,0
3,0.0,0.777778029,9.0,P463105,84,75.0,0.6543128759565946,0,0,0,0,0,1,0,0,0,0,0,0,0,0,0,1,0,0,0,1,0,0,0,0,1,0,0,0,0,0
2,0.0,0.666666985,9.0,P442838,86,44.0,0.583970804646981,0,0,0,0,1,0,0,0,0,0,0,0,0,0,1,0,0,0,0,1,0,0,0,0,0,1,0,0,0,0
2,0.0,0.384615004,13.0,P442838,86,44.0,0.4491768952476266,0,0,1,0,0,0,0,0,0,0,0,0,0,0,0,0,0,0,1,1,0,0,0,0,0,0,1,0,0,0
3,0.0,0.75,12.0,P442838,86,44.0,0.6241963505817848,0,0,0,0,1,0,0,0,0,0,0,0,0,0,0,1,0,0,0,0,1,0,0,0,0,0,1,0,0,0
5,1.0,1.0,6.0,P442838,86,44.0,1.0,0,0,1,0,0,0,0,0,0,0,0,0,0,0,0,0,0,0,1,0,1,0,0,0,0,0,1,0,0,0
5,1.0,1.0,11.0,P442838,86,44.0,1.0,0,0,0,0,0,1,0,0,0,0,0,0,0,0,0,1,0,0,0,0,1,0,0,0,0,0,1,0,0,0
4,1.0,0.916666985,12.0,P442838,86,44.0,0.7818957080144684,0,0,0,0,1,0,0,0,0,0,0,0,0,0,0,1,0,0,0,1,0,0,0,0,0,0,1,0,0,0
5,1.0,1.0,15.0,P442838,86,44.0,1.0,0,0,1,0,0,0,0,0,0,0,0,0,0,0,0,1,0,0,0,1,0,0,0,0,0,0,0,0,0,1
1,0.0,0.92592603,27.0,P442838,86,44.0,0.7478343556177288,0,0,1,0,0,0,0,0,0,0,0,0,0,0,0,1,0,0,0,1,0,0,0,0,0,0,1,0,0,0
5,1.0,1.0,15.0,P442838,86,44.0,1.0,0,0,1,0,0,0,0,0,0,0,0,0,0,0,1,0,0,0,0,1,0,0,0,0,0,0,1,0,0,0
1,0.0,0.699999988,10.0,P442838,86,44.0,0.6,0,0,0,0,1,0,0,0,0,0,0,0,0,0,0,1,0,0,0,1,0,0,0,0,0,0,1,0,0,0
5,1.0,0.908676028,113.72000000000116,P442838,86,44.0,0.6350736069312208,0,0,0,1,0,0,0,0,0,0,0,0,0,0,0,0,0,1,0,0,1,0,0,0,0,1,0,0,0,0
5,1.0,0.833333015,6.0,P411393,40,35.0,0.7210570543488701,0,0,0,0,0,1,0,0,0,0,0,0,0,0,0,0,0,0,1,0,0,0,1,0,0,0,1,0,0,0
5,1.0,0.75,4.0,P411393,40,35.0,0.6666666666666667,0,0,0,0,1,0,0,0,0,0,0,0,0,0,0,0,0,0,1,1,0,0,0,0,0,0,1,0,0,0
5,1.0,1.0,43.0,P411393,40,35.0,1.0,0,0,1,0,0,0,0,0,0,0,0,0,0,0,1,0,0,0,0,0,1,0,0,0,0,0,1,0,0,0
1,0.0,1.0,8.0,P411393,40,35.0,1.0,0,0,0,0,0,0,0,1,0,0,0,0,0,0,0,0,0,1,0,1,0,0,0,1,0,0,0,0,0,0
4,1.0,1.0,5.0,P411393,40,35.0,1.0,0,0,0,0,1,0,0,0,0,0,0,0,0,0,0,1,0,0,0,0,0,0,1,0,0,0,1,0,0,0
2,0.0,1.0,5.0,P411393,40,35.0,1.0,0,0,0,1,0,0,0,0,0,0,0,0,0,0,1,0,0,0,0,1,0,0,0,0,0,1,0,0,0,0
2,0.0,0.857142985,7.0,P411393,40,35.0,0.7373504649628064,0,0,0,0,1,0,0,0,0,0,0,0,0,0,1,0,0,0,0,1,0,0,0,0,0,1,0,0,0,0
5,1.0,1.0,80.0,P411393,40,35.0,1.0,0,0,0,1,0,0,0,0,0,0,0,0,0,0,1,0,0,0,0,1,0,0,0,0,0,0,1,0,0,0
5,1.0,1.0,27.0,P411393,40,35.0,1.0,0,0,0,0,1,0,0,0,0,0,0,0,0,0,0,1,0,0,0,1,0,0,0,0,0,0,1,0,0,0
5,1.0,0.947368026,19.0,P411393,40,35.0,0.8094485875732266,0,0,0,0,1,0,0,0,0,0,0,0,0,0,0,1,0,0,0,1,0,0,0,0,0,1,0,0,0,0
5,1.0,0.952381015,21.0,P411393,40,35.0,0.814550976584631,0,0,0,1,0,0,0,0,0,0,0,0,0,0,0,0,0,0,1,0,1,0,0,0,0,0,1,0,0,0
4,1.0,1.0,21.0,P411393,40,35.0,1.0,0,0,0,0,1,0,0,0,0,0,0,0,0,0,1,0,0,0,0,0,0,0,1,0,0,0,1,0,0,0
5,1.0,1.0,14.0,P411393,40,35.0,1.0,0,0,0,0,1,0,0,0,0,0,0,0,0,0,1,0,0,0,0,1,0,0,0,0,0,0,1,0,0,0
1,1.0,0.75,4.0,P411393,40,35.0,0.6666666666666667,0,0,0,0,1,0,0,0,0,0,0,0,0,0,1,0,0,0,0,1,0,0,0,0,0,0,1,0,0,0
4,1.0,0.909090996,11.0,P411393,40,35.0,0.7757561757824245,0,0,0,0,1,0,0,0,0,0,0,0,0,0,1,0,0,0,0,0,1,0,0,0,0,0,1,0,0,0
5,1.0,0.952381015,21.0,P411393,40,35.0,0.814550976584631,0,0,0,0,1,0,0,0,0,0,0,0,0,0,1,0,0,0,0,1,0,0,0,0,0,0,1,0,0,0
1,0.0,0.666666985,6.0,P475921,11,82.0,0.5943161289177871,0,0,0,0,0,1,0,0,0,0,0,0,0,0,1,0,0,0,0,1,0,0,0,0,0,0,1,0,0,0
1,0.0,1.0,13.0,P502656,40,72.0,1.0,0,0,0,0,0,0,1,0,0,0,0,0,0,0,0,1,0,0,0,1,0,0,0,0,0,0,0,1,0,0
2,0.0,0.375,8.0,P502656,40,72.0,0.4362085839710631,0,0,0,0,1,0,0,0,0,0,0,0,0,0,1,0,0,0,0,0,0,1,0,0,0,0,0,1,0,0
1,0.0,0.272727013,11.0,P502656,40,72.0,0.3868528072345414,0,0,0,0,0,0,1,0,0,0,0,0,0,0,0,1,0,0,0,1,0,0,0,0,1,0,0,0,0,0
3,0.0,0.608695984,23.0,P502656,40,72.0,0.5404604490558215,0,0,0,0,1,0,0,0,0,0,0,0,0,0,1,0,0,0,0,0,1,0,0,0,0,1,0,0,0,0
5,1.0,1.0,6.0,P502656,40,72.0,1.0,0,0,0,0,1,0,0,0,0,0,0,0,0,0,0,0,0,1,0,0,0,1,0,0,0,0,0,1,0,0
3,1.0,0.75,4.0,P502656,40,72.0,0.6666666666666667,0,0,0,0,0,0,0,0,0,0,1,0,0,0,0,1,0,0,0,1,0,0,0,0,0,0,0,1,0,0
1,0.0,0.200000003,5.0,P502656,40,72.0,0.3010299956639811,0,0,0,0,1,0,0,0,0,0,0,0,0,0,0,0,0,0,1,1,0,0,0,0,0,0,0,1,0,0
1,0.0,0.714286029,14.0,P502656,40,72.0,0.5983768161916053,0,0,0,0,0,0,1,0,0,0,0,0,0,0,0,1,0,0,0,1,0,0,0,0,1,0,0,0,0,0
5,1.0,0.833333015,12.0,P502656,40,72.0,0.6857972507265685,0,0,0,0,0,0,0,0,0,1,0,0,0,0,0,1,0,0,0,1,0,0,0,0,0,0,0,1,0,0
5,1.0,0.5,6.0,P502656,40,72.0,0.5,0,0,0,0,1,0,0,0,0,0,0,0,0,0,1,0,0,0,0,0,1,0,0,0,0,1,0,0,0,0
5,1.0,0.800000012,5.0,P375850,79,75.0,0.6989700043360187,0,0,0,0,1,0,0,0,0,0,0,0,0,0,0,1,0,0,0,1,0,0,0,0,0,0,1,0,0,0
4,1.0,0.888889015,9.0,P375850,79,75.0,0.7601875334318686,0,0,0,0,1,0,0,0,0,0,0,0,0,0,0,1,0,0,0,1,0,0,0,0,0,0,1,0,0,0
5,1.0,0.875,8.0,P122881,7,20.0,0.75,0,0,0,0,0,1,0,0,0,0,0,0,0,0,0,1,0,0,0,1,0,0,0,0,1,0,0,0,0,0
5,1.0,1.0,6.0,P122881,7,20.0,1.0,0,0,0,0,0,1,0,0,0,0,0,0,0,0,0,1,0,0,0,0,0,0,1,0,0,0,1,0,0,0
5,1.0,1.0,5.0,P122881,7,20.0,1.0,0,0,0,0,0,1,0,0,0,0,0,0,0,0,0,1,0,0,0,0,0,0,1,0,1,0,0,0,0,0
2,0.0,0.5,4.0,P467655,99,9.99,0.5,0,0,1,0,0,0,0,0,0,0,0,0,0,0,0,0,0,0,1,0,0,0,1,0,0,0,1,0,0,0
2,0.0,0.5,8.0,P467655,99,9.99,0.5,0,0,0,1,0,0,0,0,0,0,0,0,0,0,0,0,0,1,0,1,0,0,0,0,0,1,0,0,0,0
1,0.0,0.714286029,7.0,P467655,99,9.99,0.6199062332840658,0,0,1,0,0,0,0,0,0,0,0,0,0,0,1,0,0,0,0,0,1,0,0,0,0,1,0,0,0,0
4,1.0,0.5,4.0,P467655,99,9.99,0.5,0,0,0,0,1,0,0,0,0,0,0,0,0,0,0,1,0,0,0,1,0,0,0,0,0,0,1,0,0,0
5,1.0,0.571429014,7.0,P467655,99,9.99,0.5372435736804816,0,0,1,0,0,0,0,0,0,0,0,0,0,0,1,0,0,0,0,0,0,0,1,0,0,1,0,0,0,0
5,1.0,1.0,5.0,P467655,99,9.99,1.0,0,0,0,0,0,0,0,0,0,0,0,0,1,0,0,1,0,0,0,1,0,0,0,0,1,0,0,0,0,0
1,0.0,1.0,4.0,P467655,99,9.99,1.0,0,0,1,0,0,0,0,0,0,0,0,0,0,0,0,0,0,0,1,1,0,0,0,0,0,0,1,0,0,0
2,0.0,1.0,6.0,P467655,99,9.99,1.0,0,0,0,0,0,1,0,0,0,0,0,0,0,0,0,0,0,1,0,1,0,0,0,0,0,0,0,0,0,1
4,1.0,0.125,8.0,P467655,99,9.99,0.2499999999999999,0,0,0,0,0,1,0,0,0,0,0,0,0,0,0,0,0,1,0,1,0,0,0,1,0,0,0,0,0,0
5,1.0,0.75,20.0,P440949,1,56.0,0.6074446133234529,0,0,1,0,0,0,0,0,0,0,0,0,0,0,0,0,0,1,0,0,1,0,0,0,0,1,0,0,0,0
3,0.0,0.857142985,7.0,P440949,1,56.0,0.7373504649628064,0,0,0,0,1,0,0,0,0,0,0,0,0,0,1,0,0,0,0,0,0,1,0,0,0,1,0,0,0,0
5,1.0,1.0,4.0,P440949,1,56.0,1.0,0,0,0,0,0,0,1,0,0,0,0,0,0,0,0,1,0,0,0,0,1,0,0,0,0,1,0,0,0,0
4,1.0,0.428570986,63.0,P440949,1,56.0,0.4799288140482015,0,0,0,0,1,0,0,0,0,0,0,0,0,0,0,1,0,0,0,0,0,0,1,0,0,0,1,0,0,0
5,1.0,1.0,6.0,P501760,34,38.0,1.0,0,0,0,0,1,0,0,0,0,0,0,0,0,0,0,1,0,0,0,1,0,0,0,0,0,0,1,0,0,0
2,0.0,0.800000012,5.0,P501760,34,38.0,0.6989700043360187,0,0,0,0,1,0,0,0,0,0,0,0,0,0,1,0,0,0,0,1,0,0,0,0,0,0,1,0,0,0
5,1.0,1.0,5.0,P501760,34,38.0,1.0,0,0,0,0,0,0,1,0,0,0,0,0,0,0,0,1,0,0,0,1,0,0,0,0,0,0,1,0,0,0
1,0.0,0.800000012,10.0,P422022,48,65.0,0.6666666666666666,0,0,0,0,0,1,0,0,0,0,0,0,0,0,0,1,0,0,0,1,0,0,0,0,0,0,1,0,0,0
1,0.0,0.886363983,44.0,P422022,48,65.0,0.6730747100311667,0,0,0,0,0,0,0,0,0,0,0,0,1,0,0,1,0,0,0,0,1,0,0,0,1,0,0,0,0,0
1,0.0,0.880952001,42.0,P422022,48,65.0,0.6699861103568933,0,0,0,0,1,0,0,0,0,0,0,0,0,0,0,1,0,0,0,0,1,0,0,0,1,0,0,0,0,0
1,0.0,1.0,13.0,P422022,48,65.0,1.0,0,0,0,0,0,0,0,1,0,0,0,0,0,0,0,1,0,0,0,0,1,0,0,0,0,0,1,0,0,0
1,0.0,0.423076987,26.0,P422022,48,65.0,0.4726407678851818,0,0,0,0,1,0,0,0,0,0,0,0,0,0,0,1,0,0,0,0,0,0,1,0,0,0,1,0,0,0
1,0.0,0.666666985,9.0,P422022,48,65.0,0.583970804646981,0,0,0,0,1,0,0,0,0,0,0,0,0,0,0,0,0,0,1,0,0,0,1,0,0,1,0,0,0,0
1,0.0,0.611110985,18.0,P422022,48,65.0,0.5444165400074104,0,0,0,0,0,1,0,0,0,0,0,0,0,0,0,1,0,0,0,1,0,0,0,0,0,0,1,0,0,0
3,1.0,0.466666996,15.0,P422022,48,65.0,0.4862295731793668,0,0,0,0,1,0,0,0,0,0,0,0,0,0,0,1,0,0,0,1,0,0,0,0,1,0,0,0,0,0
5,1.0,0.583333015,12.0,P455611,48,125.0,0.5371566952531242,0,0,0,0,1,0,0,0,0,0,0,0,0,0,0,1,0,0,0,0,1,0,0,0,0,0,1,0,0,0
4,1.0,0.5,4.0,P455611,48,125.0,0.5,0,0,0,0,1,0,0,0,0,0,0,0,0,0,0,1,0,0,0,1,0,0,0,0,0,0,1,0,0,0
5,1.0,0.833333015,6.0,P455611,48,125.0,0.7210570543488701,0,0,1,0,0,0,0,0,0,0,0,0,0,0,0,1,0,0,0,0,1,0,0,0,0,0,1,0,0,0
4,1.0,0.5,18.0,P455611,48,125.0,0.5,0,0,0,0,0,0,0,1,0,0,0,0,0,0,0,1,0,0,0,1,0,0,0,0,0,0,1,0,0,0
2,0.0,1.0,4.0,P455611,48,125.0,1.0,0,0,0,0,0,1,0,0,0,0,0,0,0,0,0,0,0,1,0,1,0,0,0,0,0,1,0,0,0,0
5,1.0,1.0,4.0,P455611,48,125.0,1.0,0,0,0,0,0,1,0,0,0,0,0,0,0,0,0,1,0,0,0,1,0,0,0,0,1,0,0,0,0,0
5,1.0,1.0,6.0,P455611,48,125.0,1.0,0,0,0,0,1,0,0,0,0,0,0,0,0,0,0,1,0,0,0,0,0,0,1,0,1,0,0,0,0,0
5,1.0,1.0,7.0,P455611,48,125.0,1.0,0,0,1,0,0,0,0,0,0,0,0,0,0,0,0,0,0,0,1,1,0,0,0,0,0,0,1,0,0,0
4,1.0,0.899999976,10.0,P455611,48,125.0,0.7686217868402409,0,0,1,0,0,0,0,0,0,0,0,0,0,0,0,1,0,0,0,1,0,0,0,0,1,0,0,0,0,0
3,0.0,0.5,8.0,P455611,48,125.0,0.5,0,0,0,0,0,1,0,0,0,0,0,0,0,0,0,0,0,1,0,0,1,0,0,0,0,0,1,0,0,0
5,1.0,0.800000012,10.0,P471025,27,48.0,0.6666666666666666,0,0,0,0,0,1,0,0,0,0,0,0,0,0,0,1,0,0,0,1,0,0,0,0,0,0,1,0,0,0
4,1.0,0.833333015,6.0,P471025,27,48.0,0.7210570543488701,0,0,0,0,1,0,0,0,0,0,0,0,0,0,0,0,0,1,0,1,0,0,0,0,0,1,0,0,0,0
3,0.0,0.666666985,6.0,P471025,27,48.0,0.5943161289177871,0,0,0,0,1,0,0,0,0,0,0,0,0,0,0,1,0,0,0,1,0,0,0,0,1,0,0,0,0,0
5,1.0,1.0,8.0,P471025,27,48.0,1.0,0,0,0,0,0,1,0,0,0,0,0,0,0,0,0,1,0,0,0,0,0,1,0,0,0,0,1,0,0,0
1,0.0,0.666666985,15.0,P471025,27,48.0,0.5723372020956964,0,0,0,0,1,0,0,0,0,0,0,0,0,0,0,0,0,0,1,0,0,1,0,0,0,1,0,0,0,0
5,1.0,1.0,7.0,P471025,27,48.0,1.0,0,0,1,0,0,0,0,0,0,0,0,0,0,0,0,1,0,0,0,0,1,0,0,0,0,0,1,0,0,0
4,1.0,0.600000024,5.0,P471025,27,48.0,0.5578858913022596,0,0,0,0,1,0,0,0,0,0,0,0,0,0,0,1,0,0,0,1,0,0,0,0,1,0,0,0,0,0
5,1.0,0.777778029,9.0,P217513,111,96.0,0.6543128759565946,0,0,0,0,1,0,0,0,0,0,0,0,0,0,0,1,0,0,0,1,0,0,0,0,0,0,1,0,0,0
1,1.0,1.0,8.0,P217513,111,96.0,1.0,0,0,0,0,1,0,0,0,0,0,0,0,0,0,0,1,0,0,0,1,0,0,0,0,0,0,1,0,0,0
1,1.0,0.8125,16.0,P217513,111,96.0,0.6556091324118037,0,0,0,0,1,0,0,0,0,0,0,0,0,0,0,1,0,0,0,1,0,0,0,0,0,0,1,0,0,0
5,1.0,1.0,49.0,P217513,111,96.0,1.0,0,0,0,0,1,0,0,0,0,0,0,0,0,0,0,1,0,0,0,1,0,0,0,0,0,0,1,0,0,0
5,1.0,1.0,8.0,P217513,111,96.0,1.0,0,0,0,0,1,0,0,0,0,0,0,0,0,0,0,1,0,0,0,1,0,0,0,0,0,0,1,0,0,0
1,1.0,0.75,8.0,P217513,111,96.0,0.6391511932854698,0,0,0,0,1,0,0,0,0,0,0,0,0,0,0,1,0,0,0,1,0,0,0,0,0,0,1,0,0,0
1,0.0,0.625,8.0,P470259,102,38.0,0.5637914160289369,0,0,0,0,1,0,0,0,0,0,0,0,0,0,0,1,0,0,0,0,1,0,0,0,0,0,1,0,0,0
1,0.0,0.0,4.0,P470259,102,38.0,0.0,0,0,0,0,1,0,0,0,0,0,0,0,0,0,0,1,0,0,0,0,1,0,0,0,0,0,1,0,0,0
5,1.0,1.0,7.0,P470259,102,38.0,1.0,0,0,0,0,1,0,0,0,0,0,0,0,0,0,0,0,0,0,1,0,0,0,1,0,1,0,0,0,0,0
5,1.0,0.625,8.0,P470259,102,38.0,0.5637914160289369,0,0,0,0,0,1,0,0,0,0,0,0,0,0,0,1,0,0,0,0,0,0,1,0,1,0,0,0,0,0
4,1.0,0.857142985,7.0,P470259,102,38.0,0.7373504649628064,0,0,0,0,1,0,0,0,0,0,0,0,0,0,0,1,0,0,0,1,0,0,0,0,1,0,0,0,0,0
1,0.0,0.714286029,7.0,P470259,102,38.0,0.6199062332840658,0,0,0,0,1,0,0,0,0,0,0,0,0,0,0,0,0,1,0,0,1,0,0,0,0,0,1,0,0,0
4,1.0,0.899999976,10.0,P470259,102,38.0,0.7686217868402409,0,0,1,0,0,0,0,0,0,0,0,0,0,0,0,1,0,0,0,0,1,0,0,0,1,0,0,0,0,0
1,0.0,0.4375,16.0,P470259,102,38.0,0.4745387728193468,0,0,0,0,0,1,0,0,0,0,0,0,0,0,0,1,0,0,0,0,0,0,1,0,1,0,0,0,0,0
2,0.0,0.5,4.0,P470259,102,38.0,0.5,0,0,1,0,0,0,0,0,0,0,0,0,0,0,0,0,0,0,1,1,0,0,0,0,0,0,1,0,0,0
3,0.0,0.533333004,30.0,P470259,102,38.0,0.5112937367022875,0,0,0,0,1,0,0,0,0,0,0,0,0,0,0,0,0,1,0,1,0,0,0,0,0,0,1,0,0,0
5,1.0,0.800000012,5.0,P470259,102,38.0,0.6989700043360187,0,0,0,0,0,1,0,0,0,0,0,0,0,0,0,1,0,0,0,1,0,0,0,0,0,0,1,0,0,0
5,1.0,1.0,7.0,P470259,102,38.0,1.0,0,0,0,0,0,1,0,0,0,0,0,0,0,0,0,1,0,0,0,1,0,0,0,0,1,0,0,0,0,0
1,0.0,0.480518997,77.0,P470259,102,38.0,0.4948317051111266,0,0,0,0,1,0,0,0,0,0,0,0,0,0,0,0,0,0,1,0,1,0,0,0,0,1,0,0,0,0
5,1.0,0.5,4.0,P470259,102,38.0,0.5,0,0,0,0,1,0,0,0,0,0,0,0,0,0,0,1,0,0,0,1,0,0,0,0,1,0,0,0,0,0
3,0.0,0.5,10.0,P470259,102,38.0,0.5,0,0,0,0,0,1,0,0,0,0,0,0,0,0,0,1,0,0,0,1,0,0,0,0,0,0,1,0,0,0
5,1.0,0.909090996,11.0,P470259,102,38.0,0.7757561757824245,0,0,0,0,1,0,0,0,0,0,0,0,0,0,0,1,0,0,0,0,1,0,0,0,1,0,0,0,0,0
5,1.0,0.909090996,11.0,P470259,102,38.0,0.7757561757824245,0,0,0,1,0,0,0,0,0,0,0,0,0,0,1,0,0,0,0,0,0,1,0,0,0,1,0,0,0,0
5,1.0,0.868965983,113.72000000000116,P470259,102,38.0,0.6178873613377086,0,0,0,0,0,0,1,0,0,0,0,0,0,0,0,1,0,0,0,0,1,0,0,0,0,0,1,0,0,0
5,1.0,1.0,9.0,P470259,102,38.0,1.0,0,0,0,0,0,0,0,0,0,0,0,0,1,0,0,1,0,0,0,1,0,0,0,0,0,0,1,0,0,0
5,1.0,0.977859974,113.72000000000116,P470259,102,38.0,0.709837884114522,0,0,0,0,0,0,0,1,0,0,0,0,0,0,0,1,0,0,0,0,1,0,0,0,0,0,1,0,0,0
5,1.0,0.899999976,20.0,P470259,102,38.0,0.7282714920267325,0,0,0,0,0,0,0,0,0,0,0,0,1,0,0,1,0,0,0,1,0,0,0,0,0,0,1,0,0,0
5,1.0,1.0,4.0,P470259,102,38.0,1.0,0,0,0,1,0,0,0,0,0,0,0,0,0,0,1,0,0,0,0,1,0,0,0,0,0,1,0,0,0,0
5,1.0,1.0,16.0,P470259,102,38.0,1.0,0,0,0,0,0,0,0,0,0,0,0,0,1,0,0,1,0,0,0,0,0,0,1,0,1,0,0,0,0,0
5,1.0,0.666666985,113.72000000000116,P470259,102,38.0,0.5405145144408334,0,1,0,0,0,0,0,0,0,0,0,0,0,0,0,1,0,0,0,1,0,0,0,0,1,0,0,0,0,0
5,1.0,1.0,18.0,P470259,102,38.0,1.0,0,0,0,1,0,0,0,0,0,0,0,0,0,0,1,0,0,0,0,0,1,0,0,0,1,0,0,0,0,0
1,0.0,0.272727013,11.0,P484080,102,18.0,0.3868528072345414,0,0,1,0,0,0,0,0,0,0,0,0,0,0,0,1,0,0,0,1,0,0,0,0,0,1,0,0,0,0
2,0.0,0.625,8.0,P484080,102,18.0,0.5637914160289369,0,0,0,0,1,0,0,0,0,0,0,0,0,0,0,1,0,0,0,1,0,0,0,0,0,0,1,0,0,0
5,1.0,1.0,4.0,P484080,102,18.0,1.0,0,0,0,0,0,0,0,0,0,0,0,0,1,0,0,1,0,0,0,0,1,0,0,0,0,0,1,0,0,0
5,1.0,0.928570986,14.0,P484080,102,18.0,0.7919854023234905,0,0,0,1,0,0,0,0,0,0,0,0,0,0,1,0,0,0,0,0,0,0,1,0,0,1,0,0,0,0
5,1.0,0.82051301,39.0,P484080,102,18.0,0.6270694901955832,0,0,0,0,0,1,0,0,0,0,0,0,0,0,0,1,0,0,0,1,0,0,0,1,0,0,0,0,0,0
5,1.0,0.921738982,113.72000000000116,P484080,102,18.0,0.6698998630130274,0,1,0,0,0,0,0,0,0,0,0,0,0,0,0,1,0,0,0,1,0,0,0,1,0,0,0,0,0,0
4,1.0,0.818181992,11.0,P484080,102,18.0,0.6769924925288455,0,0,0,0,0,0,0,0,0,0,0,0,1,0,0,1,0,0,0,1,0,0,0,0,0,0,1,0,0,0
5,1.0,1.0,12.0,P484080,102,18.0,1.0,0,0,0,0,0,0,0,0,0,0,0,0,1,0,0,1,0,0,0,0,0,1,0,0,1,0,0,0,0,0
5,1.0,1.0,9.0,P484080,102,18.0,1.0,0,1,0,0,0,0,0,0,0,0,0,0,0,0,0,1,0,0,0,0,1,0,0,0,1,0,0,0,0,0
4,1.0,0.93333298,15.0,P484080,102,18.0,0.7962049529094938,0,0,0,0,1,0,0,0,0,0,0,0,0,0,0,1,0,0,0,0,0,1,0,0,0,0,1,0,0,0
3,1.0,0.454544991,33.0,P484080,102,18.0,0.4849703144796387,0,0,0,0,0,1,0,0,0,0,0,0,0,0,0,1,0,0,0,0,1,0,0,0,1,0,0,0,0,0
5,1.0,0.714286029,7.0,P484080,102,18.0,0.6199062332840658,0,0,0,0,0,0,0,0,0,0,0,1,0,0,0,1,0,0,0,1,0,0,0,0,1,0,0,0,0,0
5,1.0,0.75,4.0,P484080,102,18.0,0.6666666666666667,0,0,0,0,1,0,0,0,0,0,0,0,0,0,0,1,0,0,0,0,1,0,0,0,0,0,1,0,0,0
3,1.0,0.5,4.0,P484080,102,18.0,0.5,0,0,1,0,0,0,0,0,0,0,0,0,0,0,0,1,0,0,0,0,1,0,0,0,1,0,0,0,0,0
4,1.0,0.714286029,7.0,P484080,102,18.0,0.6199062332840658,0,0,0,0,1,0,0,0,0,0,0,0,0,0,0,0,0,0,1,0,0,0,1,0,0,0,1,0,0,0
1,0.0,0.555555999,9.0,P484080,102,18.0,0.5268025545616606,0,0,1,0,0,0,0,0,0,0,0,0,0,0,1,0,0,0,0,0,0,1,0,0,0,1,0,0,0,0
5,1.0,0.833333015,12.0,P484080,102,18.0,0.6857972507265685,0,0,0,1,0,0,0,0,0,0,0,0,0,0,1,0,0,0,0,0,0,1,0,0,0,0,1,0,0,0
5,1.0,0.866666973,15.0,P484080,102,18.0,0.7060702520912807,0,0,0,0,1,0,0,0,0,0,0,0,0,0,1,0,0,0,0,1,0,0,0,0,1,0,0,0,0,0
5,1.0,0.916666985,12.0,P484080,102,18.0,0.7818957080144684,0,0,1,0,0,0,0,0,0,0,0,0,0,0,0,0,0,1,0,0,0,1,0,0,0,1,0,0,0,0
5,1.0,0.285714,21.0,P484080,102,18.0,0.4124002573982211,0,0,0,0,0,0,0,0,0,0,0,0,1,0,0,1,0,0,0,0,0,0,1,0,1,0,0,0,0,0
5,1.0,0.96875,32.0,P484080,102,18.0,0.8333333333333334,0,0,1,0,0,0,0,0,0,0,0,0,0,0,0,0,0,0,1,0,0,1,0,0,0,0,1,0,0,0
1,0.0,0.432431996,37.0,P484080,102,18.0,0.4782395360599873,0,0,0,0,1,0,0,0,0,0,0,0,0,0,0,1,0,0,0,1,0,0,0,0,0,0,1,0,0,0
5,1.0,1.0,21.0,P484080,102,18.0,1.0,0,0,0,0,0,0,1,0,0,0,0,0,0,0,0,1,0,0,0,1,0,0,0,0,0,0,1,0,0,0
4,1.0,0.878787994,33.0,P484080,102,18.0,0.6787956380839754,0,0,0,0,0,0,0,1,0,0,0,0,0,0,0,1,0,0,0,1,0,0,0,0,1,0,0,0,0,0
5,1.0,0.888889015,27.0,P484080,102,18.0,0.6989700043360187,0,0,0,0,1,0,0,0,0,0,0,0,0,0,1,0,0,0,0,1,0,0,0,0,0,1,0,0,0,0
5,1.0,1.0,5.0,P254720,61,39.0,1.0,0,0,0,0,0,0,0,0,0,0,0,0,1,0,0,1,0,0,0,1,0,0,0,0,1,0,0,0,0,0
5,1.0,1.0,5.0,P254720,61,39.0,1.0,0,0,1,0,0,0,0,0,0,0,0,0,0,0,0,0,0,1,0,1,0,0,0,0,0,1,0,0,0,0
1,1.0,1.0,4.0,P254720,61,39.0,1.0,0,0,1,0,0,0,0,0,0,0,0,0,0,0,0,1,0,0,0,1,0,0,0,0,1,0,0,0,0,0
5,1.0,0.75,4.0,P254720,61,39.0,0.6666666666666667,0,0,1,0,0,0,0,0,0,0,0,0,0,0,0,1,0,0,0,0,0,1,0,0,1,0,0,0,0,0
1,0.0,0.875,8.0,P257537,7,37.0,0.75,0,0,0,0,1,0,0,0,0,0,0,0,0,0,0,1,0,0,0,1,0,0,0,0,0,0,1,0,0,0
5,1.0,0.5,6.0,P257537,7,37.0,0.5,0,0,0,0,0,1,0,0,0,0,0,0,0,0,0,1,0,0,0,1,0,0,0,0,0,0,1,0,0,0
5,1.0,1.0,7.0,P257537,7,37.0,1.0,0,0,0,0,0,1,0,0,0,0,0,0,0,0,0,1,0,0,0,1,0,0,0,0,0,0,1,0,0,0
3,1.0,0.899999976,10.0,P257537,7,37.0,0.7686217868402409,0,0,0,0,0,1,0,0,0,0,0,0,0,0,0,1,0,0,0,1,0,0,0,0,0,0,1,0,0,0
2,1.0,1.0,5.0,P257537,7,37.0,1.0,0,0,0,0,0,1,0,0,0,0,0,0,0,0,0,1,0,0,0,1,0,0,0,0,0,0,1,0,0,0
5,1.0,1.0,6.0,P257537,7,37.0,1.0,0,0,0,0,1,0,0,0,0,0,0,0,0,0,0,1,0,0,0,0,1,0,0,0,0,0,1,0,0,0
5,1.0,0.833333015,12.0,P257537,7,37.0,0.6857972507265685,0,0,0,0,0,1,0,0,0,0,0,0,0,0,0,1,0,0,0,0,0,0,1,0,0,0,1,0,0,0
1,0.0,0.75,4.0,P479318,27,44.0,0.6666666666666667,0,0,0,0,1,0,0,0,0,0,0,0,0,0,0,0,0,0,1,0,1,0,0,0,1,0,0,0,0,0
5,1.0,1.0,18.0,P479318,27,44.0,1.0,0,0,0,0,0,1,0,0,0,0,0,0,0,0,0,1,0,0,0,1,0,0,0,0,1,0,0,0,0,0
5,1.0,1.0,6.0,P479318,27,44.0,1.0,0,0,1,0,0,0,0,0,0,0,0,0,0,0,1,0,0,0,0,1,0,0,0,1,0,0,0,0,0,0
5,1.0,1.0,4.0,P479318,27,44.0,1.0,0,0,0,0,0,0,1,0,0,0,0,0,0,0,0,1,0,0,0,1,0,0,0,0,0,0,1,0,0,0
3,0.0,0.600000024,15.0,P479318,27,44.0,0.5419766203817946,0,0,0,0,1,0,0,0,0,0,0,0,0,0,0,1,0,0,0,1,0,0,0,0,1,0,0,0,0,0
4,1.0,0.600000024,5.0,P479318,27,44.0,0.5578858913022596,0,0,0,0,1,0,0,0,0,0,0,0,0,0,0,1,0,0,0,0,0,0,1,0,0,0,1,0,0,0
3,1.0,0.428570986,7.0,P479318,27,44.0,0.4627564263195183,0,0,1,0,0,0,0,0,0,0,0,0,0,0,0,1,0,0,0,1,0,0,0,0,0,0,1,0,0,0
5,1.0,1.0,4.0,P479318,27,44.0,1.0,0,0,0,0,0,1,0,0,0,0,0,0,0,0,1,0,0,0,0,0,0,0,1,0,0,0,1,0,0,0
3,0.0,0.611110985,18.0,P377545,115,39.0,0.5444165400074104,0,0,0,0,1,0,0,0,0,0,0,0,0,0,0,1,0,0,0,1,0,0,0,0,1,0,0,0,0,0
4,1.0,0.875,16.0,P377545,115,39.0,0.7113975059201018,0,1,0,0,0,0,0,0,0,0,0,0,0,0,0,1,0,0,0,1,0,0,0,0,1,0,0,0,0,0
5,1.0,0.857142985,7.0,P377545,115,39.0,0.7373504649628064,0,0,1,0,0,0,0,0,0,0,0,0,0,0,0,1,0,0,0,1,0,0,0,0,1,0,0,0,0,0
4,1.0,0.875,8.0,P377545,115,39.0,0.75,0,0,1,0,0,0,0,0,0,0,0,0,0,0,0,1,0,0,0,1,0,0,0,0,1,0,0,0,0,0
4,1.0,0.0,6.0,P377545,115,39.0,0.0,0,0,1,0,0,0,0,0,0,0,0,0,0,0,0,1,0,0,0,0,0,1,0,0,1,0,0,0,0,0
1,1.0,0.25,4.0,P377545,115,39.0,0.3333333333333333,0,0,1,0,0,0,0,0,0,0,0,0,0,0,0,1,0,0,0,1,0,0,0,0,1,0,0,0,0,0
1,1.0,1.0,26.0,P377545,115,39.0,1.0,0,0,1,0,0,0,0,0,0,0,0,0,0,0,0,1,0,0,0,1,0,0,0,0,1,0,0,0,0,0
4,1.0,1.0,8.0,P377545,115,39.0,1.0,0,0,1,0,0,0,0,0,0,0,0,0,0,0,0,1,0,0,0,1,0,0,0,0,1,0,0,0,0,0
4,1.0,1.0,12.0,P377545,115,39.0,1.0,0,0,1,0,0,0,0,0,0,0,0,0,0,0,0,1,0,0,0,0,0,1,0,0,1,0,0,0,0,0
5,1.0,0.75,4.0,P377545,115,39.0,0.6666666666666667,0,0,1,0,0,0,0,0,0,0,0,0,0,0,0,1,0,0,0,1,0,0,0,0,1,0,0,0,0,0
5,1.0,0.300000012,10.0,P449180,92,68.0,0.3999999999999999,0,0,0,0,0,1,0,0,0,0,0,0,0,0,0,1,0,0,0,0,0,1,0,0,0,0,1,0,0,0
2,0.0,0.75,4.0,P449180,92,68.0,0.6666666666666667,0,0,0,0,0,0,1,0,0,0,0,0,0,0,0,1,0,0,0,0,1,0,0,0,1,0,0,0,0,0
5,1.0,1.0,9.0,P449180,92,68.0,1.0,0,0,1,0,0,0,0,0,0,0,0,0,0,0,0,0,0,0,1,1,0,0,0,0,0,0,1,0,0,0
1,0.0,0.666666985,9.0,P449180,92,68.0,0.583970804646981,0,0,0,0,1,0,0,0,0,0,0,0,0,0,1,0,0,0,0,0,1,0,0,0,0,0,1,0,0,0
5,1.0,1.0,8.0,P449180,92,68.0,1.0,0,0,0,0,0,0,0,1,0,0,0,0,0,0,0,1,0,0,0,1,0,0,0,0,0,0,1,0,0,0
1,0.0,0.583333015,12.0,P449180,92,68.0,0.5371566952531242,0,0,1,0,0,0,0,0,0,0,0,0,0,0,1,0,0,0,0,0,1,0,0,0,0,1,0,0,0,0
4,1.0,1.0,10.0,P449180,92,68.0,1.0,0,0,1,0,0,0,0,0,0,0,0,0,0,0,0,0,0,1,0,1,0,0,0,0,0,0,1,0,0,0
1,0.0,0.666666985,9.0,P449180,92,68.0,0.583970804646981,0,0,0,0,1,0,0,0,0,0,0,0,0,0,0,1,0,0,0,1,0,0,0,0,0,0,1,0,0,0
1,0.0,0.782608986,23.0,P449180,92,68.0,0.6216882614292828,0,0,0,0,1,0,0,0,0,0,0,0,0,0,0,1,0,0,0,1,0,0,0,0,0,0,1,0,0,0
5,1.0,0.875,16.0,P449180,92,68.0,0.7113975059201018,0,0,1,0,0,0,0,0,0,0,0,0,0,0,0,0,0,1,0,1,0,0,0,0,0,0,1,0,0,0
5,1.0,1.0,8.0,P449180,92,68.0,1.0,0,0,0,0,0,0,1,0,0,0,0,0,0,0,0,1,0,0,0,1,0,0,0,0,1,0,0,0,0,0
1,0.0,0.681818008,22.0,P449180,92,68.0,0.5714285714285713,0,0,0,0,0,0,0,1,0,0,0,0,0,0,0,0,0,0,1,0,0,1,0,0,0,0,1,0,0,0
5,1.0,1.0,4.0,P449180,92,68.0,1.0,0,0,1,0,0,0,0,0,0,0,0,0,0,0,0,1,0,0,0,0,0,1,0,0,0,0,1,0,0,0
5,1.0,0.75,4.0,P449180,92,68.0,0.6666666666666667,0,0,0,0,0,0,0,1,0,0,0,0,0,0,0,1,0,0,0,0,0,1,0,0,0,0,1,0,0,0
3,1.0,0.333332986,6.0,P449180,92,68.0,0.4056838710822129,0,0,0,0,1,0,0,0,0,0,0,0,0,0,0,0,0,0,1,0,1,0,0,0,0,0,1,0,0,0
5,1.0,0.611110985,18.0,P449180,92,68.0,0.5444165400074104,0,0,1,0,0,0,0,0,0,0,0,0,0,0,1,0,0,0,0,0,0,1,0,0,0,1,0,0,0,0
1,0.0,1.0,13.0,P4015,61,30.0,1.0,0,0,0,0,0,0,1,0,0,0,0,0,0,0,0,0,0,1,0,0,0,0,1,0,0,1,0,0,0,0
1,0.0,0.5,4.0,P4015,61,30.0,0.5,0,0,1,0,0,0,0,0,0,0,0,0,0,0,0,0,0,1,0,0,0,0,1,0,0,0,0,1,0,0
1,1.0,0.833333015,6.0,P4015,61,30.0,0.7210570543488701,0,0,1,0,0,0,0,0,0,0,0,0,0,0,0,0,0,1,0,1,0,0,0,0,0,1,0,0,0,0
1,1.0,0.0,25.0,P4015,61,30.0,0.0,0,0,1,0,0,0,0,0,0,0,0,0,0,0,0,0,0,1,0,1,0,0,0,0,0,1,0,0,0,0
4,1.0,1.0,9.0,P4015,61,30.0,1.0,0,0,0,0,0,0,0,1,0,0,0,0,0,0,0,0,0,1,0,1,0,0,0,0,0,1,0,0,0,0
4,1.0,1.0,4.0,P4015,61,30.0,1.0,0,0,0,0,0,1,0,0,0,0,0,0,0,0,0,0,0,1,0,1,0,0,0,0,0,1,0,0,0,0
5,1.0,1.0,4.0,P444718,101,9.0,1.0,0,0,0,0,1,0,0,0,0,0,0,0,0,0,0,1,0,0,0,1,0,0,0,0,0,0,1,0,0,0
5,1.0,1.0,5.0,P444718,101,9.0,1.0,0,0,1,0,0,0,0,0,0,0,0,0,0,0,1,0,0,0,0,0,1,0,0,0,0,1,0,0,0,0
1,0.0,0.111111,9.0,P444718,101,9.0,0.2398124665681313,0,0,1,0,0,0,0,0,0,0,0,0,0,0,0,0,0,1,0,1,0,0,0,0,0,0,1,0,0,0
5,1.0,1.0,5.0,P444718,101,9.0,1.0,0,0,0,0,0,0,0,0,0,0,0,0,1,0,0,1,0,0,0,0,1,0,0,0,1,0,0,0,0,0
4,1.0,0.0,9.0,P444718,101,9.0,0.0,0,0,0,0,0,1,0,0,0,0,0,0,0,0,0,0,0,0,1,0,0,0,1,0,1,0,0,0,0,0
3,1.0,0.388889015,18.0,P444718,101,9.0,0.4555834599925897,0,0,0,0,0,1,0,0,0,0,0,0,0,0,0,1,0,0,0,0,1,0,0,0,0,0,1,0,0,0
5,1.0,0.875,8.0,P444718,101,9.0,0.75,0,0,0,0,0,0,0,1,0,0,0,0,0,0,0,1,0,0,0,1,0,0,0,0,1,0,0,0,0,0
3,0.0,0.466666996,15.0,P444718,101,9.0,0.4862295731793668,0,0,0,0,1,0,0,0,0,0,0,0,0,0,1,0,0,0,0,0,1,0,0,0,0,0,1,0,0,0
2,0.0,0.833333015,6.0,P444718,101,9.0,0.7210570543488701,0,0,0,0,0,1,0,0,0,0,0,0,0,0,0,1,0,0,0,0,0,1,0,0,0,0,1,0,0,0
4,1.0,0.384615004,13.0,P444718,101,9.0,0.4491768952476266,0,0,0,1,0,0,0,0,0,0,0,0,0,0,0,0,0,1,0,0,1,0,0,0,0,0,1,0,0,0
5,1.0,0.875,16.0,P444718,101,9.0,0.7113975059201018,0,0,0,0,0,1,0,0,0,0,0,0,0,0,0,1,0,0,0,0,0,1,0,0,0,0,1,0,0,0
2,0.0,0.714286029,7.0,P444718,101,9.0,0.6199062332840658,0,0,0,0,0,0,0,1,0,0,0,0,0,0,0,1,0,0,0,0,0,0,1,0,1,0,0,0,0,0
5,1.0,1.0,6.0,P444718,101,9.0,1.0,0,0,0,0,1,0,0,0,0,0,0,0,0,0,0,0,0,0,1,0,1,0,0,0,0,0,1,0,0,0
5,1.0,0.333332986,15.0,P469213,66,52.0,0.4276627979043038,0,0,0,0,0,0,0,1,0,0,0,0,0,0,0,1,0,0,0,1,0,0,0,0,1,0,0,0,0,0
3,0.0,1.0,8.0,P469213,66,52.0,1.0,0,0,0,0,0,1,0,0,0,0,0,0,0,0,0,1,0,0,0,1,0,0,0,0,0,0,1,0,0,0
5,1.0,1.0,5.0,P469213,66,52.0,1.0,0,0,0,0,0,1,0,0,0,0,0,0,0,0,0,1,0,0,0,0,0,1,0,0,0,0,1,0,0,0
5,1.0,1.0,4.0,P469213,66,52.0,1.0,0,0,0,0,0,0,0,0,0,0,0,0,1,0,0,1,0,0,0,0,0,1,0,0,1,0,0,0,0,0
5,1.0,0.75,4.0,P469213,66,52.0,0.6666666666666667,0,0,0,0,1,0,0,0,0,0,0,0,0,0,0,0,0,0,1,1,0,0,0,0,0,0,1,0,0,0
5,1.0,0.800000012,5.0,P469213,66,52.0,0.6989700043360187,0,0,1,0,0,0,0,0,0,0,0,0,0,0,0,0,0,1,0,0,0,1,0,0,1,0,0,0,0,0
2,0.0,0.600000024,5.0,P431187,27,28.0,0.5578858913022596,0,0,0,0,0,0,1,0,0,0,0,0,0,0,0,0,0,0,1,0,1,0,0,0,0,0,1,0,0,0
2,0.0,0.875,8.0,P431187,27,28.0,0.75,0,0,0,0,0,0,0,0,0,0,0,0,1,0,0,1,0,0,0,1,0,0,0,0,0,0,1,0,0,0
2,0.0,0.5,12.0,P431187,27,28.0,0.5,0,0,0,0,0,1,0,0,0,0,0,0,0,0,1,0,0,0,0,0,1,0,0,0,0,0,1,0,0,0
5,1.0,1.0,15.0,P431187,27,28.0,1.0,0,0,0,1,0,0,0,0,0,0,0,0,0,0,1,0,0,0,0,0,0,0,1,0,0,0,0,0,0,1
1,0.0,0.875,8.0,P431187,27,28.0,0.75,0,0,1,0,0,0,0,0,0,0,0,0,0,0,1,0,0,0,0,1,0,0,0,0,0,0,1,0,0,0
2,0.0,0.684211016,19.0,P431187,27,28.0,0.5755891054608883,0,0,0,0,1,0,0,0,0,0,0,0,0,0,0,0,0,0,1,0,0,0,1,0,0,1,0,0,0,0
5,1.0,0.600000024,5.0,P418872,66,35.0,0.5578858913022596,0,0,0,0,0,0,0,1,0,0,0,0,0,0,0,1,0,0,0,1,0,0,0,0,0,0,1,0,0,0
5,1.0,1.0,6.0,P418872,66,35.0,1.0,0,0,0,1,0,0,0,0,0,0,0,0,0,1,0,0,0,0,0,0,1,0,0,0,0,0,1,0,0,0
1,0.0,0.958333015,48.0,P418872,66,35.0,0.7780025070919014,0,0,0,0,1,0,0,0,0,0,0,0,0,0,0,1,0,0,0,0,1,0,0,0,0,0,1,0,0,0
4,1.0,1.0,5.0,P418872,66,35.0,1.0,0,0,0,0,1,0,0,0,0,0,0,0,0,0,0,1,0,0,0,1,0,0,0,0,1,0,0,0,0,0
1,0.0,0.433961987,53.0,P418872,66,35.0,0.4806464166821628,0,0,0,0,0,0,0,1,0,0,0,0,0,0,0,0,0,0,1,1,0,0,0,0,0,0,1,0,0,0
2,0.0,0.8125,16.0,P418872,66,35.0,0.6556091324118037,0,0,0,0,0,0,1,0,0,0,0,0,0,0,0,1,0,0,0,0,0,0,1,0,0,0,1,0,0,0
5,1.0,0.600000024,5.0,P418872,66,35.0,0.5578858913022596,0,0,0,0,0,0,0,0,0,0,0,1,0,0,0,1,0,0,0,0,0,0,1,0,1,0,0,0,0,0
5,1.0,0.899999976,10.0,P418872,66,35.0,0.7686217868402409,0,0,1,0,0,0,0,0,0,0,0,0,0,0,0,1,0,0,0,0,0,0,1,0,1,0,0,0,0,0
2,0.0,0.857142985,7.0,P418872,66,35.0,0.7373504649628064,0,0,0,0,1,0,0,0,0,0,0,0,0,0,0,1,0,0,0,1,0,0,0,0,0,0,1,0,0,0
5,1.0,0.75,4.0,P418872,66,35.0,0.6666666666666667,0,1,0,0,0,0,0,0,0,0,0,0,0,0,0,1,0,0,0,0,0,0,1,0,1,0,0,0,0,0
5,1.0,0.888889015,18.0,P418872,66,35.0,0.7205846872952778,0,0,0,0,1,0,0,0,0,0,0,0,0,0,0,1,0,0,0,1,0,0,0,0,0,0,1,0,0,0
2,0.0,0.870967984,31.0,P447212,16,245.0,0.6743111348829083,0,0,0,0,1,0,0,0,0,0,0,0,0,0,0,1,0,0,0,1,0,0,0,0,0,0,1,0,0,0
5,1.0,0.476190001,21.0,P447212,16,245.0,0.4910900156949701,0,0,0,0,0,1,0,0,0,0,0,0,0,0,1,0,0,0,0,0,1,0,0,0,0,1,0,0,0,0
3,1.0,1.0,4.0,P447212,16,245.0,1.0,0,0,1,0,0,0,0,0,0,0,0,0,0,0,0,0,0,1,0,1,0,0,0,0,0,1,0,0,0,0
3,0.0,0.800000012,5.0,P447212,16,245.0,0.6989700043360187,0,0,0,0,1,0,0,0,0,0,0,0,0,0,0,0,0,1,0,0,1,0,0,0,0,0,1,0,0,0
5,1.0,0.846153975,13.0,P447212,16,245.0,0.6934264036172708,0,0,0,0,1,0,0,0,0,0,0,0,0,0,1,0,0,0,0,1,0,0,0,0,0,0,1,0,0,0
1,0.0,0.920000017,25.0,P447212,16,245.0,0.7431147865896834,0,0,0,0,0,0,0,0,0,0,0,0,1,0,0,1,0,0,0,1,0,0,0,0,1,0,0,0,0,0
1,0.0,0.878787994,113.72000000000116,P447212,16,245.0,0.6123045921707715,0,0,0,0,0,1,0,0,0,0,0,0,0,0,0,1,0,0,0,1,0,0,0,0,0,0,1,0,0,0
5,1.0,0.857142985,7.0,P454936,16,110.0,0.7373504649628064,0,0,0,1,0,0,0,0,0,0,0,0,0,0,1,0,0,0,0,0,1,0,0,0,0,1,0,0,0,0
1,0.0,0.606383026,94.0,P454936,16,110.0,0.5274652668538179,0,0,0,0,1,0,0,0,0,0,0,0,0,0,0,1,0,0,0,1,0,0,0,0,0,0,1,0,0,0
5,1.0,0.0,4.0,P454936,16,110.0,0.0,0,0,0,0,0,1,0,0,0,0,0,0,0,0,0,1,0,0,0,0,0,1,0,0,0,0,1,0,0,0
4,1.0,1.0,5.0,P454936,16,110.0,1.0,0,0,0,0,0,0,0,1,0,0,0,0,0,0,0,1,0,0,0,1,0,0,0,0,0,0,1,0,0,0
5,1.0,0.800000012,5.0,P454936,16,110.0,0.6989700043360187,0,0,0,0,1,0,0,0,0,0,0,0,0,0,0,1,0,0,0,0,1,0,0,0,0,0,1,0,0,0
2,0.0,0.285714,7.0,P454936,16,110.0,0.3800937667159343,0,0,0,0,0,1,0,0,0,0,0,0,0,0,0,1,0,0,0,0,0,0,1,0,1,0,0,0,0,0
1,0.0,0.84375,32.0,P454936,16,110.0,0.6503177078468212,0,0,1,0,0,0,0,0,0,0,0,0,0,0,0,1,0,0,0,1,0,0,0,0,1,0,0,0,0,0
5,1.0,0.800000012,5.0,P481161,84,75.0,0.6989700043360187,0,0,0,0,1,0,0,0,0,0,0,0,0,0,0,1,0,0,0,1,0,0,0,0,1,0,0,0,0,0
1,0.0,1.0,4.0,P481161,84,75.0,1.0,0,0,0,0,0,1,0,0,0,0,0,0,0,0,0,0,0,1,0,0,1,0,0,0,0,0,1,0,0,0
2,0.0,0.0,12.0,P422007,48,30.0,0.0,0,0,0,0,0,0,1,0,0,0,0,0,0,0,0,1,0,0,0,0,1,0,0,0,0,0,1,0,0,0
5,1.0,1.0,9.0,P422007,48,30.0,1.0,0,0,1,0,0,0,0,0,0,0,0,0,0,0,0,0,0,1,0,0,1,0,0,0,0,1,0,0,0,0
1,0.0,1.0,8.0,P422007,48,30.0,1.0,0,0,0,1,0,0,0,0,0,0,0,0,0,0,0,1,0,0,0,0,1,0,0,0,0,0,1,0,0,0
3,0.0,0.0,4.0,P422007,48,30.0,0.0,0,0,0,0,0,0,1,0,0,0,0,0,0,0,0,1,0,0,0,1,0,0,0,0,1,0,0,0,0,0
5,1.0,0.888889015,9.0,P422007,48,30.0,0.7601875334318686,0,0,1,0,0,0,0,0,0,0,0,0,0,0,0,1,0,0,0,1,0,0,0,0,0,0,1,0,0,0
2,1.0,1.0,4.0,P479339,66,51.0,1.0,0,0,0,0,1,0,0,0,0,0,0,0,0,0,1,0,0,0,0,1,0,0,0,0,0,0,1,0,0,0
5,1.0,1.0,7.0,P379707,97,68.0,1.0,0,0,0,0,0,1,0,0,0,0,0,0,0,0,0,0,0,0,1,1,0,0,0,0,0,0,1,0,0,0
1,0.0,0.555555999,9.0,P379707,97,68.0,0.5268025545616606,0,0,0,0,1,0,0,0,0,0,0,0,0,0,0,0,0,0,1,0,0,0,1,0,0,1,0,0,0,0
5,1.0,0.972972989,37.0,P379707,97,68.0,0.8389552282435555,0,0,1,0,0,0,0,0,0,0,0,0,0,0,0,1,0,0,0,1,0,0,0,0,0,0,1,0,0,0
5,1.0,1.0,4.0,P379707,97,68.0,1.0,0,0,1,0,0,0,0,0,0,0,0,0,0,0,0,1,0,0,0,1,0,0,0,0,0,0,1,0,0,0
5,1.0,0.75,4.0,P379707,97,68.0,0.6666666666666667,0,0,1,0,0,0,0,0,0,0,0,0,0,0,0,1,0,0,0,1,0,0,0,0,0,0,1,0,0,0
2,1.0,0.727272987,11.0,P379707,97,68.0,0.6131471927654585,0,0,1,0,0,0,0,0,0,0,0,0,0,0,0,1,0,0,0,1,0,0,0,0,0,0,1,0,0,0
5,1.0,0.777778029,9.0,P379707,97,68.0,0.6543128759565946,0,0,1,0,0,0,0,0,0,0,0,0,0,0,0,1,0,0,0,1,0,0,0,0,0,0,1,0,0,0
4,1.0,1.0,12.0,P419221,22,36.0,1.0,0,0,1,0,0,0,0,0,0,0,0,0,0,0,0,1,0,0,0,0,1,0,0,0,0,0,1,0,0,0
1,0.0,0.363635987,11.0,P419221,22,36.0,0.4362945258726772,0,0,0,0,1,0,0,0,0,0,0,0,0,0,0,1,0,0,0,1,0,0,0,0,0,0,1,0,0,0
5,1.0,0.857142985,7.0,P419221,22,36.0,0.7373504649628064,0,0,0,0,0,1,0,0,0,0,0,0,0,0,0,0,0,1,0,1,0,0,0,0,0,0,1,0,0,0
1,0.0,0.571429014,7.0,P419221,22,36.0,0.5372435736804816,0,0,0,0,1,0,0,0,0,0,0,0,0,0,1,0,0,0,0,0,1,0,0,0,0,0,1,0,0,0
3,0.0,1.0,7.0,P419221,22,36.0,1.0,0,0,0,0,1,0,0,0,0,0,0,0,0,0,0,0,0,0,1,0,0,1,0,0,0,0,1,0,0,0
5,1.0,0.666666985,6.0,P419221,22,36.0,0.5943161289177871,0,0,0,0,1,0,0,0,0,0,0,0,0,0,0,1,0,0,0,1,0,0,0,1,0,0,0,0,0,0
5,1.0,0.939023972,82.0,P419221,22,36.0,0.7085844176154057,0,0,0,0,1,0,0,0,0,0,0,0,0,0,0,1,0,0,0,0,0,1,0,0,0,0,1,0,0,0
5,1.0,0.923076987,13.0,P419221,22,36.0,0.7872539464466368,0,0,0,0,1,0,0,0,0,0,0,0,0,0,0,1,0,0,0,1,0,0,0,0,0,0,1,0,0,0
5,1.0,0.888889015,9.0,P419221,22,36.0,0.7601875334318686,0,0,0,0,1,0,0,0,0,0,0,0,0,0,0,1,0,0,0,1,0,0,0,0,0,0,1,0,0,0
3,0.0,0.461537987,13.0,P442761,93,80.0,0.4834136986177055,0,0,0,0,1,0,0,0,0,0,0,0,0,0,1,0,0,0,0,0,1,0,0,0,0,1,0,0,0,0
5,1.0,1.0,5.0,P442761,93,80.0,1.0,0,0,0,0,1,0,0,0,0,0,0,0,0,0,0,0,0,1,0,1,0,0,0,0,0,1,0,0,0,0
1,0.0,0.833333015,12.0,P442761,93,80.0,0.6857972507265685,0,0,0,0,0,0,0,0,0,0,0,0,1,0,0,1,0,0,0,1,0,0,0,0,1,0,0,0,0,0
1,0.0,0.636363983,11.0,P442761,93,80.0,0.5637054741273227,0,0,0,0,0,1,0,0,0,0,0,0,0,0,1,0,0,0,0,1,0,0,0,0,0,1,0,0,0,0
1,0.0,0.714286029,7.0,P442761,93,80.0,0.6199062332840658,0,0,1,0,0,0,0,0,0,0,0,0,0,0,1,0,0,0,0,0,0,1,0,1,0,0,0,0,0,0
5,1.0,0.5,6.0,P442761,93,80.0,0.5,0,0,1,0,0,0,0,0,0,0,0,0,0,0,0,0,0,1,0,0,0,1,0,0,0,0,1,0,0,0
5,1.0,0.9375,16.0,P442761,93,80.0,0.7999999999999999,0,1,0,0,0,0,0,0,0,0,0,0,0,0,0,1,0,0,0,1,0,0,0,0,1,0,0,0,0,0
1,0.0,0.695652008,23.0,P442761,93,80.0,0.5767173575091713,0,0,0,0,0,0,0,1,0,0,0,0,0,0,0,0,0,1,0,1,0,0,0,0,0,0,1,0,0,0
2,0.0,0.857142985,14.0,P442761,93,80.0,0.7001245250427999,0,0,0,0,0,1,0,0,0,0,0,0,0,0,0,1,0,0,0,1,0,0,0,0,1,0,0,0,0,0
5,1.0,0.800000012,5.0,P442761,93,80.0,0.6989700043360187,0,0,1,0,0,0,0,0,0,0,0,0,0,0,0,0,0,0,1,1,0,0,0,0,0,0,1,0,0,0
1,0.0,0.800000012,5.0,P433521,10,65.0,0.6989700043360187,0,0,0,0,1,0,0,0,0,0,0,0,0,0,1,0,0,0,0,0,1,0,0,0,0,1,0,0,0,0
5,1.0,0.899999976,10.0,P433521,10,65.0,0.7686217868402409,0,0,0,0,0,1,0,0,0,0,0,0,0,0,0,1,0,0,0,0,0,1,0,0,0,0,1,0,0,0
1,0.0,0.923076987,13.0,P458576,72,55.0,0.7872539464466368,0,0,0,0,0,0,0,1,0,0,0,0,0,0,0,0,0,0,1,0,0,0,1,0,0,0,1,0,0,0
5,1.0,0.857142985,14.0,P458576,72,55.0,0.7001245250427999,0,0,0,0,0,1,0,0,0,0,0,0,0,0,0,0,0,0,1,0,0,1,0,0,0,1,0,0,0,0
3,0.0,0.800000012,5.0,P458576,72,55.0,0.6989700043360187,0,0,0,0,0,0,1,0,0,0,0,0,0,0,0,1,0,0,0,1,0,0,0,0,0,0,1,0,0,0
5,1.0,1.0,4.0,P458576,72,55.0,1.0,0,0,0,0,1,0,0,0,0,0,0,0,0,0,0,0,0,0,1,0,1,0,0,0,0,0,1,0,0,0
2,0.0,0.833333015,12.0,P458576,72,55.0,0.6857972507265685,0,0,0,0,1,0,0,0,0,0,0,0,0,0,1,0,0,0,0,0,0,0,1,0,0,1,0,0,0,0
1,0.0,0.666666985,9.0,P458576,72,55.0,0.583970804646981,0,0,1,0,0,0,0,0,0,0,0,0,0,0,0,0,0,0,1,1,0,0,0,0,0,1,0,0,0,0
1,0.0,0.777778029,9.0,P458576,72,55.0,0.6543128759565946,0,0,0,0,1,0,0,0,0,0,0,0,0,0,0,1,0,0,0,1,0,0,0,0,0,0,1,0,0,0
4,1.0,0.75,4.0,P458576,72,55.0,0.6666666666666667,0,1,0,0,0,0,0,0,0,0,0,0,0,0,0,1,0,0,0,0,0,0,1,0,0,0,1,0,0,0
5,1.0,0.833333015,6.0,P428416,27,12.0,0.7210570543488701,0,0,0,0,1,0,0,0,0,0,0,0,0,0,1,0,0,0,0,1,0,0,0,0,0,1,0,0,0,0
5,1.0,1.0,7.0,P428416,27,12.0,1.0,0,0,0,0,0,1,0,0,0,0,0,0,0,0,0,1,0,0,0,1,0,0,0,0,0,0,1,0,0,0
5,1.0,1.0,4.0,P428416,27,12.0,1.0,0,0,0,0,0,1,0,0,0,0,0,0,0,0,0,1,0,0,0,1,0,0,0,0,0,0,1,0,0,0
4,1.0,0.833333015,6.0,P428416,27,12.0,0.7210570543488701,0,0,1,0,0,0,0,0,0,0,0,0,0,0,0,1,0,0,0,1,0,0,0,1,0,0,0,0,0,0
5,1.0,1.0,13.0,P428416,27,12.0,1.0,0,1,0,0,0,0,0,0,0,0,0,0,0,0,0,1,0,0,0,0,0,0,1,0,1,0,0,0,0,0
5,1.0,1.0,17.0,P428416,27,12.0,1.0,0,0,0,0,1,0,0,0,0,0,0,0,0,0,1,0,0,0,0,0,0,1,0,0,0,0,1,0,0,0
5,1.0,0.600000024,5.0,P468409,79,170.0,0.5578858913022596,0,0,0,0,1,0,0,0,0,0,0,0,0,0,0,0,0,1,0,1,0,0,0,0,0,1,0,0,0,0
5,1.0,1.0,6.0,P9940,61,68.0,1.0,0,0,0,1,0,0,0,0,0,0,0,0,0,0,0,0,0,1,0,0,1,0,0,0,0,0,0,0,0,1
3,1.0,1.0,5.0,P9940,61,68.0,1.0,0,0,1,0,0,0,0,0,0,0,0,0,0,0,0,0,0,1,0,1,0,0,0,0,0,0,1,0,0,0
5,1.0,1.0,4.0,P482676,27,50.0,1.0,0,0,0,0,0,0,0,0,0,0,0,0,1,0,0,1,0,0,0,0,0,0,1,0,1,0,0,0,0,0
1,0.0,1.0,5.0,P122762,7,23.5,1.0,0,0,0,0,1,0,0,0,0,0,0,0,0,0,0,1,0,0,0,0,1,0,0,0,0,1,0,0,0,0
5,1.0,0.400000006,5.0,P459141,27,32.0,0.4421141086977403,0,0,1,0,0,0,0,0,0,0,0,0,0,0,0,1,0,0,0,0,0,1,0,0,0,0,0,0,0,1
1,0.0,0.454544991,11.0,P459141,27,32.0,0.4793787713240883,0,0,0,0,1,0,0,0,0,0,0,0,0,0,0,1,0,0,0,1,0,0,0,0,1,0,0,0,0,0
3,0.0,0.800000012,5.0,P459141,27,32.0,0.6989700043360187,0,0,0,0,0,0,0,1,0,0,0,0,0,0,0,1,0,0,0,0,0,1,0,0,0,0,1,0,0,0
5,1.0,1.0,4.0,P459141,27,32.0,1.0,0,0,0,0,0,0,0,1,0,0,0,0,0,0,1,0,0,0,0,0,0,0,1,0,0,1,0,0,0,0
1,0.0,0.857142985,7.0,P459141,27,32.0,0.7373504649628064,0,0,0,0,0,0,0,1,0,0,0,0,0,0,0,1,0,0,0,1,0,0,0,0,0,0,1,0,0,0
5,1.0,0.800000012,5.0,P459141,27,32.0,0.6989700043360187,0,0,0,0,0,0,0,0,0,0,0,0,1,0,0,1,0,0,0,0,1,0,0,0,1,0,0,0,0,0
3,0.0,0.600000024,5.0,P459141,27,32.0,0.5578858913022596,0,0,1,0,0,0,0,0,0,0,0,0,0,0,1,0,0,0,0,0,0,1,0,0,0,1,0,0,0,0
3,0.0,0.857142985,14.0,P459141,27,32.0,0.7001245250427999,0,0,0,0,0,0,0,1,0,0,0,0,0,0,0,1,0,0,0,1,0,0,0,0,0,0,1,0,0,0
5,1.0,0.818181992,11.0,P459141,27,32.0,0.6769924925288455,0,0,0,0,0,0,0,0,0,0,0,0,1,0,0,1,0,0,0,1,0,0,0,0,1,0,0,0,0,0
5,1.0,0.888889015,9.0,P459141,27,32.0,0.7601875334318686,0,0,0,0,1,0,0,0,0,0,0,0,0,0,1,0,0,0,0,1,0,0,0,0,0,1,0,0,0,0
5,1.0,1.0,7.0,P459141,27,32.0,1.0,0,0,0,1,0,0,0,0,0,0,0,0,0,0,0,0,0,1,0,0,0,0,1,1,0,0,0,0,0,0
5,1.0,0.666666985,6.0,P459141,27,32.0,0.5943161289177871,0,0,1,0,0,0,0,0,0,0,0,0,0,0,0,1,0,0,0,1,0,0,0,0,0,0,1,0,0,0
3,1.0,0.75,4.0,P459141,27,32.0,0.6666666666666667,0,0,0,0,0,0,1,0,0,0,0,0,0,0,0,1,0,0,0,1,0,0,0,0,1,0,0,0,0,0
5,1.0,1.0,14.0,P459141,27,32.0,1.0,0,0,0,0,1,0,0,0,0,0,0,0,0,0,1,0,0,0,0,1,0,0,0,0,0,1,0,0,0,0
5,1.0,0.899999976,10.0,P459141,27,32.0,0.7686217868402409,0,0,0,0,0,0,0,1,0,0,0,0,0,0,0,1,0,0,0,0,0,0,1,0,1,0,0,0,0,0
5,1.0,1.0,4.0,P459141,27,32.0,1.0,0,0,0,0,1,0,0,0,0,0,0,0,0,0,0,0,0,1,0,1,0,0,0,0,0,1,0,0,0,0
5,1.0,1.0,5.0,P459141,27,32.0,1.0,0,0,0,0,1,0,0,0,0,0,0,0,0,0,0,1,0,0,0,1,0,0,0,0,0,1,0,0,0,0
5,1.0,0.666666985,6.0,P459141,27,32.0,0.5943161289177871,0,0,0,0,1,0,0,0,0,0,0,0,0,0,0,1,0,0,0,1,0,0,0,0,1,0,0,0,0,0
5,1.0,0.75,4.0,P480301,27,16.0,0.6666666666666667,0,0,1,0,0,0,0,0,0,0,0,0,0,1,0,0,0,0,0,0,1,0,0,0,0,0,1,0,0,0
4,1.0,0.200000003,5.0,P480301,27,16.0,0.3010299956639811,0,0,0,0,0,0,0,0,0,0,0,0,1,0,0,1,0,0,0,0,0,0,1,0,0,1,0,0,0,0
1,0.0,0.611110985,18.0,P480301,27,16.0,0.5444165400074104,0,0,1,0,0,0,0,0,0,0,0,0,0,0,0,0,0,1,0,1,0,0,0,0,0,0,1,0,0,0
3,1.0,0.0,6.0,P480301,27,16.0,0.0,0,0,0,0,0,1,0,0,0,0,0,0,0,0,0,0,0,0,1,1,0,0,0,0,1,0,0,0,0,0
3,1.0,0.866666973,15.0,P480301,27,16.0,0.7060702520912807,0,0,1,0,0,0,0,0,0,0,0,0,0,0,0,0,0,1,0,0,0,1,0,0,0,0,1,0,0,0
5,1.0,0.5,4.0,P480301,27,16.0,0.5,0,0,0,0,0,1,0,0,0,0,0,0,0,0,0,1,0,0,0,0,0,0,1,0,1,0,0,0,0,0
5,1.0,0.800000012,5.0,P480301,27,16.0,0.6989700043360187,0,0,0,0,0,0,0,0,0,0,0,0,1,0,0,1,0,0,0,1,0,0,0,0,1,0,0,0,0,0
5,1.0,0.9375,16.0,P480301,27,16.0,0.7999999999999999,0,0,0,0,0,1,0,0,0,0,0,0,0,0,0,1,0,0,0,1,0,0,0,0,1,0,0,0,0,0
5,1.0,0.785713971,14.0,P480301,27,16.0,0.6418955364979173,0,0,1,0,0,0,0,0,0,0,0,0,0,0,1,0,0,0,0,1,0,0,0,0,0,1,0,0,0,0
5,1.0,1.0,24.0,P480301,27,16.0,1.0,0,0,0,1,0,0,0,0,0,0,0,0,0,0,0,1,0,0,0,0,0,1,0,0,0,0,1,0,0,0
5,1.0,0.899999976,10.0,P480301,27,16.0,0.7686217868402409,0,0,0,0,1,0,0,0,0,0,0,0,0,0,0,0,0,0,1,1,0,0,0,0,0,0,1,0,0,0
5,1.0,0.5,6.0,P480301,27,16.0,0.5,0,0,0,0,1,0,0,0,0,0,0,0,0,0,0,1,0,0,0,1,0,0,0,0,0,0,1,0,0,0
2,0.0,1.0,14.0,P447782,16,150.0,1.0,0,0,1,0,0,0,0,0,0,0,0,0,0,0,0,1,0,0,0,1,0,0,0,0,0,0,1,0,0,0
4,1.0,1.0,5.0,P447782,16,150.0,1.0,0,0,0,0,0,1,0,0,0,0,0,0,0,0,0,1,0,0,0,1,0,0,0,0,0,0,1,0,0,0
5,1.0,0.83544302,79.0,P447782,16,150.0,0.6143843142605651,0,1,0,0,0,0,0,0,0,0,0,0,0,0,0,1,0,0,0,1,0,0,0,0,1,0,0,0,0,0
4,1.0,0.666666985,9.0,P454935,16,60.0,0.583970804646981,0,0,0,0,0,1,0,0,0,0,0,0,0,0,0,0,0,0,1,0,1,0,0,0,0,0,1,0,0,0
3,1.0,0.166666999,6.0,P454935,16,60.0,0.2789429456511298,0,0,0,0,0,1,0,0,0,0,0,0,0,0,0,1,0,0,0,1,0,0,0,0,1,0,0,0,0,0
5,1.0,0.724138021,29.0,P454935,16,60.0,0.5845095256001762,0,0,1,0,0,0,0,0,0,0,0,0,0,0,0,0,0,0,1,1,0,0,0,0,0,0,0,0,0,1
5,1.0,1.0,4.0,P122661,7,26.0,1.0,0,0,0,0,1,0,0,0,0,0,0,0,0,0,0,1,0,0,0,1,0,0,0,0,1,0,0,0,0,0
1,0.0,0.888889015,9.0,P447781,16,225.0,0.7601875334318686,0,0,0,0,0,0,1,0,0,0,0,0,0,0,0,1,0,0,0,1,0,0,0,0,0,0,1,0,0,0
5,1.0,0.888889015,27.0,P447781,16,225.0,0.6989700043360187,0,0,0,0,1,0,0,0,0,0,0,0,0,0,0,0,0,0,1,1,0,0,0,0,0,0,0,0,1,0
5,1.0,0.5,4.0,P447781,16,225.0,0.5,0,0,0,0,0,1,0,0,0,0,0,0,0,0,0,1,0,0,0,0,1,0,0,0,0,0,1,0,0,0
1,0.0,0.800000012,5.0,P447781,16,225.0,0.6989700043360187,0,0,0,1,0,0,0,0,0,0,0,0,0,0,0,1,0,0,0,0,1,0,0,0,0,0,1,0,0,0
1,0.0,0.888889015,9.0,P464233,16,75.0,0.7601875334318686,0,0,0,0,0,0,1,0,0,0,0,0,0,0,0,1,0,0,0,1,0,0,0,0,0,0,1,0,0,0
5,1.0,0.888889015,27.0,P464233,16,75.0,0.6989700043360187,0,0,0,0,1,0,0,0,0,0,0,0,0,0,0,0,0,0,1,1,0,0,0,0,0,0,0,0,1,0
5,1.0,0.5,4.0,P464233,16,75.0,0.5,0,0,0,0,0,1,0,0,0,0,0,0,0,0,0,1,0,0,0,0,1,0,0,0,0,0,1,0,0,0
1,0.0,0.800000012,5.0,P464233,16,75.0,0.6989700043360187,0,0,0,1,0,0,0,0,0,0,0,0,0,0,0,1,0,0,0,0,1,0,0,0,0,0,1,0,0,0
1,0.0,0.833333015,6.0,P440934,98,24.0,0.7210570543488701,0,0,1,0,0,0,0,0,0,0,0,0,0,0,0,0,0,0,1,1,0,0,0,0,0,0,1,0,0,0
5,1.0,1.0,10.0,P440934,98,24.0,1.0,0,0,1,0,0,0,0,0,0,0,0,0,0,0,1,0,0,0,0,1,0,0,0,0,0,1,0,0,0,0
3,0.0,0.800000012,5.0,P440934,98,24.0,0.6989700043360187,0,0,1,0,0,0,0,0,0,0,0,0,0,0,1,0,0,0,0,1,0,0,0,0,0,0,1,0,0,0
5,1.0,1.0,8.0,P440934,98,24.0,1.0,0,0,1,0,0,0,0,0,0,0,0,0,0,0,1,0,0,0,0,1,0,0,0,0,0,0,1,0,0,0
1,0.0,0.928570986,14.0,P440934,98,24.0,0.7919854023234905,0,0,0,0,0,1,0,0,0,0,0,0,0,0,1,0,0,0,0,1,0,0,0,0,0,1,0,0,0,0
4,1.0,0.92592603,27.0,P440934,98,24.0,0.7478343556177288,0,0,1,0,0,0,0,0,0,0,0,0,0,0,1,0,0,0,0,1,0,0,0,0,0,0,0,0,0,1
3,0.0,0.918919027,37.0,P440934,98,24.0,0.7194668811370827,0,0,0,0,1,0,0,0,0,0,0,0,0,0,0,1,0,0,0,1,0,0,0,0,0,0,1,0,0,0
4,1.0,0.863636017,22.0,P440934,98,24.0,0.6836408181204355,0,0,0,1,0,0,0,0,0,0,0,0,0,0,0,0,0,1,0,0,1,0,0,0,0,0,0,0,0,1
5,1.0,0.909090996,11.0,P429516,8,48.0,0.7757561757824245,0,0,1,0,0,0,0,0,0,0,0,0,0,0,1,0,0,0,0,0,1,0,0,0,0,1,0,0,0,0
1,0.0,1.0,8.0,P429516,8,48.0,1.0,0,0,0,0,0,0,1,0,0,0,0,0,0,0,0,1,0,0,0,1,0,0,0,0,0,0,1,0,0,0
2,0.0,0.125,8.0,P429516,8,48.0,0.2499999999999999,0,1,0,0,0,0,0,0,0,0,0,0,0,0,0,1,0,0,0,1,0,0,0,0,1,0,0,0,0,0
4,1.0,0.833333015,6.0,P429516,8,48.0,0.7210570543488701,0,0,1,0,0,0,0,0,0,0,0,0,0,0,0,1,0,0,0,1,0,0,0,0,0,0,1,0,0,0
5,1.0,0.571429014,7.0,P429516,8,48.0,0.5372435736804816,0,0,0,0,1,0,0,0,0,0,0,0,0,0,0,0,0,0,1,1,0,0,0,0,0,0,1,0,0,0
3,1.0,0.816326976,49.0,P471065,72,23.0,0.6172664656404195,0,0,0,0,0,0,0,1,0,0,0,0,0,0,0,1,0,0,0,1,0,0,0,0,0,0,1,0,0,0
4,1.0,1.0,9.0,P471065,72,23.0,1.0,0,0,0,0,1,0,0,0,0,0,0,0,0,0,0,1,0,0,0,1,0,0,0,0,0,0,1,0,0,0
5,1.0,1.0,6.0,P471065,72,23.0,1.0,0,0,1,0,0,0,0,0,0,0,0,0,0,0,1,0,0,0,0,1,0,0,0,0,0,0,1,0,0,0
5,1.0,1.0,4.0,P471065,72,23.0,1.0,0,0,0,0,0,0,1,0,0,0,0,0,0,0,0,0,0,1,0,1,0,0,0,0,0,0,1,0,0,0
5,1.0,0.833333015,6.0,P471065,72,23.0,0.7210570543488701,0,1,0,0,0,0,0,0,0,0,0,0,0,0,0,1,0,0,0,0,1,0,0,0,1,0,0,0,0,0
5,1.0,0.888889015,9.0,P4010,61,46.0,0.7601875334318686,0,0,1,0,0,0,0,0,0,0,0,0,0,0,0,1,0,0,0,1,0,0,0,0,0,0,1,0,0,0
5,1.0,0.800000012,5.0,P4010,61,46.0,0.6989700043360187,0,0,0,0,0,0,0,1,0,0,0,0,0,0,0,0,0,0,1,0,0,1,0,0,1,0,0,0,0,0
4,1.0,0.857142985,7.0,P4010,61,46.0,0.7373504649628064,0,0,0,0,1,0,0,0,0,0,0,0,0,0,0,1,0,0,0,1,0,0,0,0,0,0,1,0,0,0
1,1.0,0.449999988,20.0,P4010,61,46.0,0.480958551305197,0,0,0,0,1,0,0,0,0,0,0,0,0,0,0,1,0,0,0,1,0,0,0,0,0,0,1,0,0,0
4,1.0,0.928570986,14.0,P4010,61,46.0,0.7919854023234905,0,0,0,0,0,0,0,0,0,0,0,0,1,0,0,1,0,0,0,0,0,0,1,0,0,0,1,0,0,0
5,1.0,0.75,4.0,P456126,57,30.0,0.6666666666666667,0,0,0,0,1,0,0,0,0,0,0,0,0,0,0,1,0,0,0,1,0,0,0,0,0,0,1,0,0,0
3,1.0,0.625,8.0,P456126,57,30.0,0.5637914160289369,0,0,0,0,0,0,0,0,0,0,0,1,0,0,0,1,0,0,0,0,1,0,0,0,1,0,0,0,0,0
5,1.0,0.300000012,20.0,P456126,57,30.0,0.4181191936861794,0,0,0,1,0,0,0,0,0,0,0,0,0,0,0,0,0,0,1,0,0,0,1,0,0,1,0,0,0,0
5,1.0,1.0,5.0,P456126,57,30.0,1.0,0,0,0,0,1,0,0,0,0,0,0,0,0,0,1,0,0,0,0,1,0,0,0,0,0,0,1,0,0,0
5,1.0,0.714286029,7.0,P456126,57,30.0,0.6199062332840658,0,0,0,0,1,0,0,0,0,0,0,0,0,0,0,1,0,0,0,0,0,1,0,0,0,1,0,0,0,0
1,0.0,0.777778029,18.0,P456126,57,30.0,0.6272281775627488,0,0,0,0,0,0,1,0,0,0,0,0,0,0,0,1,0,0,0,1,0,0,0,0,0,0,1,0,0,0
1,0.0,0.833333015,6.0,P455369,99,15.99,0.7210570543488701,0,0,1,0,0,0,0,0,0,0,0,0,0,0,0,1,0,0,0,0,1,0,0,0,0,0,1,0,0,0
1,0.0,1.0,7.0,P455369,99,15.99,1.0,0,0,0,0,1,0,0,0,0,0,0,0,0,0,0,0,0,1,0,0,0,0,1,0,0,0,1,0,0,0
5,1.0,0.727272987,11.0,P455369,99,15.99,0.6131471927654585,0,0,0,0,1,0,0,0,0,0,0,0,0,0,1,0,0,0,0,0,0,0,1,0,0,1,0,0,0,0
3,1.0,0.888889015,9.0,P455369,99,15.99,0.7601875334318686,0,0,0,0,0,1,0,0,0,0,0,0,0,0,1,0,0,0,0,1,0,0,0,0,0,0,1,0,0,0
3,1.0,0.941175997,17.0,P455369,99,15.99,0.8034383677671774,0,0,0,0,1,0,0,0,0,0,0,0,0,0,0,1,0,0,0,0,1,0,0,0,0,1,0,0,0,0
5,1.0,0.833333015,6.0,P455369,99,15.99,0.7210570543488701,0,0,0,0,1,0,0,0,0,0,0,0,0,0,0,0,0,0,1,0,1,0,0,0,0,0,1,0,0,0
1,0.0,0.833333015,12.0,P455369,99,15.99,0.6857972507265685,0,0,0,0,0,1,0,0,0,0,0,0,0,0,0,0,0,1,0,0,1,0,0,0,0,0,1,0,0,0
5,1.0,1.0,15.0,P455369,99,15.99,1.0,0,0,1,0,0,0,0,0,0,0,0,0,0,0,1,0,0,0,0,0,1,0,0,0,0,1,0,0,0,0
2,0.0,1.0,5.0,P455369,99,15.99,1.0,0,0,0,0,0,1,0,0,0,0,0,0,0,0,0,1,0,0,0,0,0,1,0,0,0,0,1,0,0,0
2,0.0,0.75,4.0,P455369,99,15.99,0.6666666666666667,0,0,0,0,0,0,1,0,0,0,0,0,0,0,0,1,0,0,0,1,0,0,0,0,1,0,0,0,0,0
5,1.0,1.0,5.0,P455369,99,15.99,1.0,0,0,0,0,0,1,0,0,0,0,0,0,0,0,0,1,0,0,0,0,0,0,1,0,0,0,1,0,0,0
4,0.0,0.923076987,13.0,P455369,99,15.99,0.7872539464466368,0,0,0,0,0,0,1,0,0,0,0,0,0,0,0,1,0,0,0,1,0,0,0,0,1,0,0,0,0,0
5,1.0,0.846153975,13.0,P455369,99,15.99,0.6934264036172708,0,0,0,0,0,0,0,1,0,0,0,0,0,0,0,1,0,0,0,1,0,0,0,0,1,0,0,0,0,0
5,1.0,0.833333015,6.0,P455369,99,15.99,0.7210570543488701,0,0,0,0,0,1,0,0,0,0,0,0,0,0,0,1,0,0,0,0,1,0,0,0,1,0,0,0,0,0
3,0.0,0.875,8.0,P455369,99,15.99,0.75,0,0,0,0,0,0,0,1,0,0,0,0,0,0,0,1,0,0,0,0,0,0,1,0,1,0,0,0,0,0
5,1.0,1.0,36.0,P455369,99,15.99,1.0,0,0,0,1,0,0,0,0,0,0,0,0,0,0,0,0,0,0,1,1,0,0,0,0,0,1,0,0,0,0
4,1.0,1.0,9.0,P455369,99,15.99,1.0,0,0,0,0,1,0,0,0,0,0,0,0,0,0,1,0,0,0,0,0,0,0,1,0,0,0,1,0,0,0
5,1.0,1.0,6.0,P455369,99,15.99,1.0,0,0,0,0,1,0,0,0,0,0,0,0,0,0,0,0,0,0,1,1,0,0,0,0,0,0,1,0,0,0
3,0.0,0.5,4.0,P467249,28,39.0,0.5,0,0,1,0,0,0,0,0,0,0,0,0,0,0,0,0,0,0,1,0,0,0,1,0,0,1,0,0,0,0
5,1.0,0.800000012,5.0,P467249,28,39.0,0.6989700043360187,0,0,1,0,0,0,0,0,0,0,0,0,0,0,0,0,0,0,1,1,0,0,0,0,0,0,1,0,0,0
5,1.0,1.0,5.0,P467249,28,39.0,1.0,0,0,0,0,0,1,0,0,0,0,0,0,0,0,0,1,0,0,0,0,1,0,0,0,0,0,1,0,0,0
5,1.0,0.923076987,13.0,P467249,28,39.0,0.7872539464466368,0,0,1,0,0,0,0,0,0,0,0,0,0,0,1,0,0,0,0,1,0,0,0,0,0,1,0,0,0,0
5,1.0,0.5,8.0,P467249,28,39.0,0.5,0,0,0,0,0,1,0,0,0,0,0,0,0,0,0,1,0,0,0,1,0,0,0,0,0,0,1,0,0,0
4,1.0,0.857142985,14.0,P467249,28,39.0,0.7001245250427999,0,0,0,0,0,0,0,0,0,0,0,0,1,0,0,1,0,0,0,0,0,0,1,0,1,0,0,0,0,0
4,1.0,1.0,4.0,P467249,28,39.0,1.0,0,0,1,0,0,0,0,0,0,0,0,0,0,0,0,1,0,0,0,1,0,0,0,0,0,0,1,0,0,0
1,0.0,0.666666985,6.0,P467249,28,39.0,0.5943161289177871,0,0,0,0,0,0,0,0,0,0,0,0,1,0,0,1,0,0,0,0,0,1,0,0,1,0,0,0,0,0
5,1.0,1.0,4.0,P467249,28,39.0,1.0,0,1,0,0,0,0,0,0,0,0,0,0,0,0,0,1,0,0,0,1,0,0,0,0,1,0,0,0,0,0
5,1.0,1.0,4.0,P467249,28,39.0,1.0,0,0,0,0,0,0,0,1,0,0,0,0,0,0,0,1,0,0,0,0,1,0,0,0,1,0,0,0,0,0
2,0.0,0.400000006,5.0,P467249,28,39.0,0.4421141086977403,0,0,0,1,0,0,0,0,0,0,0,0,0,0,1,0,0,0,0,1,0,0,0,0,0,0,1,0,0,0
5,1.0,0.800000012,5.0,P467249,28,39.0,0.6989700043360187,0,0,0,0,1,0,0,0,0,0,0,0,0,0,0,0,0,1,0,1,0,0,0,1,0,0,0,0,0,0
5,1.0,0.666666985,6.0,P467249,28,39.0,0.5943161289177871,0,0,0,0,0,1,0,0,0,0,0,0,0,0,0,1,0,0,0,1,0,0,0,0,0,0,1,0,0,0
5,1.0,1.0,6.0,P467249,28,39.0,1.0,0,0,0,0,1,0,0,0,0,0,0,0,0,0,1,0,0,0,0,0,1,0,0,0,0,1,0,0,0,0
1,0.0,0.3125,32.0,P467249,28,39.0,0.4333501694907437,0,0,0,0,0,0,0,1,0,0,0,0,0,0,0,1,0,0,0,1,0,0,0,0,0,0,1,0,0,0
5,1.0,0.97142899,35.0,P467249,28,39.0,0.8368487803164891,0,0,0,0,1,0,0,0,0,0,0,0,0,0,0,0,0,1,0,0,0,0,1,0,0,0,1,0,0,0
5,1.0,1.0,13.0,P467249,28,39.0,1.0,0,0,0,0,0,0,1,0,0,0,0,0,0,0,0,0,0,1,0,1,0,0,0,0,0,0,1,0,0,0
5,1.0,0.75,8.0,P467249,28,39.0,0.6391511932854698,0,0,0,0,0,0,0,0,0,0,0,1,0,0,0,1,0,0,0,1,0,0,0,0,1,0,0,0,0,0
1,0.0,1.0,13.0,P281835,32,159.0,1.0,0,0,0,0,1,0,0,0,0,0,0,0,0,0,1,0,0,0,0,0,0,1,0,0,0,1,0,0,0,0
3,0.0,0.875,24.0,P281835,32,159.0,0.6903752345284636,0,0,0,0,0,0,0,0,0,0,1,0,0,0,0,1,0,0,0,1,0,0,0,0,0,0,0,1,0,0
3,0.0,0.75,12.0,P281835,32,159.0,0.6241963505817848,0,0,0,0,0,0,1,0,0,0,0,0,0,0,0,0,0,0,1,0,0,1,0,0,0,0,0,1,0,0
1,0.0,1.0,15.0,P281835,32,159.0,1.0,0,0,0,0,1,0,0,0,0,0,0,0,0,0,0,1,0,0,0,1,0,0,0,0,0,0,0,1,0,0
5,1.0,0.857142985,7.0,P281835,32,159.0,0.7373504649628064,0,0,1,0,0,0,0,0,0,0,0,0,0,0,1,0,0,0,0,0,1,0,0,0,0,0,0,1,0,0
5,1.0,1.0,16.0,P281835,32,159.0,1.0,0,0,0,0,0,0,1,0,0,0,0,0,0,0,0,1,0,0,0,0,1,0,0,0,0,0,0,1,0,0
2,0.0,0.75,4.0,P281835,32,159.0,0.6666666666666667,0,0,1,0,0,0,0,0,0,0,0,0,0,0,0,1,0,0,0,0,1,0,0,0,1,0,0,0,0,0
1,0.0,0.5,6.0,P281835,32,159.0,0.5,0,1,0,0,0,0,0,0,0,0,0,0,0,0,0,1,0,0,0,0,0,0,1,0,1,0,0,0,0,0
5,1.0,1.0,4.0,P281835,32,159.0,1.0,0,0,0,0,1,0,0,0,0,0,0,0,0,0,0,1,0,0,0,1,0,0,0,0,0,0,0,1,0,0
5,1.0,0.954545021,22.0,P281835,32,159.0,0.8168307490863663,0,0,0,0,1,0,0,0,0,0,0,0,0,0,0,1,0,0,0,1,0,0,0,0,0,0,0,1,0,0
5,1.0,0.947368026,19.0,P281835,32,159.0,0.8094485875732266,0,0,0,0,1,0,0,0,0,0,0,0,0,0,0,1,0,0,0,1,0,0,0,0,0,0,0,1,0,0
1,1.0,0.652173996,23.0,P281835,32,159.0,0.5578858913022595,0,0,0,0,1,0,0,0,0,0,0,0,0,0,0,1,0,0,0,1,0,0,0,0,0,0,0,1,0,0
5,1.0,0.833333015,6.0,P281835,32,159.0,0.7210570543488701,0,0,0,0,1,0,0,0,0,0,0,0,0,0,0,1,0,0,0,1,0,0,0,0,0,0,0,1,0,0
3,1.0,0.5,14.0,P281835,32,159.0,0.5,0,0,0,0,1,0,0,0,0,0,0,0,0,0,0,1,0,0,0,1,0,0,0,0,0,0,0,1,0,0
1,1.0,0.476190001,21.0,P281835,32,159.0,0.4910900156949701,0,0,0,0,1,0,0,0,0,0,0,0,0,0,0,1,0,0,0,0,1,0,0,0,0,0,0,1,0,0
1,1.0,0.518518984,27.0,P281835,32,159.0,0.5064514198649092,0,0,0,0,1,0,0,0,0,0,0,0,0,0,0,1,0,0,0,1,0,0,0,0,0,0,0,1,0,0
5,1.0,0.600000024,10.0,P281835,32,159.0,0.5473191697130572,0,0,0,0,1,0,0,0,0,0,0,0,0,0,0,1,0,0,0,0,0,1,0,0,0,0,0,1,0,0
5,1.0,0.909090996,11.0,P281835,32,159.0,0.7757561757824245,0,0,0,0,1,0,0,0,0,0,0,0,0,0,0,1,0,0,0,1,0,0,0,0,0,0,0,1,0,0
5,1.0,0.875,8.0,P281835,32,159.0,0.75,0,0,0,0,1,0,0,0,0,0,0,0,0,0,0,1,0,0,0,1,0,0,0,0,0,0,0,1,0,0
5,1.0,0.899999976,10.0,P281835,32,159.0,0.7686217868402409,0,0,0,0,1,0,0,0,0,0,0,0,0,0,0,1,0,0,0,1,0,0,0,0,0,0,0,1,0,0
5,1.0,0.75,4.0,P281835,32,159.0,0.6666666666666667,0,0,0,0,1,0,0,0,0,0,0,0,0,0,0,1,0,0,0,1,0,0,0,0,0,0,0,1,0,0
1,1.0,0.800000012,5.0,P394397,61,71.0,0.6989700043360187,0,0,1,0,0,0,0,0,0,0,0,0,0,0,0,1,0,0,0,0,0,0,1,0,0,0,1,0,0,0
5,1.0,1.0,9.0,P394397,61,71.0,1.0,0,0,1,0,0,0,0,0,0,0,0,0,0,0,0,1,0,0,0,1,0,0,0,0,0,0,1,0,0,0
4,1.0,1.0,6.0,P394397,61,71.0,1.0,0,0,1,0,0,0,0,0,0,0,0,0,0,0,0,1,0,0,0,1,0,0,0,0,0,0,1,0,0,0
5,1.0,0.75,4.0,P394397,61,71.0,0.6666666666666667,0,0,1,0,0,0,0,0,0,0,0,0,0,0,0,1,0,0,0,1,0,0,0,0,0,0,1,0,0,0
5,1.0,1.0,6.0,P394397,61,71.0,1.0,0,0,1,0,0,0,0,0,0,0,0,0,0,0,0,1,0,0,0,0,1,0,0,0,0,0,1,0,0,0
5,1.0,0.5,4.0,P481739,86,48.0,0.5,0,0,1,0,0,0,0,0,0,0,0,0,0,0,0,0,0,0,1,1,0,0,0,0,0,1,0,0,0,0
2,0.0,0.857142985,21.0,P481739,86,48.0,0.6798938534903572,0,0,1,0,0,0,0,0,0,0,0,0,0,0,0,1,0,0,0,1,0,0,0,0,1,0,0,0,0,0
1,0.0,0.875,16.0,P481739,86,48.0,0.7113975059201018,0,0,0,0,1,0,0,0,0,0,0,0,0,0,1,0,0,0,0,1,0,0,0,0,0,1,0,0,0,0
4,1.0,0.800000012,5.0,P454396,111,45.0,0.6989700043360187,0,0,0,0,0,0,0,0,0,0,0,0,1,0,0,1,0,0,0,1,0,0,0,0,1,0,0,0,0,0
3,0.0,0.5,6.0,P454396,111,45.0,0.5,0,0,0,0,1,0,0,0,0,0,0,0,0,0,0,1,0,0,0,1,0,0,0,0,0,0,1,0,0,0
3,0.0,1.0,10.0,P454396,111,45.0,1.0,0,0,0,0,0,0,1,0,0,0,0,0,0,0,0,1,0,0,0,1,0,0,0,0,1,0,0,0,0,0
5,1.0,0.833333015,6.0,P428100,72,105.0,0.7210570543488701,0,0,1,0,0,0,0,0,0,0,0,0,0,0,0,1,0,0,0,0,0,1,0,1,0,0,0,0,0,0
4,1.0,0.166666999,6.0,P428100,72,105.0,0.2789429456511298,0,0,1,0,0,0,0,0,0,0,0,0,0,0,0,1,0,0,0,0,0,1,0,0,0,1,0,0,0,0
5,1.0,0.887639999,89.0,P428100,72,105.0,0.646324057190745,0,0,0,0,1,0,0,0,0,0,0,0,0,0,0,1,0,0,0,1,0,0,0,0,0,0,0,0,0,1
1,0.0,0.629630029,27.0,P428100,72,105.0,0.546563125712008,0,0,0,0,1,0,0,0,0,0,0,0,0,0,0,0,0,1,0,1,0,0,0,0,0,1,0,0,0,0
4,1.0,0.821429014,28.0,P454084,44,69.0,0.6394714728255649,0,0,1,0,0,0,0,0,0,0,0,0,0,0,0,1,0,0,0,1,0,0,0,0,0,0,1,0,0,0
3,1.0,0.923076987,13.0,P454084,44,69.0,0.7872539464466368,0,0,0,0,0,1,0,0,0,0,0,0,0,0,1,0,0,0,0,1,0,0,0,0,0,0,1,0,0,0
4,1.0,1.0,10.0,P454084,44,69.0,1.0,0,0,1,0,0,0,0,0,0,0,0,0,0,0,1,0,0,0,0,1,0,0,0,0,0,1,0,0,0,0
1,0.0,0.800000012,5.0,P454084,44,69.0,0.6989700043360187,0,0,0,0,0,1,0,0,0,0,0,0,0,0,0,1,0,0,0,1,0,0,0,0,0,0,1,0,0,0
5,1.0,1.0,25.0,P454084,44,69.0,1.0,0,0,0,0,0,1,0,0,0,0,0,0,0,0,0,0,0,0,1,0,0,1,0,0,0,0,1,0,0,0
5,1.0,0.727272987,11.0,P427412,101,11.1,0.6131471927654585,0,0,0,0,0,0,0,1,0,0,0,0,0,0,0,1,0,0,0,0,0,0,1,0,0,0,1,0,0,0
1,0.0,0.818181992,11.0,P427412,101,11.1,0.6769924925288455,0,0,0,0,0,0,1,0,0,0,0,0,0,0,0,0,0,1,0,1,0,0,0,0,0,1,0,0,0,0
5,1.0,0.916666985,24.0,P427412,101,11.1,0.740532674963355,0,0,0,0,1,0,0,0,0,0,0,0,0,0,0,0,0,1,0,1,0,0,0,0,0,0,1,0,0,0
5,1.0,0.0,6.0,P427412,101,11.1,0.0,0,0,0,0,1,0,0,0,0,0,0,0,0,0,0,1,0,0,0,0,1,0,0,0,1,0,0,0,0,0
5,1.0,0.92682898,113.72000000000116,P427412,101,11.1,0.6732771243160458,0,0,0,0,0,1,0,0,0,0,0,0,0,0,0,1,0,0,0,0,0,1,0,0,0,0,1,0,0,0
5,1.0,0.666666985,6.0,P427412,101,11.1,0.5943161289177871,0,0,1,0,0,0,0,0,0,0,0,0,0,0,0,1,0,0,0,1,0,0,0,0,1,0,0,0,0,0
5,1.0,0.981481016,54.0,P427412,101,11.1,0.8519590445170674,0,0,0,0,1,0,0,0,0,0,0,0,0,0,0,1,0,0,0,0,0,1,0,0,0,0,1,0,0,0
5,1.0,1.0,17.0,P427412,101,11.1,1.0,0,0,0,0,0,0,0,0,0,0,0,1,0,0,0,1,0,0,0,0,0,1,0,0,1,0,0,0,0,0
5,1.0,0.842104971,19.0,P427412,101,11.1,0.6714559000758995,0,0,0,0,1,0,0,0,0,0,0,0,0,0,0,1,0,0,0,1,0,0,0,0,1,0,0,0,0,0
5,1.0,1.0,7.0,P427412,101,11.1,1.0,0,0,0,0,0,0,1,0,0,0,0,0,0,0,0,1,0,0,0,0,1,0,0,0,0,0,1,0,0,0
5,1.0,0.857142985,7.0,P427412,101,11.1,0.7373504649628064,0,0,0,0,0,1,0,0,0,0,0,0,0,0,0,1,0,0,0,1,0,0,0,0,1,0,0,0,0,0
5,1.0,0.959999979,25.0,P427412,101,11.1,0.8228161798644421,0,0,0,0,0,0,1,0,0,0,0,0,0,0,0,1,0,0,0,1,0,0,0,0,1,0,0,0,0,0
2,0.0,0.708333015,24.0,P427412,101,11.1,0.5815855815233052,0,0,0,0,0,0,0,0,0,0,0,0,1,0,0,1,0,0,0,0,0,1,0,0,1,0,0,0,0,0
5,1.0,0.980000019,50.0,P427412,101,11.1,0.8494850021680095,0,0,1,0,0,0,0,0,0,0,0,0,0,0,0,0,0,0,1,1,0,0,0,0,0,1,0,0,0,0
1,0.0,0.833333015,12.0,P427412,101,11.1,0.6857972507265685,0,0,0,0,1,0,0,0,0,0,0,0,0,0,0,1,0,0,0,0,0,1,0,0,0,0,1,0,0,0
3,0.0,0.333332986,6.0,P427412,101,11.1,0.4056838710822129,0,0,0,0,0,0,0,1,0,0,0,0,0,0,0,1,0,0,0,1,0,0,0,0,0,0,1,0,0,0
1,0.0,0.583333015,12.0,P475543,34,45.0,0.5371566952531242,0,0,0,0,0,0,1,0,0,0,0,0,0,0,0,1,0,0,0,1,0,0,0,0,1,0,0,0,0,0
5,1.0,1.0,4.0,P475543,34,45.0,1.0,0,0,1,0,0,0,0,0,0,0,0,0,0,0,0,0,0,0,1,1,0,0,0,0,0,0,1,0,0,0
3,1.0,0.600000024,5.0,P475543,34,45.0,0.5578858913022596,0,0,0,0,1,0,0,0,0,0,0,0,0,0,0,0,0,1,0,1,0,0,0,0,0,1,0,0,0,0
3,0.0,0.800000012,5.0,P475543,34,45.0,0.6989700043360187,0,0,0,0,0,0,0,1,0,0,0,0,0,0,0,1,0,0,0,1,0,0,0,0,0,0,1,0,0,0
2,0.0,0.375,8.0,P475543,34,45.0,0.4362085839710631,0,0,0,0,1,0,0,0,0,0,0,0,0,0,0,0,0,0,1,1,0,0,0,0,0,0,1,0,0,0
3,0.0,0.833333015,6.0,P475543,34,45.0,0.7210570543488701,0,0,0,0,0,0,0,1,0,0,0,0,0,0,0,0,0,0,1,1,0,0,0,0,1,0,0,0,0,0
3,0.0,0.600000024,5.0,P475543,34,45.0,0.5578858913022596,0,0,1,0,0,0,0,0,0,0,0,0,0,0,0,0,0,0,1,1,0,0,0,0,0,0,1,0,0,0
5,1.0,0.461537987,13.0,P475543,34,45.0,0.4834136986177055,0,0,0,0,0,1,0,0,0,0,0,0,0,0,0,1,0,0,0,0,0,0,1,0,1,0,0,0,0,0
4,1.0,0.600000024,5.0,P475543,34,45.0,0.5578858913022596,0,0,0,0,0,0,0,1,0,0,0,0,0,0,0,1,0,0,0,1,0,0,0,0,0,0,1,0,0,0
5,1.0,0.875,8.0,P475543,34,45.0,0.75,0,0,1,0,0,0,0,0,0,0,0,0,0,0,0,0,0,1,0,1,0,0,0,0,0,1,0,0,0,0
4,0.0,0.625,8.0,P467615,19,42.0,0.5637914160289369,0,0,1,0,0,0,0,0,0,0,0,0,0,0,0,0,0,1,0,0,1,0,0,0,0,0,0,0,0,1
5,1.0,1.0,4.0,P467615,19,42.0,1.0,0,0,0,0,1,0,0,0,0,0,0,0,0,0,0,0,0,0,1,1,0,0,0,0,0,0,1,0,0,0
5,1.0,1.0,6.0,P467615,19,42.0,1.0,0,0,1,0,0,0,0,0,0,0,0,0,0,0,0,0,0,0,1,1,0,0,0,0,0,0,1,0,0,0
2,1.0,0.6875,16.0,P467615,19,42.0,0.5810382621965612,0,0,0,0,0,0,1,0,0,0,0,0,0,0,0,1,0,0,0,0,1,0,0,0,0,0,1,0,0,0
4,1.0,1.0,4.0,P460578,112,98.0,1.0,0,0,1,0,0,0,0,0,0,0,0,0,0,0,1,0,0,0,0,0,1,0,0,0,0,1,0,0,0,0
1,0.0,0.25,12.0,P471788,61,17.0,0.3758036494182151,0,0,0,0,0,1,0,0,0,0,0,0,0,0,0,1,0,0,0,0,1,0,0,0,0,0,1,0,0,0
5,1.0,0.8125,32.0,P471788,61,17.0,0.6287668703841153,0,0,0,0,1,0,0,0,0,0,0,0,0,0,0,0,0,0,1,1,0,0,0,0,0,0,1,0,0,0
5,1.0,1.0,5.0,P471788,61,17.0,1.0,0,0,0,0,0,1,0,0,0,0,0,0,0,0,1,0,0,0,0,1,0,0,0,0,0,1,0,0,0,0
4,1.0,0.75,4.0,P471788,61,17.0,0.6666666666666667,0,0,1,0,0,0,0,0,0,0,0,0,0,0,1,0,0,0,0,0,0,0,1,0,0,0,1,0,0,0
5,1.0,1.0,4.0,P471788,61,17.0,1.0,0,0,1,0,0,0,0,0,0,0,0,0,0,0,1,0,0,0,0,1,0,0,0,0,0,0,1,0,0,0
3,1.0,0.777778029,9.0,P471788,61,17.0,0.6543128759565946,0,0,0,0,0,1,0,0,0,0,0,0,0,0,1,0,0,0,0,1,0,0,0,0,0,0,1,0,0,0
3,1.0,0.0,7.0,P471788,61,17.0,0.0,0,0,1,0,0,0,0,0,0,0,0,0,0,0,1,0,0,0,0,0,0,0,1,0,0,0,1,0,0,0
5,1.0,0.5,4.0,P501254,34,40.0,0.5,0,0,0,0,1,0,0,0,0,0,0,0,0,0,0,1,0,0,0,1,0,0,0,0,0,0,1,0,0,0
2,0.0,0.850000024,40.0,P501254,34,40.0,0.6462790738806947,0,0,1,0,0,0,0,0,0,0,0,0,0,0,0,1,0,0,0,0,1,0,0,0,0,0,0,0,0,1
5,1.0,1.0,6.0,P501254,34,40.0,1.0,0,0,0,0,0,1,0,0,0,0,0,0,0,0,0,0,0,0,1,1,0,0,0,0,0,1,0,0,0,0
5,1.0,0.877192974,57.0,P387261,72,60.0,0.6540760073792675,0,0,0,1,0,0,0,0,0,0,0,0,0,0,0,1,0,0,0,0,1,0,0,0,0,0,0,0,0,1
5,1.0,0.800000012,5.0,P387261,72,60.0,0.6989700043360187,0,0,1,0,0,0,0,0,0,0,0,0,0,0,1,0,0,0,0,1,0,0,0,0,0,1,0,0,0,0
5,1.0,0.79310298,29.0,P387261,72,60.0,0.6202334448725115,0,0,0,0,0,1,0,0,0,0,0,0,0,0,0,1,0,0,0,0,1,0,0,0,1,0,0,0,0,0
5,1.0,1.0,18.0,P387261,72,60.0,1.0,0,0,1,0,0,0,0,0,0,0,0,0,0,0,0,1,0,0,0,0,0,0,1,0,0,0,1,0,0,0
5,1.0,0.899999976,10.0,P387261,72,60.0,0.7686217868402409,0,1,0,0,0,0,0,0,0,0,0,0,0,0,0,1,0,0,0,0,0,0,1,0,1,0,0,0,0,0
5,1.0,0.861110985,36.0,P387261,72,60.0,0.6591990401435227,0,0,1,0,0,0,0,0,0,0,0,0,0,0,0,1,0,0,0,1,0,0,0,0,1,0,0,0,0,0
5,1.0,0.875,8.0,P387261,72,60.0,0.75,0,0,1,0,0,0,0,0,0,0,0,0,0,0,0,1,0,0,0,1,0,0,0,0,1,0,0,0,0,0
5,1.0,0.857142985,14.0,P387261,72,60.0,0.7001245250427999,0,0,1,0,0,0,0,0,0,0,0,0,0,0,0,1,0,0,0,1,0,0,0,0,1,0,0,0,0,0
5,1.0,1.0,4.0,P469490,51,25.0,1.0,0,0,0,0,1,0,0,0,0,0,0,0,0,0,1,0,0,0,0,0,1,0,0,0,0,1,0,0,0,0
2,0.0,0.800000012,10.0,P469490,51,25.0,0.6666666666666666,0,0,0,0,1,0,0,0,0,0,0,0,0,0,0,1,0,0,0,1,0,0,0,0,0,0,1,0,0,0
2,0.0,0.75,8.0,P469490,51,25.0,0.6391511932854698,0,0,0,1,0,0,0,0,0,0,0,0,0,0,1,0,0,0,0,0,1,0,0,0,0,0,1,0,0,0
1,0.0,0.727272987,22.0,P469490,51,25.0,0.5928311641538279,0,0,0,1,0,0,0,0,0,0,0,0,0,1,0,0,0,0,0,0,1,0,0,0,0,1,0,0,0,0
5,1.0,0.666666985,18.0,P469490,51,25.0,0.5686165471914938,0,0,0,0,1,0,0,0,0,0,0,0,0,0,1,0,0,0,0,0,0,1,0,0,0,0,1,0,0,0
2,1.0,0.0,6.0,P469490,51,25.0,0.0,0,0,0,0,0,1,0,0,0,0,0,0,0,0,0,1,0,0,0,0,0,1,0,0,0,0,1,0,0,0
3,0.0,0.75,4.0,P469490,51,25.0,0.6666666666666667,0,0,0,0,1,0,0,0,0,0,0,0,0,0,0,0,0,1,0,0,1,0,0,0,0,1,0,0,0,0
2,0.0,0.5,10.0,P469490,51,25.0,0.5,0,0,0,0,0,0,0,1,0,0,0,0,0,0,0,1,0,0,0,0,1,0,0,0,1,0,0,0,0,0
3,0.0,0.906976998,43.0,P469490,51,25.0,0.6962360309717192,0,0,0,0,1,0,0,0,0,0,0,0,0,0,0,0,0,1,0,1,0,0,0,0,0,0,1,0,0,0
5,1.0,1.0,6.0,P469490,51,25.0,1.0,0,0,0,0,1,0,0,0,0,0,0,0,0,0,0,1,0,0,0,0,1,0,0,0,0,1,0,0,0,0
2,0.0,0.78947401,19.0,P469490,51,25.0,0.6327183637591292,0,0,0,0,1,0,0,0,0,0,0,0,0,0,1,0,0,0,0,1,0,0,0,0,0,0,1,0,0,0
3,1.0,0.863636017,22.0,P469490,51,25.0,0.6836408181204355,0,0,1,0,0,0,0,0,0,0,0,0,0,0,0,0,0,1,0,1,0,0,0,0,0,0,1,0,0,0
5,1.0,0.100000001,10.0,P469490,51,25.0,0.2313782131597591,0,0,0,0,0,1,0,0,0,0,0,0,0,0,0,0,0,1,0,1,0,0,0,0,0,1,0,0,0,0
4,1.0,1.0,15.0,P423136,14,42.0,1.0,0,0,1,0,0,0,0,0,0,0,0,0,0,0,0,0,0,0,1,1,0,0,0,0,0,0,1,0,0,0
5,1.0,0.5,6.0,P423136,14,42.0,0.5,0,0,0,0,1,0,0,0,0,0,0,0,0,0,0,0,0,0,1,0,1,0,0,0,0,0,0,0,0,1
5,1.0,0.444444001,9.0,P423136,14,42.0,0.4731974454383393,0,0,0,0,1,0,0,0,0,0,0,0,0,0,0,1,0,0,0,1,0,0,0,0,0,0,1,0,0,0
2,0.0,0.857142985,7.0,P432241,7,45.0,0.7373504649628064,0,0,0,0,0,0,0,0,0,0,0,0,1,0,0,1,0,0,0,0,0,1,0,0,1,0,0,0,0,0
2,0.0,0.857142985,7.0,P432241,7,45.0,0.7373504649628064,0,0,0,0,1,0,0,0,0,0,0,0,0,0,0,1,0,0,0,0,1,0,0,0,1,0,0,0,0,0
5,1.0,0.909090996,11.0,P432241,7,45.0,0.7757561757824245,0,0,0,0,1,0,0,0,0,0,0,0,0,0,0,0,0,0,1,1,0,0,0,0,0,0,1,0,0,0
4,1.0,1.0,10.0,P432241,7,45.0,1.0,0,0,0,0,0,1,0,0,0,0,0,0,0,0,0,0,0,1,0,0,1,0,0,0,0,0,1,0,0,0
1,0.0,0.600000024,5.0,P432241,7,45.0,0.5578858913022596,0,0,1,0,0,0,0,0,0,0,0,0,0,0,0,0,0,1,0,0,0,1,0,0,0,1,0,0,0,0
4,1.0,0.823529005,17.0,P432241,7,45.0,0.6614123848024371,0,0,1,0,0,0,0,0,0,0,0,0,0,0,0,1,0,0,0,1,0,0,0,0,1,0,0,0,0,0
2,0.0,1.0,4.0,P443700,14,13.0,1.0,0,0,0,0,0,0,0,1,0,0,0,0,0,0,0,1,0,0,0,0,0,1,0,0,1,0,0,0,0,0
1,0.0,0.181817994,11.0,P443700,14,13.0,0.3230075074711545,0,0,0,0,0,1,0,0,0,0,0,0,0,0,0,1,0,0,0,1,0,0,0,0,0,0,1,0,0,0
5,1.0,0.875,16.0,P443700,14,13.0,0.7113975059201018,0,0,0,0,1,0,0,0,0,0,0,0,0,0,0,1,0,0,0,0,1,0,0,0,0,0,1,0,0,0
5,1.0,0.0,4.0,P443700,14,13.0,0.0,0,0,0,0,0,0,0,0,0,0,0,0,1,0,0,1,0,0,0,1,0,0,0,0,0,0,1,0,0,0
1,0.0,0.526315987,19.0,P443700,14,13.0,0.5101383446357889,0,0,0,0,0,1,0,0,0,0,0,0,0,0,1,0,0,0,0,1,0,0,0,0,0,1,0,0,0,0
5,1.0,0.736841977,19.0,P443700,14,13.0,0.6018143876079656,0,0,0,0,1,0,0,0,0,0,0,0,0,0,0,1,0,0,0,0,1,0,0,0,0,1,0,0,0,0
3,1.0,0.200000003,5.0,P466122,111,44.0,0.3010299956639811,0,0,1,0,0,0,0,0,0,0,0,0,0,0,0,0,0,0,1,1,0,0,0,0,0,0,1,0,0,0
5,1.0,1.0,7.0,P416561,4,54.0,1.0,0,0,0,1,0,0,0,0,0,0,0,0,0,0,0,1,0,0,0,1,0,0,0,0,0,0,1,0,0,0
4,1.0,0.857142985,7.0,P416561,4,54.0,0.7373504649628064,0,0,1,0,0,0,0,0,0,0,0,0,0,0,0,0,0,0,1,1,0,0,0,1,0,0,0,0,0,0
2,0.0,0.428570986,7.0,P416561,4,54.0,0.4627564263195183,0,0,0,0,0,0,1,0,0,0,0,0,0,0,0,1,0,0,0,0,0,0,1,0,0,0,1,0,0,0
5,1.0,0.857142985,7.0,P416561,4,54.0,0.7373504649628064,0,0,0,0,0,1,0,0,0,0,0,0,0,0,0,1,0,0,0,0,1,0,0,0,1,0,0,0,0,0
5,1.0,0.833333015,6.0,P416561,4,54.0,0.7210570543488701,0,0,0,0,1,0,0,0,0,0,0,0,0,0,0,0,0,0,1,1,0,0,0,0,0,0,1,0,0,0
4,1.0,0.75,4.0,P416561,4,54.0,0.6666666666666667,0,0,0,0,0,1,0,0,0,0,0,0,0,0,0,1,0,0,0,1,0,0,0,0,0,0,1,0,0,0
5,1.0,0.75,4.0,P416561,4,54.0,0.6666666666666667,0,0,1,0,0,0,0,0,0,0,0,0,0,0,1,0,0,0,0,0,0,0,1,0,0,0,1,0,0,0
5,1.0,0.75,4.0,P416561,4,54.0,0.6666666666666667,0,0,0,1,0,0,0,0,0,0,0,0,0,0,0,0,0,1,0,1,0,0,0,0,0,0,1,0,0,0
3,0.0,0.875,8.0,P416561,4,54.0,0.75,0,0,0,0,0,1,0,0,0,0,0,0,0,0,0,1,0,0,0,0,1,0,0,0,0,0,1,0,0,0
5,1.0,1.0,4.0,P470024,22,82.0,1.0,0,1,0,0,0,0,0,0,0,0,0,0,0,0,0,1,0,0,0,1,0,0,0,0,0,0,1,0,0,0
5,1.0,0.319999993,25.0,P470024,22,82.0,0.4318787168942832,0,0,0,0,0,1,0,0,0,0,0,0,0,0,0,1,0,0,0,1,0,0,0,0,0,0,1,0,0,0
4,1.0,0.75,8.0,P470024,22,82.0,0.6391511932854698,0,0,1,0,0,0,0,0,0,0,0,0,0,0,1,0,0,0,0,1,0,0,0,0,0,1,0,0,0,0
5,1.0,1.0,5.0,P470024,22,82.0,1.0,0,0,1,0,0,0,0,0,0,0,0,0,0,0,0,1,0,0,0,0,0,1,0,0,0,1,0,0,0,0
5,1.0,1.0,8.0,P470024,22,82.0,1.0,0,0,1,0,0,0,0,0,0,0,0,0,0,0,0,0,0,1,0,1,0,0,0,0,0,1,0,0,0,0
3,1.0,0.899999976,10.0,P470024,22,82.0,0.7686217868402409,0,0,0,0,1,0,0,0,0,0,0,0,0,0,0,1,0,0,0,1,0,0,0,0,1,0,0,0,0,0
2,0.0,0.333332986,6.0,P470024,22,82.0,0.4056838710822129,0,0,0,0,0,0,1,0,0,0,0,0,0,0,0,1,0,0,0,1,0,0,0,0,0,0,1,0,0,0
5,1.0,1.0,8.0,P470024,22,82.0,1.0,0,0,0,0,0,1,0,0,0,0,0,0,0,0,0,1,0,0,0,1,0,0,0,0,1,0,0,0,0,0
5,1.0,0.800000012,5.0,P470024,22,82.0,0.6989700043360187,0,0,0,0,1,0,0,0,0,0,0,0,0,0,1,0,0,0,0,1,0,0,0,0,0,1,0,0,0,0
5,1.0,0.800000012,5.0,P470024,22,82.0,0.6989700043360187,0,0,0,0,0,1,0,0,0,0,0,0,0,0,0,0,0,0,1,1,0,0,0,0,0,0,1,0,0,0
5,1.0,1.0,4.0,P470024,22,82.0,1.0,0,0,1,0,0,0,0,0,0,0,0,0,0,0,0,0,0,0,1,0,1,0,0,0,0,0,1,0,0,0
5,1.0,0.857142985,7.0,P470024,22,82.0,0.7373504649628064,0,0,0,0,1,0,0,0,0,0,0,0,0,0,0,1,0,0,0,0,1,0,0,0,0,0,1,0,0,0
1,0.0,0.5,4.0,P446423,61,38.0,0.5,0,0,0,0,0,1,0,0,0,0,0,0,0,0,0,1,0,0,0,1,0,0,0,0,1,0,0,0,0,0
4,0.0,0.5,6.0,P446423,61,38.0,0.5,0,0,0,0,0,0,0,0,0,0,0,0,1,0,0,1,0,0,0,1,0,0,0,0,0,0,1,0,0,0
4,1.0,0.959999979,25.0,P446423,61,38.0,0.8228161798644421,0,0,0,1,0,0,0,0,0,0,0,0,0,0,0,0,0,1,0,0,0,0,1,0,0,1,0,0,0,0
5,1.0,0.899999976,10.0,P446423,61,38.0,0.7686217868402409,0,0,0,0,0,0,0,0,0,0,0,0,1,0,0,1,0,0,0,0,0,0,1,0,1,0,0,0,0,0
5,1.0,1.0,23.0,P446423,61,38.0,1.0,0,0,1,0,0,0,0,0,0,0,0,0,0,0,0,0,0,0,1,1,0,0,0,1,0,0,0,0,0,0
3,0.0,0.833333015,6.0,P446423,61,38.0,0.7210570543488701,0,0,0,0,1,0,0,0,0,0,0,0,0,0,0,1,0,0,0,1,0,0,0,0,0,0,1,0,0,0
5,1.0,0.5,6.0,P446423,61,38.0,0.5,0,0,1,0,0,0,0,0,0,0,0,0,0,0,0,1,0,0,0,0,0,0,1,0,0,0,1,0,0,0
3,0.0,0.600000024,5.0,P446423,61,38.0,0.5578858913022596,0,0,0,0,1,0,0,0,0,0,0,0,0,0,0,0,0,0,1,1,0,0,0,0,0,0,1,0,0,0
1,0.0,0.941175997,17.0,P446423,61,38.0,0.8034383677671774,0,0,1,0,0,0,0,0,0,0,0,0,0,0,0,1,0,0,0,1,0,0,0,0,0,0,1,0,0,0
3,1.0,0.821429014,28.0,P446423,61,38.0,0.6394714728255649,0,0,1,0,0,0,0,0,0,0,0,0,0,0,1,0,0,0,0,1,0,0,0,0,0,1,0,0,0,0
3,0.0,0.090909101,11.0,P446423,61,38.0,0.2242438242175754,0,0,0,0,1,0,0,0,0,0,0,0,0,0,0,1,0,0,0,0,0,0,1,0,0,0,1,0,0,0
5,1.0,0.5,4.0,P427418,101,11.7,0.5,0,0,1,0,0,0,0,0,0,0,0,0,0,0,0,1,0,0,0,0,0,0,1,0,0,1,0,0,0,0
5,1.0,0.75999999,25.0,P427418,101,11.7,0.6062219839800091,0,0,0,0,1,0,0,0,0,0,0,0,0,0,1,0,0,0,0,1,0,0,0,0,0,1,0,0,0,0
3,1.0,0.41791001,67.0,P427418,101,11.7,0.4772126108564733,0,0,0,0,0,1,0,0,0,0,0,0,0,0,1,0,0,0,0,0,0,0,1,0,0,0,1,0,0,0
3,0.0,1.0,9.0,P427418,101,11.7,1.0,0,0,1,0,0,0,0,0,0,0,0,0,0,0,1,0,0,0,0,0,1,0,0,0,0,1,0,0,0,0
5,1.0,0.896552026,29.0,P427418,101,11.7,0.7039180890341348,0,0,1,0,0,0,0,0,0,0,0,0,0,0,0,1,0,0,0,1,0,0,0,0,0,0,1,0,0,0
5,1.0,0.625,8.0,P427418,101,11.7,0.5637914160289369,0,0,0,1,0,0,0,0,0,0,0,0,0,0,1,0,0,0,0,1,0,0,0,0,0,0,0,0,0,1
5,1.0,0.893939018,66.0,P427418,101,11.7,0.6631821208762652,0,0,0,0,0,1,0,0,0,0,0,0,0,0,0,1,0,0,0,1,0,0,0,0,0,0,1,0,0,0
5,1.0,0.736841977,19.0,P427418,101,11.7,0.6018143876079656,0,0,0,0,0,1,0,0,0,0,0,0,0,0,0,1,0,0,0,0,1,0,0,0,0,0,1,0,0,0
5,1.0,1.0,33.0,P427418,101,11.7,1.0,0,0,1,0,0,0,0,0,0,0,0,0,0,0,1,0,0,0,0,0,1,0,0,0,0,0,1,0,0,0
5,1.0,0.846153975,13.0,P427418,101,11.7,0.6934264036172708,0,0,0,0,0,1,0,0,0,0,0,0,0,0,0,1,0,0,0,1,0,0,0,0,1,0,0,0,0,0
5,1.0,0.833333015,6.0,P427418,101,11.7,0.7210570543488701,0,0,0,0,1,0,0,0,0,0,0,0,0,0,0,0,0,0,1,1,0,0,0,0,0,1,0,0,0,0
5,1.0,0.75,4.0,P427418,101,11.7,0.6666666666666667,0,0,0,1,0,0,0,0,0,0,0,0,0,0,0,0,0,0,1,0,1,0,0,0,0,0,0,0,0,1
2,0.0,0.727272987,22.0,P427418,101,11.7,0.5928311641538279,0,0,0,0,0,1,0,0,0,0,0,0,0,0,0,0,0,0,1,1,0,0,0,1,0,0,0,0,0,0
1,0.0,0.199377,113.72000000000116,P427418,101,11.7,0.4291393462368789,0,0,1,0,0,0,0,0,0,0,0,0,0,0,0,1,0,0,0,0,0,1,0,0,0,0,1,0,0,0
5,1.0,0.777778029,9.0,P472981,54,79.0,0.6543128759565946,0,0,0,0,0,1,0,0,0,0,0,0,0,0,0,1,0,0,0,1,0,0,0,0,0,0,1,0,0,0
3,1.0,0.899999976,10.0,P472981,54,79.0,0.7686217868402409,0,0,0,0,0,1,0,0,0,0,0,0,0,0,0,0,0,0,1,0,1,0,0,0,1,0,0,0,0,0
5,1.0,0.75,4.0,P232906,47,76.0,0.6666666666666667,0,0,1,0,0,0,0,0,0,0,0,0,0,0,0,1,0,0,0,1,0,0,0,0,0,0,1,0,0,0
1,0.0,0.800000012,5.0,P471226,9,65.0,0.6989700043360187,0,0,0,0,0,1,0,0,0,0,0,0,0,0,0,1,0,0,0,0,1,0,0,0,1,0,0,0,0,0
1,0.0,0.818181992,11.0,P471226,9,65.0,0.6769924925288455,0,0,1,0,0,0,0,0,0,0,0,0,0,0,0,1,0,0,0,0,0,1,0,0,0,0,0,1,0,0
5,1.0,0.600000024,5.0,P471226,9,65.0,0.5578858913022596,0,0,0,0,0,1,0,0,0,0,0,0,0,0,1,0,0,0,0,0,1,0,0,0,0,0,1,0,0,0
5,1.0,0.666666985,12.0,P471226,9,65.0,0.5772049881597967,0,0,1,0,0,0,0,0,0,0,0,0,0,0,0,1,0,0,0,1,0,0,0,0,0,0,0,1,0,0
3,0.0,0.699999988,10.0,P471226,9,65.0,0.6,0,0,0,0,0,0,0,0,0,0,0,0,1,0,0,1,0,0,0,0,0,0,1,0,0,1,0,0,0,0
5,1.0,0.625,8.0,P471226,9,65.0,0.5637914160289369,0,0,0,0,0,0,1,0,0,0,0,0,0,0,0,1,0,0,0,0,1,0,0,1,0,0,0,0,0,0
5,1.0,1.0,4.0,P471226,9,65.0,1.0,0,0,0,0,0,0,0,0,0,1,0,0,0,0,0,1,0,0,0,0,1,0,0,0,1,0,0,0,0,0
1,0.0,0.970588028,34.0,P482693,51,40.0,0.8357279500379498,0,0,0,0,1,0,0,0,0,0,0,0,0,0,0,1,0,0,0,1,0,0,0,0,1,0,0,0,0,0
2,0.0,1.0,5.0,P482693,51,40.0,1.0,0,0,0,0,0,0,0,0,0,0,0,0,1,0,0,1,0,0,0,1,0,0,0,0,0,0,1,0,0,0
1,0.0,0.857142985,7.0,P482693,51,40.0,0.7373504649628064,0,0,0,0,1,0,0,0,0,0,0,0,0,0,0,0,0,1,0,0,1,0,0,0,0,1,0,0,0,0
1,0.0,0.909090996,11.0,P482693,51,40.0,0.7757561757824245,0,0,0,0,0,0,0,0,0,0,0,1,0,0,0,1,0,0,0,0,1,0,0,0,1,0,0,0,0,0
1,0.0,1.0,77.0,P482693,51,40.0,1.0,0,0,0,0,1,0,0,0,0,0,0,0,0,0,0,1,0,0,0,0,1,0,0,0,1,0,0,0,0,0
1,0.0,1.0,23.0,P482693,51,40.0,1.0,0,0,1,0,0,0,0,0,0,0,0,0,0,0,0,1,0,0,0,0,1,0,0,0,0,1,0,0,0,0
2,0.0,1.0,8.0,P482693,51,40.0,1.0,0,0,0,0,1,0,0,0,0,0,0,0,0,0,1,0,0,0,0,1,0,0,0,0,0,0,1,0,0,0
3,0.0,0.636363983,11.0,P379710,97,88.0,0.5637054741273227,0,0,1,0,0,0,0,0,0,0,0,0,0,0,1,0,0,0,0,0,1,0,0,0,0,0,1,0,0,0
4,1.0,1.0,6.0,P379710,97,88.0,1.0,0,0,0,0,1,0,0,0,0,0,0,0,0,0,0,1,0,0,0,0,1,0,0,0,0,0,1,0,0,0
2,1.0,0.75,4.0,P379710,97,88.0,0.6666666666666667,0,0,0,0,0,1,0,0,0,0,0,0,0,0,0,1,0,0,0,0,1,0,0,0,0,0,1,0,0,0
3,1.0,0.555555999,9.0,P379710,97,88.0,0.5268025545616606,0,0,0,0,0,1,0,0,0,0,0,0,0,0,0,1,0,0,0,0,0,1,0,0,0,0,1,0,0,0
2,0.0,0.296296,27.0,P457517,111,25.0,0.4231162785339835,0,0,0,0,1,0,0,0,0,0,0,0,0,0,1,0,0,0,0,0,0,1,0,0,0,1,0,0,0,0
5,1.0,0.666666985,9.0,P457517,111,25.0,0.583970804646981,0,0,0,0,0,1,0,0,0,0,0,0,0,0,0,1,0,0,0,1,0,0,0,0,1,0,0,0,0,0
3,0.0,0.75,4.0,P444057,110,30.0,0.6666666666666667,0,0,0,0,1,0,0,0,0,0,0,0,0,0,0,0,0,1,0,1,0,0,0,0,0,1,0,0,0,0
5,1.0,1.0,4.0,P444057,110,30.0,1.0,0,0,0,0,0,1,0,0,0,0,0,0,0,0,0,1,0,0,0,1,0,0,0,0,0,1,0,0,0,0
2,0.0,0.555555999,9.0,P458900,44,29.0,0.5268025545616606,0,0,1,0,0,0,0,0,0,0,0,0,0,0,0,1,0,0,0,1,0,0,0,0,0,0,1,0,0,0
1,0.0,0.833333015,12.0,P458900,44,29.0,0.6857972507265685,0,0,0,0,0,0,1,0,0,0,0,0,0,0,0,1,0,0,0,1,0,0,0,0,0,0,1,0,0,0
5,1.0,1.0,9.0,P458900,44,29.0,1.0,0,0,0,0,0,0,0,1,0,0,0,0,0,0,0,1,0,0,0,0,0,0,1,0,1,0,0,0,0,0
1,0.0,0.5,16.0,P458900,44,29.0,0.5,0,0,0,1,0,0,0,0,0,0,0,0,0,0,0,1,0,0,0,0,1,0,0,0,0,0,1,0,0,0
4,1.0,0.899999976,10.0,P466117,22,42.0,0.7686217868402409,0,0,1,0,0,0,0,0,0,0,0,0,0,0,1,0,0,0,0,1,0,0,0,0,0,0,1,0,0,0
4,1.0,0.571429014,7.0,P466117,22,42.0,0.5372435736804816,0,0,0,0,1,0,0,0,0,0,0,0,0,0,1,0,0,0,0,0,0,0,1,0,0,1,0,0,0,0
5,1.0,0.333332986,9.0,P466117,22,42.0,0.4160291953530189,0,0,0,1,0,0,0,0,0,0,0,0,0,0,0,0,0,0,1,0,1,0,0,0,0,0,1,0,0,0
5,1.0,1.0,4.0,P453824,72,75.0,1.0,0,0,1,0,0,0,0,0,0,0,0,0,0,0,0,1,0,0,0,0,0,1,0,0,0,0,1,0,0,0
5,1.0,1.0,7.0,P453824,72,75.0,1.0,0,0,0,0,1,0,0,0,0,0,0,0,0,0,0,0,0,1,0,1,0,0,0,0,1,0,0,0,0,0
4,1.0,0.862069011,29.0,P413326,98,30.0,0.6693525379602678,0,0,0,0,1,0,0,0,0,0,0,0,0,0,1,0,0,0,0,1,0,0,0,1,0,0,0,0,0,0
1,0.0,0.800000012,10.0,P413326,98,30.0,0.6666666666666666,0,0,0,0,0,0,0,1,0,0,0,0,0,0,0,1,0,0,0,0,1,0,0,0,0,0,1,0,0,0
1,0.0,0.75,4.0,P413326,98,30.0,0.6666666666666667,0,0,0,1,0,0,0,0,0,0,0,0,0,0,0,1,0,0,0,0,1,0,0,0,1,0,0,0,0,0
5,1.0,0.333332986,6.0,P413326,98,30.0,0.4056838710822129,0,0,0,0,0,1,0,0,0,0,0,0,0,0,0,1,0,0,0,0,1,0,0,0,1,0,0,0,0,0
5,1.0,0.25,8.0,P413326,98,30.0,0.3608488067145302,0,0,0,0,0,1,0,0,0,0,0,0,0,0,0,1,0,0,0,1,0,0,0,0,0,1,0,0,0,0
1,0.0,0.0,4.0,P413326,98,30.0,0.0,0,0,1,0,0,0,0,0,0,0,0,0,0,0,0,1,0,0,0,1,0,0,0,0,0,0,1,0,0,0
5,1.0,0.75,4.0,P413326,98,30.0,0.6666666666666667,0,0,0,0,0,1,0,0,0,0,0,0,0,0,0,1,0,0,0,1,0,0,0,0,0,0,1,0,0,0
5,1.0,0.93333298,15.0,P455368,99,15.99,0.7962049529094938,0,0,0,0,1,0,0,0,0,0,0,0,0,0,0,0,0,1,0,1,0,0,0,0,0,0,1,0,0,0
3,1.0,0.625,8.0,P455368,99,15.99,0.5637914160289369,0,0,1,0,0,0,0,0,0,0,0,0,0,0,0,0,0,0,1,0,0,1,0,0,0,0,1,0,0,0
1,0.0,0.782608986,23.0,P455368,99,15.99,0.6216882614292828,0,0,0,0,1,0,0,0,0,0,0,0,0,0,1,0,0,0,0,1,0,0,0,0,0,1,0,0,0,0
4,0.0,0.800000012,5.0,P455368,99,15.99,0.6989700043360187,0,0,0,0,1,0,0,0,0,0,0,0,0,0,1,0,0,0,0,1,0,0,0,0,0,1,0,0,0,0
2,0.0,1.0,5.0,P455368,99,15.99,1.0,0,1,0,0,0,0,0,0,0,0,0,0,0,0,0,1,0,0,0,0,0,0,1,0,1,0,0,0,0,0
5,1.0,1.0,19.0,P455368,99,15.99,1.0,0,0,0,0,0,0,0,0,0,0,0,0,1,0,0,1,0,0,0,0,0,0,1,0,1,0,0,0,0,0
3,0.0,0.905659974,53.0,P455368,99,15.99,0.6847480738240714,0,0,1,0,0,0,0,0,0,0,0,0,0,0,0,0,0,0,1,0,0,0,1,0,0,0,1,0,0,0
4,1.0,1.0,6.0,P455368,99,15.99,1.0,0,1,0,0,0,0,0,0,0,0,0,0,0,0,0,1,0,0,0,1,0,0,0,0,1,0,0,0,0,0
1,0.0,1.0,6.0,P381020,9,30.0,1.0,0,0,1,0,0,0,0,0,0,0,0,0,0,0,0,1,0,0,0,1,0,0,0,0,0,0,1,0,0,0
5,1.0,0.913043022,23.0,P381020,9,30.0,0.7377797560147545,0,0,1,0,0,0,0,0,0,0,0,0,0,0,0,1,0,0,0,1,0,0,0,0,0,0,1,0,0,0
5,1.0,1.0,18.0,P381020,9,30.0,1.0,0,0,1,0,0,0,0,0,0,0,0,0,0,0,0,1,0,0,0,1,0,0,0,0,0,0,1,0,0,0
1,1.0,0.600000024,5.0,P381020,9,30.0,0.5578858913022596,0,0,1,0,0,0,0,0,0,0,0,0,0,0,0,1,0,0,0,1,0,0,0,0,0,0,1,0,0,0
5,1.0,0.800000012,10.0,P466673,61,83.0,0.6666666666666666,0,0,0,0,0,1,0,0,0,0,0,0,0,0,0,1,0,0,0,1,0,0,0,0,0,0,1,0,0,0
5,1.0,1.0,5.0,P466673,61,83.0,1.0,0,1,0,0,0,0,0,0,0,0,0,0,0,0,0,1,0,0,0,1,0,0,0,0,1,0,0,0,0,0
3,0.0,0.600000024,5.0,P466673,61,83.0,0.5578858913022596,0,0,0,0,0,0,0,1,0,0,0,0,0,0,0,1,0,0,0,1,0,0,0,0,0,0,1,0,0,0
5,1.0,0.625,16.0,P466673,61,83.0,0.5520264007992993,0,0,0,0,0,0,0,1,0,0,0,0,0,0,0,1,0,0,0,1,0,0,0,0,0,0,1,0,0,0
5,1.0,0.145161003,62.0,P466673,61,83.0,0.3659794626616297,0,0,0,0,0,1,0,0,0,0,0,0,0,0,0,0,0,1,0,0,0,1,0,0,0,0,1,0,0,0
4,1.0,0.0,6.0,P466673,61,83.0,0.0,0,1,0,0,0,0,0,0,0,0,0,0,0,0,0,1,0,0,0,1,0,0,0,0,1,0,0,0,0,0
5,1.0,1.0,12.0,P466673,61,83.0,1.0,0,0,0,0,1,0,0,0,0,0,0,0,0,0,0,1,0,0,0,0,0,0,1,0,0,0,1,0,0,0
5,1.0,0.529411972,17.0,P455366,99,12.99,0.5117072191244583,0,0,0,0,0,0,1,0,0,0,0,0,0,0,0,1,0,0,0,0,0,1,0,0,0,0,1,0,0,0
5,1.0,0.75,12.0,P455366,99,12.99,0.6241963505817848,0,0,0,1,0,0,0,0,0,0,0,0,0,0,0,0,0,0,1,1,0,0,0,0,0,0,1,0,0,0
1,0.0,0.774194002,31.0,P455366,99,12.99,0.6075279380565617,0,0,0,0,1,0,0,0,0,0,0,0,0,0,0,0,0,0,1,0,1,0,0,0,0,0,1,0,0,0
4,1.0,0.833333015,12.0,P455366,99,12.99,0.6857972507265685,0,0,1,0,0,0,0,0,0,0,0,0,0,0,1,0,0,0,0,1,0,0,0,0,0,0,1,0,0,0
3,1.0,0.857142985,14.0,P455366,99,12.99,0.7001245250427999,0,0,1,0,0,0,0,0,0,0,0,0,0,0,1,0,0,0,0,0,1,0,0,0,0,0,1,0,0,0
5,1.0,1.0,19.0,P455366,99,12.99,1.0,0,0,0,0,1,0,0,0,0,0,0,0,0,0,0,1,0,0,0,0,0,1,0,0,0,0,1,0,0,0
5,1.0,1.0,8.0,P455366,99,12.99,1.0,0,0,0,0,1,0,0,0,0,0,0,0,0,0,0,1,0,0,0,1,0,0,0,0,0,0,1,0,0,0
4,1.0,1.0,5.0,P470506,2,70.0,1.0,0,0,1,0,0,0,0,0,0,0,0,0,0,0,1,0,0,0,0,0,0,1,0,0,0,1,0,0,0,0
5,1.0,0.083333299,12.0,P443349,35,40.0,0.2181042919855315,0,0,0,0,0,1,0,0,0,0,0,0,0,1,0,0,0,0,0,0,0,1,0,0,0,0,1,0,0,0
5,1.0,1.0,7.0,P443349,35,40.0,1.0,0,0,0,0,1,0,0,0,0,0,0,0,0,0,1,0,0,0,0,0,0,0,1,0,0,1,0,0,0,0
5,1.0,0.533333004,15.0,P443349,35,40.0,0.5137704268206332,0,0,0,0,0,0,0,1,0,0,0,0,0,0,0,1,0,0,0,0,1,0,0,0,0,0,1,0,0,0
1,0.0,0.400000006,10.0,P461213,106,43.0,0.4526808302869429,0,0,0,1,0,0,0,0,0,0,0,0,0,0,1,0,0,0,0,0,1,0,0,0,0,0,0,0,0,1
1,0.0,0.833333015,6.0,P461213,106,43.0,0.7210570543488701,0,0,0,0,0,1,0,0,0,0,0,0,0,0,0,1,0,0,0,1,0,0,0,0,0,0,1,0,0,0
3,0.0,1.0,14.0,P461213,106,43.0,1.0,0,0,1,0,0,0,0,0,0,0,0,0,0,0,0,0,0,0,1,0,0,1,0,0,0,1,0,0,0,0
5,1.0,0.400000006,10.0,P461213,106,43.0,0.4526808302869429,0,0,0,0,0,0,1,0,0,0,0,0,0,0,0,1,0,0,0,1,0,0,0,0,1,0,0,0,0,0
1,0.0,0.899999976,20.0,P461213,106,43.0,0.7282714920267325,0,0,1,0,0,0,0,0,0,0,0,0,0,0,0,1,0,0,0,1,0,0,0,0,0,0,1,0,0,0
5,1.0,1.0,8.0,P461213,106,43.0,1.0,0,0,0,0,0,1,0,0,0,0,0,0,0,0,0,1,0,0,0,1,0,0,0,0,0,0,1,0,0,0
4,1.0,0.75,4.0,P461213,106,43.0,0.6666666666666667,0,0,0,1,0,0,0,0,0,0,0,0,0,0,1,0,0,0,0,1,0,0,0,0,0,1,0,0,0,0
5,1.0,0.714286029,7.0,P442830,101,10.0,0.6199062332840658,0,0,1,0,0,0,0,0,0,0,0,0,0,0,0,0,0,0,1,1,0,0,0,0,0,0,1,0,0,0
5,1.0,0.230768993,13.0,P442830,101,10.0,0.3663385018272672,0,0,0,0,0,0,0,1,0,0,0,0,0,0,0,1,0,0,0,0,1,0,0,0,1,0,0,0,0,0
5,1.0,0.833333015,6.0,P442830,101,10.0,0.7210570543488701,0,0,0,1,0,0,0,0,0,0,0,0,0,0,1,0,0,0,0,0,1,0,0,0,0,0,1,0,0,0
5,1.0,0.833333015,12.0,P442830,101,10.0,0.6857972507265685,0,0,1,0,0,0,0,0,0,0,0,0,0,0,1,0,0,0,0,0,1,0,0,0,0,0,1,0,0,0
2,0.0,1.0,7.0,P442830,101,10.0,1.0,0,0,1,0,0,0,0,0,0,0,0,0,0,0,1,0,0,0,0,0,1,0,0,0,0,1,0,0,0,0
5,1.0,1.0,11.0,P442830,101,10.0,1.0,0,0,0,0,1,0,0,0,0,0,0,0,0,0,1,0,0,0,0,0,1,0,0,0,0,0,1,0,0,0
5,1.0,1.0,11.0,P442830,101,10.0,1.0,0,0,0,0,0,0,1,0,0,0,0,0,0,0,0,0,0,1,0,0,0,0,1,0,0,0,1,0,0,0
5,1.0,0.777778029,9.0,P442830,101,10.0,0.6543128759565946,0,0,0,0,0,1,0,0,0,0,0,0,0,0,0,1,0,0,0,0,1,0,0,0,0,0,1,0,0,0
5,1.0,0.842104971,19.0,P442830,101,10.0,0.6714559000758995,0,0,0,0,0,1,0,0,0,0,0,0,0,0,0,1,0,0,0,1,0,0,0,0,0,0,1,0,0,0
4,1.0,0.75,4.0,P442830,101,10.0,0.6666666666666667,0,0,0,1,0,0,0,0,0,0,0,0,0,0,0,0,0,0,1,0,1,0,0,0,0,1,0,0,0,0
5,1.0,1.0,5.0,P442830,101,10.0,1.0,0,0,0,0,0,0,0,1,0,0,0,0,0,0,0,1,0,0,0,1,0,0,0,0,0,0,1,0,0,0
5,1.0,1.0,9.0,P442830,101,10.0,1.0,0,0,0,0,0,1,0,0,0,0,0,0,0,0,0,1,0,0,0,1,0,0,0,0,1,0,0,0,0,0
5,1.0,0.75,12.0,P454806,15,130.0,0.6241963505817848,0,0,0,0,1,0,0,0,0,0,0,0,0,0,0,1,0,0,0,0,0,0,1,0,0,0,0,0,0,1
5,1.0,1.0,4.0,P454806,15,130.0,1.0,0,0,0,0,1,0,0,0,0,0,0,0,0,0,1,0,0,0,0,1,0,0,0,0,0,1,0,0,0,0
1,0.0,0.625,8.0,P448852,103,12.0,0.5637914160289369,0,0,1,0,0,0,0,0,0,0,0,0,0,0,0,1,0,0,0,0,0,0,1,1,0,0,0,0,0,0
4,1.0,1.0,5.0,P448852,103,12.0,1.0,0,0,0,0,1,0,0,0,0,0,0,0,0,0,0,0,0,0,1,1,0,0,0,0,0,0,1,0,0,0
5,1.0,1.0,4.0,P448852,103,12.0,1.0,0,0,0,0,1,0,0,0,0,0,0,0,0,0,0,1,0,0,0,1,0,0,0,0,0,0,1,0,0,0
3,0.0,0.411765009,17.0,P448852,103,12.0,0.4644371482073046,0,0,1,0,0,0,0,0,0,0,0,0,0,0,0,1,0,0,0,1,0,0,0,0,0,0,1,0,0,0
5,1.0,0.75,4.0,P448852,103,12.0,0.6666666666666667,0,0,0,0,0,1,0,0,0,0,0,0,0,0,0,1,0,0,0,1,0,0,0,0,1,0,0,0,0,0
5,1.0,1.0,6.0,P448852,103,12.0,1.0,0,0,0,0,1,0,0,0,0,0,0,0,0,0,0,1,0,0,0,1,0,0,0,0,0,0,1,0,0,0
5,1.0,0.920000017,25.0,P448852,103,12.0,0.7431147865896834,0,0,0,0,1,0,0,0,0,0,0,0,0,0,0,1,0,0,0,0,0,0,1,0,0,0,1,0,0,0
1,0.0,0.5,26.0,P448852,103,12.0,0.5,0,0,0,0,0,1,0,0,0,0,0,0,0,0,0,0,0,0,1,0,1,0,0,0,0,1,0,0,0,0
1,0.0,0.457143009,35.0,P448852,103,12.0,0.4860593201447292,0,0,1,0,0,0,0,0,0,0,0,0,0,0,1,0,0,0,0,1,0,0,0,0,0,0,0,0,0,1
5,1.0,1.0,9.0,P448852,103,12.0,1.0,0,0,0,0,1,0,0,0,0,0,0,0,0,0,0,1,0,0,0,1,0,0,0,0,0,0,1,0,0,0
5,1.0,0.666666985,6.0,P448852,103,12.0,0.5943161289177871,0,0,0,0,1,0,0,0,0,0,0,0,0,0,1,0,0,0,0,1,0,0,0,0,0,0,1,0,0,0
5,1.0,1.0,39.0,P448852,103,12.0,1.0,0,0,1,0,0,0,0,0,0,0,0,0,0,0,1,0,0,0,0,0,1,0,0,0,0,0,1,0,0,0
1,0.0,0.727272987,11.0,P416562,4,56.0,0.6131471927654585,0,0,1,0,0,0,0,0,0,0,0,0,0,0,0,0,0,0,1,1,0,0,0,0,0,0,1,0,0,0
5,1.0,1.0,16.0,P416562,4,56.0,1.0,0,0,0,0,1,0,0,0,0,0,0,0,0,0,0,1,0,0,0,0,1,0,0,0,0,0,1,0,0,0
3,1.0,0.375,8.0,P416562,4,56.0,0.4362085839710631,0,0,0,0,1,0,0,0,0,0,0,0,0,0,0,0,0,0,1,0,0,0,1,0,0,0,1,0,0,0
5,1.0,0.833333015,6.0,P416562,4,56.0,0.7210570543488701,0,0,0,0,1,0,0,0,0,0,0,0,0,0,0,1,0,0,0,0,1,0,0,0,0,0,1,0,0,0
2,0.0,0.25,4.0,P416562,4,56.0,0.3333333333333333,0,0,0,0,0,1,0,0,0,0,0,0,0,0,0,1,0,0,0,1,0,0,0,0,1,0,0,0,0,0
2,0.0,0.916666985,12.0,P416562,4,56.0,0.7818957080144684,0,0,1,0,0,0,0,0,0,0,0,0,0,0,1,0,0,0,0,0,0,0,1,0,0,0,1,0,0,0
5,1.0,1.0,12.0,P416562,4,56.0,1.0,0,1,0,0,0,0,0,0,0,0,0,0,0,0,0,1,0,0,0,0,1,0,0,0,1,0,0,0,0,0
5,1.0,0.800000012,5.0,P416562,4,56.0,0.6989700043360187,0,0,0,0,1,0,0,0,0,0,0,0,0,0,0,1,0,0,0,0,1,0,0,0,0,0,1,0,0,0
5,1.0,1.0,15.0,P416562,4,56.0,1.0,0,0,0,0,0,1,0,0,0,0,0,0,0,0,0,0,0,0,1,0,1,0,0,0,0,0,1,0,0,0
3,0.0,0.84375,113.72000000000116,P416562,4,56.0,0.6064408642074948,0,0,1,0,0,0,0,0,0,0,0,0,0,0,0,0,0,1,0,0,1,0,0,0,0,0,0,0,0,1
1,0.0,0.800000012,10.0,P416562,4,56.0,0.6666666666666666,0,0,1,0,0,0,0,0,0,0,0,0,0,0,0,1,0,0,0,0,1,0,0,0,0,0,1,0,0,0
2,1.0,0.0,4.0,P416562,4,56.0,0.0,0,0,0,0,1,0,0,0,0,0,0,0,0,0,0,1,0,0,0,0,1,0,0,0,0,0,1,0,0,0
2,1.0,0.200000003,5.0,P416562,4,56.0,0.3010299956639811,0,0,0,0,1,0,0,0,0,0,0,0,0,0,0,1,0,0,0,0,1,0,0,0,0,0,1,0,0,0
2,1.0,0.806451976,31.0,P416562,4,56.0,0.6260746255596429,0,0,0,0,1,0,0,0,0,0,0,0,0,0,0,1,0,0,0,0,1,0,0,0,0,0,1,0,0,0
4,1.0,0.846153975,13.0,P420699,98,70.0,0.6934264036172708,0,0,0,0,0,1,0,0,0,0,0,0,0,0,0,1,0,0,0,1,0,0,0,0,0,0,1,0,0,0
1,0.0,0.769231021,13.0,P420699,98,70.0,0.6336614981727328,0,0,1,0,0,0,0,0,0,0,0,0,0,0,0,0,0,1,0,1,0,0,0,0,0,0,1,0,0,0
2,0.0,0.9375,16.0,P420699,98,70.0,0.7999999999999999,0,0,0,1,0,0,0,0,0,0,0,0,0,0,1,0,0,0,0,1,0,0,0,0,0,1,0,0,0,0
5,1.0,0.78947401,19.0,P420699,98,70.0,0.6327183637591292,0,0,0,0,1,0,0,0,0,0,0,0,0,0,0,1,0,0,0,1,0,0,0,0,0,0,1,0,0,0
5,1.0,1.0,10.0,P420699,98,70.0,1.0,0,0,0,0,1,0,0,0,0,0,0,0,0,0,0,1,0,0,0,1,0,0,0,0,0,0,1,0,0,0
1,0.0,0.727272987,11.0,P420699,98,70.0,0.6131471927654585,0,0,0,0,0,1,0,0,0,0,0,0,0,0,0,1,0,0,0,1,0,0,0,0,1,0,0,0,0,0
1,0.0,0.400000006,5.0,P420699,98,70.0,0.4421141086977403,0,0,0,0,0,0,0,1,0,0,0,0,0,0,0,1,0,0,0,1,0,0,0,0,1,0,0,0,0,0
5,1.0,0.75,4.0,P420699,98,70.0,0.6666666666666667,0,0,0,0,0,0,0,0,0,0,0,1,0,0,0,1,0,0,0,0,0,0,1,0,0,0,1,0,0,0
5,1.0,0.814814985,27.0,P420699,98,70.0,0.6363573739615787,0,0,0,0,1,0,0,0,0,0,0,0,0,0,0,1,0,0,0,1,0,0,0,0,0,0,1,0,0,0
4,1.0,0.884891987,113.72000000000116,P420699,98,70.0,0.6298144341247605,0,0,0,0,1,0,0,0,0,0,0,0,0,0,0,1,0,0,0,1,0,0,0,0,0,0,1,0,0,0
5,1.0,0.75,4.0,P420699,98,70.0,0.6666666666666667,0,0,0,0,1,0,0,0,0,0,0,0,0,0,0,1,0,0,0,1,0,0,0,0,0,0,1,0,0,0
5,1.0,0.75,4.0,P420699,98,70.0,0.6666666666666667,0,0,0,0,1,0,0,0,0,0,0,0,0,0,0,1,0,0,0,1,0,0,0,0,0,0,1,0,0,0
2,0.0,0.75,4.0,P432045,0,29.0,0.6666666666666667,0,0,0,1,0,0,0,0,0,0,0,0,0,0,1,0,0,0,0,0,0,1,0,0,0,0,0,0,0,1
4,1.0,0.25,4.0,P432045,0,29.0,0.3333333333333333,0,0,0,0,1,0,0,0,0,0,0,0,0,0,0,0,0,0,1,1,0,0,0,0,0,1,0,0,0,0
5,1.0,0.833333015,6.0,P432045,0,29.0,0.7210570543488701,0,0,0,0,0,1,0,0,0,0,0,0,0,0,1,0,0,0,0,1,0,0,0,0,0,0,1,0,0,0
5,1.0,0.958333015,24.0,P432045,0,29.0,0.8209477682489587,0,0,0,0,0,0,1,0,0,0,0,0,0,0,1,0,0,0,0,1,0,0,0,0,0,1,0,0,0,0
5,1.0,0.928570986,14.0,P432045,0,29.0,0.7919854023234905,0,0,0,0,0,1,0,0,0,0,0,0,0,0,0,1,0,0,0,1,0,0,0,0,0,0,1,0,0,0
5,1.0,0.5,4.0,P432045,0,29.0,0.5,0,0,0,0,0,1,0,0,0,0,0,0,0,0,0,1,0,0,0,0,0,0,1,0,0,1,0,0,0,0
4,1.0,0.888889015,72.0,P432045,0,29.0,0.6551540442171155,0,0,0,0,0,0,1,0,0,0,0,0,0,0,0,1,0,0,0,1,0,0,0,0,1,0,0,0,0,0
5,1.0,1.0,5.0,P456410,4,34.0,1.0,0,0,0,0,0,1,0,0,0,0,0,0,0,0,0,1,0,0,0,0,0,1,0,0,1,0,0,0,0,0
5,1.0,0.75,4.0,P456410,4,34.0,0.6666666666666667,0,0,0,0,0,1,0,0,0,0,0,0,0,0,0,1,0,0,0,1,0,0,0,0,0,0,1,0,0,0
1,0.0,0.857142985,14.0,P456410,4,34.0,0.7001245250427999,0,0,0,0,0,1,0,0,0,0,0,0,0,0,0,1,0,0,0,0,0,0,1,0,1,0,0,0,0,0
5,1.0,1.0,101.0,P456410,4,34.0,1.0,0,0,0,0,0,1,0,0,0,0,0,0,0,0,0,1,0,0,0,0,0,0,1,0,0,0,1,0,0,0
4,1.0,1.0,4.0,P456410,4,34.0,1.0,0,0,0,0,0,0,0,0,0,0,0,0,1,0,0,1,0,0,0,1,0,0,0,0,1,0,0,0,0,0
5,1.0,0.75,4.0,P456410,4,34.0,0.6666666666666667,0,0,0,0,0,1,0,0,0,0,0,0,0,0,0,1,0,0,0,0,0,1,0,0,1,0,0,0,0,0
4,1.0,0.928570986,14.0,P456410,4,34.0,0.7919854023234905,0,0,0,0,0,0,1,0,0,0,0,0,0,0,0,0,0,1,0,0,0,0,1,0,0,0,1,0,0,0
5,1.0,1.0,79.0,P456410,4,34.0,1.0,0,0,0,0,0,0,0,1,0,0,0,0,0,0,0,1,0,0,0,1,0,0,0,0,1,0,0,0,0,0
5,1.0,0.857142985,7.0,P456410,4,34.0,0.7373504649628064,0,0,1,0,0,0,0,0,0,0,0,0,0,0,0,1,0,0,0,1,0,0,0,0,0,0,1,0,0,0
5,1.0,0.833333015,12.0,P456410,4,34.0,0.6857972507265685,0,0,0,1,0,0,0,0,0,0,0,0,0,0,0,0,0,1,0,0,1,0,0,1,0,0,0,0,0,0
1,0.0,0.545454979,11.0,P466153,92,45.0,0.5206212286759117,0,0,1,0,0,0,0,0,0,0,0,0,0,0,1,0,0,0,0,0,0,0,1,0,0,1,0,0,0,0
5,1.0,0.5,6.0,P466153,92,45.0,0.5,0,0,0,0,1,0,0,0,0,0,0,0,0,0,0,1,0,0,0,0,0,0,1,0,1,0,0,0,0,0
5,1.0,1.0,5.0,P466153,92,45.0,1.0,0,0,0,0,0,1,0,0,0,0,0,0,0,0,0,1,0,0,0,1,0,0,0,0,1,0,0,0,0,0
4,1.0,1.0,7.0,P466153,92,45.0,1.0,0,0,1,0,0,0,0,0,0,0,0,0,0,0,0,1,0,0,0,1,0,0,0,0,0,0,0,0,0,1
3,1.0,0.142857,7.0,P466153,92,45.0,0.2626495350371936,0,0,0,0,0,1,0,0,0,0,0,0,0,0,0,1,0,0,0,1,0,0,0,0,0,0,1,0,0,0
4,1.0,1.0,9.0,P466153,92,45.0,1.0,0,0,1,0,0,0,0,0,0,0,0,0,0,0,0,1,0,0,0,1,0,0,0,0,0,0,1,0,0,0
4,1.0,1.0,5.0,P466153,92,45.0,1.0,0,0,1,0,0,0,0,0,0,0,0,0,0,0,0,1,0,0,0,1,0,0,0,0,0,0,1,0,0,0
5,1.0,1.0,5.0,P439928,94,44.0,1.0,0,0,0,0,0,0,0,0,0,0,0,0,1,0,0,1,0,0,0,0,1,0,0,0,1,0,0,0,0,0
5,1.0,0.714286029,7.0,P439928,94,44.0,0.6199062332840658,0,0,0,0,0,0,0,0,0,0,0,0,1,0,0,1,0,0,0,0,0,1,0,0,1,0,0,0,0,0
4,1.0,1.0,6.0,P439928,94,44.0,1.0,0,0,1,0,0,0,0,0,0,0,0,0,0,0,0,0,0,0,1,1,0,0,0,0,0,0,1,0,0,0
3,1.0,0.75,4.0,P439928,94,44.0,0.6666666666666667,0,0,0,0,0,1,0,0,0,0,0,0,0,0,0,1,0,0,0,0,1,0,0,0,0,0,1,0,0,0
5,1.0,1.0,8.0,P439928,94,44.0,1.0,0,0,0,0,0,1,0,0,0,0,0,0,0,0,0,0,0,0,1,0,0,1,0,1,0,0,0,0,0,0
5,1.0,0.800000012,5.0,P479125,92,17.0,0.6989700043360187,0,0,1,0,0,0,0,0,0,0,0,0,0,0,0,0,0,1,0,0,0,1,0,0,0,1,0,0,0,0
3,1.0,0.800000012,5.0,P479125,92,17.0,0.6989700043360187,0,0,0,0,1,0,0,0,0,0,0,0,0,0,0,0,0,0,1,0,0,1,0,0,0,0,1,0,0,0
2,0.0,0.5,4.0,P479125,92,17.0,0.5,0,0,0,0,0,1,0,0,0,0,0,0,0,0,0,1,0,0,0,0,0,1,0,0,0,0,1,0,0,0
5,1.0,0.75,4.0,P479125,92,17.0,0.6666666666666667,0,0,1,0,0,0,0,0,0,0,0,0,0,0,0,0,0,1,0,1,0,0,0,0,0,0,1,0,0,0
2,0.0,0.899999976,10.0,P479125,92,17.0,0.7686217868402409,0,0,0,0,1,0,0,0,0,0,0,0,0,0,1,0,0,0,0,0,1,0,0,0,0,1,0,0,0,0
5,1.0,1.0,9.0,P479125,92,17.0,1.0,0,0,0,0,0,0,1,0,0,0,0,0,0,0,0,1,0,0,0,1,0,0,0,0,0,0,1,0,0,0
1,0.0,0.714286029,7.0,P448185,19,49.0,0.6199062332840658,0,0,0,0,0,1,0,0,0,0,0,0,0,0,0,1,0,0,0,0,1,0,0,0,1,0,0,0,0,0
5,1.0,0.8125,16.0,P448185,19,49.0,0.6556091324118037,0,0,0,0,1,0,0,0,0,0,0,0,0,0,0,1,0,0,0,0,1,0,0,0,0,0,1,0,0,0
5,1.0,0.666666985,9.0,P448185,19,49.0,0.583970804646981,0,0,0,0,1,0,0,0,0,0,0,0,0,0,0,1,0,0,0,1,0,0,0,0,1,0,0,0,0,0
4,1.0,0.666666985,6.0,P448185,19,49.0,0.5943161289177871,0,0,0,0,1,0,0,0,0,0,0,0,0,0,0,0,0,1,0,1,0,0,0,1,0,0,0,0,0,0
4,1.0,1.0,13.0,P448185,19,49.0,1.0,0,0,0,0,0,0,0,0,0,0,0,0,1,0,0,1,0,0,0,1,0,0,0,0,0,0,1,0,0,0
5,1.0,0.75,8.0,P471043,44,42.0,0.6391511932854698,0,0,0,0,1,0,0,0,0,0,0,0,0,0,0,0,0,1,0,1,0,0,0,0,0,1,0,0,0,0
5,1.0,0.75,4.0,P471043,44,42.0,0.6666666666666667,0,0,0,1,0,0,0,0,0,0,0,0,0,0,1,0,0,0,0,0,1,0,0,0,0,1,0,0,0,0
1,0.0,0.4375,16.0,P471043,44,42.0,0.4745387728193468,0,0,0,0,0,0,1,0,0,0,0,0,0,0,0,0,0,0,1,0,1,0,0,0,0,1,0,0,0,0
5,1.0,1.0,14.0,P471043,44,42.0,1.0,0,0,0,0,1,0,0,0,0,0,0,0,0,0,0,0,0,0,1,0,0,1,0,0,1,0,0,0,0,0
4,1.0,0.727272987,22.0,P471043,44,42.0,0.5928311641538279,0,0,0,0,0,0,1,0,0,0,0,0,0,0,1,0,0,0,0,1,0,0,0,0,0,1,0,0,0,0
5,1.0,0.666666985,6.0,P416560,4,32.0,0.5943161289177871,0,0,0,0,0,0,0,0,0,0,0,0,1,0,0,1,0,0,0,1,0,0,0,0,0,0,1,0,0,0
3,1.0,1.0,6.0,P416560,4,32.0,1.0,0,0,0,0,0,0,0,1,0,0,0,0,0,0,0,1,0,0,0,0,0,0,1,0,1,0,0,0,0,0
1,0.0,1.0,4.0,P416560,4,32.0,1.0,0,0,0,0,0,0,1,0,0,0,0,0,0,0,0,1,0,0,0,1,0,0,0,0,1,0,0,0,0,0
5,1.0,1.0,4.0,P416560,4,32.0,1.0,0,0,0,0,0,1,0,0,0,0,0,0,0,0,0,0,0,1,0,1,0,0,0,0,0,0,1,0,0,0
5,1.0,0.285714,7.0,P416560,4,32.0,0.3800937667159343,0,0,0,0,1,0,0,0,0,0,0,0,0,0,0,0,0,1,0,0,0,1,0,0,0,1,0,0,0,0
3,0.0,1.0,7.0,P416560,4,32.0,1.0,0,0,0,0,1,0,0,0,0,0,0,0,0,0,1,0,0,0,0,0,0,0,1,0,0,0,1,0,0,0
5,1.0,1.0,113.72000000000116,P416560,4,32.0,1.0,0,0,0,0,1,0,0,0,0,0,0,0,0,0,0,1,0,0,0,0,0,1,0,0,0,0,1,0,0,0
5,1.0,0.800000012,5.0,P416560,4,32.0,0.6989700043360187,0,0,0,0,1,0,0,0,0,0,0,0,0,0,0,1,0,0,0,1,0,0,0,0,0,0,1,0,0,0
4,1.0,1.0,8.0,P416560,4,32.0,1.0,0,0,0,0,1,0,0,0,0,0,0,0,0,0,0,1,0,0,0,1,0,0,0,0,0,0,1,0,0,0
5,1.0,0.875,16.0,P448530,101,13.3,0.7113975059201018,0,0,0,0,0,0,1,0,0,0,0,0,0,1,0,0,0,0,0,0,0,1,0,0,1,0,0,0,0,0
5,1.0,0.857142985,7.0,P448530,101,13.3,0.7373504649628064,0,0,1,0,0,0,0,0,0,0,0,0,0,0,1,0,0,0,0,0,0,0,1,0,0,0,1,0,0,0
5,1.0,0.899999976,10.0,P448530,101,13.3,0.7686217868402409,0,0,0,0,1,0,0,0,0,0,0,0,0,0,0,0,0,0,1,0,0,0,1,0,0,0,1,0,0,0
2,0.0,1.0,10.0,P448530,101,13.3,1.0,0,0,1,0,0,0,0,0,0,0,0,0,0,0,0,1,0,0,0,0,0,1,0,0,1,0,0,0,0,0
4,1.0,0.888889015,9.0,P448530,101,13.3,0.7601875334318686,0,0,0,0,1,0,0,0,0,0,0,0,0,0,1,0,0,0,0,0,0,0,1,0,0,1,0,0,0,0
5,1.0,1.0,10.0,P448530,101,13.3,1.0,0,0,0,1,0,0,0,0,0,0,0,0,0,0,0,0,0,1,0,1,0,0,0,0,0,0,1,0,0,0
4,1.0,0.913043022,23.0,P448530,101,13.3,0.7377797560147545,0,0,0,0,0,0,1,0,0,0,0,0,0,0,0,1,0,0,0,0,0,1,0,0,0,0,1,0,0,0
5,1.0,0.916666985,12.0,P448530,101,13.3,0.7818957080144684,0,0,0,0,0,0,0,0,0,0,0,1,0,0,0,1,0,0,0,1,0,0,0,0,1,0,0,0,0,0
5,1.0,0.800000012,5.0,P448530,101,13.3,0.6989700043360187,0,0,0,0,0,1,0,0,0,0,0,0,0,0,0,1,0,0,0,1,0,0,0,0,0,0,1,0,0,0
5,1.0,0.888889015,27.0,P448530,101,13.3,0.6989700043360187,0,0,0,0,1,0,0,0,0,0,0,0,0,0,0,1,0,0,0,1,0,0,0,0,0,1,0,0,0,0
1,0.0,0.791666985,24.0,P448530,101,13.3,0.6257415019191551,0,0,0,0,0,0,0,1,0,0,0,0,0,0,0,1,0,0,0,0,0,0,1,0,1,0,0,0,0,0
2,0.0,0.777778029,9.0,P448530,101,13.3,0.6543128759565946,0,0,0,0,0,0,0,1,0,0,0,0,0,0,0,1,0,0,0,1,0,0,0,0,1,0,0,0,0,0
4,1.0,0.893939018,66.0,P448530,101,13.3,0.6631821208762652,0,0,0,0,0,0,1,0,0,0,0,0,0,0,0,1,0,0,0,1,0,0,0,0,1,0,0,0,0,0
4,1.0,0.866666973,15.0,P467110,4,65.0,0.7060702520912807,0,0,1,0,0,0,0,0,0,0,0,0,0,0,0,0,0,1,0,0,1,0,0,0,0,0,1,0,0,0
1,0.0,1.0,4.0,P467110,4,65.0,1.0,0,0,0,0,0,0,0,1,0,0,0,0,0,0,0,1,0,0,0,0,0,0,1,0,1,0,0,0,0,0
4,1.0,1.0,9.0,P467110,4,65.0,1.0,0,0,0,0,0,0,1,0,0,0,0,0,0,0,0,1,0,0,0,0,0,1,0,0,1,0,0,0,0,0
4,1.0,0.818181992,11.0,P467110,4,65.0,0.6769924925288455,0,0,0,0,1,0,0,0,0,0,0,0,0,0,0,0,0,0,1,1,0,0,0,0,0,0,1,0,0,0
5,1.0,1.0,7.0,P467110,4,65.0,1.0,0,0,0,0,0,1,0,0,0,0,0,0,0,0,0,0,0,1,0,0,0,0,1,0,0,0,1,0,0,0
5,1.0,1.0,4.0,P467110,4,65.0,1.0,0,0,0,0,0,0,0,0,0,0,0,0,1,0,0,1,0,0,0,0,0,1,0,0,1,0,0,0,0,0
1,0.0,0.899999976,20.0,P467110,4,65.0,0.7282714920267325,0,0,0,0,0,0,0,1,0,0,0,0,0,0,0,1,0,0,0,1,0,0,0,0,1,0,0,0,0,0
3,0.0,0.800000012,5.0,P467110,4,65.0,0.6989700043360187,0,0,0,0,0,0,0,1,0,0,0,0,0,0,0,1,0,0,0,0,1,0,0,0,0,0,1,0,0,0
2,0.0,0.333332986,15.0,P34402,61,48.0,0.4276627979043038,0,0,0,0,1,0,0,0,0,0,0,0,0,0,0,0,0,0,1,1,0,0,0,0,0,0,1,0,0,0
1,0.0,0.75,4.0,P500245,39,64.0,0.6666666666666667,0,0,0,0,1,0,0,0,0,0,0,0,0,0,0,0,0,0,1,1,0,0,0,0,0,0,1,0,0,0
1,0.0,0.866666973,15.0,P500245,39,64.0,0.7060702520912807,0,0,0,0,1,0,0,0,0,0,0,0,0,0,0,1,0,0,0,0,1,0,0,0,0,0,1,0,0,0
2,0.0,0.833333015,6.0,P500245,39,64.0,0.7210570543488701,0,0,0,1,0,0,0,0,0,0,0,0,0,0,0,0,0,1,0,0,0,1,0,0,0,1,0,0,0,0
1,0.0,0.5,4.0,P427638,61,71.0,0.5,0,0,0,0,0,0,1,0,0,0,0,0,0,1,0,0,0,0,0,1,0,0,0,0,0,1,0,0,0,0
5,1.0,0.571429014,7.0,P466134,51,35.0,0.5372435736804816,0,0,0,0,0,0,0,0,0,0,0,0,1,0,0,1,0,0,0,0,0,0,1,0,1,0,0,0,0,0
3,0.0,0.375,8.0,P466134,51,35.0,0.4362085839710631,0,0,0,0,1,0,0,0,0,0,0,0,0,0,0,1,0,0,0,0,1,0,0,0,0,0,1,0,0,0
4,1.0,0.666666985,6.0,P466134,51,35.0,0.5943161289177871,0,0,1,0,0,0,0,0,0,0,0,0,0,0,1,0,0,0,0,0,0,0,1,0,0,1,0,0,0,0
3,0.0,0.5,4.0,P466134,51,35.0,0.5,0,0,0,0,0,0,0,1,0,0,0,0,0,0,0,1,0,0,0,0,1,0,0,0,0,0,1,0,0,0
1,0.0,0.733332992,15.0,P466134,51,35.0,0.6069119518459337,0,0,0,0,1,0,0,0,0,0,0,0,0,0,1,0,0,0,0,1,0,0,0,0,0,1,0,0,0,0
5,1.0,1.0,10.0,P460747,37,26.0,1.0,0,0,0,1,0,0,0,0,0,0,0,0,0,0,0,0,0,1,0,1,0,0,0,0,0,1,0,0,0,0
3,0.0,0.600000024,5.0,P460747,37,26.0,0.5578858913022596,0,0,0,0,1,0,0,0,0,0,0,0,0,0,0,1,0,0,0,0,0,1,0,0,0,0,1,0,0,0
2,0.0,0.333332986,6.0,P460747,37,26.0,0.4056838710822129,0,0,1,0,0,0,0,0,0,0,0,0,0,0,0,0,0,1,0,0,1,0,0,0,0,0,1,0,0,0
3,0.0,0.285714,7.0,P460747,37,26.0,0.3800937667159343,0,0,0,0,1,0,0,0,0,0,0,0,0,0,0,0,0,1,0,0,0,1,0,0,0,0,1,0,0,0
5,1.0,1.0,8.0,P460747,37,26.0,1.0,0,0,0,0,1,0,0,0,0,0,0,0,0,0,0,0,0,0,1,0,1,0,0,0,0,0,1,0,0,0
5,1.0,1.0,12.0,P460747,37,26.0,1.0,0,0,1,0,0,0,0,0,0,0,0,0,0,0,0,0,0,1,0,1,0,0,0,0,0,0,0,0,0,1
2,0.0,0.349999994,20.0,P460747,37,26.0,0.4406998069513341,0,0,1,0,0,0,0,0,0,0,0,0,0,0,1,0,0,0,0,1,0,0,0,0,0,0,1,0,0,0
5,1.0,0.882353008,17.0,P460747,37,26.0,0.7162089270041655,0,0,0,0,1,0,0,0,0,0,0,0,0,0,0,1,0,0,0,1,0,0,0,0,1,0,0,0,0,0
5,1.0,1.0,9.0,P460747,37,26.0,1.0,0,0,0,1,0,0,0,0,0,0,0,0,0,0,0,0,0,0,1,0,0,1,0,0,0,0,1,0,0,0
5,1.0,1.0,4.0,P460747,37,26.0,1.0,0,0,0,0,1,0,0,0,0,0,0,0,0,0,0,1,0,0,0,1,0,0,0,0,0,0,1,0,0,0
5,1.0,0.888889015,9.0,P460747,37,26.0,0.7601875334318686,0,0,0,0,0,1,0,0,0,0,0,0,0,0,0,1,0,0,0,1,0,0,0,0,0,0,1,0,0,0
5,1.0,1.0,6.0,P460747,37,26.0,1.0,0,0,1,0,0,0,0,0,0,0,0,0,0,0,0,1,0,0,0,1,0,0,0,0,0,0,1,0,0,0
5,1.0,0.448980004,49.0,P460747,37,26.0,0.4847928681764265,0,0,0,0,0,1,0,0,0,0,0,0,0,0,0,0,0,0,1,1,0,0,0,0,0,0,1,0,0,0
4,1.0,1.0,4.0,P477830,107,39.0,1.0,0,0,0,0,0,0,1,0,0,0,0,0,0,0,0,0,0,1,0,1,0,0,0,1,0,0,0,0,0,0
5,1.0,0.600000024,5.0,P477830,107,39.0,0.5578858913022596,0,0,1,0,0,0,0,0,0,0,0,0,0,0,1,0,0,0,0,1,0,0,0,0,0,1,0,0,0,0
5,1.0,0.800000012,10.0,P283106,72,38.0,0.6666666666666666,0,0,1,0,0,0,0,0,0,0,0,0,0,0,0,1,0,0,0,1,0,0,0,0,1,0,0,0,0,0
1,0.0,0.923076987,13.0,P283106,72,38.0,0.7872539464466368,0,0,1,0,0,0,0,0,0,0,0,0,0,0,1,0,0,0,0,0,1,0,0,0,0,1,0,0,0,0
2,0.0,0.800000012,10.0,P283106,72,38.0,0.6666666666666666,0,0,0,0,1,0,0,0,0,0,0,0,0,0,0,1,0,0,0,0,0,1,0,0,0,0,1,0,0,0
3,1.0,0.846153975,26.0,P283106,72,38.0,0.6608090761059482,0,0,1,0,0,0,0,0,0,0,0,0,0,0,0,1,0,0,0,0,1,0,0,0,0,1,0,0,0,0
1,0.0,0.5,8.0,P283106,72,38.0,0.5,0,0,0,0,1,0,0,0,0,0,0,0,0,0,0,0,0,0,1,1,0,0,0,0,0,0,1,0,0,0
5,1.0,0.800000012,5.0,P283106,72,38.0,0.6989700043360187,0,0,1,0,0,0,0,0,0,0,0,0,0,0,0,0,0,0,1,0,0,0,1,0,0,0,0,0,1,0
2,1.0,1.0,4.0,P283106,72,38.0,1.0,0,0,1,0,0,0,0,0,0,0,0,0,0,0,0,1,0,0,0,1,0,0,0,0,0,0,1,0,0,0
5,1.0,1.0,13.0,P283106,72,38.0,1.0,0,0,1,0,0,0,0,0,0,0,0,0,0,0,0,1,0,0,0,1,0,0,0,0,0,0,1,0,0,0
5,1.0,0.833333015,6.0,P283106,72,38.0,0.7210570543488701,0,0,1,0,0,0,0,0,0,0,0,0,0,0,0,1,0,0,0,1,0,0,0,0,0,0,1,0,0,0
5,1.0,1.0,6.0,P283106,72,38.0,1.0,0,0,1,0,0,0,0,0,0,0,0,0,0,0,0,1,0,0,0,1,0,0,0,0,0,0,1,0,0,0
5,1.0,0.899999976,10.0,P283106,72,38.0,0.7686217868402409,0,0,1,0,0,0,0,0,0,0,0,0,0,0,0,1,0,0,0,0,0,0,1,0,0,0,1,0,0,0
1,1.0,1.0,6.0,P283106,72,38.0,1.0,0,0,0,0,0,1,0,0,0,0,0,0,0,0,0,1,0,0,0,0,1,0,0,0,0,0,1,0,0,0
1,1.0,0.625,8.0,P283106,72,38.0,0.5637914160289369,0,0,1,0,0,0,0,0,0,0,0,0,0,0,0,1,0,0,0,1,0,0,0,0,0,0,1,0,0,0
2,0.0,1.0,7.0,P461165,112,55.0,1.0,0,0,0,0,0,0,0,0,0,0,0,0,1,0,0,1,0,0,0,1,0,0,0,0,1,0,0,0,0,0
5,1.0,0.75,4.0,P3550,72,48.0,0.6666666666666667,0,0,0,0,1,0,0,0,0,0,0,0,0,0,0,1,0,0,0,1,0,0,0,0,0,1,0,0,0,0
5,1.0,0.857142985,7.0,P3550,72,48.0,0.7373504649628064,0,0,0,0,1,0,0,0,0,0,0,0,0,0,0,1,0,0,0,1,0,0,0,0,0,1,0,0,0,0
5,1.0,1.0,9.0,P3550,72,48.0,1.0,0,0,0,0,1,0,0,0,0,0,0,0,0,0,0,1,0,0,0,0,0,0,1,0,0,1,0,0,0,0
5,1.0,1.0,13.0,P3550,72,48.0,1.0,0,0,0,0,1,0,0,0,0,0,0,0,0,0,0,1,0,0,0,1,0,0,0,0,0,1,0,0,0,0
3,1.0,0.461537987,13.0,P3550,72,48.0,0.4834136986177055,0,0,1,0,0,0,0,0,0,0,0,0,0,0,0,1,0,0,0,0,0,0,1,0,0,1,0,0,0,0
5,1.0,0.888889015,9.0,P474078,72,20.0,0.7601875334318686,0,0,0,0,0,0,1,0,0,0,0,0,0,0,0,0,0,0,1,0,1,0,0,0,0,0,1,0,0,0
5,1.0,0.958333015,24.0,P474078,72,20.0,0.8209477682489587,0,0,0,0,0,0,1,0,0,0,0,0,0,0,0,1,0,0,0,1,0,0,0,0,1,0,0,0,0,0
1,1.0,0.285714,7.0,P474078,72,20.0,0.3800937667159343,0,0,0,0,1,0,0,0,0,0,0,0,0,0,0,0,0,0,1,0,0,0,1,0,0,0,1,0,0,0
4,1.0,1.0,12.0,P474078,72,20.0,1.0,0,0,0,0,1,0,0,0,0,0,0,0,0,0,0,0,0,0,1,1,0,0,0,0,0,0,1,0,0,0
5,1.0,1.0,7.0,P474078,72,20.0,1.0,0,0,0,0,0,1,0,0,0,0,0,0,0,0,0,0,0,0,1,1,0,0,0,0,0,0,1,0,0,0
5,1.0,0.931034982,29.0,P474078,72,20.0,0.7520519717820634,0,0,1,0,0,0,0,0,0,0,0,0,0,0,0,0,0,0,1,0,0,0,1,0,0,0,1,0,0,0
5,1.0,0.166666999,6.0,P474078,72,20.0,0.2789429456511298,0,0,1,0,0,0,0,0,0,0,0,0,0,0,0,0,0,0,1,0,0,0,1,0,0,0,1,0,0,0
4,1.0,0.0,4.0,P503726,93,65.0,0.0,0,0,1,0,0,0,0,0,0,0,0,0,0,0,0,1,0,0,0,0,0,0,1,0,1,0,0,0,0,0
5,1.0,1.0,9.0,P436094,75,55.0,1.0,0,0,1,0,0,0,0,0,0,0,0,0,0,0,1,0,0,0,0,0,0,1,0,0,0,0,1,0,0,0
3,0.0,0.285714,14.0,P436094,75,55.0,0.4016231838083947,0,0,0,0,0,1,0,0,0,0,0,0,0,0,0,1,0,0,0,1,0,0,0,0,1,0,0,0,0,0
5,1.0,1.0,4.0,P436094,75,55.0,1.0,0,0,0,0,0,0,0,0,0,0,0,0,1,0,0,1,0,0,0,0,1,0,0,0,1,0,0,0,0,0
1,0.0,0.850000024,20.0,P436094,75,55.0,0.6758469512137554,0,0,0,0,1,0,0,0,0,0,0,0,0,0,0,0,0,0,1,1,0,0,0,0,1,0,0,0,0,0
5,1.0,0.923076987,13.0,P436094,75,55.0,0.7872539464466368,0,0,1,0,0,0,0,0,0,0,0,0,0,0,0,0,0,0,1,0,1,0,0,0,0,0,1,0,0,0
5,1.0,0.875,8.0,P415667,47,44.0,0.75,0,0,0,1,0,0,0,0,0,0,0,0,0,0,1,0,0,0,0,1,0,0,0,0,0,1,0,0,0,0
5,1.0,1.0,4.0,P415667,47,44.0,1.0,0,0,0,0,1,0,0,0,0,0,0,0,0,0,0,1,0,0,0,0,0,0,1,0,0,0,1,0,0,0
5,1.0,1.0,7.0,P415667,47,44.0,1.0,0,0,0,0,1,0,0,0,0,0,0,0,0,0,0,1,0,0,0,1,0,0,0,0,0,0,1,0,0,0
5,1.0,0.987178981,78.0,P415667,47,44.0,0.862739218788641,0,0,1,0,0,0,0,0,0,0,0,0,0,0,1,0,0,0,0,0,0,0,1,0,0,0,1,0,0,0
5,1.0,0.894737005,19.0,P415667,47,44.0,0.7245884476238132,0,0,0,0,1,0,0,0,0,0,0,0,0,0,0,1,0,0,0,1,0,0,0,0,1,0,0,0,0,0
1,1.0,0.840909004,44.0,P415667,47,44.0,0.6362722641402709,0,0,0,0,1,0,0,0,0,0,0,0,0,0,0,1,0,0,0,1,0,0,0,0,1,0,0,0,0,0
1,0.0,0.774194002,31.0,P396623,8,36.0,0.6075279380565617,0,0,0,0,0,1,0,0,0,0,0,0,0,0,0,1,0,0,0,0,0,1,0,0,0,1,0,0,0,0
4,1.0,0.800000012,5.0,P396623,8,36.0,0.6989700043360187,0,0,0,0,0,1,0,0,0,0,0,0,0,0,0,1,0,0,0,1,0,0,0,0,0,0,1,0,0,0
1,0.0,1.0,5.0,P396623,8,36.0,1.0,0,0,0,0,1,0,0,0,0,0,0,0,0,0,0,0,0,1,0,1,0,0,0,0,0,1,0,0,0,0
3,1.0,0.25,4.0,P396623,8,36.0,0.3333333333333333,0,0,0,0,1,0,0,0,0,0,0,0,0,0,1,0,0,0,0,0,1,0,0,0,0,0,1,0,0,0
1,0.0,0.800000012,20.0,P396623,8,36.0,0.6377303057306478,0,0,0,0,0,1,0,0,0,0,0,0,0,0,0,1,0,0,0,1,0,0,0,0,0,0,1,0,0,0
1,1.0,0.600000024,5.0,P396623,8,36.0,0.5578858913022596,0,0,0,0,0,1,0,0,0,0,0,0,0,0,0,1,0,0,0,1,0,0,0,0,0,0,1,0,0,0
3,1.0,0.666666985,6.0,P396623,8,36.0,0.5943161289177871,0,0,0,0,0,1,0,0,0,0,0,0,0,0,0,1,0,0,0,1,0,0,0,0,0,0,1,0,0,0
5,1.0,0.945945978,74.0,P396623,8,36.0,0.7259186599903203,0,0,0,0,0,1,0,0,0,0,0,0,0,0,0,1,0,0,0,0,0,0,1,0,0,0,1,0,0,0
2,1.0,0.857142985,7.0,P396623,8,36.0,0.7373504649628064,0,0,0,0,0,1,0,0,0,0,0,0,0,0,0,1,0,0,0,1,0,0,0,0,0,0,1,0,0,0
5,1.0,0.833333015,6.0,P232910,47,76.0,0.7210570543488701,0,0,0,0,1,0,0,0,0,0,0,0,0,0,0,0,0,1,0,0,0,1,0,0,0,0,1,0,0,0
4,1.0,1.0,5.0,P232910,47,76.0,1.0,0,0,0,0,1,0,0,0,0,0,0,0,0,0,0,1,0,0,0,0,1,0,0,0,1,0,0,0,0,0
4,1.0,0.800000012,5.0,P232910,47,76.0,0.6989700043360187,0,0,0,0,1,0,0,0,0,0,0,0,0,0,0,1,0,0,0,1,0,0,0,0,1,0,0,0,0,0
5,1.0,1.0,5.0,P232910,47,76.0,1.0,0,0,0,0,1,0,0,0,0,0,0,0,0,0,0,1,0,0,0,1,0,0,0,0,1,0,0,0,0,0
5,1.0,1.0,4.0,P232910,47,76.0,1.0,0,0,0,0,1,0,0,0,0,0,0,0,0,0,0,1,0,0,0,1,0,0,0,0,1,0,0,0,0,0
1,1.0,0.545454979,11.0,P232910,47,76.0,0.5206212286759117,0,0,0,0,1,0,0,0,0,0,0,0,0,0,0,1,0,0,0,1,0,0,0,0,1,0,0,0,0,0
5,1.0,1.0,9.0,P232910,47,76.0,1.0,0,0,0,0,1,0,0,0,0,0,0,0,0,0,0,1,0,0,0,0,0,0,1,0,1,0,0,0,0,0
4,1.0,0.875,8.0,P456417,46,54.0,0.75,0,0,0,0,1,0,0,0,0,0,0,0,0,0,1,0,0,0,0,0,1,0,0,0,0,1,0,0,0,0
2,0.0,0.714286029,7.0,P456417,46,54.0,0.6199062332840658,0,0,0,0,0,0,0,0,0,0,0,0,1,0,0,1,0,0,0,1,0,0,0,0,0,0,1,0,0,0
5,1.0,0.980768979,52.0,P456417,46,54.0,0.8507560634725879,0,0,0,0,1,0,0,0,0,0,0,0,0,0,0,1,0,0,0,1,0,0,0,0,0,0,0,1,0,0
5,1.0,1.0,18.0,P456417,46,54.0,1.0,0,0,0,0,1,0,0,0,0,0,0,0,0,0,0,1,0,0,0,1,0,0,0,0,0,0,0,1,0,0
5,1.0,0.857142985,7.0,P456417,46,54.0,0.7373504649628064,0,0,0,0,1,0,0,0,0,0,0,0,0,0,0,1,0,0,0,1,0,0,0,0,0,0,0,1,0,0
5,1.0,1.0,5.0,P456417,46,54.0,1.0,0,0,0,0,1,0,0,0,0,0,0,0,0,0,0,1,0,0,0,1,0,0,0,0,0,0,0,1,0,0
5,1.0,0.555555999,9.0,P455934,107,59.0,0.5268025545616606,0,0,1,0,0,0,0,0,0,0,0,0,0,0,0,0,0,1,0,0,0,0,1,0,0,1,0,0,0,0
3,0.0,0.692308009,13.0,P455934,107,59.0,0.588591910067779,0,1,0,0,0,0,0,0,0,0,0,0,0,0,0,1,0,0,0,1,0,0,0,0,0,0,1,0,0,0
3,1.0,0.901961029,51.0,P455934,107,59.0,0.6824195353274175,0,0,0,0,0,0,1,0,0,0,0,0,0,0,0,1,0,0,0,1,0,0,0,0,1,0,0,0,0,0
4,1.0,1.0,8.0,P455934,107,59.0,1.0,0,0,1,0,0,0,0,0,0,0,0,0,0,0,1,0,0,0,0,1,0,0,0,0,1,0,0,0,0,0
4,1.0,1.0,4.0,P455934,107,59.0,1.0,0,0,0,0,0,1,0,0,0,0,0,0,0,0,0,1,0,0,0,1,0,0,0,0,0,0,1,0,0,0
3,1.0,0.600000024,5.0,P455934,107,59.0,0.5578858913022596,0,0,0,0,0,0,1,0,0,0,0,0,0,0,0,1,0,0,0,0,0,0,1,0,1,0,0,0,0,0
5,1.0,1.0,10.0,P455934,107,59.0,1.0,0,0,0,0,1,0,0,0,0,0,0,0,0,0,1,0,0,0,0,1,0,0,0,0,0,1,0,0,0,0
5,1.0,1.0,4.0,P455934,107,59.0,1.0,0,0,0,0,1,0,0,0,0,0,0,0,0,0,0,1,0,0,0,0,1,0,0,0,0,0,1,0,0,0
5,1.0,0.800000012,10.0,P455934,107,59.0,0.6666666666666666,0,0,1,0,0,0,0,0,0,0,0,0,0,0,0,1,0,0,0,0,1,0,0,1,0,0,0,0,0,0
4,1.0,0.125,8.0,P455934,107,59.0,0.2499999999999999,0,0,1,0,0,0,0,0,0,0,0,0,0,0,1,0,0,0,0,1,0,0,0,0,0,1,0,0,0,0
5,1.0,1.0,8.0,P455934,107,59.0,1.0,0,0,0,0,0,1,0,0,0,0,0,0,0,0,0,1,0,0,0,0,0,1,0,0,0,0,1,0,0,0
5,1.0,0.875,16.0,P455934,107,59.0,0.7113975059201018,0,0,1,0,0,0,0,0,0,0,0,0,0,0,1,0,0,0,0,0,0,0,1,0,0,1,0,0,0,0
5,1.0,1.0,5.0,P455934,107,59.0,1.0,0,0,0,0,1,0,0,0,0,0,0,0,0,0,0,1,0,0,0,1,0,0,0,0,0,0,1,0,0,0
3,0.0,0.75,4.0,P503634,34,28.0,0.6666666666666667,0,0,0,0,1,0,0,0,0,0,0,0,0,0,0,1,0,0,0,0,1,0,0,0,0,0,1,0,0,0
4,1.0,1.0,5.0,P454019,19,35.0,1.0,0,0,0,0,0,0,0,1,0,0,0,0,0,0,0,1,0,0,0,1,0,0,0,0,1,0,0,0,0,0
3,0.0,1.0,8.0,P454019,19,35.0,1.0,0,0,1,0,0,0,0,0,0,0,0,0,0,0,0,0,0,0,1,0,1,0,0,0,0,0,1,0,0,0
1,0.0,0.125,8.0,P477157,27,36.0,0.2499999999999999,0,0,0,0,0,0,1,0,0,0,0,0,0,0,0,1,0,0,0,0,1,0,0,0,0,0,1,0,0,0
5,1.0,1.0,4.0,P477157,27,36.0,1.0,0,0,0,0,1,0,0,0,0,0,0,0,0,0,0,1,0,0,0,0,0,0,1,0,1,0,0,0,0,0
2,0.0,1.0,4.0,P386754,35,26.0,1.0,0,0,1,0,0,0,0,0,0,0,0,0,0,0,0,0,0,1,0,1,0,0,0,0,0,1,0,0,0,0
5,1.0,0.666666985,6.0,P386754,35,26.0,0.5943161289177871,0,0,1,0,0,0,0,0,0,0,0,0,0,0,0,1,0,0,0,1,0,0,0,0,0,0,1,0,0,0
5,1.0,0.882353008,17.0,P386754,35,26.0,0.7162089270041655,0,0,0,0,1,0,0,0,0,0,0,0,0,0,0,1,0,0,0,0,0,0,1,0,0,0,1,0,0,0
1,0.0,0.432431996,37.0,P386754,35,26.0,0.4782395360599873,0,0,0,0,0,1,0,0,0,0,0,0,0,0,0,1,0,0,0,0,0,0,1,0,1,0,0,0,0,0
5,1.0,1.0,23.0,P386754,35,26.0,1.0,0,0,1,0,0,0,0,0,0,0,0,0,0,0,0,1,0,0,0,1,0,0,0,0,0,0,1,0,0,0
1,0.0,0.5,4.0,P386754,35,26.0,0.5,0,0,1,0,0,0,0,0,0,0,0,0,0,0,1,0,0,0,0,0,0,1,0,0,0,1,0,0,0,0
5,1.0,0.928570986,14.0,P386754,35,26.0,0.7919854023234905,0,0,1,0,0,0,0,0,0,0,0,0,0,0,0,0,0,1,0,0,0,0,1,0,0,1,0,0,0,0
5,1.0,0.889908016,113.72000000000116,P386754,35,26.0,0.6209464129503854,0,0,1,0,0,0,0,0,0,0,0,0,0,0,0,1,0,0,0,0,0,0,1,0,0,0,1,0,0,0
4,1.0,0.916666985,72.0,P386754,35,26.0,0.6836228541634669,0,0,1,0,0,0,0,0,0,0,0,0,0,0,0,1,0,0,0,1,0,0,0,0,0,0,1,0,0,0
2,1.0,0.888889015,27.0,P386754,35,26.0,0.6989700043360187,0,0,1,0,0,0,0,0,0,0,0,0,0,0,0,1,0,0,0,1,0,0,0,0,0,0,1,0,0,0
5,1.0,1.0,6.0,P443370,14,95.0,1.0,0,0,0,0,0,0,0,1,0,0,0,0,0,0,0,1,0,0,0,1,0,0,0,0,0,0,1,0,0,0
5,1.0,0.625,8.0,P501029,48,85.0,0.5637914160289369,0,0,0,0,0,1,0,0,0,0,0,0,0,0,0,1,0,0,0,1,0,0,0,0,1,0,0,0,0,0
5,1.0,0.928570986,14.0,P443843,99,9.99,0.7919854023234905,0,0,0,0,1,0,0,0,0,0,0,0,0,0,0,1,0,0,0,0,0,0,1,1,0,0,0,0,0,0
1,0.0,0.538461983,13.0,P443843,99,9.99,0.5165863013822944,0,0,0,0,0,0,0,0,0,0,0,0,1,0,0,1,0,0,0,0,0,1,0,0,0,0,1,0,0,0
5,1.0,1.0,5.0,P443843,99,9.99,1.0,0,0,1,0,0,0,0,0,0,0,0,0,0,0,1,0,0,0,0,1,0,0,0,0,0,0,1,0,0,0
5,1.0,1.0,4.0,P443843,99,9.99,1.0,0,0,0,0,1,0,0,0,0,0,0,0,0,0,0,1,0,0,0,1,0,0,0,0,1,0,0,0,0,0
5,1.0,0.600000024,5.0,P443843,99,9.99,0.5578858913022596,0,0,0,0,1,0,0,0,0,0,0,0,0,0,0,1,0,0,0,1,0,0,0,0,0,0,1,0,0,0
4,1.0,1.0,5.0,P443843,99,9.99,1.0,0,0,0,0,1,0,0,0,0,0,0,0,0,0,0,1,0,0,0,1,0,0,0,0,1,0,0,0,0,0
5,1.0,1.0,6.0,P443843,99,9.99,1.0,0,0,0,0,0,0,1,0,0,0,0,0,0,0,0,1,0,0,0,1,0,0,0,0,0,0,1,0,0,0
1,0.0,0.737500012,80.0,P443843,99,9.99,0.5698154536901266,0,0,1,0,0,0,0,0,0,0,0,0,0,0,0,0,0,1,0,0,0,1,0,0,0,1,0,0,0,0
5,1.0,1.0,6.0,P232907,47,56.0,1.0,0,0,1,0,0,0,0,0,0,0,0,0,0,0,0,1,0,0,0,1,0,0,0,0,0,0,1,0,0,0
5,1.0,0.75,4.0,P232907,47,56.0,0.6666666666666667,0,0,0,1,0,0,0,0,0,0,0,0,0,0,0,1,0,0,0,1,0,0,0,0,0,0,1,0,0,0
5,1.0,1.0,5.0,P232907,47,56.0,1.0,0,0,1,0,0,0,0,0,0,0,0,0,0,0,0,1,0,0,0,1,0,0,0,0,0,0,1,0,0,0
5,1.0,1.0,4.0,P480162,15,60.0,1.0,0,0,1,0,0,0,0,0,0,0,0,0,0,0,0,1,0,0,0,0,1,0,0,0,0,0,1,0,0,0
5,1.0,0.75,4.0,P460855,78,7.0,0.6666666666666667,0,0,0,0,0,0,0,0,0,0,1,0,0,0,1,0,0,0,0,0,1,0,0,0,0,0,0,1,0,0
1,0.0,0.800000012,10.0,P460855,78,7.0,0.6666666666666666,0,0,0,0,0,1,0,0,0,0,0,0,0,0,1,0,0,0,0,1,0,0,0,0,0,1,0,0,0,0
1,0.0,1.0,7.0,P460855,78,7.0,1.0,0,0,0,0,1,0,0,0,0,0,0,0,0,0,0,1,0,0,0,0,1,0,0,0,0,0,1,0,0,0
1,0.0,1.0,6.0,P460855,78,7.0,1.0,0,0,0,0,1,0,0,0,0,0,0,0,0,0,0,1,0,0,0,1,0,0,0,0,0,0,0,1,0,0
2,0.0,0.75,4.0,P460855,78,7.0,0.6666666666666667,0,0,0,0,1,0,0,0,0,0,0,0,0,0,0,1,0,0,0,0,1,0,0,0,0,1,0,0,0,0
4,1.0,0.5,4.0,P460855,78,7.0,0.5,0,0,1,0,0,0,0,0,0,0,0,0,0,0,0,0,0,1,0,0,1,0,0,0,0,0,1,0,0,0
1,0.0,0.857142985,7.0,P460855,78,7.0,0.7373504649628064,0,0,0,0,1,0,0,0,0,0,0,0,0,0,0,1,0,0,0,1,0,0,0,0,1,0,0,0,0,0
1,0.0,1.0,7.0,P460855,78,7.0,1.0,0,0,1,0,0,0,0,0,0,0,0,0,0,0,0,0,0,1,0,0,1,0,0,0,0,0,1,0,0,0
1,0.0,0.800000012,5.0,P460855,78,7.0,0.6989700043360187,0,0,0,0,0,0,1,0,0,0,0,0,0,0,0,1,0,0,0,0,1,0,0,0,0,0,1,0,0,0
1,0.0,1.0,11.0,P460855,78,7.0,1.0,0,0,0,0,0,0,1,0,0,0,0,0,0,0,0,0,0,0,1,0,0,1,0,0,0,0,0,1,0,0
2,0.0,0.5,10.0,P384778,111,68.0,0.5,0,0,1,0,0,0,0,0,0,0,0,0,0,0,0,1,0,0,0,0,1,0,0,0,1,0,0,0,0,0
4,1.0,0.800000012,5.0,P384778,111,68.0,0.6989700043360187,0,0,0,0,1,0,0,0,0,0,0,0,0,0,0,1,0,0,0,0,1,0,0,0,0,0,1,0,0,0
2,0.0,0.366667002,30.0,P384778,111,68.0,0.453397256149243,0,0,0,0,0,1,0,0,0,0,0,0,0,0,0,1,0,0,0,1,0,0,0,0,1,0,0,0,0,0
5,1.0,1.0,11.0,P384778,111,68.0,1.0,0,0,0,0,1,0,0,0,0,0,0,0,0,0,0,0,0,0,1,0,0,1,0,1,0,0,0,0,0,0
4,1.0,0.916666985,12.0,P384778,111,68.0,0.7818957080144684,0,0,0,0,1,0,0,0,0,0,0,0,0,0,0,1,0,0,0,1,0,0,0,0,0,0,1,0,0,0
2,1.0,0.833333015,18.0,P384778,111,68.0,0.6666666666666667,0,0,0,0,1,0,0,0,0,0,0,0,0,0,0,1,0,0,0,0,1,0,0,0,0,0,1,0,0,0
4,1.0,0.25,4.0,P384778,111,68.0,0.3333333333333333,0,0,0,0,1,0,0,0,0,0,0,0,0,0,0,1,0,0,0,1,0,0,0,0,0,0,1,0,0,0
3,1.0,0.958333015,24.0,P384778,111,68.0,0.8209477682489587,0,0,0,0,1,0,0,0,0,0,0,0,0,0,0,1,0,0,0,1,0,0,0,0,0,0,1,0,0,0
3,1.0,1.0,7.0,P384778,111,68.0,1.0,0,0,0,0,1,0,0,0,0,0,0,0,0,0,0,1,0,0,0,1,0,0,0,0,0,0,1,0,0,0
5,1.0,0.896552026,29.0,P384778,111,68.0,0.7039180890341348,0,0,0,0,1,0,0,0,0,0,0,0,0,0,0,1,0,0,0,1,0,0,0,0,0,0,1,0,0,0
5,1.0,0.111111,27.0,P384778,111,68.0,0.3010299956639811,0,0,0,0,1,0,0,0,0,0,0,0,0,0,0,1,0,0,0,1,0,0,0,0,0,0,1,0,0,0
1,0.0,0.714286029,7.0,P471003,4,30.0,0.6199062332840658,0,0,0,0,0,1,0,0,0,0,0,0,0,0,0,1,0,0,0,0,0,0,1,0,0,0,1,0,0,0
5,1.0,0.800000012,5.0,P471003,4,30.0,0.6989700043360187,0,0,0,1,0,0,0,0,0,0,0,0,0,0,0,0,0,1,0,0,0,1,0,0,0,0,1,0,0,0
5,1.0,0.75,12.0,P471003,4,30.0,0.6241963505817848,0,0,0,0,1,0,0,0,0,0,0,0,0,0,0,1,0,0,0,0,1,0,0,0,0,0,1,0,0,0
5,1.0,0.666666985,9.0,P471003,4,30.0,0.583970804646981,0,0,1,0,0,0,0,0,0,0,0,0,0,0,1,0,0,0,0,0,1,0,0,0,0,1,0,0,0,0
4,1.0,1.0,5.0,P471003,4,30.0,1.0,0,0,0,0,0,1,0,0,0,0,0,0,0,0,0,0,0,1,0,0,1,0,0,0,0,0,1,0,0,0
2,0.0,0.571429014,21.0,P501005,19,44.0,0.5269504270732931,0,0,0,0,1,0,0,0,0,0,0,0,0,0,0,0,0,0,1,1,0,0,0,0,0,1,0,0,0,0
5,1.0,0.899999976,10.0,P501005,19,44.0,0.7686217868402409,0,0,1,0,0,0,0,0,0,0,0,0,0,0,0,0,0,1,0,0,0,1,0,0,0,0,1,0,0,0
5,1.0,0.555555999,9.0,P501005,19,44.0,0.5268025545616606,0,0,0,0,1,0,0,0,0,0,0,0,0,0,0,0,0,0,1,1,0,0,0,0,1,0,0,0,0,0
3,1.0,1.0,8.0,P501005,19,44.0,1.0,0,0,0,1,0,0,0,0,0,0,0,0,0,0,0,0,0,1,0,1,0,0,0,1,0,0,0,0,0,0
3,1.0,0.714286029,7.0,P501005,19,44.0,0.6199062332840658,0,0,0,0,0,0,1,0,0,0,0,0,0,0,0,1,0,0,0,1,0,0,0,0,0,0,1,0,0,0
2,0.0,0.600000024,10.0,P456399,84,40.0,0.5473191697130572,0,0,1,0,0,0,0,0,0,0,0,0,0,0,1,0,0,0,0,0,1,0,0,0,0,0,1,0,0,0
5,1.0,1.0,6.0,P306941,47,110.0,1.0,0,0,1,0,0,0,0,0,0,0,0,0,0,0,0,1,0,0,0,0,1,0,0,0,0,1,0,0,0,0
5,1.0,0.800000012,5.0,P306941,47,110.0,0.6989700043360187,0,0,1,0,0,0,0,0,0,0,0,0,0,0,0,0,0,0,1,1,0,0,0,0,0,1,0,0,0,0
5,1.0,1.0,9.0,P306941,47,110.0,1.0,0,0,0,0,0,1,0,0,0,0,0,0,0,0,1,0,0,0,0,0,0,1,0,0,0,0,1,0,0,0
5,1.0,1.0,9.0,P306941,47,110.0,1.0,0,0,1,0,0,0,0,0,0,0,0,0,0,0,0,0,0,1,0,1,0,0,0,0,0,1,0,0,0,0
2,0.0,0.884615004,26.0,P306941,47,110.0,0.6962776933382736,0,0,0,0,1,0,0,0,0,0,0,0,0,0,0,1,0,0,0,1,0,0,0,0,0,0,1,0,0,0
4,1.0,0.666666985,6.0,P306941,47,110.0,0.5943161289177871,0,0,1,0,0,0,0,0,0,0,0,0,0,0,0,1,0,0,0,1,0,0,0,0,0,0,1,0,0,0
5,1.0,0.872340024,47.0,P306941,47,110.0,0.6576259630879643,0,0,0,0,0,1,0,0,0,0,0,0,0,0,1,0,0,0,0,1,0,0,0,0,0,0,1,0,0,0
5,1.0,0.75,4.0,P306941,47,110.0,0.6666666666666667,0,0,1,0,0,0,0,0,0,0,0,0,0,0,0,1,0,0,0,1,0,0,0,0,0,0,1,0,0,0
5,1.0,1.0,5.0,P306941,47,110.0,1.0,0,0,1,0,0,0,0,0,0,0,0,0,0,0,0,1,0,0,0,0,0,1,0,0,0,0,1,0,0,0
5,1.0,0.800000012,20.0,P306941,47,110.0,0.6377303057306478,0,0,0,0,0,1,0,0,0,0,0,0,0,0,0,1,0,0,0,1,0,0,0,0,0,0,1,0,0,0
5,1.0,1.0,4.0,P483679,66,48.0,1.0,0,0,0,0,0,1,0,0,0,0,0,0,0,0,0,1,0,0,0,1,0,0,0,0,1,0,0,0,0,0
5,1.0,1.0,4.0,P467126,42,79.0,1.0,0,0,1,0,0,0,0,0,0,0,0,0,0,0,0,0,0,1,0,1,0,0,0,0,0,1,0,0,0,0
4,1.0,1.0,6.0,P467126,42,79.0,1.0,0,0,0,0,0,1,0,0,0,0,0,0,0,0,0,1,0,0,0,1,0,0,0,0,0,0,1,0,0,0
1,0.0,0.730768979,26.0,P467126,42,79.0,0.5902718572045537,0,0,0,0,1,0,0,0,0,0,0,0,0,0,0,1,0,0,0,1,0,0,0,0,1,0,0,0,0,0
1,0.0,0.833333015,18.0,P467126,42,79.0,0.6666666666666667,0,0,0,0,0,1,0,0,0,0,0,0,0,0,0,1,0,0,0,0,0,0,1,0,0,0,1,0,0,0
5,1.0,0.5,4.0,P467126,42,79.0,0.5,0,0,1,0,0,0,0,0,0,0,0,0,0,0,0,0,0,0,1,0,1,0,0,0,0,0,1,0,0,0
5,1.0,0.333332986,42.0,P467126,42,79.0,0.4457441909060998,0,0,0,0,0,1,0,0,0,0,0,0,0,0,0,1,0,0,0,1,0,0,0,0,0,0,1,0,0,0
5,1.0,0.5,10.0,P479971,54,140.0,0.5,0,0,1,0,0,0,0,0,0,0,0,0,0,0,0,0,0,1,0,1,0,0,0,0,0,0,1,0,0,0
5,1.0,0.931034982,29.0,P405584,22,16.0,0.7520519717820634,0,0,0,0,0,0,0,0,0,0,0,0,1,0,0,0,0,0,1,0,0,0,1,0,0,0,1,0,0,0
2,0.0,0.333332986,6.0,P405584,22,16.0,0.4056838710822129,0,0,0,0,0,1,0,0,0,0,0,0,0,0,0,0,0,0,1,0,1,0,0,0,0,1,0,0,0,0
5,1.0,0.899999976,10.0,P405584,22,16.0,0.7686217868402409,0,0,0,0,1,0,0,0,0,0,0,0,0,0,0,1,0,0,0,0,1,0,0,0,0,0,1,0,0,0
4,1.0,1.0,14.0,P405584,22,16.0,1.0,0,0,0,0,1,0,0,0,0,0,0,0,0,0,0,1,0,0,0,1,0,0,0,0,0,0,1,0,0,0
3,1.0,1.0,6.0,P405584,22,16.0,1.0,0,0,0,0,1,0,0,0,0,0,0,0,0,0,0,1,0,0,0,1,0,0,0,0,0,0,1,0,0,0
5,1.0,0.800000012,5.0,P405584,22,16.0,0.6989700043360187,0,0,0,0,1,0,0,0,0,0,0,0,0,0,0,1,0,0,0,0,0,0,1,0,0,0,1,0,0,0
5,1.0,0.875,24.0,P453823,72,55.0,0.6903752345284636,0,0,0,0,0,1,0,0,0,0,0,0,0,0,1,0,0,0,0,0,0,1,0,0,0,1,0,0,0,0
3,0.0,0.97872299,47.0,P453823,72,55.0,0.8474351293988407,0,0,0,0,1,0,0,0,0,0,0,0,0,0,0,1,0,0,0,1,0,0,0,0,0,0,1,0,0,0
5,1.0,0.952381015,21.0,P453823,72,55.0,0.814550976584631,0,0,0,0,1,0,0,0,0,0,0,0,0,0,0,0,0,1,0,1,0,0,0,1,0,0,0,0,0,0
4,1.0,0.75,4.0,P453823,72,55.0,0.6666666666666667,0,0,0,0,1,0,0,0,0,0,0,0,0,0,0,0,0,0,1,1,0,0,0,0,1,0,0,0,0,0
5,1.0,0.5,6.0,P474840,48,65.0,0.5,0,0,0,0,0,1,0,0,0,0,0,0,0,0,0,1,0,0,0,1,0,0,0,0,0,0,1,0,0,0
2,0.0,0.409090996,22.0,P474840,48,65.0,0.4659554245485505,0,0,0,0,1,0,0,0,0,0,0,0,0,0,0,1,0,0,0,0,1,0,0,0,0,0,1,0,0,0
4,1.0,1.0,6.0,P474832,111,28.0,1.0,0,0,0,0,1,0,0,0,0,0,0,0,0,0,1,0,0,0,0,0,1,0,0,0,0,0,1,0,0,0
5,1.0,0.952381015,42.0,P474832,111,28.0,0.7717019533049274,0,0,0,0,1,0,0,0,0,0,0,0,0,0,1,0,0,0,0,1,0,0,0,0,0,0,1,0,0,0
1,0.0,0.222222,9.0,P461439,18,32.0,0.3456871240434053,0,0,0,0,1,0,0,0,0,0,0,0,0,0,0,0,0,1,0,0,0,1,0,0,0,0,1,0,0,0
5,1.0,0.600000024,5.0,P421432,61,26.0,0.5578858913022596,0,0,0,0,0,0,1,0,0,0,0,0,0,0,0,1,0,0,0,0,0,0,1,0,1,0,0,0,0,0
1,0.0,0.652173996,23.0,P421432,61,26.0,0.5578858913022595,0,0,1,0,0,0,0,0,0,0,0,0,0,0,0,0,0,0,1,1,0,0,0,0,0,1,0,0,0,0
5,1.0,0.571429014,7.0,P309306,93,72.0,0.5372435736804816,0,0,0,0,1,0,0,0,0,0,0,0,0,0,0,1,0,0,0,0,1,0,0,0,1,0,0,0,0,0
1,0.0,0.692308009,13.0,P309306,93,72.0,0.588591910067779,0,0,1,0,0,0,0,0,0,0,0,0,0,0,0,0,0,1,0,0,1,0,0,0,0,1,0,0,0,0
5,1.0,1.0,4.0,P309306,93,72.0,1.0,0,0,0,0,0,0,1,0,0,0,0,0,0,0,0,1,0,0,0,1,0,0,0,0,1,0,0,0,0,0
5,1.0,0.899999976,10.0,P309306,93,72.0,0.7686217868402409,0,0,0,0,1,0,0,0,0,0,0,0,0,0,0,1,0,0,0,0,1,0,0,0,1,0,0,0,0,0
5,1.0,0.875,8.0,P309306,93,72.0,0.75,0,0,0,0,1,0,0,0,0,0,0,0,0,0,0,1,0,0,0,0,1,0,0,0,1,0,0,0,0,0
5,1.0,1.0,7.0,P309306,93,72.0,1.0,0,0,0,0,1,0,0,0,0,0,0,0,0,0,0,1,0,0,0,0,1,0,0,0,1,0,0,0,0,0
5,1.0,0.86956501,46.0,P309306,93,72.0,0.6561681661200995,0,0,0,0,1,0,0,0,0,0,0,0,0,0,0,1,0,0,0,1,0,0,0,0,1,0,0,0,0,0
5,1.0,0.818181992,11.0,P309306,93,72.0,0.6769924925288455,0,0,0,0,1,0,0,0,0,0,0,0,0,0,0,1,0,0,0,0,1,0,0,0,1,0,0,0,0,0
2,1.0,0.67811197,113.72000000000116,P309306,93,72.0,0.5392659216164337,0,0,0,0,1,0,0,0,0,0,0,0,0,0,0,1,0,0,0,0,1,0,0,0,1,0,0,0,0,0
1,0.0,0.696969986,33.0,P475630,107,16.0,0.5699574676093581,0,0,1,0,0,0,0,0,0,0,0,0,0,0,0,0,0,0,1,0,1,0,0,0,0,0,1,0,0,0
5,1.0,0.25,4.0,P475630,107,16.0,0.3333333333333333,0,0,0,0,0,0,1,0,0,0,0,0,0,0,0,1,0,0,0,0,0,1,0,0,0,0,1,0,0,0
5,1.0,0.875,8.0,P475630,107,16.0,0.75,0,0,1,0,0,0,0,0,0,0,0,0,0,0,0,1,0,0,0,1,0,0,0,0,0,1,0,0,0,0
5,1.0,0.75,4.0,P475630,107,16.0,0.6666666666666667,0,0,0,0,0,1,0,0,0,0,0,0,0,0,0,1,0,0,0,1,0,0,0,0,0,0,1,0,0,0
5,1.0,0.75,8.0,P475630,107,16.0,0.6391511932854698,0,0,0,0,0,1,0,0,0,0,0,0,0,0,0,1,0,0,0,1,0,0,0,0,0,0,1,0,0,0
1,0.0,0.684211016,38.0,P201440,7,56.0,0.5623540494973532,0,0,1,0,0,0,0,0,0,0,0,0,0,0,0,0,0,0,1,1,0,0,0,0,0,0,1,0,0,0
5,1.0,1.0,12.0,P201440,7,56.0,1.0,0,0,1,0,0,0,0,0,0,0,0,0,0,0,0,1,0,0,0,1,0,0,0,0,0,0,1,0,0,0
3,1.0,0.75,4.0,P201440,7,56.0,0.6666666666666667,0,0,1,0,0,0,0,0,0,0,0,0,0,0,0,1,0,0,0,1,0,0,0,0,0,0,1,0,0,0
5,1.0,1.0,8.0,P201440,7,56.0,1.0,0,0,1,0,0,0,0,0,0,0,0,0,0,0,0,1,0,0,0,0,0,0,1,0,0,0,1,0,0,0
1,1.0,0.909090996,11.0,P201440,7,56.0,0.7757561757824245,0,0,1,0,0,0,0,0,0,0,0,0,0,0,0,1,0,0,0,0,0,1,0,0,0,0,1,0,0,0
5,1.0,1.0,10.0,P201440,7,56.0,1.0,0,0,1,0,0,0,0,0,0,0,0,0,0,0,0,1,0,0,0,1,0,0,0,0,0,0,1,0,0,0
5,1.0,1.0,8.0,P201440,7,56.0,1.0,0,0,1,0,0,0,0,0,0,0,0,0,0,0,0,1,0,0,0,1,0,0,0,0,0,0,1,0,0,0
5,1.0,1.0,10.0,P201440,7,56.0,1.0,0,0,1,0,0,0,0,0,0,0,0,0,0,0,0,1,0,0,0,1,0,0,0,0,0,0,1,0,0,0
5,1.0,0.875,16.0,P201440,7,56.0,0.7113975059201018,0,0,1,0,0,0,0,0,0,0,0,0,0,0,0,1,0,0,0,1,0,0,0,0,0,0,1,0,0,0
5,1.0,0.857142985,7.0,P201440,7,56.0,0.7373504649628064,0,0,0,0,0,0,0,1,0,0,0,0,0,0,0,1,0,0,0,1,0,0,0,0,0,0,1,0,0,0
5,1.0,0.153845996,13.0,P480177,48,60.0,0.3065735963827292,0,0,0,0,0,1,0,0,0,0,0,0,0,0,1,0,0,0,0,0,1,0,0,0,0,1,0,0,0,0
5,1.0,0.625,8.0,P480177,48,60.0,0.5637914160289369,0,0,1,0,0,0,0,0,0,0,0,0,0,0,0,1,0,0,0,1,0,0,0,0,0,0,0,0,1,0
4,1.0,0.833333015,6.0,P443846,99,12.99,0.7210570543488701,0,0,1,0,0,0,0,0,0,0,0,0,0,1,0,0,0,0,0,0,0,1,0,1,0,0,0,0,0,0
4,1.0,0.952381015,42.0,P443846,99,12.99,0.7717019533049274,0,0,1,0,0,0,0,0,0,0,0,0,0,0,1,0,0,0,0,1,0,0,0,0,0,1,0,0,0,0
5,1.0,1.0,6.0,P443846,99,12.99,1.0,0,0,1,0,0,0,0,0,0,0,0,0,0,0,1,0,0,0,0,0,1,0,0,0,0,1,0,0,0,0
3,0.0,0.085470103,113.72000000000116,P443846,99,12.99,0.3386845053227679,0,0,0,0,1,0,0,0,0,0,0,0,0,0,0,1,0,0,0,0,0,1,0,0,0,0,1,0,0,0
1,0.0,0.725000024,40.0,P442857,19,20.0,0.5778350779206675,0,0,0,0,0,1,0,0,0,0,0,0,0,0,0,1,0,0,0,0,1,0,0,0,0,0,0,0,1,0
5,1.0,0.75,4.0,P442857,19,20.0,0.6666666666666667,0,0,0,0,0,1,0,0,0,0,0,0,0,0,0,1,0,0,0,1,0,0,0,0,0,0,1,0,0,0
1,0.0,0.800000012,5.0,P442857,19,20.0,0.6989700043360187,0,0,0,0,0,1,0,0,0,0,0,0,0,0,0,1,0,0,0,1,0,0,0,0,0,1,0,0,0,0
1,0.0,0.866666973,15.0,P442857,19,20.0,0.7060702520912807,0,0,0,0,1,0,0,0,0,0,0,0,0,0,0,0,0,1,0,1,0,0,0,0,0,1,0,0,0,0
1,0.0,0.733332992,15.0,P442857,19,20.0,0.6069119518459337,0,0,1,0,0,0,0,0,0,0,0,0,0,1,0,0,0,0,0,0,1,0,0,0,0,0,1,0,0,0
2,0.0,0.25,20.0,P442857,19,20.0,0.3925553866765471,0,0,0,0,0,1,0,0,0,0,0,0,0,0,0,0,0,0,1,0,1,0,0,0,1,0,0,0,0,0
1,0.0,0.75,4.0,P500613,66,42.0,0.6666666666666667,0,0,0,0,0,1,0,0,0,0,0,0,0,0,0,1,0,0,0,0,0,1,0,0,0,0,1,0,0,0
3,0.0,0.5,4.0,P466154,94,46.0,0.5,0,0,1,0,0,0,0,0,0,0,0,0,0,0,1,0,0,0,0,1,0,0,0,0,0,1,0,0,0,0
2,0.0,1.0,4.0,P466154,94,46.0,1.0,0,0,0,0,0,1,0,0,0,0,0,0,0,0,0,1,0,0,0,0,0,1,0,0,0,0,1,0,0,0
1,0.0,0.611940026,67.0,P466154,94,46.0,0.5314091380498517,0,0,0,0,0,1,0,0,0,0,0,0,0,0,0,0,0,1,0,0,0,1,0,0,0,0,1,0,0,0
5,1.0,0.833333015,6.0,P466154,94,46.0,0.7210570543488701,0,0,0,0,1,0,0,0,0,0,0,0,0,0,0,0,0,0,1,1,0,0,0,0,0,1,0,0,0,0
5,1.0,0.916666985,12.0,P466154,94,46.0,0.7818957080144684,0,0,1,0,0,0,0,0,0,0,0,0,0,0,0,1,0,0,0,1,0,0,0,0,0,0,1,0,0,0
1,0.0,0.888889015,9.0,P466154,94,46.0,0.7601875334318686,0,0,0,0,0,0,0,1,0,0,0,0,0,0,0,1,0,0,0,1,0,0,0,0,1,0,0,0,0,0
1,0.0,0.166666999,42.0,P482298,68,40.0,0.367200433231686,0,0,0,1,0,0,0,0,0,0,0,0,0,0,0,1,0,0,0,0,0,1,0,0,0,0,1,0,0,0
1,0.0,0.5,4.0,P482298,68,40.0,0.5,0,0,0,0,1,0,0,0,0,0,0,0,0,0,0,1,0,0,0,1,0,0,0,0,1,0,0,0,0,0
1,0.0,0.800000012,10.0,P503879,27,45.0,0.6666666666666666,0,0,1,0,0,0,0,0,0,0,0,0,0,0,0,1,0,0,0,0,1,0,0,0,1,0,0,0,0,0
5,1.0,0.818181992,11.0,P442839,86,42.0,0.6769924925288455,0,0,0,0,0,1,0,0,0,0,0,0,0,0,0,1,0,0,0,1,0,0,0,0,0,0,1,0,0,0
3,1.0,0.75,4.0,P442839,86,42.0,0.6666666666666667,0,0,1,0,0,0,0,0,0,0,0,0,0,0,1,0,0,0,0,0,1,0,0,0,0,0,1,0,0,0
1,0.0,0.516129017,31.0,P442839,86,42.0,0.5054073102385234,0,0,1,0,0,0,0,0,0,0,0,0,0,0,1,0,0,0,0,1,0,0,0,0,0,0,1,0,0,0
5,1.0,0.285714,14.0,P432242,7,26.5,0.4016231838083947,0,0,1,0,0,0,0,0,0,0,0,0,0,0,1,0,0,0,0,0,0,0,1,0,0,1,0,0,0,0
5,1.0,1.0,7.0,P432242,7,26.5,1.0,0,0,0,0,1,0,0,0,0,0,0,0,0,0,0,1,0,0,0,0,0,0,1,0,0,1,0,0,0,0
5,1.0,0.444444001,9.0,P251529,72,65.0,0.4731974454383393,0,0,1,0,0,0,0,0,0,0,0,0,0,0,1,0,0,0,0,1,0,0,0,0,0,1,0,0,0,0
5,1.0,0.894737005,19.0,P251529,72,65.0,0.7245884476238132,0,0,0,0,0,1,0,0,0,0,0,0,0,0,0,1,0,0,0,0,0,0,1,0,1,0,0,0,0,0
5,1.0,0.785713971,14.0,P251529,72,65.0,0.6418955364979173,0,0,1,0,0,0,0,0,0,0,0,0,0,0,1,0,0,0,0,0,0,0,1,0,0,0,0,0,0,1
5,1.0,0.800000012,5.0,P251529,72,65.0,0.6989700043360187,0,0,1,0,0,0,0,0,0,0,0,0,0,0,1,0,0,0,0,1,0,0,0,1,0,0,0,0,0,0
5,1.0,0.9375,16.0,P251529,72,65.0,0.7999999999999999,0,0,1,0,0,0,0,0,0,0,0,0,0,0,1,0,0,0,0,1,0,0,0,1,0,0,0,0,0,0
5,1.0,1.0,5.0,P251529,72,65.0,1.0,0,0,1,0,0,0,0,0,0,0,0,0,0,0,1,0,0,0,0,0,0,0,1,1,0,0,0,0,0,0
5,1.0,0.666666985,6.0,P251529,72,65.0,0.5943161289177871,0,0,1,0,0,0,0,0,0,0,0,0,0,0,1,0,0,0,0,0,0,1,0,1,0,0,0,0,0,0
1,1.0,0.615384996,13.0,P251529,72,65.0,0.5508231047523734,0,0,1,0,0,0,0,0,0,0,0,0,0,0,1,0,0,0,0,1,0,0,0,1,0,0,0,0,0,0
5,1.0,1.0,6.0,P251529,72,65.0,1.0,0,0,1,0,0,0,0,0,0,0,0,0,0,0,1,0,0,0,0,1,0,0,0,1,0,0,0,0,0,0
4,1.0,0.125,8.0,P251529,72,65.0,0.2499999999999999,0,0,1,0,0,0,0,0,0,0,0,0,0,0,1,0,0,0,0,1,0,0,0,1,0,0,0,0,0,0
5,1.0,0.941175997,68.0,P251529,72,65.0,0.7217346891204247,0,0,0,0,1,0,0,0,0,0,0,0,0,0,1,0,0,0,0,1,0,0,0,1,0,0,0,0,0,0
5,1.0,0.25,4.0,P461949,53,245.0,0.3333333333333333,0,0,0,0,0,1,0,0,0,0,0,0,0,0,1,0,0,0,0,1,0,0,0,0,1,0,0,0,0,0
5,1.0,0.363635987,33.0,P461949,53,245.0,0.4534924100411206,0,0,0,0,1,0,0,0,0,0,0,0,0,0,0,1,0,0,0,0,0,1,0,0,1,0,0,0,0,0
2,0.0,0.777778029,9.0,P457008,19,15.0,0.6543128759565946,0,0,0,0,0,0,0,1,0,0,0,0,0,0,1,0,0,0,0,1,0,0,0,0,0,0,1,0,0,0
4,1.0,0.5,10.0,P457008,19,15.0,0.5,0,0,0,1,0,0,0,0,0,0,0,0,0,0,0,0,0,0,1,0,0,1,0,0,0,1,0,0,0,0
5,1.0,0.800000012,5.0,P457008,19,15.0,0.6989700043360187,0,0,0,0,0,1,0,0,0,0,0,0,0,0,0,1,0,0,0,0,0,1,0,0,0,0,1,0,0,0
5,1.0,0.666666985,6.0,P393076,29,44.0,0.5943161289177871,0,0,0,0,0,0,0,0,0,0,0,1,0,0,0,1,0,0,0,0,1,0,0,0,1,0,0,0,0,0
5,1.0,1.0,7.0,P393076,29,44.0,1.0,0,0,0,0,0,1,0,0,0,0,0,0,0,0,0,0,0,1,0,1,0,0,0,0,0,1,0,0,0,0
4,1.0,0.93333298,15.0,P393076,29,44.0,0.7962049529094938,0,0,1,0,0,0,0,0,0,0,0,0,0,0,0,1,0,0,0,1,0,0,0,0,0,0,1,0,0,0
5,1.0,0.75,4.0,P393076,29,44.0,0.6666666666666667,0,0,1,0,0,0,0,0,0,0,0,0,0,0,0,1,0,0,0,1,0,0,0,0,0,0,1,0,0,0
3,0.0,0.25,4.0,P479354,99,10.99,0.3333333333333333,0,0,1,0,0,0,0,0,0,0,0,0,0,0,0,1,0,0,0,1,0,0,0,0,0,0,1,0,0,0
3,0.0,0.600000024,5.0,P479354,99,10.99,0.5578858913022596,0,0,1,0,0,0,0,0,0,0,0,0,0,0,0,1,0,0,0,1,0,0,0,0,1,0,0,0,0,0
5,1.0,0.75,4.0,P479354,99,10.99,0.6666666666666667,0,0,1,0,0,0,0,0,0,0,0,0,0,0,0,1,0,0,0,0,0,0,1,0,0,0,1,0,0,0
5,1.0,1.0,9.0,P479354,99,10.99,1.0,0,0,0,0,0,0,0,1,0,0,0,0,0,0,0,0,0,0,1,1,0,0,0,0,0,0,1,0,0,0
2,0.0,0.888889015,9.0,P479354,99,10.99,0.7601875334318686,0,0,0,0,0,1,0,0,0,0,0,0,0,0,0,1,0,0,0,1,0,0,0,0,0,0,1,0,0,0
2,0.0,0.857142985,7.0,P479354,99,10.99,0.7373504649628064,0,0,1,0,0,0,0,0,0,0,0,0,0,0,1,0,0,0,0,0,0,0,1,0,0,0,1,0,0,0
2,0.0,0.600000024,5.0,P479354,99,10.99,0.5578858913022596,0,0,1,0,0,0,0,0,0,0,0,0,0,0,0,0,0,1,0,1,0,0,0,0,0,0,1,0,0,0
5,1.0,0.899999976,10.0,P479354,99,10.99,0.7686217868402409,0,0,0,0,0,0,0,0,0,0,0,0,1,0,0,1,0,0,0,1,0,0,0,0,1,0,0,0,0,0
5,1.0,0.200000003,5.0,P500240,14,65.0,0.3010299956639811,0,0,0,0,1,0,0,0,0,0,0,0,0,0,0,1,0,0,0,0,1,0,0,0,0,1,0,0,0,0
2,0.0,0.34482801,29.0,P442741,72,125.0,0.4445793210953239,0,0,0,0,1,0,0,0,0,0,0,0,0,0,0,0,0,1,0,0,1,0,0,0,0,0,1,0,0,0
2,0.0,0.833333015,6.0,P442741,72,125.0,0.7210570543488701,0,0,0,0,0,1,0,0,0,0,0,0,0,0,0,1,0,0,0,0,0,1,0,0,0,0,1,0,0,0
5,1.0,0.625,8.0,P442564,37,60.0,0.5637914160289369,0,0,1,0,0,0,0,0,0,0,0,0,0,0,1,0,0,0,0,0,0,0,1,0,0,1,0,0,0,0
5,1.0,0.75,8.0,P442564,37,60.0,0.6391511932854698,0,0,0,0,0,1,0,0,0,0,0,0,0,0,0,0,0,1,0,1,0,0,0,0,0,1,0,0,0,0
5,1.0,0.800000012,5.0,P442564,37,60.0,0.6989700043360187,0,0,1,0,0,0,0,0,0,0,0,0,0,0,0,0,0,0,1,1,0,0,0,0,0,0,1,0,0,0
5,1.0,1.0,4.0,P442564,37,60.0,1.0,0,0,0,0,0,1,0,0,0,0,0,0,0,0,0,1,0,0,0,1,0,0,0,0,0,0,1,0,0,0
1,0.0,0.400000006,30.0,P442564,37,60.0,0.4655597319958416,0,0,0,0,0,1,0,0,0,0,0,0,0,0,0,0,0,1,0,1,0,0,0,0,0,0,1,0,0,0
2,0.0,0.600000024,5.0,P469482,41,28.0,0.5578858913022596,0,0,1,0,0,0,0,0,0,0,0,0,0,0,0,1,0,0,0,1,0,0,0,0,0,0,1,0,0,0
5,1.0,1.0,4.0,P469482,41,28.0,1.0,0,0,0,0,1,0,0,0,0,0,0,0,0,0,0,1,0,0,0,0,1,0,0,0,0,0,1,0,0,0
2,0.0,0.75,4.0,P469482,41,28.0,0.6666666666666667,0,0,0,0,1,0,0,0,0,0,0,0,0,0,0,0,0,0,1,0,0,1,0,0,0,1,0,0,0,0
4,1.0,1.0,11.0,P469482,41,28.0,1.0,0,0,1,0,0,0,0,0,0,0,0,0,0,0,0,1,0,0,0,1,0,0,0,0,0,0,1,0,0,0
5,1.0,0.888889015,9.0,P469482,41,28.0,0.7601875334318686,0,0,1,0,0,0,0,0,0,0,0,0,0,0,1,0,0,0,0,0,1,0,0,0,0,0,1,0,0,0
5,1.0,0.833333015,6.0,P469482,41,28.0,0.7210570543488701,0,0,1,0,0,0,0,0,0,0,0,0,0,0,0,1,0,0,0,0,1,0,0,0,0,0,1,0,0,0
4,1.0,1.0,8.0,P455241,45,74.0,1.0,0,0,0,0,0,0,0,1,0,0,0,0,0,0,0,0,0,1,0,1,0,0,0,0,0,1,0,0,0,0
2,0.0,0.75,4.0,P399932,72,32.0,0.6666666666666667,0,0,0,0,0,1,0,0,0,0,0,0,0,0,0,0,0,1,0,0,1,0,0,0,0,0,1,0,0,0
1,1.0,0.600000024,5.0,P399932,72,32.0,0.5578858913022596,0,0,0,0,1,0,0,0,0,0,0,0,0,0,1,0,0,0,0,1,0,0,0,0,0,0,1,0,0,0
4,1.0,1.0,8.0,P399932,72,32.0,1.0,0,0,0,0,1,0,0,0,0,0,0,0,0,0,1,0,0,0,0,1,0,0,0,0,0,0,1,0,0,0
5,1.0,0.75,8.0,P399932,72,32.0,0.6391511932854698,0,0,0,0,1,0,0,0,0,0,0,0,0,0,1,0,0,0,0,1,0,0,0,0,0,0,1,0,0,0
5,1.0,1.0,5.0,P399932,72,32.0,1.0,0,0,0,0,1,0,0,0,0,0,0,0,0,0,1,0,0,0,0,1,0,0,0,0,0,0,1,0,0,0
4,1.0,0.833333015,18.0,P448184,19,25.0,0.6666666666666667,0,0,0,0,0,1,0,0,0,0,0,0,0,0,1,0,0,0,0,1,0,0,0,0,0,1,0,0,0,0
5,1.0,0.307691991,13.0,P448184,19,25.0,0.411408089932221,0,0,0,0,0,0,0,1,0,0,0,0,0,0,0,1,0,0,0,0,0,0,1,0,0,0,1,0,0,0
4,1.0,0.571429014,7.0,P467124,42,59.0,0.5372435736804816,0,0,0,0,1,0,0,0,0,0,0,0,0,0,0,1,0,0,0,1,0,0,0,0,1,0,0,0,0,0
5,1.0,0.75,4.0,P467124,42,59.0,0.6666666666666667,0,0,1,0,0,0,0,0,0,0,0,0,0,0,1,0,0,0,0,0,1,0,0,0,0,1,0,0,0,0
1,0.0,0.818181992,11.0,P467124,42,59.0,0.6769924925288455,0,0,0,0,0,1,0,0,0,0,0,0,0,0,0,0,0,1,0,0,1,0,0,0,0,0,1,0,0,0
5,1.0,0.253012002,83.0,P467124,42,59.0,0.4272832108689383,0,0,0,0,0,1,0,0,0,0,0,0,0,0,0,0,0,0,1,1,0,0,0,0,0,0,1,0,0,0
5,1.0,1.0,7.0,P384821,7,34.5,1.0,0,0,0,1,0,0,0,0,0,0,0,0,0,0,0,0,0,1,0,0,0,0,1,1,0,0,0,0,0,0
5,1.0,0.857142985,28.0,P384821,7,34.5,0.6666666666666666,0,0,1,0,0,0,0,0,0,0,0,0,0,0,1,0,0,0,0,1,0,0,0,0,0,0,1,0,0,0
1,1.0,0.5,16.0,P384821,7,34.5,0.5,0,0,1,0,0,0,0,0,0,0,0,0,0,0,1,0,0,0,0,1,0,0,0,0,0,0,1,0,0,0
5,1.0,1.0,5.0,P442742,72,55.0,1.0,0,0,0,0,0,1,0,0,0,0,0,0,0,0,1,0,0,0,0,1,0,0,0,0,0,0,1,0,0,0
5,1.0,0.885462999,113.72000000000116,P442742,72,55.0,0.6169459771535103,0,0,0,0,0,1,0,0,0,0,0,0,0,0,0,1,0,0,0,1,0,0,0,0,0,0,1,0,0,0
5,1.0,1.0,6.0,P442742,72,55.0,1.0,0,0,0,0,0,1,0,0,0,0,0,0,0,0,0,0,0,0,1,1,0,0,0,0,0,0,1,0,0,0
1,0.0,0.333332986,9.0,P442742,72,55.0,0.4160291953530189,0,0,0,0,0,1,0,0,0,0,0,0,0,0,0,1,0,0,0,0,1,0,0,0,1,0,0,0,0,0
5,1.0,0.75,4.0,P442742,72,55.0,0.6666666666666667,0,0,0,0,0,1,0,0,0,0,0,0,0,0,0,0,0,1,0,0,0,0,1,0,0,1,0,0,0,0
5,1.0,0.75,4.0,P463144,107,48.0,0.6666666666666667,0,0,0,0,1,0,0,0,0,0,0,0,0,0,0,0,0,1,0,0,0,1,0,0,0,0,1,0,0,0
5,1.0,0.75,4.0,P463144,107,48.0,0.6666666666666667,0,0,0,0,0,1,0,0,0,0,0,0,0,0,0,0,0,1,0,1,0,0,0,0,0,1,0,0,0,0
5,1.0,1.0,8.0,P463144,107,48.0,1.0,0,0,1,0,0,0,0,0,0,0,0,0,0,0,0,1,0,0,0,1,0,0,0,1,0,0,0,0,0,0
5,1.0,0.75,4.0,P463144,107,48.0,0.6666666666666667,0,0,0,0,0,0,1,0,0,0,0,0,0,0,0,1,0,0,0,0,1,0,0,0,0,0,1,0,0,0
3,0.0,0.714286029,7.0,P463144,107,48.0,0.6199062332840658,0,0,0,0,0,1,0,0,0,0,0,0,0,0,0,1,0,0,0,1,0,0,0,0,0,1,0,0,0,0
5,1.0,0.826086998,23.0,P463144,107,48.0,0.6505149978319905,0,0,1,0,0,0,0,0,0,0,0,0,0,0,0,1,0,0,0,0,0,1,0,0,0,1,0,0,0,0
5,1.0,0.857142985,7.0,P463144,107,48.0,0.7373504649628064,0,0,0,0,0,0,0,0,0,0,0,0,1,0,0,1,0,0,0,0,0,0,1,0,1,0,0,0,0,0
5,1.0,1.0,12.0,P463144,107,48.0,1.0,0,0,0,0,0,0,0,1,0,0,0,0,0,0,0,1,0,0,0,1,0,0,0,0,0,0,1,0,0,0
5,1.0,0.75,4.0,P463144,107,48.0,0.6666666666666667,0,0,0,0,1,0,0,0,0,0,0,0,0,0,0,1,0,0,0,1,0,0,0,0,0,0,1,0,0,0
5,1.0,0.75,4.0,P446934,61,49.0,0.6666666666666667,0,0,0,0,0,1,0,0,0,0,0,0,0,0,0,1,0,0,0,1,0,0,0,0,0,1,0,0,0,0
1,0.0,1.0,9.0,P446934,61,49.0,1.0,0,0,0,0,0,0,1,0,0,0,0,0,0,0,1,0,0,0,0,0,0,0,1,0,0,0,1,0,0,0
1,0.0,0.857142985,7.0,P446934,61,49.0,0.7373504649628064,0,0,0,0,1,0,0,0,0,0,0,0,0,0,0,1,0,0,0,1,0,0,0,0,0,0,1,0,0,0
4,1.0,0.333332986,6.0,P446934,61,49.0,0.4056838710822129,0,0,0,0,0,0,1,0,0,0,0,0,0,0,0,1,0,0,0,1,0,0,0,0,0,0,1,0,0,0
5,1.0,1.0,8.0,P445832,14,42.0,1.0,0,0,0,0,0,0,0,1,0,0,0,0,0,0,0,1,0,0,0,1,0,0,0,0,1,0,0,0,0,0
3,0.0,0.714286029,21.0,P445832,14,42.0,0.5875997426017788,0,0,0,0,1,0,0,0,0,0,0,0,0,0,0,1,0,0,0,0,0,0,1,0,0,0,1,0,0,0
5,1.0,1.0,4.0,P392608,72,60.0,1.0,0,0,0,0,0,0,0,1,0,0,0,0,0,0,0,1,0,0,0,1,0,0,0,0,1,0,0,0,0,0
5,1.0,0.800000012,5.0,P392608,72,60.0,0.6989700043360187,0,0,0,0,0,1,0,0,0,0,0,0,0,0,0,1,0,0,0,1,0,0,0,0,1,0,0,0,0,0
4,1.0,0.875,8.0,P392608,72,60.0,0.75,0,0,0,0,0,1,0,0,0,0,0,0,0,0,0,1,0,0,0,1,0,0,0,0,1,0,0,0,0,0
4,1.0,1.0,5.0,P392608,72,60.0,1.0,0,0,0,0,0,1,0,0,0,0,0,0,0,0,0,1,0,0,0,1,0,0,0,0,1,0,0,0,0,0
1,1.0,0.333332986,12.0,P392608,72,60.0,0.4227950118402033,0,0,0,0,0,1,0,0,0,0,0,0,0,0,0,1,0,0,0,1,0,0,0,0,1,0,0,0,0,0
4,1.0,0.800000012,5.0,P392608,72,60.0,0.6989700043360187,0,0,0,0,0,1,0,0,0,0,0,0,0,0,0,1,0,0,0,1,0,0,0,0,1,0,0,0,0,0
5,1.0,1.0,7.0,P392608,72,60.0,1.0,0,0,0,0,0,1,0,0,0,0,0,0,0,0,0,1,0,0,0,1,0,0,0,0,1,0,0,0,0,0
5,1.0,1.0,10.0,P392608,72,60.0,1.0,0,0,0,0,0,1,0,0,0,0,0,0,0,0,0,1,0,0,0,1,0,0,0,0,1,0,0,0,0,0
3,1.0,0.139534995,43.0,P392608,72,60.0,0.3485110478169017,0,0,0,0,0,1,0,0,0,0,0,0,0,0,0,1,0,0,0,1,0,0,0,0,1,0,0,0,0,0
5,1.0,0.699999988,10.0,P420224,9,59.0,0.6,0,0,0,0,1,0,0,0,0,0,0,0,0,0,1,0,0,0,0,0,1,0,0,0,0,0,1,0,0,0
2,0.0,0.384615004,26.0,P420224,9,59.0,0.4583914134515144,0,0,0,0,1,0,0,0,0,0,0,0,0,0,1,0,0,0,0,0,1,0,0,1,0,0,0,0,0,0
5,1.0,0.928570986,14.0,P420224,9,59.0,0.7919854023234905,0,0,0,0,0,0,0,0,0,0,0,1,0,0,0,1,0,0,0,0,0,0,1,0,1,0,0,0,0,0
5,1.0,1.0,8.0,P420224,9,59.0,1.0,0,0,0,0,0,0,0,0,0,0,0,0,1,0,0,1,0,0,0,1,0,0,0,0,1,0,0,0,0,0
5,1.0,0.946488023,113.72000000000116,P420224,9,59.0,0.6659808196182859,0,0,0,0,0,0,1,0,0,0,0,0,0,0,0,1,0,0,0,1,0,0,0,1,0,0,0,0,0,0
5,1.0,0.714286029,7.0,P420224,9,59.0,0.6199062332840658,0,0,0,0,1,0,0,0,0,0,0,0,0,0,0,1,0,0,0,0,0,0,1,0,0,0,1,0,0,0
2,0.0,0.5,4.0,P504125,34,32.0,0.5,0,0,0,0,0,0,0,0,0,0,0,0,1,0,0,1,0,0,0,1,0,0,0,0,1,0,0,0,0,0
1,0.0,0.727272987,11.0,P504125,34,32.0,0.6131471927654585,0,0,1,0,0,0,0,0,0,0,0,0,0,0,0,0,1,0,0,0,0,0,1,0,0,1,0,0,0,0
5,1.0,0.5,6.0,P468821,29,44.0,0.5,0,0,0,0,1,0,0,0,0,0,0,0,0,0,0,1,0,0,0,0,1,0,0,0,0,1,0,0,0,0
3,0.0,0.545454979,11.0,P468821,29,44.0,0.5206212286759117,0,0,0,0,0,0,0,1,0,0,0,0,0,0,0,1,0,0,0,1,0,0,0,0,1,0,0,0,0,0
5,1.0,0.75,4.0,P468821,29,44.0,0.6666666666666667,0,0,0,0,0,1,0,0,0,0,0,0,0,0,0,1,0,0,0,0,0,1,0,1,0,0,0,0,0,0
5,1.0,0.875,16.0,P468821,29,44.0,0.7113975059201018,0,0,0,0,1,0,0,0,0,0,0,0,0,0,1,0,0,0,0,1,0,0,0,0,0,0,1,0,0,0
5,1.0,0.75,4.0,P468821,29,44.0,0.6666666666666667,0,0,0,0,0,0,0,0,0,0,0,0,1,0,0,1,0,0,0,0,0,0,1,0,1,0,0,0,0,0
3,0.0,0.695652008,23.0,P468821,29,44.0,0.5767173575091713,0,0,0,0,0,0,0,0,0,0,0,0,1,0,0,1,0,0,0,0,1,0,0,0,1,0,0,0,0,0
5,1.0,1.0,8.0,P468821,29,44.0,1.0,0,0,0,0,1,0,0,0,0,0,0,0,0,0,1,0,0,0,0,0,0,1,0,0,0,1,0,0,0,0
4,1.0,1.0,5.0,P500307,28,24.0,1.0,0,0,0,0,1,0,0,0,0,0,0,0,0,0,0,1,0,0,0,0,1,0,0,0,1,0,0,0,0,0
5,1.0,1.0,7.0,P500307,28,24.0,1.0,0,0,0,0,1,0,0,0,0,0,0,0,0,0,0,1,0,0,0,0,1,0,0,0,0,0,1,0,0,0
3,0.0,0.699999988,20.0,P500307,28,24.0,0.5818808063138206,0,0,0,0,1,0,0,0,0,0,0,0,0,0,0,0,0,1,0,0,0,0,1,0,0,1,0,0,0,0
5,1.0,0.75,8.0,P500307,28,24.0,0.6391511932854698,0,0,0,0,0,1,0,0,0,0,0,0,0,0,0,1,0,0,0,1,0,0,0,0,1,0,0,0,0,0
3,0.0,1.0,5.0,P500307,28,24.0,1.0,0,0,0,0,1,0,0,0,0,0,0,0,0,0,0,0,0,0,1,0,0,1,0,0,0,0,1,0,0,0
5,1.0,0.600000024,5.0,P500307,28,24.0,0.5578858913022596,0,0,0,1,0,0,0,0,0,0,0,0,0,0,0,0,0,1,0,0,0,1,0,0,0,0,1,0,0,0
3,0.0,0.75,4.0,P500307,28,24.0,0.6666666666666667,0,0,0,0,1,0,0,0,0,0,0,0,0,0,0,1,0,0,0,0,1,0,0,0,0,0,1,0,0,0
2,0.0,0.5,10.0,P500307,28,24.0,0.5,0,0,1,0,0,0,0,0,0,0,0,0,0,0,1,0,0,0,0,1,0,0,0,0,0,1,0,0,0,0
4,1.0,0.75,4.0,P500307,28,24.0,0.6666666666666667,0,0,1,0,0,0,0,0,0,0,0,0,0,0,0,1,0,0,0,0,1,0,0,0,0,1,0,0,0,0
1,0.0,0.863636017,22.0,P500307,28,24.0,0.6836408181204355,0,0,1,0,0,0,0,0,0,0,0,0,0,0,1,0,0,0,0,1,0,0,0,0,0,1,0,0,0,0
5,1.0,1.0,11.0,P500307,28,24.0,1.0,0,0,0,0,0,0,0,1,0,0,0,0,0,0,0,1,0,0,0,0,0,1,0,0,0,0,1,0,0,0
5,1.0,0.857142985,7.0,P382204,72,55.0,0.7373504649628064,0,0,0,0,1,0,0,0,0,0,0,0,0,0,0,1,0,0,0,1,0,0,0,0,0,0,1,0,0,0
5,1.0,1.0,10.0,P382204,72,55.0,1.0,0,0,0,0,1,0,0,0,0,0,0,0,0,0,0,0,0,0,1,0,1,0,0,0,0,0,1,0,0,0
1,1.0,0.428570986,7.0,P382204,72,55.0,0.4627564263195183,0,0,0,0,0,1,0,0,0,0,0,0,0,0,0,1,0,0,0,1,0,0,0,0,0,0,1,0,0,0
1,1.0,0.571429014,7.0,P382204,72,55.0,0.5372435736804816,0,0,0,0,0,1,0,0,0,0,0,0,0,0,0,1,0,0,0,1,0,0,0,0,0,0,1,0,0,0
4,1.0,0.800000012,5.0,P382204,72,55.0,0.6989700043360187,0,0,0,0,0,1,0,0,0,0,0,0,0,0,0,1,0,0,0,1,0,0,0,0,0,0,1,0,0,0
5,1.0,0.956521988,23.0,P436387,92,49.0,0.8189574032199598,0,0,0,0,0,0,1,0,0,0,0,0,0,0,0,1,0,0,0,1,0,0,0,0,0,0,1,0,0,0
2,0.0,0.444444001,9.0,P436387,92,49.0,0.4731974454383393,0,0,1,0,0,0,0,0,0,0,0,0,0,0,1,0,0,0,0,0,1,0,0,0,0,1,0,0,0,0
5,1.0,0.944444001,18.0,P447603,29,24.0,0.8065735963827292,0,0,1,0,0,0,0,0,0,0,0,0,0,0,0,1,0,0,0,0,1,0,0,0,0,0,1,0,0,0
3,1.0,0.75,28.0,P447603,29,24.0,0.5978245859236061,0,0,1,0,0,0,0,0,0,0,0,0,0,0,0,0,0,1,0,1,0,0,0,0,0,0,1,0,0,0
1,0.0,0.78125,32.0,P447603,29,24.0,0.6104118583082411,0,0,0,1,0,0,0,0,0,0,0,0,0,0,0,1,0,0,0,1,0,0,0,0,1,0,0,0,0,0
5,1.0,1.0,4.0,P447603,29,24.0,1.0,0,0,1,0,0,0,0,0,0,0,0,0,0,0,1,0,0,0,0,0,1,0,0,0,0,1,0,0,0,0
4,0.0,0.333332986,6.0,P447603,29,24.0,0.4056838710822129,0,0,0,0,0,1,0,0,0,0,0,0,0,0,0,1,0,0,0,0,0,1,0,0,1,0,0,0,0,0
5,1.0,0.875,8.0,P447603,29,24.0,0.75,0,0,0,0,0,1,0,0,0,0,0,0,0,0,0,1,0,0,0,0,1,0,0,0,0,0,1,0,0,0
5,1.0,1.0,6.0,P447603,29,24.0,1.0,0,0,0,0,0,1,0,0,0,0,0,0,0,0,0,1,0,0,0,1,0,0,0,0,0,0,1,0,0,0
5,1.0,0.75,4.0,P447603,29,24.0,0.6666666666666667,0,0,0,0,0,1,0,0,0,0,0,0,0,0,0,1,0,0,0,1,0,0,0,0,1,0,0,0,0,0
5,1.0,1.0,14.0,P447603,29,24.0,1.0,0,0,0,0,0,0,0,0,0,0,0,0,1,0,0,1,0,0,0,0,0,1,0,0,0,0,1,0,0,0
5,1.0,0.888889015,9.0,P447603,29,24.0,0.7601875334318686,0,0,0,0,0,1,0,0,0,0,0,0,0,0,0,0,0,0,1,0,1,0,0,0,0,0,0,0,1,0
5,1.0,1.0,6.0,P446641,44,66.0,1.0,0,0,0,0,1,0,0,0,0,0,0,0,0,0,0,1,0,0,0,0,0,1,0,0,1,0,0,0,0,0
4,1.0,1.0,5.0,P414293,27,34.0,1.0,0,0,0,0,1,0,0,0,0,0,0,0,0,0,0,0,0,0,1,0,0,1,0,0,0,1,0,0,0,0
4,1.0,0.923076987,13.0,P414293,27,34.0,0.7872539464466368,0,0,0,0,1,0,0,0,0,0,0,0,0,0,0,0,0,0,1,1,0,0,0,0,0,1,0,0,0,0
4,1.0,1.0,5.0,P414293,27,34.0,1.0,0,0,0,1,0,0,0,0,0,0,0,0,0,0,1,0,0,0,0,0,0,1,0,0,0,0,1,0,0,0
5,1.0,1.0,4.0,P414293,27,34.0,1.0,0,0,0,0,1,0,0,0,0,0,0,0,0,0,0,0,0,1,0,0,1,0,0,0,0,0,1,0,0,0
1,0.0,0.5,6.0,P414293,27,34.0,0.5,0,0,0,0,0,0,1,0,0,0,0,0,0,0,1,0,0,0,0,1,0,0,0,0,0,0,1,0,0,0
5,1.0,1.0,13.0,P414293,27,34.0,1.0,0,0,0,0,1,0,0,0,0,0,0,0,0,0,1,0,0,0,0,1,0,0,0,0,0,1,0,0,0,0
2,0.0,1.0,8.0,P438619,78,18.0,1.0,0,0,0,0,1,0,0,0,0,0,0,0,0,0,1,0,0,0,0,0,1,0,0,0,0,0,0,0,0,1
1,0.0,0.333332986,9.0,P438619,78,18.0,0.4160291953530189,0,0,0,0,1,0,0,0,0,0,0,0,0,0,0,1,0,0,0,0,1,0,0,0,1,0,0,0,0,0
1,0.0,0.833333015,12.0,P438619,78,18.0,0.6857972507265685,0,0,0,1,0,0,0,0,0,0,0,0,0,0,0,1,0,0,0,1,0,0,0,0,0,0,1,0,0,0
2,0.0,0.666666985,9.0,P438619,78,18.0,0.583970804646981,0,0,0,0,1,0,0,0,0,0,0,0,0,0,0,1,0,0,0,0,0,1,0,0,0,0,1,0,0,0
3,1.0,0.727272987,11.0,P438619,78,18.0,0.6131471927654585,0,0,0,0,0,0,0,0,0,0,0,1,0,0,0,1,0,0,0,1,0,0,0,0,1,0,0,0,0,0
5,1.0,1.0,4.0,P438619,78,18.0,1.0,0,1,0,0,0,0,0,0,0,0,0,0,0,0,0,1,0,0,0,0,0,0,1,1,0,0,0,0,0,0
5,1.0,0.833333015,6.0,P474304,4,28.0,0.7210570543488701,0,0,1,0,0,0,0,0,0,0,0,0,0,0,0,0,0,1,0,1,0,0,0,0,0,0,1,0,0,0
1,0.0,1.0,6.0,P474304,4,28.0,1.0,0,1,0,0,0,0,0,0,0,0,0,0,0,0,0,1,0,0,0,1,0,0,0,0,1,0,0,0,0,0
1,0.0,0.75,4.0,P474304,4,28.0,0.6666666666666667,0,0,0,0,0,0,0,1,0,0,0,0,0,0,0,1,0,0,0,1,0,0,0,0,0,0,1,0,0,0
1,0.0,0.699999988,10.0,P474304,4,28.0,0.6,0,0,0,0,0,0,1,0,0,0,0,0,0,0,1,0,0,0,0,0,0,1,0,0,0,0,0,0,0,1
5,1.0,0.846153975,13.0,P474304,4,28.0,0.6934264036172708,0,0,0,0,0,1,0,0,0,0,0,0,0,0,0,1,0,0,0,0,1,0,0,0,0,1,0,0,0,0
1,0.0,0.600000024,5.0,P442003,111,25.0,0.5578858913022596,0,0,0,0,1,0,0,0,0,0,0,0,0,0,0,1,0,0,0,0,0,0,1,0,1,0,0,0,0,0
3,0.0,0.800000012,5.0,P453227,66,33.0,0.6989700043360187,0,0,0,0,1,0,0,0,0,0,0,0,0,0,0,1,0,0,0,1,0,0,0,0,0,1,0,0,0,0
5,1.0,1.0,18.0,P453227,66,33.0,1.0,0,0,0,0,0,0,0,0,0,0,0,0,1,0,0,1,0,0,0,1,0,0,0,0,1,0,0,0,0,0
1,0.0,0.333332986,9.0,P453227,66,33.0,0.4160291953530189,0,0,0,0,0,1,0,0,0,0,0,0,0,0,1,0,0,0,0,0,0,1,0,1,0,0,0,0,0,0
2,0.0,1.0,27.0,P463353,94,44.0,1.0,0,0,1,0,0,0,0,0,0,0,0,0,0,0,0,0,0,1,0,1,0,0,0,0,0,1,0,0,0,0
3,1.0,1.0,5.0,P463353,94,44.0,1.0,0,0,0,1,0,0,0,0,0,0,0,0,0,0,0,1,0,0,0,1,0,0,0,0,1,0,0,0,0,0
1,0.0,0.944444001,18.0,P463353,94,44.0,0.8065735963827292,0,0,0,0,1,0,0,0,0,0,0,0,0,0,0,0,0,1,0,0,0,1,0,0,0,1,0,0,0,0
1,0.0,0.972221971,36.0,P463353,94,44.0,0.8379234756068777,0,0,0,0,1,0,0,0,0,0,0,0,0,0,1,0,0,0,0,0,0,1,0,0,0,0,0,0,0,1
1,0.0,1.0,11.0,P463353,94,44.0,1.0,0,0,0,1,0,0,0,0,0,0,0,0,0,0,1,0,0,0,0,0,1,0,0,0,0,0,1,0,0,0
1,0.0,0.93333298,15.0,P463353,94,44.0,0.7962049529094938,0,0,0,0,1,0,0,0,0,0,0,0,0,0,0,0,0,1,0,1,0,0,0,0,0,0,1,0,0,0
1,0.0,1.0,10.0,P463353,94,44.0,1.0,0,0,0,0,0,1,0,0,0,0,0,0,0,0,0,1,0,0,0,1,0,0,0,0,0,0,1,0,0,0
3,1.0,1.0,4.0,P463353,94,44.0,1.0,0,0,0,0,0,1,0,0,0,0,0,0,0,0,0,1,0,0,0,0,0,1,0,0,0,0,1,0,0,0
5,1.0,0.733332992,15.0,P463353,94,44.0,0.6069119518459337,0,0,0,0,0,1,0,0,0,0,0,0,0,0,1,0,0,0,0,1,0,0,0,0,0,1,0,0,0,0
1,0.0,0.083333299,12.0,P459133,66,16.0,0.2181042919855315,0,0,0,0,0,0,0,0,0,0,0,0,1,0,0,1,0,0,0,1,0,0,0,0,1,0,0,0,0,0
5,1.0,0.800000012,5.0,P459133,66,16.0,0.6989700043360187,0,0,0,0,1,0,0,0,0,0,0,0,0,0,0,1,0,0,0,0,1,0,0,0,0,1,0,0,0,0
2,0.0,0.823529005,17.0,P459133,66,16.0,0.6614123848024371,0,0,0,0,0,1,0,0,0,0,0,0,0,0,0,1,0,0,0,1,0,0,0,0,0,0,1,0,0,0
5,1.0,1.0,6.0,P459133,66,16.0,1.0,0,0,0,0,1,0,0,0,0,0,0,0,0,0,0,0,0,0,1,0,0,1,0,0,0,0,1,0,0,0
5,1.0,0.75,4.0,P459133,66,16.0,0.6666666666666667,0,0,1,0,0,0,0,0,0,0,0,0,0,0,1,0,0,0,0,1,0,0,0,0,0,0,1,0,0,0
3,1.0,0.5,4.0,P459133,66,16.0,0.5,0,0,1,0,0,0,0,0,0,0,0,0,0,0,1,0,0,0,0,1,0,0,0,0,0,0,1,0,0,0
5,1.0,1.0,7.0,P459133,66,16.0,1.0,0,0,1,0,0,0,0,0,0,0,0,0,0,0,0,0,0,0,1,1,0,0,0,0,0,1,0,0,0,0
5,1.0,0.75,4.0,P459133,66,16.0,0.6666666666666667,0,0,1,0,0,0,0,0,0,0,0,0,0,0,1,0,0,0,0,1,0,0,0,0,0,1,0,0,0,0
2,0.0,0.0,5.0,P459133,66,16.0,0.0,0,0,0,1,0,0,0,0,0,0,0,0,0,0,0,0,0,1,0,0,0,1,0,0,0,0,1,0,0,0
4,1.0,1.0,28.0,P459133,66,16.0,1.0,0,0,1,0,0,0,0,0,0,0,0,0,0,0,0,0,0,0,1,1,0,0,0,0,0,1,0,0,0,0
5,1.0,0.75,8.0,P483076,93,22.0,0.6391511932854698,0,0,0,0,0,0,0,1,0,0,0,0,0,0,1,0,0,0,0,1,0,0,0,0,1,0,0,0,0,0
4,1.0,1.0,12.0,P422002,48,45.0,1.0,0,0,0,0,1,0,0,0,0,0,0,0,0,0,0,1,0,0,0,1,0,0,0,0,0,1,0,0,0,0
5,1.0,1.0,6.0,P422002,48,45.0,1.0,0,0,1,0,0,0,0,0,0,0,0,0,0,0,0,1,0,0,0,0,0,0,1,0,0,0,1,0,0,0
5,1.0,0.777778029,9.0,P422002,48,45.0,0.6543128759565946,0,0,1,0,0,0,0,0,0,0,0,0,0,0,1,0,0,0,0,0,0,0,1,0,0,1,0,0,0,0
5,1.0,1.0,6.0,P422002,48,45.0,1.0,0,0,1,0,0,0,0,0,0,0,0,0,0,0,0,1,0,0,0,1,0,0,0,0,0,1,0,0,0,0
1,0.0,0.866666973,15.0,P422002,48,45.0,0.7060702520912807,0,0,1,0,0,0,0,0,0,0,0,0,0,0,0,0,0,1,0,0,1,0,0,0,0,1,0,0,0,0
5,1.0,1.0,6.0,P422002,48,45.0,1.0,0,0,0,0,1,0,0,0,0,0,0,0,0,0,1,0,0,0,0,0,1,0,0,0,0,1,0,0,0,0
1,0.0,0.800000012,5.0,P434546,66,60.0,0.6989700043360187,0,0,0,0,0,1,0,0,0,0,0,0,0,0,0,1,0,0,0,1,0,0,0,0,0,0,1,0,0,0
2,0.0,0.777778029,9.0,P434546,66,60.0,0.6543128759565946,0,0,0,0,0,0,0,1,0,0,0,0,0,0,0,1,0,0,0,1,0,0,0,0,0,0,1,0,0,0
4,1.0,1.0,4.0,P434546,66,60.0,1.0,0,0,0,0,0,1,0,0,0,0,0,0,0,0,1,0,0,0,0,1,0,0,0,0,0,0,1,0,0,0
1,0.0,0.625,8.0,P434546,66,60.0,0.5637914160289369,0,0,0,0,0,1,0,0,0,0,0,0,0,0,0,0,0,1,0,1,0,0,0,0,0,0,1,0,0,0
1,0.0,0.818181992,11.0,P434546,66,60.0,0.6769924925288455,0,0,0,1,0,0,0,0,0,0,0,0,0,0,0,0,0,1,0,0,0,1,0,0,0,0,1,0,0,0
2,0.0,0.5,10.0,P434546,66,60.0,0.5,0,0,0,0,0,0,0,0,0,0,0,0,1,0,0,1,0,0,0,1,0,0,0,0,1,0,0,0,0,0
2,0.0,0.800000012,10.0,P434546,66,60.0,0.6666666666666666,0,0,0,0,1,0,0,0,0,0,0,0,0,0,0,0,0,1,0,1,0,0,0,0,0,1,0,0,0,0
5,1.0,0.857142985,35.0,P434546,66,60.0,0.6571285251462631,0,0,0,0,1,0,0,0,0,0,0,0,0,0,1,0,0,0,0,1,0,0,0,0,0,0,1,0,0,0
5,1.0,0.5,4.0,P474060,48,25.0,0.5,0,0,0,0,0,0,0,1,0,0,0,0,0,0,0,1,0,0,0,0,0,0,1,0,0,0,1,0,0,0
5,1.0,1.0,5.0,P474060,48,25.0,1.0,0,0,0,1,0,0,0,0,0,0,0,0,0,0,0,0,0,1,0,1,0,0,0,0,0,0,1,0,0,0
5,1.0,0.75,12.0,P474060,48,25.0,0.6241963505817848,0,0,0,0,0,1,0,0,0,0,0,0,0,0,1,0,0,0,0,1,0,0,0,0,0,1,0,0,0,0
5,1.0,1.0,5.0,P474060,48,25.0,1.0,0,0,0,0,1,0,0,0,0,0,0,0,0,0,0,1,0,0,0,0,0,1,0,0,1,0,0,0,0,0
2,0.0,0.5,6.0,P474060,48,25.0,0.5,0,0,1,0,0,0,0,0,0,0,0,0,0,0,0,0,0,0,1,1,0,0,0,0,0,0,1,0,0,0
5,1.0,0.714286029,7.0,P474060,48,25.0,0.6199062332840658,0,0,0,0,0,1,0,0,0,0,0,0,0,0,0,1,0,0,0,1,0,0,0,0,0,1,0,0,0,0
5,1.0,0.125,8.0,P474060,48,25.0,0.2499999999999999,0,0,1,0,0,0,0,0,0,0,0,0,0,0,0,0,0,1,0,0,1,0,0,0,0,1,0,0,0,0
1,0.0,0.939393997,66.0,P474060,48,25.0,0.7202229309419618,0,0,1,0,0,0,0,0,0,0,0,0,0,0,1,0,0,0,0,1,0,0,0,0,1,0,0,0,0,0
2,0.0,1.0,5.0,P460723,78,6.0,1.0,0,0,0,0,0,1,0,0,0,0,0,0,0,0,1,0,0,0,0,0,1,0,0,0,0,1,0,0,0,0
1,0.0,1.0,7.0,P460723,78,6.0,1.0,0,0,0,0,1,0,0,0,0,0,0,0,0,0,0,1,0,0,0,1,0,0,0,0,0,0,1,0,0,0
1,0.0,1.0,5.0,P460723,78,6.0,1.0,0,0,0,0,1,0,0,0,0,0,0,0,0,0,0,1,0,0,0,1,0,0,0,0,0,0,1,0,0,0
1,0.0,1.0,10.0,P460723,78,6.0,1.0,0,0,0,0,1,0,0,0,0,0,0,0,0,0,0,0,0,1,0,1,0,0,0,0,0,1,0,0,0,0
4,1.0,0.916666985,12.0,P94812,11,39.0,0.7818957080144684,0,0,0,0,0,1,0,0,0,0,0,0,0,0,0,0,0,1,0,1,0,0,0,0,0,0,1,0,0,0
5,1.0,0.863636017,22.0,P479304,4,68.0,0.6836408181204355,0,0,0,0,0,0,1,0,0,0,0,0,0,0,0,1,0,0,0,0,1,0,0,0,0,0,0,0,1,0
5,1.0,0.600000024,5.0,P479304,4,68.0,0.5578858913022596,0,0,0,0,1,0,0,0,0,0,0,0,0,0,0,0,0,0,1,1,0,0,0,0,1,0,0,0,0,0
2,0.0,0.333332986,9.0,P479304,4,68.0,0.4160291953530189,0,0,0,0,0,1,0,0,0,0,0,0,0,0,0,0,0,1,0,0,1,0,0,0,0,1,0,0,0,0
3,0.0,0.833333015,6.0,P479304,4,68.0,0.7210570543488701,0,0,1,0,0,0,0,0,0,0,0,0,0,0,0,1,0,0,0,0,1,0,0,0,0,0,1,0,0,0
4,1.0,0.923076987,13.0,P443841,99,10.99,0.7872539464466368,0,0,0,0,1,0,0,0,0,0,0,0,0,0,1,0,0,0,0,1,0,0,0,0,0,1,0,0,0,0
1,0.0,0.5,12.0,P443841,99,10.99,0.5,0,0,0,0,0,0,1,0,0,0,0,0,0,0,0,1,0,0,0,1,0,0,0,0,1,0,0,0,0,0
5,1.0,1.0,5.0,P443841,99,10.99,1.0,0,0,0,0,0,1,0,0,0,0,0,0,0,0,0,0,0,0,1,1,0,0,0,0,0,0,1,0,0,0
1,0.0,0.200000003,10.0,P443841,99,10.99,0.3333333333333332,0,0,0,0,0,0,1,0,0,0,0,0,0,0,0,1,0,0,0,0,0,0,1,0,0,0,1,0,0,0
4,1.0,0.833333015,6.0,P443841,99,10.99,0.7210570543488701,0,0,0,0,1,0,0,0,0,0,0,0,0,0,0,1,0,0,0,0,0,1,0,0,0,0,1,0,0,0
4,0.0,0.879999995,25.0,P443841,99,10.99,0.6934190226946438,0,0,0,0,1,0,0,0,0,0,0,0,0,0,1,0,0,0,0,1,0,0,0,0,0,1,0,0,0,0
5,1.0,1.0,10.0,P440075,93,85.0,1.0,0,0,0,0,1,0,0,0,0,0,0,0,0,0,0,1,0,0,0,1,0,0,0,1,0,0,0,0,0,0
1,0.0,0.5,12.0,P440075,93,85.0,0.5,0,0,0,0,0,0,1,0,0,0,0,0,0,0,0,1,0,0,0,0,1,0,0,0,1,0,0,0,0,0
5,1.0,0.866666973,15.0,P440075,93,85.0,0.7060702520912807,0,0,0,0,1,0,0,0,0,0,0,0,0,0,0,1,0,0,0,1,0,0,0,0,0,0,1,0,0,0
5,1.0,0.888889015,18.0,P440075,93,85.0,0.7205846872952778,0,0,1,0,0,0,0,0,0,0,0,0,0,0,0,1,0,0,0,1,0,0,0,0,0,0,1,0,0,0
3,0.0,0.300000012,20.0,P440075,93,85.0,0.4181191936861794,0,0,0,0,1,0,0,0,0,0,0,0,0,0,1,0,0,0,0,1,0,0,0,0,0,1,0,0,0,0
5,1.0,0.944444001,36.0,P440075,93,85.0,0.7639403419861699,0,0,1,0,0,0,0,0,0,0,0,0,0,0,0,0,0,1,0,1,0,0,0,0,0,1,0,0,0,0
5,1.0,1.0,11.0,P440075,93,85.0,1.0,0,0,0,0,0,0,1,0,0,0,0,0,0,0,0,1,0,0,0,1,0,0,0,0,1,0,0,0,0,0
5,1.0,0.400000006,15.0,P440075,93,85.0,0.4580233796182054,0,0,1,0,0,0,0,0,0,0,0,0,0,0,0,0,0,0,1,1,0,0,0,0,0,1,0,0,0,0
3,0.0,1.0,4.0,P440075,93,85.0,1.0,0,0,1,0,0,0,0,0,0,0,0,0,0,0,0,1,0,0,0,1,0,0,0,0,0,1,0,0,0,0
1,0.0,0.217390999,23.0,P440075,93,85.0,0.3783117385707172,0,0,0,0,1,0,0,0,0,0,0,0,0,0,1,0,0,0,0,0,0,1,0,0,0,1,0,0,0,0
3,0.0,0.714286029,7.0,P440075,93,85.0,0.6199062332840658,0,0,0,0,1,0,0,0,0,0,0,0,0,0,0,1,0,0,0,1,0,0,0,0,0,0,1,0,0,0
5,1.0,0.888889015,9.0,P440075,93,85.0,0.7601875334318686,0,0,0,0,1,0,0,0,0,0,0,0,0,0,0,0,0,1,0,0,1,0,0,0,0,1,0,0,0,0
5,1.0,0.906976998,43.0,P440075,93,85.0,0.6962360309717192,0,0,0,0,0,1,0,0,0,0,0,0,0,0,0,0,0,1,0,0,1,0,0,0,0,0,1,0,0,0
5,1.0,0.5,10.0,P440075,93,85.0,0.5,0,0,0,0,1,0,0,0,0,0,0,0,0,0,0,1,0,0,0,1,0,0,0,0,0,0,1,0,0,0
5,1.0,1.0,4.0,P500857,61,45.0,1.0,0,0,0,0,1,0,0,0,0,0,0,0,0,0,0,1,0,0,0,1,0,0,0,0,0,0,1,0,0,0
1,0.0,0.600000024,5.0,P407450,89,34.0,0.5578858913022596,0,0,0,0,1,0,0,0,0,0,0,0,0,0,0,0,0,1,0,0,0,0,1,0,0,0,1,0,0,0
2,0.0,0.875,8.0,P407450,89,34.0,0.75,0,0,1,0,0,0,0,0,0,0,0,0,0,0,0,1,0,0,0,0,1,0,0,0,0,0,1,0,0,0
5,1.0,1.0,5.0,P407450,89,34.0,1.0,0,0,0,0,1,0,0,0,0,0,0,0,0,0,0,1,0,0,0,1,0,0,0,0,0,0,1,0,0,0
5,1.0,1.0,8.0,P407450,89,34.0,1.0,0,0,0,0,1,0,0,0,0,0,0,0,0,0,0,0,0,0,1,0,0,0,1,0,0,0,1,0,0,0
5,1.0,1.0,4.0,P407450,89,34.0,1.0,0,0,0,0,1,0,0,0,0,0,0,0,0,0,0,1,0,0,0,1,0,0,0,0,0,0,1,0,0,0
5,1.0,0.927927971,111.0,P407450,89,34.0,0.6788441874743505,0,0,0,0,1,0,0,0,0,0,0,0,0,0,0,1,0,0,0,1,0,0,0,0,0,0,1,0,0,0
1,1.0,0.791666985,24.0,P407450,89,34.0,0.6257415019191551,0,0,0,0,1,0,0,0,0,0,0,0,0,0,0,1,0,0,0,0,0,1,0,0,0,0,1,0,0,0
5,1.0,1.0,6.0,P407450,89,34.0,1.0,0,0,0,0,1,0,0,0,0,0,0,0,0,0,0,1,0,0,0,0,0,0,1,0,0,0,1,0,0,0
5,1.0,1.0,7.0,P407450,89,34.0,1.0,0,0,0,0,1,0,0,0,0,0,0,0,0,0,0,1,0,0,0,0,0,1,0,0,0,0,1,0,0,0
5,1.0,0.5,10.0,P472472,48,60.0,0.5,0,0,0,0,1,0,0,0,0,0,0,0,0,0,1,0,0,0,0,0,0,1,0,0,0,0,1,0,0,0
5,1.0,1.0,8.0,P472472,48,60.0,1.0,0,0,0,0,0,0,1,0,0,0,0,0,0,0,0,1,0,0,0,1,0,0,0,0,0,0,1,0,0,0
5,1.0,0.888889015,9.0,P472472,48,60.0,0.7601875334318686,0,0,0,0,0,0,0,0,0,0,0,0,1,0,0,1,0,0,0,0,0,0,1,0,1,0,0,0,0,0
2,0.0,0.529411972,17.0,P459127,20,50.0,0.5117072191244583,0,0,0,0,0,1,0,0,0,0,0,0,0,0,0,1,0,0,0,0,0,0,1,0,0,0,1,0,0,0
1,0.0,1.0,34.0,P459127,20,50.0,1.0,0,0,0,0,1,0,0,0,0,0,0,0,0,0,1,0,0,0,0,1,0,0,0,0,0,1,0,0,0,0
1,0.0,0.0,4.0,P7365,61,50.0,0.0,0,0,0,0,1,0,0,0,0,0,0,0,0,0,0,0,0,0,1,0,0,0,1,0,0,0,1,0,0,0
5,1.0,1.0,4.0,P7365,61,50.0,1.0,0,0,0,0,1,0,0,0,0,0,0,0,0,0,0,0,0,1,0,1,0,0,0,0,1,0,0,0,0,0
5,1.0,1.0,7.0,P7365,61,50.0,1.0,0,0,0,0,1,0,0,0,0,0,0,0,0,0,0,0,0,1,0,1,0,0,0,0,1,0,0,0,0,0
5,1.0,1.0,16.0,P7365,61,50.0,1.0,0,0,0,0,1,0,0,0,0,0,0,0,0,0,0,0,0,1,0,1,0,0,0,0,1,0,0,0,0,0
5,1.0,0.166666999,6.0,P7365,61,50.0,0.2789429456511298,0,0,0,0,1,0,0,0,0,0,0,0,0,0,0,0,0,1,0,1,0,0,0,0,1,0,0,0,0,0
4,1.0,0.0,4.0,P7365,61,50.0,0.0,0,0,0,0,0,0,0,0,0,0,0,0,1,0,0,0,0,1,0,1,0,0,0,0,1,0,0,0,0,0
4,1.0,1.0,6.0,P450614,99,15.99,1.0,0,0,0,0,0,1,0,0,0,0,0,0,0,0,0,1,0,0,0,0,1,0,0,0,1,0,0,0,0,0
5,1.0,0.875,8.0,P450614,99,15.99,0.75,0,0,0,0,0,1,0,0,0,0,0,0,0,0,0,1,0,0,0,0,0,0,1,0,1,0,0,0,0,0
3,0.0,0.875,16.0,P450614,99,15.99,0.7113975059201018,0,0,0,0,0,1,0,0,0,0,0,0,0,0,0,1,0,0,0,1,0,0,0,0,1,0,0,0,0,0
1,0.0,0.649999976,20.0,P450614,99,15.99,0.5593001930486659,0,0,0,0,0,1,0,0,0,0,0,0,0,0,0,0,0,0,1,1,0,0,0,0,0,0,1,0,0,0
5,1.0,0.6875,16.0,P450614,99,15.99,0.5810382621965612,0,0,0,0,0,0,0,0,0,0,0,0,1,0,0,1,0,0,0,1,0,0,0,0,1,0,0,0,0,0
5,1.0,0.833333015,24.0,P450614,99,15.99,0.6541788517000094,0,0,0,0,0,0,1,0,0,0,0,0,0,0,0,1,0,0,0,0,0,0,1,0,1,0,0,0,0,0
1,0.0,0.666666985,12.0,P450614,99,15.99,0.5772049881597967,0,0,0,0,0,1,0,0,0,0,0,0,0,0,0,1,0,0,0,1,0,0,0,0,0,0,1,0,0,0
5,1.0,1.0,14.0,P450614,99,15.99,1.0,0,0,0,0,0,1,0,0,0,0,0,0,0,0,0,1,0,0,0,1,0,0,0,0,1,0,0,0,0,0
5,1.0,0.932796001,113.72000000000116,P450614,99,15.99,0.642372162356345,0,0,0,0,0,1,0,0,0,0,0,0,0,0,0,0,0,0,1,0,0,1,0,0,0,0,1,0,0,0
3,0.0,0.0,45.0,P450614,99,15.99,0.0,0,1,0,0,0,0,0,0,0,0,0,0,0,0,0,1,0,0,0,0,1,0,0,0,0,0,1,0,0,0
3,1.0,0.666666985,6.0,P450614,99,15.99,0.5943161289177871,0,0,0,0,1,0,0,0,0,0,0,0,0,0,0,1,0,0,0,1,0,0,0,0,0,1,0,0,0,0
1,0.0,0.96875,32.0,P450614,99,15.99,0.8333333333333334,0,0,0,0,0,0,0,1,0,0,0,0,0,0,0,1,0,0,0,1,0,0,0,0,0,0,1,0,0,0
3,1.0,0.782608986,23.0,P476843,10,70.0,0.6216882614292828,0,0,0,0,1,0,0,0,0,0,0,0,0,0,0,0,0,0,1,0,1,0,0,0,1,0,0,0,0,0
5,1.0,0.857142985,14.0,P456414,46,52.0,0.7001245250427999,0,0,1,0,0,0,0,0,0,0,0,0,0,0,1,0,0,0,0,0,1,0,0,1,0,0,0,0,0,0
5,1.0,1.0,26.0,P456414,46,52.0,1.0,0,0,0,1,0,0,0,0,0,0,0,0,0,0,0,1,0,0,0,0,0,0,1,0,0,0,1,0,0,0
5,1.0,0.875,8.0,P456414,46,52.0,0.75,0,0,0,0,1,0,0,0,0,0,0,0,0,0,0,1,0,0,0,0,1,0,0,0,0,1,0,0,0,0
5,1.0,0.833333015,6.0,P311143,0,28.0,0.7210570543488701,0,0,0,0,0,1,0,0,0,0,0,0,0,0,0,0,0,0,1,1,0,0,0,0,1,0,0,0,0,0
5,1.0,1.0,12.0,P311143,0,28.0,1.0,0,0,1,0,0,0,0,0,0,0,0,0,0,0,0,0,0,0,1,1,0,0,0,0,0,0,1,0,0,0
3,1.0,0.600000024,5.0,P311143,0,28.0,0.5578858913022596,0,0,1,0,0,0,0,0,0,0,0,0,0,0,0,1,0,0,0,0,0,0,1,0,0,0,0,0,0,1
3,1.0,0.555555999,9.0,P311143,0,28.0,0.5268025545616606,0,0,1,0,0,0,0,0,0,0,0,0,0,0,0,0,0,0,1,1,0,0,0,0,0,0,1,0,0,0
1,1.0,0.444444001,18.0,P311143,0,28.0,0.4781648028770922,0,0,1,0,0,0,0,0,0,0,0,0,0,0,0,0,0,0,1,1,0,0,0,0,0,0,1,0,0,0
5,1.0,1.0,4.0,P311143,0,28.0,1.0,0,0,1,0,0,0,0,0,0,0,0,0,0,0,0,0,0,0,1,0,1,0,0,0,0,0,1,0,0,0
5,1.0,1.0,14.0,P311143,0,28.0,1.0,0,0,1,0,0,0,0,0,0,0,0,0,0,0,0,0,0,0,1,0,1,0,0,0,0,0,1,0,0,0
4,1.0,0.857142985,21.0,P442743,72,95.0,0.6798938534903572,0,0,1,0,0,0,0,0,0,0,0,0,0,0,0,0,0,1,0,0,1,0,0,0,0,1,0,0,0,0
4,1.0,0.800000012,5.0,P391802,17,89.0,0.6989700043360187,0,0,0,0,0,0,1,0,0,0,0,0,0,0,0,1,0,0,0,1,0,0,0,0,0,0,1,0,0,0
5,1.0,0.956521988,23.0,P391802,17,89.0,0.8189574032199598,0,0,1,0,0,0,0,0,0,0,0,0,0,0,0,0,0,1,0,1,0,0,0,0,0,0,0,0,0,1
5,1.0,0.857142985,14.0,P391802,17,89.0,0.7001245250427999,0,0,1,0,0,0,0,0,0,0,0,0,0,0,0,1,0,0,0,0,0,1,0,0,0,0,1,0,0,0
4,1.0,0.941175997,17.0,P391802,17,89.0,0.8034383677671774,0,0,1,0,0,0,0,0,0,0,0,0,0,0,0,1,0,0,0,1,0,0,0,0,0,0,1,0,0,0
1,1.0,0.857142985,7.0,P391802,17,89.0,0.7373504649628064,0,0,1,0,0,0,0,0,0,0,0,0,0,0,0,1,0,0,0,1,0,0,0,0,0,0,1,0,0,0
4,1.0,1.0,11.0,P391802,17,89.0,1.0,0,0,1,0,0,0,0,0,0,0,0,0,0,0,0,1,0,0,0,1,0,0,0,0,0,0,1,0,0,0
5,1.0,1.0,6.0,P391802,17,89.0,1.0,0,0,1,0,0,0,0,0,0,0,0,0,0,0,0,1,0,0,0,1,0,0,0,0,0,0,1,0,0,0
4,1.0,0.75,4.0,P391802,17,89.0,0.6666666666666667,0,0,1,0,0,0,0,0,0,0,0,0,0,0,0,1,0,0,0,0,1,0,0,0,0,0,1,0,0,0
3,1.0,0.75,4.0,P391802,17,89.0,0.6666666666666667,0,0,1,0,0,0,0,0,0,0,0,0,0,0,0,1,0,0,0,1,0,0,0,0,0,0,1,0,0,0
1,1.0,0.272727013,11.0,P391802,17,89.0,0.3868528072345414,0,0,1,0,0,0,0,0,0,0,0,0,0,0,0,1,0,0,0,1,0,0,0,0,0,0,1,0,0,0
5,1.0,0.666666985,9.0,P391802,17,89.0,0.583970804646981,0,0,1,0,0,0,0,0,0,0,0,0,0,0,0,1,0,0,0,1,0,0,0,0,0,0,1,0,0,0
1,1.0,1.0,37.0,P391802,17,89.0,1.0,0,0,1,0,0,0,0,0,0,0,0,0,0,0,0,1,0,0,0,1,0,0,0,0,0,0,1,0,0,0
5,1.0,0.73913002,23.0,P391802,17,89.0,0.5976433577500229,0,0,1,0,0,0,0,0,0,0,0,0,0,0,0,1,0,0,0,1,0,0,0,0,0,0,1,0,0,0
5,1.0,0.0,4.0,P501187,104,28.0,0.0,0,0,0,0,0,1,0,0,0,0,0,0,0,0,0,0,0,0,1,0,0,1,0,0,0,1,0,0,0,0
5,1.0,1.0,7.0,P415620,75,52.0,1.0,0,0,1,0,0,0,0,0,0,0,0,0,0,0,1,0,0,0,0,1,0,0,0,1,0,0,0,0,0,0
1,0.0,0.777778029,9.0,P415620,75,52.0,0.6543128759565946,0,0,0,0,1,0,0,0,0,0,0,0,0,0,1,0,0,0,0,0,1,0,0,0,0,0,0,0,0,1
5,1.0,1.0,5.0,P415620,75,52.0,1.0,0,0,0,0,0,0,0,0,0,0,0,0,1,0,0,1,0,0,0,0,0,1,0,0,1,0,0,0,0,0
5,1.0,0.928570986,14.0,P415620,75,52.0,0.7919854023234905,0,0,1,0,0,0,0,0,0,0,0,0,0,0,0,1,0,0,0,1,0,0,0,0,1,0,0,0,0,0
5,0.0,0.5,8.0,P432049,59,49.0,0.5,0,0,0,0,1,0,0,0,0,0,0,0,0,0,1,0,0,0,0,0,0,1,0,0,0,1,0,0,0,0
5,1.0,1.0,5.0,P432049,59,49.0,1.0,0,0,0,0,0,1,0,0,0,0,0,0,0,0,0,0,0,0,1,1,0,0,0,0,0,0,1,0,0,0
5,1.0,0.0,8.0,P432049,59,49.0,0.0,0,0,0,1,0,0,0,0,0,0,0,0,0,0,1,0,0,0,0,0,1,0,0,0,0,1,0,0,0,0
5,1.0,0.923076987,13.0,P432049,59,49.0,0.7872539464466368,0,0,0,0,1,0,0,0,0,0,0,0,0,0,0,0,0,0,1,1,0,0,0,0,0,0,1,0,0,0
5,1.0,0.818181992,11.0,P432049,59,49.0,0.6769924925288455,0,0,0,0,0,1,0,0,0,0,0,0,0,0,0,1,0,0,0,0,0,0,1,0,0,1,0,0,0,0
5,1.0,1.0,5.0,P432049,59,49.0,1.0,0,0,0,0,1,0,0,0,0,0,0,0,0,0,0,1,0,0,0,0,0,1,0,0,0,0,1,0,0,0
3,0.0,0.96825403,63.0,P432049,59,49.0,0.7897693177140788,0,0,1,0,0,0,0,0,0,0,0,0,0,0,0,0,0,1,0,1,0,0,0,0,0,0,1,0,0,0
5,1.0,0.923076987,13.0,P432049,59,49.0,0.7872539464466368,0,0,0,0,0,1,0,0,0,0,0,0,0,0,0,1,0,0,0,1,0,0,0,0,0,0,1,0,0,0
1,0.0,0.608695984,23.0,P454086,19,29.0,0.5404604490558215,0,0,0,0,1,0,0,0,0,0,0,0,0,0,0,1,0,0,0,0,0,0,1,0,0,0,1,0,0,0
5,1.0,0.875,8.0,P384537,0,112.0,0.75,0,0,0,1,0,0,0,0,0,0,0,0,0,0,0,0,0,1,0,0,1,0,0,1,0,0,0,0,0,0
1,1.0,0.384615004,13.0,P384537,0,112.0,0.4491768952476266,0,0,0,0,0,0,0,1,0,0,0,0,0,0,0,1,0,0,0,0,1,0,0,0,0,0,1,0,0,0
4,1.0,0.600000024,5.0,P384537,0,112.0,0.5578858913022596,0,0,0,0,0,0,0,1,0,0,0,0,0,0,0,1,0,0,0,1,0,0,0,0,0,0,1,0,0,0
5,1.0,0.90476203,21.0,P384537,0,112.0,0.7316756633516291,0,0,0,0,0,0,0,1,0,0,0,0,0,0,0,1,0,0,0,0,1,0,0,0,0,0,1,0,0,0
5,1.0,1.0,14.0,P384537,0,112.0,1.0,0,0,0,0,0,0,0,1,0,0,0,0,0,0,0,1,0,0,0,0,1,0,0,0,0,0,1,0,0,0
5,1.0,1.0,4.0,P384537,0,112.0,1.0,0,0,0,0,0,0,0,1,0,0,0,0,0,0,0,1,0,0,0,0,1,0,0,0,0,0,1,0,0,0
3,1.0,0.5,16.0,P384537,0,112.0,0.5,0,0,0,0,0,0,0,1,0,0,0,0,0,0,0,1,0,0,0,0,1,0,0,0,0,0,1,0,0,0
1,0.0,0.571429014,7.0,P472453,9,45.0,0.5372435736804816,0,0,0,0,0,1,0,0,0,0,0,0,0,0,0,1,0,0,0,1,0,0,0,0,0,0,1,0,0,0
1,0.0,0.428570986,7.0,P472453,9,45.0,0.4627564263195183,0,0,1,0,0,0,0,0,0,0,0,0,0,0,0,1,0,0,0,1,0,0,0,0,1,0,0,0,0,0
1,0.0,0.93333298,15.0,P472453,9,45.0,0.7962049529094938,0,0,1,0,0,0,0,0,0,0,0,0,0,0,1,0,0,0,0,1,0,0,0,0,0,1,0,0,0,0
2,0.0,0.75,16.0,P472453,9,45.0,0.6144493051612967,0,0,1,0,0,0,0,0,0,0,0,0,0,0,0,0,0,1,0,0,1,0,0,0,0,1,0,0,0,0
5,1.0,0.855556011,90.0,P472453,9,45.0,0.6227636443741277,0,0,0,0,1,0,0,0,0,0,0,0,0,0,0,0,0,1,0,0,0,0,1,0,0,0,0,1,0,0
5,1.0,0.600000024,5.0,P442754,101,12.2,0.5578858913022596,0,0,1,0,0,0,0,0,0,0,0,0,0,0,0,1,0,0,0,1,0,0,0,0,0,0,1,0,0,0
1,0.0,0.75,8.0,P442754,101,12.2,0.6391511932854698,0,0,0,0,1,0,0,0,0,0,0,0,0,0,0,1,0,0,0,0,1,0,0,0,0,0,1,0,0,0
2,0.0,0.923076987,13.0,P442754,101,12.2,0.7872539464466368,0,0,0,0,0,0,0,0,0,0,0,0,1,0,0,1,0,0,0,0,1,0,0,0,1,0,0,0,0,0
2,0.0,0.380952001,21.0,P442754,101,12.2,0.4543210299999297,0,0,1,0,0,0,0,0,0,0,0,0,0,0,0,0,0,1,0,0,0,0,1,0,1,0,0,0,0,0
5,1.0,0.600000024,5.0,P442754,101,12.2,0.5578858913022596,0,0,0,0,0,1,0,0,0,0,0,0,0,0,0,1,0,0,0,1,0,0,0,0,0,0,1,0,0,0
2,0.0,0.923076987,13.0,P442754,101,12.2,0.7872539464466368,0,0,1,0,0,0,0,0,0,0,0,0,0,0,0,0,0,0,1,0,1,0,0,0,0,1,0,0,0,0
5,1.0,0.875,24.0,P442754,101,12.2,0.6903752345284636,0,0,0,0,0,1,0,0,0,0,0,0,0,0,0,1,0,0,0,1,0,0,0,0,0,0,1,0,0,0
4,1.0,0.833333015,6.0,P442754,101,12.2,0.7210570543488701,0,0,1,0,0,0,0,0,0,0,0,0,0,0,0,0,0,0,1,1,0,0,0,0,0,0,1,0,0,0
4,1.0,0.952381015,42.0,P442754,101,12.2,0.7717019533049274,0,0,0,0,0,0,1,0,0,0,0,0,0,0,0,1,0,0,0,1,0,0,0,0,0,0,1,0,0,0
1,0.0,0.172414005,58.0,P442754,101,12.2,0.3812406532163463,0,0,0,0,0,0,1,0,0,0,0,0,0,0,0,1,0,0,0,1,0,0,0,0,0,0,1,0,0,0
5,1.0,0.850000024,20.0,P442754,101,12.2,0.6758469512137554,0,0,0,0,1,0,0,0,0,0,0,0,0,0,0,1,0,0,0,0,0,0,1,0,0,0,1,0,0,0
3,0.0,0.59375,32.0,P442754,101,12.2,0.5316493577451519,0,0,1,0,0,0,0,0,0,0,0,0,0,0,0,0,0,1,0,1,0,0,0,0,0,0,1,0,0,0
2,0.0,0.722221971,18.0,P442754,101,12.2,0.5956141834399917,0,0,0,0,1,0,0,0,0,0,0,0,0,1,0,0,0,0,0,0,0,0,1,0,0,0,1,0,0,0
2,0.0,0.100000001,20.0,P442754,101,12.2,0.2717285079732675,0,0,1,0,0,0,0,0,0,0,0,0,0,0,0,0,0,0,1,1,0,0,0,0,0,0,1,0,0,0
1,0.0,0.0,5.0,P429953,94,26.0,0.0,0,0,1,0,0,0,0,0,0,0,0,0,0,0,0,1,0,0,0,1,0,0,0,0,0,0,1,0,0,0
5,1.0,1.0,5.0,P429953,94,26.0,1.0,0,0,0,0,0,1,0,0,0,0,0,0,0,0,0,1,0,0,0,1,0,0,0,0,1,0,0,0,0,0
5,1.0,0.899999976,10.0,P429953,94,26.0,0.7686217868402409,0,0,1,0,0,0,0,0,0,0,0,0,0,0,0,1,0,0,0,0,1,0,0,1,0,0,0,0,0,0
1,0.0,0.083333299,12.0,P429953,94,26.0,0.2181042919855315,0,0,0,0,1,0,0,0,0,0,0,0,0,0,0,1,0,0,0,1,0,0,0,0,0,0,1,0,0,0
4,1.0,0.666666985,6.0,P429953,94,26.0,0.5943161289177871,0,0,1,0,0,0,0,0,0,0,0,0,0,0,1,0,0,0,0,0,0,0,1,0,0,0,1,0,0,0
4,1.0,0.944444001,18.0,P429953,94,26.0,0.8065735963827292,0,0,0,0,0,1,0,0,0,0,0,0,0,0,0,1,0,0,0,1,0,0,0,0,1,0,0,0,0,0
2,0.0,0.600000024,20.0,P429953,94,26.0,0.5386089194935016,0,0,0,0,1,0,0,0,0,0,0,0,0,0,1,0,0,0,0,1,0,0,0,0,0,0,1,0,0,0
2,0.0,0.75,4.0,P471101,86,50.0,0.6666666666666667,0,0,0,0,0,1,0,0,0,0,0,0,0,0,0,1,0,0,0,1,0,0,0,0,0,0,1,0,0,0
2,0.0,0.444444001,9.0,P471101,86,50.0,0.4731974454383393,0,0,0,0,0,1,0,0,0,0,0,0,0,0,0,1,0,0,0,1,0,0,0,0,1,0,0,0,0,0
5,1.0,0.800000012,5.0,P297531,68,49.0,0.6989700043360187,0,0,0,0,0,1,0,0,0,0,0,0,0,0,1,0,0,0,0,0,1,0,0,0,0,0,1,0,0,0
5,1.0,0.800000012,5.0,P297531,68,49.0,0.6989700043360187,0,0,0,0,1,0,0,0,0,0,0,0,0,0,1,0,0,0,0,1,0,0,0,0,0,0,1,0,0,0
5,1.0,1.0,8.0,P297531,68,49.0,1.0,0,0,0,0,1,0,0,0,0,0,0,0,0,0,1,0,0,0,0,1,0,0,0,0,0,0,1,0,0,0
2,1.0,0.333332986,12.0,P297531,68,49.0,0.4227950118402033,0,0,0,0,1,0,0,0,0,0,0,0,0,0,1,0,0,0,0,1,0,0,0,0,0,0,1,0,0,0
5,1.0,0.899999976,10.0,P173619,84,70.0,0.7686217868402409,0,0,0,0,0,1,0,0,0,0,0,0,0,0,0,1,0,0,0,0,0,0,1,0,1,0,0,0,0,0
5,1.0,0.692308009,13.0,P173619,84,70.0,0.588591910067779,0,0,0,0,1,0,0,0,0,0,0,0,0,0,0,1,0,0,0,0,1,0,0,0,0,1,0,0,0,0
5,1.0,0.857142985,21.0,P173619,84,70.0,0.6798938534903572,0,0,0,0,1,0,0,0,0,0,0,0,0,0,0,0,0,0,1,1,0,0,0,1,0,0,0,0,0,0
5,1.0,1.0,5.0,P173619,84,70.0,1.0,0,0,1,0,0,0,0,0,0,0,0,0,0,0,0,1,0,0,0,1,0,0,0,0,1,0,0,0,0,0
4,1.0,0.800000012,5.0,P173619,84,70.0,0.6989700043360187,0,0,0,0,1,0,0,0,0,0,0,0,0,0,0,1,0,0,0,1,0,0,0,0,1,0,0,0,0,0
5,1.0,1.0,16.0,P173619,84,70.0,1.0,0,0,0,0,1,0,0,0,0,0,0,0,0,0,0,1,0,0,0,1,0,0,0,0,1,0,0,0,0,0
5,1.0,0.0,14.0,P173619,84,70.0,0.0,0,0,0,0,1,0,0,0,0,0,0,0,0,0,0,1,0,0,0,1,0,0,0,0,1,0,0,0,0,0
5,1.0,0.75,4.0,P173619,84,70.0,0.6666666666666667,0,0,0,0,1,0,0,0,0,0,0,0,0,0,0,1,0,0,0,1,0,0,0,0,1,0,0,0,0,0
5,1.0,0.875,8.0,P173619,84,70.0,0.75,0,0,0,0,1,0,0,0,0,0,0,0,0,0,0,1,0,0,0,1,0,0,0,0,1,0,0,0,0,0
5,1.0,0.909090996,11.0,P173619,84,70.0,0.7757561757824245,0,0,0,0,1,0,0,0,0,0,0,0,0,0,0,1,0,0,0,1,0,0,0,0,1,0,0,0,0,0
1,0.0,0.461537987,39.0,P454799,59,25.0,0.4878548649489798,0,0,0,0,0,1,0,0,0,0,0,0,0,1,0,0,0,0,0,0,0,0,1,0,1,0,0,0,0,0
4,1.0,0.0,5.0,P454799,59,25.0,0.0,0,0,0,0,1,0,0,0,0,0,0,0,0,0,0,1,0,0,0,1,0,0,0,0,0,0,1,0,0,0
5,1.0,1.0,16.0,P454799,59,25.0,1.0,0,0,0,0,1,0,0,0,0,0,0,0,0,0,0,0,0,1,0,1,0,0,0,0,0,0,1,0,0,0
1,0.0,0.600000024,5.0,P440504,92,54.0,0.5578858913022596,0,0,0,0,0,0,1,0,0,0,0,0,0,0,0,1,0,0,0,0,0,1,0,0,1,0,0,0,0,0
4,1.0,1.0,5.0,P440504,92,54.0,1.0,0,0,0,0,1,0,0,0,0,0,0,0,0,0,0,0,0,1,0,1,0,0,0,0,0,0,1,0,0,0
2,0.0,0.888889015,18.0,P440504,92,54.0,0.7205846872952778,0,0,0,0,0,1,0,0,0,0,0,0,0,0,0,1,0,0,0,1,0,0,0,0,0,0,1,0,0,0
5,1.0,0.777778029,9.0,P440504,92,54.0,0.6543128759565946,0,0,0,0,0,1,0,0,0,0,0,0,0,0,0,1,0,0,0,1,0,0,0,0,0,0,1,0,0,0
1,0.0,0.25,16.0,P470509,2,245.0,0.3855506948387032,0,0,0,0,1,0,0,0,0,0,0,0,0,0,0,1,0,0,0,0,1,0,0,0,0,0,1,0,0,0
3,0.0,0.899999976,20.0,P470509,2,245.0,0.7282714920267325,0,0,0,0,1,0,0,0,0,0,0,0,0,0,0,0,0,1,0,1,0,0,0,0,0,0,1,0,0,0
5,1.0,0.666666985,6.0,P470509,2,245.0,0.5943161289177871,0,0,0,0,1,0,0,0,0,0,0,0,0,0,0,0,0,0,1,0,1,0,0,0,0,1,0,0,0,0
3,0.0,0.705882013,17.0,P470509,2,245.0,0.5887355477484346,0,0,1,0,0,0,0,0,0,0,0,0,0,0,0,1,0,0,0,0,1,0,0,0,1,0,0,0,0,0
3,0.0,0.75,8.0,P470509,2,245.0,0.6391511932854698,0,0,1,0,0,0,0,0,0,0,0,0,0,0,1,0,0,0,0,1,0,0,0,0,0,0,1,0,0,0
5,1.0,0.866666973,15.0,P470509,2,245.0,0.7060702520912807,0,0,0,0,0,1,0,0,0,0,0,0,0,0,1,0,0,0,0,1,0,0,0,0,0,1,0,0,0,0
5,1.0,0.800000012,5.0,P433627,45,52.0,0.6989700043360187,0,0,0,0,1,0,0,0,0,0,0,0,0,0,0,1,0,0,0,1,0,0,0,0,1,0,0,0,0,0
1,0.0,1.0,15.0,P433627,45,52.0,1.0,0,0,0,0,0,1,0,0,0,0,0,0,0,0,0,1,0,0,0,0,0,1,0,0,1,0,0,0,0,0
4,1.0,0.857142985,7.0,P433627,45,52.0,0.7373504649628064,0,0,0,0,1,0,0,0,0,0,0,0,0,0,0,1,0,0,0,1,0,0,0,0,0,0,1,0,0,0
5,1.0,0.400000006,5.0,P433627,45,52.0,0.4421141086977403,0,0,0,0,0,1,0,0,0,0,0,0,0,0,0,1,0,0,0,0,1,0,0,0,1,0,0,0,0,0
2,0.0,1.0,8.0,P433627,45,52.0,1.0,0,1,0,0,0,0,0,0,0,0,0,0,0,0,0,1,0,0,0,0,0,0,1,0,1,0,0,0,0,0
3,1.0,0.5,4.0,P433627,45,52.0,0.5,0,0,0,0,0,0,0,1,0,0,0,0,0,0,0,1,0,0,0,1,0,0,0,0,1,0,0,0,0,0
4,1.0,0.833333015,6.0,P433627,45,52.0,0.7210570543488701,0,1,0,0,0,0,0,0,0,0,0,0,0,0,0,1,0,0,0,0,1,0,0,0,1,0,0,0,0,0
5,1.0,0.75,4.0,P461177,45,18.0,0.6666666666666667,0,0,0,0,1,0,0,0,0,0,0,0,0,0,0,0,0,0,1,1,0,0,0,0,0,0,1,0,0,0
5,1.0,1.0,6.0,P461177,45,18.0,1.0,0,0,0,0,0,1,0,0,0,0,0,0,0,0,0,1,0,0,0,1,0,0,0,0,0,0,1,0,0,0
5,1.0,0.800000012,5.0,P461177,45,18.0,0.6989700043360187,0,0,1,0,0,0,0,0,0,0,0,0,0,0,0,1,0,0,0,0,1,0,0,0,0,0,1,0,0,0
5,1.0,1.0,6.0,P461177,45,18.0,1.0,0,0,0,0,1,0,0,0,0,0,0,0,0,0,1,0,0,0,0,0,0,0,1,0,0,1,0,0,0,0
5,1.0,0.722891986,83.0,P461177,45,18.0,0.5639888384766474,0,0,0,0,0,0,0,1,0,0,0,0,0,0,1,0,0,0,0,0,1,0,0,0,0,0,1,0,0,0
1,0.0,1.0,6.0,P428668,105,26.0,1.0,0,0,0,0,1,0,0,0,0,0,0,0,0,0,0,0,0,1,0,1,0,0,0,0,0,0,1,0,0,0
5,1.0,1.0,5.0,P428668,105,26.0,1.0,0,0,0,0,0,0,1,0,0,0,0,0,0,0,0,1,0,0,0,0,0,0,1,0,1,0,0,0,0,0
2,0.0,0.800000012,5.0,P428668,105,26.0,0.6989700043360187,0,0,0,1,0,0,0,0,0,0,0,0,0,0,0,0,0,0,1,1,0,0,0,1,0,0,0,0,0,0
1,0.0,0.653846025,26.0,P428668,105,26.0,0.5565946032077425,0,0,1,0,0,0,0,0,0,0,0,0,0,0,1,0,0,0,0,1,0,0,0,0,0,0,1,0,0,0
5,1.0,0.913793027,58.0,P428668,105,26.0,0.6900468833579672,0,0,1,0,0,0,0,0,0,0,0,0,0,0,0,1,0,0,0,0,0,1,0,0,0,0,1,0,0,0
1,0.0,0.545454979,11.0,P426080,111,69.0,0.5206212286759117,0,0,0,0,1,0,0,0,0,0,0,0,0,0,0,1,0,0,0,0,1,0,0,0,1,0,0,0,0,0
5,1.0,1.0,10.0,P426080,111,69.0,1.0,0,0,1,0,0,0,0,0,0,0,0,0,0,0,0,1,0,0,0,1,0,0,0,0,0,0,1,0,0,0
5,1.0,0.375,8.0,P426080,111,69.0,0.4362085839710631,0,0,0,0,1,0,0,0,0,0,0,0,0,0,0,1,0,0,0,1,0,0,0,0,0,0,1,0,0,0
5,1.0,0.90476203,21.0,P426080,111,69.0,0.7316756633516291,0,0,1,0,0,0,0,0,0,0,0,0,0,0,0,0,0,1,0,0,1,0,0,0,0,1,0,0,0,0
3,0.0,1.0,4.0,P501170,104,36.0,1.0,0,0,0,0,0,0,1,0,0,0,0,0,0,0,0,1,0,0,0,0,1,0,0,0,1,0,0,0,0,0
5,1.0,0.857142985,7.0,P477985,22,72.0,0.7373504649628064,0,0,0,1,0,0,0,0,0,0,0,0,0,0,0,0,0,0,1,0,0,1,0,0,0,0,1,0,0,0
5,1.0,0.400000006,5.0,P477985,22,72.0,0.4421141086977403,0,0,0,0,0,1,0,0,0,0,0,0,0,0,0,1,0,0,0,0,0,0,1,0,1,0,0,0,0,0
5,1.0,1.0,10.0,P394124,44,38.0,1.0,0,0,1,0,0,0,0,0,0,0,0,0,0,0,0,1,0,0,0,0,0,0,1,0,0,0,1,0,0,0
5,1.0,0.909090996,11.0,P394124,44,38.0,0.7757561757824245,0,0,1,0,0,0,0,0,0,0,0,0,0,0,1,0,0,0,0,1,0,0,0,0,0,0,1,0,0,0
5,1.0,0.75,4.0,P394124,44,38.0,0.6666666666666667,0,0,0,0,1,0,0,0,0,0,0,0,0,0,1,0,0,0,0,0,1,0,0,0,0,0,1,0,0,0
5,1.0,1.0,4.0,P394124,44,38.0,1.0,0,0,0,0,1,0,0,0,0,0,0,0,0,0,1,0,0,0,0,0,1,0,0,0,0,0,1,0,0,0
5,1.0,0.975610018,41.0,P394124,44,38.0,0.8427067526504531,0,0,0,0,1,0,0,0,0,0,0,0,0,0,1,0,0,0,0,0,1,0,0,0,0,0,1,0,0,0
1,0.0,0.875,8.0,P467248,28,34.0,0.75,0,1,0,0,0,0,0,0,0,0,0,0,0,0,0,1,0,0,0,0,1,0,0,0,0,0,1,0,0,0
1,0.0,0.4375,16.0,P467248,28,34.0,0.4745387728193468,0,0,0,0,0,0,1,0,0,0,0,0,0,0,0,1,0,0,0,1,0,0,0,0,0,0,1,0,0,0
5,1.0,0.833333015,6.0,P467248,28,34.0,0.7210570543488701,0,1,0,0,0,0,0,0,0,0,0,0,0,0,0,1,0,0,0,0,0,1,0,0,0,0,1,0,0,0
4,1.0,1.0,5.0,P467248,28,34.0,1.0,0,0,0,0,0,0,0,1,0,0,0,0,0,0,0,0,0,0,1,1,0,0,0,0,0,0,1,0,0,0
1,0.0,0.600000024,10.0,P467248,28,34.0,0.5473191697130572,0,0,0,0,1,0,0,0,0,0,0,0,0,0,0,1,0,0,0,1,0,0,0,0,0,0,0,0,0,1
5,1.0,0.833333015,6.0,P467248,28,34.0,0.7210570543488701,0,0,1,0,0,0,0,0,0,0,0,0,0,0,0,0,0,0,1,1,0,0,0,0,0,0,1,0,0,0
5,1.0,1.0,9.0,P467248,28,34.0,1.0,0,0,0,0,0,0,1,0,0,0,0,0,0,0,0,1,0,0,0,0,0,0,1,0,1,0,0,0,0,0
5,1.0,1.0,6.0,P467248,28,34.0,1.0,0,0,1,0,0,0,0,0,0,0,0,0,0,0,0,0,0,0,1,1,0,0,0,0,0,1,0,0,0,0
4,1.0,1.0,4.0,P467248,28,34.0,1.0,0,0,0,0,1,0,0,0,0,0,0,0,0,0,0,1,0,0,0,0,0,1,0,0,0,0,1,0,0,0
3,1.0,1.0,7.0,P467248,28,34.0,1.0,0,0,0,0,0,0,1,0,0,0,0,0,0,0,0,1,0,0,0,1,0,0,0,0,0,0,1,0,0,0
5,1.0,0.875,8.0,P467248,28,34.0,0.75,0,1,0,0,0,0,0,0,0,0,0,0,0,0,0,1,0,0,0,1,0,0,0,0,1,0,0,0,0,0
4,1.0,0.823529005,17.0,P467248,28,34.0,0.6614123848024371,0,0,0,0,0,0,0,0,0,0,0,0,1,0,0,1,0,0,0,1,0,0,0,0,0,0,1,0,0,0
5,1.0,0.526315987,19.0,P467248,28,34.0,0.5101383446357889,0,0,0,0,0,0,1,0,0,0,0,0,0,0,0,1,0,0,0,0,1,0,0,0,1,0,0,0,0,0
2,0.0,0.882353008,17.0,P467248,28,34.0,0.7162089270041655,0,1,0,0,0,0,0,0,0,0,0,0,0,0,0,1,0,0,0,0,0,0,1,0,1,0,0,0,0,0
2,0.0,0.800000012,5.0,P482074,92,44.0,0.6989700043360187,0,0,0,0,0,0,0,1,0,0,0,0,0,0,0,1,0,0,0,0,0,1,0,0,0,0,1,0,0,0
5,1.0,0.857142985,7.0,P482074,92,44.0,0.7373504649628064,0,0,0,0,0,0,0,0,0,0,0,0,1,0,0,1,0,0,0,0,1,0,0,0,0,0,1,0,0,0
5,1.0,0.923076987,13.0,P482074,92,44.0,0.7872539464466368,0,0,0,0,1,0,0,0,0,0,0,0,0,0,0,0,0,1,0,0,1,0,0,0,0,0,1,0,0,0
4,1.0,1.0,4.0,P479645,61,79.0,1.0,0,0,0,0,1,0,0,0,0,0,0,0,0,0,0,0,0,0,1,0,0,1,0,0,0,1,0,0,0,0
5,1.0,0.923076987,13.0,P479645,61,79.0,0.7872539464466368,0,0,0,0,1,0,0,0,0,0,0,0,0,0,1,0,0,0,0,1,0,0,0,0,0,0,1,0,0,0
1,0.0,1.0,8.0,P481169,98,62.0,1.0,0,0,1,0,0,0,0,0,0,0,0,0,0,0,1,0,0,0,0,1,0,0,0,0,0,1,0,0,0,0
1,0.0,0.434783012,23.0,P481169,98,62.0,0.4760607180717437,0,0,0,0,0,1,0,0,0,0,0,0,0,0,0,1,0,0,0,1,0,0,0,0,0,0,1,0,0,0
4,1.0,1.0,4.0,P481169,98,62.0,1.0,0,0,0,0,1,0,0,0,0,0,0,0,0,0,0,0,0,1,0,0,0,1,0,0,0,1,0,0,0,0
2,0.0,0.75,4.0,P481169,98,62.0,0.6666666666666667,0,0,0,0,1,0,0,0,0,0,0,0,0,0,0,1,0,0,0,0,1,0,0,0,0,0,1,0,0,0
5,1.0,1.0,8.0,P481169,98,62.0,1.0,0,0,1,0,0,0,0,0,0,0,0,0,0,0,0,1,0,0,0,0,0,0,1,0,0,0,1,0,0,0
2,0.0,0.888889015,18.0,P481169,98,62.0,0.7205846872952778,0,0,0,0,1,0,0,0,0,0,0,0,0,0,1,0,0,0,0,0,1,0,0,0,0,0,1,0,0,0
4,1.0,0.78947401,19.0,P481169,98,62.0,0.6327183637591292,0,0,0,0,0,1,0,0,0,0,0,0,0,0,0,1,0,0,0,0,1,0,0,0,0,0,1,0,0,0
4,1.0,0.958333015,24.0,P481169,98,62.0,0.8209477682489587,0,0,1,0,0,0,0,0,0,0,0,0,0,0,0,0,0,0,1,1,0,0,0,0,0,1,0,0,0,0
4,1.0,0.333332986,6.0,P481169,98,62.0,0.4056838710822129,0,0,0,0,1,0,0,0,0,0,0,0,0,0,0,1,0,0,0,1,0,0,0,0,0,0,1,0,0,0
5,1.0,0.833333015,6.0,P481169,98,62.0,0.7210570543488701,0,0,1,0,0,0,0,0,0,0,0,0,0,0,1,0,0,0,0,0,1,0,0,0,0,0,1,0,0,0
5,1.0,1.0,4.0,P391799,111,96.0,1.0,0,0,0,0,0,1,0,0,0,0,0,0,0,0,0,1,0,0,0,1,0,0,0,0,0,0,1,0,0,0
5,1.0,1.0,7.0,P391799,111,96.0,1.0,0,0,0,0,0,0,0,1,0,0,0,0,0,0,0,1,0,0,0,1,0,0,0,0,0,0,1,0,0,0
5,1.0,1.0,11.0,P391799,111,96.0,1.0,0,0,1,0,0,0,0,0,0,0,0,0,0,0,0,0,0,1,0,0,1,0,0,0,0,1,0,0,0,0
5,1.0,1.0,6.0,P391799,111,96.0,1.0,0,0,0,0,0,1,0,0,0,0,0,0,0,0,0,1,0,0,0,1,0,0,0,0,0,1,0,0,0,0
4,1.0,0.839999974,25.0,P391799,111,96.0,0.657601396626028,0,0,0,0,0,1,0,0,0,0,0,0,0,0,0,1,0,0,0,1,0,0,0,0,0,1,0,0,0,0
2,1.0,0.0,6.0,P391799,111,96.0,0.0,0,0,0,0,0,1,0,0,0,0,0,0,0,0,0,1,0,0,0,1,0,0,0,0,0,1,0,0,0,0
2,1.0,0.916666985,12.0,P391799,111,96.0,0.7818957080144684,0,0,0,0,0,1,0,0,0,0,0,0,0,0,0,1,0,0,0,1,0,0,0,0,0,1,0,0,0,0
5,1.0,0.714286029,7.0,P466661,27,28.0,0.6199062332840658,0,0,1,0,0,0,0,0,0,0,0,0,0,0,1,0,0,0,0,0,1,0,0,0,0,1,0,0,0,0
5,1.0,1.0,9.0,P466661,27,28.0,1.0,0,0,1,0,0,0,0,0,0,0,0,0,0,0,0,0,0,0,1,0,1,0,0,0,0,0,1,0,0,0
3,0.0,1.0,4.0,P466661,27,28.0,1.0,0,0,1,0,0,0,0,0,0,0,0,0,0,0,1,0,0,0,0,1,0,0,0,0,0,1,0,0,0,0
4,1.0,0.666666985,6.0,P466661,27,28.0,0.5943161289177871,0,0,0,0,1,0,0,0,0,0,0,0,0,0,0,1,0,0,0,1,0,0,0,0,1,0,0,0,0,0
5,1.0,0.75,4.0,P457521,19,40.0,0.6666666666666667,0,0,1,0,0,0,0,0,0,0,0,0,0,0,1,0,0,0,0,1,0,0,0,0,0,1,0,0,0,0
5,1.0,1.0,4.0,P457521,19,40.0,1.0,0,0,1,0,0,0,0,0,0,0,0,0,0,0,1,0,0,0,0,0,0,0,1,0,0,0,1,0,0,0
2,0.0,0.142857,7.0,P457521,19,40.0,0.2626495350371936,0,0,0,0,1,0,0,0,0,0,0,0,0,0,0,1,0,0,0,1,0,0,0,0,0,0,1,0,0,0
5,1.0,0.909090996,11.0,P457521,19,40.0,0.7757561757824245,0,0,1,0,0,0,0,0,0,0,0,0,0,0,0,0,0,0,1,1,0,0,0,0,0,1,0,0,0,0
1,0.0,0.875,8.0,P467137,72,72.0,0.75,0,0,1,0,0,0,0,0,0,0,0,0,0,0,0,0,0,1,0,0,0,1,0,0,0,1,0,0,0,0
2,0.0,0.5,4.0,P467137,72,72.0,0.5,0,0,0,0,1,0,0,0,0,0,0,0,0,0,0,0,0,1,0,0,1,0,0,0,0,1,0,0,0,0
5,1.0,1.0,7.0,P414737,115,25.0,1.0,0,0,0,0,1,0,0,0,0,0,0,0,0,0,0,1,0,0,0,0,1,0,0,0,0,0,1,0,0,0
1,0.0,1.0,18.0,P414737,115,25.0,1.0,0,0,0,0,0,0,0,1,0,0,0,0,0,0,0,1,0,0,0,1,0,0,0,0,0,0,1,0,0,0
5,1.0,1.0,8.0,P414737,115,25.0,1.0,0,0,0,0,0,1,0,0,0,0,0,0,0,0,0,1,0,0,0,0,1,0,0,0,0,0,1,0,0,0
5,1.0,0.746032,63.0,P414737,115,25.0,0.5774107634086729,0,0,0,0,1,0,0,0,0,0,0,0,0,0,0,0,0,0,1,1,0,0,0,0,0,0,1,0,0,0
5,1.0,0.75,4.0,P414737,115,25.0,0.6666666666666667,0,0,0,0,0,1,0,0,0,0,0,0,0,0,0,1,0,0,0,1,0,0,0,0,0,0,1,0,0,0
1,1.0,0.771429002,35.0,P414737,115,25.0,0.6026308426128847,0,0,0,0,0,1,0,0,0,0,0,0,0,0,0,1,0,0,0,1,0,0,0,0,0,0,1,0,0,0
5,1.0,0.871794999,39.0,P414737,115,25.0,0.6649105223833719,0,0,0,0,0,1,0,0,0,0,0,0,0,0,0,1,0,0,0,1,0,0,0,0,0,0,1,0,0,0
5,1.0,0.5,6.0,P414737,115,25.0,0.5,0,0,0,0,0,1,0,0,0,0,0,0,0,0,0,1,0,0,0,0,0,1,0,0,0,0,1,0,0,0
5,1.0,0.649351001,113.72000000000116,P414737,115,25.0,0.5323939223732601,0,0,0,0,0,1,0,0,0,0,0,0,0,0,0,1,0,0,0,1,0,0,0,0,0,0,1,0,0,0
3,0.0,0.625,8.0,P502966,56,38.0,0.5637914160289369,0,0,0,0,1,0,0,0,0,0,0,0,0,0,0,1,0,0,0,0,1,0,0,0,1,0,0,0,0,0
5,1.0,0.875,16.0,P502966,56,38.0,0.7113975059201018,0,0,1,0,0,0,0,0,0,0,0,0,0,0,0,1,0,0,0,1,0,0,0,0,1,0,0,0,0,0
4,1.0,1.0,4.0,P502966,56,38.0,1.0,0,0,0,0,0,0,1,0,0,0,0,0,0,0,0,1,0,0,0,1,0,0,0,0,1,0,0,0,0,0
4,1.0,0.0,11.0,P196542,7,30.0,0.0,0,0,0,0,0,1,0,0,0,0,0,0,0,0,0,1,0,0,0,0,0,0,1,0,0,0,1,0,0,0
3,1.0,0.785713971,14.0,P196542,7,30.0,0.6418955364979173,0,0,0,0,1,0,0,0,0,0,0,0,0,0,0,1,0,0,0,0,1,0,0,0,0,0,1,0,0,0
5,1.0,1.0,4.0,P196542,7,30.0,1.0,0,0,0,0,1,0,0,0,0,0,0,0,0,0,0,1,0,0,0,1,0,0,0,0,0,0,1,0,0,0
5,1.0,1.0,5.0,P437981,37,50.0,1.0,0,0,0,0,1,0,0,0,0,0,0,0,0,0,0,1,0,0,0,0,1,0,0,0,1,0,0,0,0,0
5,1.0,0.75,4.0,P437981,37,50.0,0.6666666666666667,0,0,0,0,1,0,0,0,0,0,0,0,0,0,1,0,0,0,0,1,0,0,0,0,0,0,1,0,0,0
5,1.0,1.0,22.0,P437981,37,50.0,1.0,0,0,1,0,0,0,0,0,0,0,0,0,0,0,0,1,0,0,0,1,0,0,0,0,0,0,1,0,0,0
5,1.0,0.75,8.0,P437981,37,50.0,0.6391511932854698,0,0,0,0,1,0,0,0,0,0,0,0,0,0,0,0,0,0,1,1,0,0,0,0,0,1,0,0,0,0
3,1.0,1.0,5.0,P437981,37,50.0,1.0,0,0,0,0,0,0,1,0,0,0,0,0,0,0,0,1,0,0,0,0,0,0,1,0,0,0,1,0,0,0
5,1.0,0.909090996,11.0,P437981,37,50.0,0.7757561757824245,0,0,0,0,0,1,0,0,0,0,0,0,0,0,0,0,0,0,1,0,0,1,0,0,0,1,0,0,0,0
5,1.0,1.0,7.0,P437981,37,50.0,1.0,0,0,1,0,0,0,0,0,0,0,0,0,0,0,0,0,0,1,0,1,0,0,0,0,0,1,0,0,0,0
1,0.0,0.5,12.0,P416564,4,34.0,0.5,0,0,1,0,0,0,0,0,0,0,0,0,0,0,0,0,0,0,1,0,1,0,0,0,0,0,1,0,0,0
5,1.0,0.333332986,6.0,P416564,4,34.0,0.4056838710822129,0,0,1,0,0,0,0,0,0,0,0,0,0,0,0,0,0,1,0,1,0,0,0,0,0,0,1,0,0,0
3,0.0,0.25,16.0,P416564,4,34.0,0.3855506948387032,0,0,0,0,1,0,0,0,0,0,0,0,0,0,0,0,0,0,1,0,1,0,0,0,0,0,1,0,0,0
5,1.0,1.0,97.0,P416564,4,34.0,1.0,0,0,0,0,0,0,0,1,0,0,0,0,0,0,0,0,0,1,0,0,0,0,1,0,0,0,1,0,0,0
2,0.0,0.857142985,7.0,P416564,4,34.0,0.7373504649628064,0,0,0,1,0,0,0,0,0,0,0,0,0,0,0,1,0,0,0,0,1,0,0,0,0,0,1,0,0,0
5,1.0,1.0,28.0,P416564,4,34.0,1.0,0,1,0,0,0,0,0,0,0,0,0,0,0,0,0,1,0,0,0,1,0,0,0,0,1,0,0,0,0,0
5,1.0,0.98913002,92.0,P416564,4,34.0,0.8670842340581874,0,0,0,1,0,0,0,0,0,0,0,0,0,0,0,0,0,1,0,1,0,0,0,0,0,1,0,0,0,0
4,1.0,1.0,15.0,P416564,4,34.0,1.0,0,0,0,0,0,1,0,0,0,0,0,0,0,0,0,1,0,0,0,1,0,0,0,0,1,0,0,0,0,0
5,1.0,0.992125988,113.72000000000116,P416564,4,34.0,0.8343468042465555,0,0,1,0,0,0,0,0,0,0,0,0,0,0,1,0,0,0,0,1,0,0,0,0,0,0,1,0,0,0
3,0.0,0.75,4.0,P416564,4,34.0,0.6666666666666667,0,0,0,0,0,1,0,0,0,0,0,0,0,0,0,1,0,0,0,1,0,0,0,0,0,0,1,0,0,0
5,1.0,0.9375,16.0,P416564,4,34.0,0.7999999999999999,0,0,1,0,0,0,0,0,0,0,0,0,0,0,0,1,0,0,0,1,0,0,0,0,0,0,1,0,0,0
5,1.0,0.997877002,113.72000000000116,P416564,4,34.0,0.8987811555675495,0,0,1,0,0,0,0,0,0,0,0,0,0,0,0,1,0,0,0,1,0,0,0,0,0,0,1,0,0,0
1,0.0,0.714286029,7.0,P457512,75,55.0,0.6199062332840658,0,0,0,0,0,1,0,0,0,0,0,0,0,0,0,1,0,0,0,1,0,0,0,0,0,0,1,0,0,0
5,1.0,0.888889015,9.0,P457512,75,55.0,0.7601875334318686,0,0,0,0,0,0,0,0,0,0,0,0,1,0,0,1,0,0,0,0,0,0,1,0,1,0,0,0,0,0
1,0.0,0.5,8.0,P271682,72,49.0,0.5,0,0,0,0,1,0,0,0,0,0,0,0,0,0,0,1,0,0,0,1,0,0,0,0,0,0,1,0,0,0
2,0.0,0.95145601,103.0,P271682,72,49.0,0.7194624511228659,0,0,0,0,0,0,0,0,0,0,0,1,0,0,0,1,0,0,0,0,0,0,1,0,1,0,0,0,0,0
1,1.0,0.93333298,15.0,P271682,72,49.0,0.7962049529094938,0,0,0,0,1,0,0,0,0,0,0,0,0,0,0,1,0,0,0,1,0,0,0,0,0,1,0,0,0,0
5,1.0,0.952830017,106.0,P271682,72,49.0,0.7207676134297857,0,0,0,0,1,0,0,0,0,0,0,0,0,0,0,1,0,0,0,1,0,0,0,0,0,1,0,0,0,0
5,1.0,1.0,7.0,P271682,72,49.0,1.0,0,0,0,0,1,0,0,0,0,0,0,0,0,0,0,1,0,0,0,0,1,0,0,0,0,1,0,0,0,0
5,1.0,1.0,7.0,P271682,72,49.0,1.0,0,0,0,0,1,0,0,0,0,0,0,0,0,0,0,1,0,0,0,1,0,0,0,0,0,1,0,0,0,0
5,1.0,0.833333015,6.0,P271682,72,49.0,0.7210570543488701,0,0,1,0,0,0,0,0,0,0,0,0,0,0,0,1,0,0,0,1,0,0,0,0,0,1,0,0,0,0
5,1.0,0.600000024,5.0,P271682,72,49.0,0.5578858913022596,0,0,0,0,0,1,0,0,0,0,0,0,0,0,0,1,0,0,0,0,1,0,0,0,0,1,0,0,0,0
5,1.0,0.800000012,5.0,P271682,72,49.0,0.6989700043360187,0,0,1,0,0,0,0,0,0,0,0,0,0,0,0,1,0,0,0,1,0,0,0,0,0,1,0,0,0,0
3,0.0,0.916666985,12.0,P429250,19,48.0,0.7818957080144684,0,0,0,0,1,0,0,0,0,0,0,0,0,0,1,0,0,0,0,1,0,0,0,0,0,1,0,0,0,0
5,1.0,1.0,5.0,P429250,19,48.0,1.0,0,0,1,0,0,0,0,0,0,0,0,0,0,0,1,0,0,0,0,1,0,0,0,1,0,0,0,0,0,0
4,1.0,1.0,4.0,P429250,19,48.0,1.0,0,0,0,0,1,0,0,0,0,0,0,0,0,0,0,0,0,0,1,0,1,0,0,0,1,0,0,0,0,0
5,1.0,1.0,9.0,P429250,19,48.0,1.0,0,0,1,0,0,0,0,0,0,0,0,0,0,0,1,0,0,0,0,0,0,1,0,0,0,1,0,0,0,0
4,1.0,0.966666996,30.0,P429250,19,48.0,0.8307061924012187,0,0,1,0,0,0,0,0,0,0,0,0,0,0,0,0,0,1,0,0,1,0,0,0,0,0,1,0,0,0
5,1.0,1.0,7.0,P429250,19,48.0,1.0,0,0,0,0,1,0,0,0,0,0,0,0,0,0,0,0,0,0,1,1,0,0,0,0,0,0,1,0,0,0
5,1.0,1.0,41.0,P429250,19,48.0,1.0,0,0,0,0,1,0,0,0,0,0,0,0,0,0,0,1,0,0,0,1,0,0,0,0,0,0,1,0,0,0
1,0.0,0.93333298,30.0,P429250,19,48.0,0.7540002482184784,0,0,0,0,0,0,0,1,0,0,0,0,0,0,0,1,0,0,0,1,0,0,0,0,0,0,1,0,0,0
2,0.0,0.899999976,20.0,P429250,19,48.0,0.7282714920267325,0,0,0,0,1,0,0,0,0,0,0,0,0,0,0,0,0,1,0,1,0,0,0,0,0,1,0,0,0,0
5,1.0,0.928570986,14.0,P429250,19,48.0,0.7919854023234905,0,0,0,1,0,0,0,0,0,0,0,0,0,0,1,0,0,0,0,0,1,0,0,0,0,0,1,0,0,0
4,1.0,0.888889015,9.0,P429250,19,48.0,0.7601875334318686,0,0,0,0,1,0,0,0,0,0,0,0,0,0,0,1,0,0,0,1,0,0,0,0,0,0,1,0,0,0
2,0.0,0.428570986,7.0,P479330,51,32.0,0.4627564263195183,0,0,0,0,1,0,0,0,0,0,0,0,0,0,0,1,0,0,0,1,0,0,0,0,0,0,1,0,0,0
1,0.0,0.818181992,11.0,P479330,51,32.0,0.6769924925288455,0,0,0,0,0,1,0,0,0,0,0,0,0,0,0,1,0,0,0,0,0,0,1,0,0,0,1,0,0,0
1,0.0,0.600000024,10.0,P479330,51,32.0,0.5473191697130572,0,0,0,0,1,0,0,0,0,0,0,0,0,0,0,1,0,0,0,1,0,0,0,0,0,0,1,0,0,0
4,1.0,0.600000024,5.0,P479330,51,32.0,0.5578858913022596,0,0,1,0,0,0,0,0,0,0,0,0,0,0,0,0,0,1,0,1,0,0,0,0,0,0,0,0,0,1
5,1.0,0.666666985,15.0,P424988,95,50.0,0.5723372020956964,0,0,0,0,1,0,0,0,0,0,0,0,0,0,1,0,0,0,0,1,0,0,0,0,0,1,0,0,0,0
1,0.0,0.777778029,9.0,P424988,95,50.0,0.6543128759565946,0,0,0,0,0,1,0,0,0,0,0,0,0,0,0,0,0,0,1,0,1,0,0,0,0,0,1,0,0,0
5,1.0,1.0,4.0,P424988,95,50.0,1.0,0,0,0,0,0,1,0,0,0,0,0,0,0,0,0,1,0,0,0,0,1,0,0,0,0,0,1,0,0,0
4,1.0,0.289719999,113.72000000000116,P424988,95,50.0,0.4516380788015428,0,0,0,0,1,0,0,0,0,0,0,0,0,0,0,0,0,0,1,0,1,0,0,0,0,0,1,0,0,0
2,0.0,0.827585995,58.0,P424988,95,50.0,0.6187593467836536,0,0,0,0,1,0,0,0,0,0,0,0,0,0,0,1,0,0,0,1,0,0,0,0,1,0,0,0,0,0
2,0.0,0.86956501,46.0,P424988,95,50.0,0.6561681661200995,0,0,0,0,1,0,0,0,0,0,0,0,0,0,0,0,0,1,0,0,1,0,0,0,0,0,1,0,0,0
4,1.0,1.0,5.0,P424988,95,50.0,1.0,0,0,0,0,0,0,1,0,0,0,0,0,0,0,0,1,0,0,0,1,0,0,0,0,0,1,0,0,0,0
5,1.0,0.833333015,6.0,P424988,95,50.0,0.7210570543488701,0,0,0,0,1,0,0,0,0,0,0,0,0,0,0,0,0,0,1,1,0,0,0,0,0,1,0,0,0,0
5,1.0,0.909090996,22.0,P424988,95,50.0,0.7348354902219298,0,0,0,0,0,1,0,0,0,0,0,0,0,0,0,0,0,0,1,1,0,0,0,0,0,0,1,0,0,0
5,1.0,0.6875,16.0,P424988,95,50.0,0.5810382621965612,0,0,0,0,0,0,1,0,0,0,0,0,0,0,0,0,0,0,1,1,0,0,0,0,0,1,0,0,0,0
5,1.0,1.0,7.0,P454085,19,30.0,1.0,0,0,1,0,0,0,0,0,0,0,0,0,0,0,0,1,0,0,0,0,0,1,0,0,0,0,1,0,0,0
1,0.0,0.6875,16.0,P467123,42,55.0,0.5810382621965612,0,0,1,0,0,0,0,0,0,0,0,0,0,0,1,0,0,0,0,0,0,0,1,0,0,0,1,0,0,0
5,1.0,0.571429014,7.0,P470243,72,68.0,0.5372435736804816,0,0,1,0,0,0,0,0,0,0,0,0,0,0,0,1,0,0,0,0,0,1,0,0,0,0,1,0,0,0
2,0.0,0.666666985,6.0,P455237,108,60.0,0.5943161289177871,0,0,0,0,1,0,0,0,0,0,0,0,0,0,0,1,0,0,0,1,0,0,0,0,1,0,0,0,0,0
5,1.0,0.600000024,5.0,P455237,108,60.0,0.5578858913022596,0,0,1,0,0,0,0,0,0,0,0,0,0,0,1,0,0,0,0,1,0,0,0,0,0,1,0,0,0,0
1,0.0,0.222222,9.0,P455237,108,60.0,0.3456871240434053,0,0,0,0,0,1,0,0,0,0,0,0,0,0,1,0,0,0,0,1,0,0,0,0,0,1,0,0,0,0
1,0.0,0.666666985,9.0,P455237,108,60.0,0.583970804646981,0,0,0,0,0,0,0,1,0,0,0,0,0,0,0,1,0,0,0,1,0,0,0,0,0,0,1,0,0,0
1,0.0,0.342105001,38.0,P455237,108,60.0,0.4475137310047583,0,0,0,0,1,0,0,0,0,0,0,0,0,0,0,1,0,0,0,0,1,0,0,0,1,0,0,0,0,0
3,0.0,0.428570986,7.0,P471111,106,39.0,0.4627564263195183,0,0,0,0,0,1,0,0,0,0,0,0,0,0,0,1,0,0,0,0,0,1,0,0,1,0,0,0,0,0
3,1.0,0.875,24.0,P377577,7,40.0,0.6903752345284636,0,0,0,0,0,0,0,0,0,0,0,0,1,0,0,1,0,0,0,1,0,0,0,0,0,0,1,0,0,0
5,1.0,0.966102004,59.0,P377577,7,40.0,0.7870516548183977,0,0,0,0,1,0,0,0,0,0,0,0,0,0,0,1,0,0,0,1,0,0,0,0,0,0,1,0,0,0
5,1.0,1.0,8.0,P377577,7,40.0,1.0,0,0,0,0,1,0,0,0,0,0,0,0,0,0,0,1,0,0,0,1,0,0,0,0,0,0,1,0,0,0
5,1.0,0.857142985,7.0,P377577,7,40.0,0.7373504649628064,0,0,0,0,1,0,0,0,0,0,0,0,0,0,0,1,0,0,0,1,0,0,0,0,0,0,1,0,0,0
5,1.0,1.0,9.0,P442843,86,29.0,1.0,0,0,0,0,0,0,0,0,0,0,0,0,1,0,0,1,0,0,0,1,0,0,0,0,1,0,0,0,0,0
5,1.0,0.571429014,7.0,P442843,86,29.0,0.5372435736804816,0,0,0,0,0,1,0,0,0,0,0,0,0,0,0,1,0,0,0,0,1,0,0,0,1,0,0,0,0,0
5,1.0,0.833333015,6.0,P442843,86,29.0,0.7210570543488701,0,0,0,0,1,0,0,0,0,0,0,0,0,0,1,0,0,0,0,0,0,1,0,0,0,0,1,0,0,0
5,1.0,0.777778029,9.0,P442843,86,29.0,0.6543128759565946,0,0,0,1,0,0,0,0,0,0,0,0,0,0,0,0,0,1,0,0,0,1,0,0,0,0,0,0,0,1
1,0.0,0.400000006,5.0,P442843,86,29.0,0.4421141086977403,0,0,0,0,1,0,0,0,0,0,0,0,0,0,0,0,0,0,1,1,0,0,0,0,0,0,1,0,0,0
3,0.0,0.571429014,14.0,P442843,86,29.0,0.5303290195561405,0,0,0,1,0,0,0,0,0,0,0,0,0,0,0,0,0,0,1,0,0,1,0,0,0,0,1,0,0,0
5,1.0,1.0,15.0,P442843,86,29.0,1.0,0,0,1,0,0,0,0,0,0,0,0,0,0,0,0,1,0,0,0,1,0,0,0,0,0,0,1,0,0,0
1,0.0,0.416667014,24.0,P479362,107,54.0,0.4696280610624203,0,0,0,0,0,0,0,0,0,0,0,1,0,0,0,1,0,0,0,1,0,0,0,0,1,0,0,0,0,0
5,1.0,0.833333015,6.0,P479362,107,54.0,0.7210570543488701,0,0,0,0,0,0,1,0,0,0,0,0,0,0,0,1,0,0,0,0,0,0,1,0,1,0,0,0,0,0
3,0.0,0.93333298,15.0,P479362,107,54.0,0.7962049529094938,0,0,0,0,1,0,0,0,0,0,0,0,0,0,0,0,0,0,1,1,0,0,0,0,0,0,1,0,0,0
5,1.0,0.5,4.0,P479362,107,54.0,0.5,0,0,0,0,0,0,0,0,0,0,0,0,1,0,0,1,0,0,0,0,1,0,0,0,0,0,1,0,0,0
5,1.0,1.0,4.0,P479362,107,54.0,1.0,0,0,1,0,0,0,0,0,0,0,0,0,0,0,0,0,0,1,0,1,0,0,0,0,0,0,0,0,0,1
5,1.0,0.944444001,18.0,P474939,9,30.0,0.8065735963827292,0,0,0,1,0,0,0,0,0,0,0,0,0,0,1,0,0,0,0,1,0,0,0,0,0,0,0,0,0,1
3,1.0,0.875,8.0,P474939,9,30.0,0.75,0,0,1,0,0,0,0,0,0,0,0,0,0,0,0,1,0,0,0,0,0,0,1,0,0,0,0,1,0,0
5,1.0,0.899999976,10.0,P474939,9,30.0,0.7686217868402409,0,0,0,0,1,0,0,0,0,0,0,0,0,0,1,0,0,0,0,1,0,0,0,0,0,0,0,1,0,0
5,1.0,1.0,5.0,P196524,7,19.5,1.0,0,1,0,0,0,0,0,0,0,0,0,0,0,0,0,1,0,0,0,0,0,0,1,0,1,0,0,0,0,0
1,1.0,0.25,4.0,P196524,7,19.5,0.3333333333333333,0,0,0,0,0,1,0,0,0,0,0,0,0,0,0,1,0,0,0,1,0,0,0,0,1,0,0,0,0,0
3,0.0,0.800000012,10.0,P468684,45,44.0,0.6666666666666666,0,0,0,0,0,1,0,0,0,0,0,0,0,0,0,1,0,0,0,0,0,0,1,0,0,0,1,0,0,0
3,0.0,0.600000024,5.0,P468684,45,44.0,0.5578858913022596,0,0,0,0,0,1,0,0,0,0,0,0,0,0,0,1,0,0,0,1,0,0,0,0,0,0,1,0,0,0
4,1.0,1.0,7.0,P504071,39,46.0,1.0,0,0,1,0,0,0,0,0,0,0,0,0,0,0,1,0,0,0,0,0,1,0,0,0,0,1,0,0,0,0
5,1.0,0.0,4.0,P504071,39,46.0,0.0,0,0,0,0,1,0,0,0,0,0,0,0,0,0,1,0,0,0,0,1,0,0,0,0,0,1,0,0,0,0
1,0.0,0.875,8.0,P442589,78,8.0,0.75,0,0,0,0,0,0,0,1,0,0,0,0,0,0,0,1,0,0,0,1,0,0,0,0,1,0,0,0,0,0
1,0.0,0.428570986,7.0,P442589,78,8.0,0.4627564263195183,0,0,1,0,0,0,0,0,0,0,0,0,0,0,1,0,0,0,0,1,0,0,0,0,0,0,1,0,0,0
3,0.0,0.785713971,14.0,P442589,78,8.0,0.6418955364979173,0,0,0,1,0,0,0,0,0,0,0,0,0,0,0,1,0,0,0,0,1,0,0,0,1,0,0,0,0,0
5,1.0,0.763889015,72.0,P442589,78,8.0,0.5820579322806502,0,0,0,1,0,0,0,0,0,0,0,0,0,0,0,1,0,0,0,0,0,0,1,0,0,1,0,0,0,0
5,1.0,0.600000024,5.0,P470057,94,38.0,0.5578858913022596,0,0,1,0,0,0,0,0,0,0,0,0,0,0,1,0,0,0,0,0,1,0,0,0,0,0,1,0,0,0
1,0.0,1.0,7.0,P470057,94,38.0,1.0,0,0,0,0,0,0,1,0,0,0,0,0,0,0,1,0,0,0,0,1,0,0,0,0,0,0,1,0,0,0
5,1.0,1.0,12.0,P470057,94,38.0,1.0,0,0,0,0,0,0,0,1,0,0,0,0,0,0,0,1,0,0,0,1,0,0,0,0,0,0,1,0,0,0
1,0.0,1.0,4.0,P470057,94,38.0,1.0,0,0,1,0,0,0,0,0,0,0,0,0,0,0,1,0,0,0,0,1,0,0,0,0,0,0,1,0,0,0
3,0.0,0.833333015,6.0,P470057,94,38.0,0.7210570543488701,0,0,1,0,0,0,0,0,0,0,0,0,0,0,0,0,0,1,0,0,0,1,0,0,0,1,0,0,0,0
1,0.0,1.0,5.0,P470057,94,38.0,1.0,0,0,0,0,0,0,0,1,0,0,0,0,0,0,0,1,0,0,0,1,0,0,0,0,1,0,0,0,0,0
3,1.0,0.714286029,7.0,P470057,94,38.0,0.6199062332840658,0,0,1,0,0,0,0,0,0,0,0,0,0,0,0,1,0,0,0,1,0,0,0,0,0,0,1,0,0,0
5,1.0,0.800000012,5.0,P470057,94,38.0,0.6989700043360187,0,0,0,0,1,0,0,0,0,0,0,0,0,0,0,1,0,0,0,1,0,0,0,0,1,0,0,0,0,0
5,1.0,0.666666985,6.0,P503668,86,69.0,0.5943161289177871,0,0,0,0,1,0,0,0,0,0,0,0,0,0,0,0,0,1,0,0,1,0,0,0,0,0,1,0,0,0
5,1.0,1.0,4.0,P503668,86,69.0,1.0,0,0,1,0,0,0,0,0,0,0,0,0,0,0,0,1,0,0,0,0,1,0,0,1,0,0,0,0,0,0
1,0.0,0.428570986,7.0,P482321,94,22.0,0.4627564263195183,0,0,1,0,0,0,0,0,0,0,0,0,0,0,0,1,0,0,0,1,0,0,0,0,0,0,1,0,0,0
3,1.0,0.916666985,12.0,P482321,94,22.0,0.7818957080144684,0,0,1,0,0,0,0,0,0,0,0,0,0,0,0,0,0,1,0,1,0,0,0,0,0,0,0,0,0,1
4,1.0,0.400000006,5.0,P482321,94,22.0,0.4421141086977403,0,0,0,0,0,1,0,0,0,0,0,0,0,0,0,1,0,0,0,1,0,0,0,0,1,0,0,0,0,0
4,1.0,1.0,9.0,P482321,94,22.0,1.0,0,0,0,0,0,0,0,0,0,0,0,0,1,0,0,1,0,0,0,1,0,0,0,0,1,0,0,0,0,0
1,0.0,0.666666985,21.0,P500288,27,60.0,0.5656511481581256,0,0,1,0,0,0,0,0,0,0,0,0,0,0,0,0,0,1,0,1,0,0,0,0,1,0,0,0,0,0
5,1.0,0.142857,7.0,P500288,27,60.0,0.2626495350371936,0,0,0,0,0,1,0,0,0,0,0,0,0,0,0,1,0,0,0,0,0,0,1,0,1,0,0,0,0,0
5,1.0,0.833333015,6.0,P442535,78,15.0,0.7210570543488701,0,0,0,0,0,1,0,0,0,0,0,0,0,0,0,1,0,0,0,1,0,0,0,1,0,0,0,0,0,0
5,1.0,1.0,12.0,P442535,78,15.0,1.0,0,0,1,0,0,0,0,0,0,0,0,0,0,0,0,1,0,0,0,1,0,0,0,0,0,0,1,0,0,0
5,1.0,0.800000012,5.0,P442535,78,15.0,0.6989700043360187,0,0,0,1,0,0,0,0,0,0,0,0,0,0,1,0,0,0,0,0,0,1,0,0,0,1,0,0,0,0
4,1.0,0.75,4.0,P442535,78,15.0,0.6666666666666667,0,0,0,0,1,0,0,0,0,0,0,0,0,0,0,0,0,0,1,1,0,0,0,0,0,0,1,0,0,0
1,0.0,0.666666985,15.0,P442535,78,15.0,0.5723372020956964,0,0,0,0,1,0,0,0,0,0,0,0,0,0,1,0,0,0,0,1,0,0,0,0,0,1,0,0,0,0
3,0.0,0.0,25.0,P500993,65,25.0,0.0,0,0,1,0,0,0,0,0,0,0,0,0,0,0,0,0,0,0,1,1,0,0,0,0,0,1,0,0,0,0
2,0.0,0.625,8.0,P500993,65,25.0,0.5637914160289369,0,0,0,0,0,1,0,0,0,0,0,0,0,0,0,1,0,0,0,1,0,0,0,0,0,0,1,0,0,0
4,1.0,0.818181992,22.0,P392248,22,28.0,0.646578519633974,0,0,0,1,0,0,0,0,0,0,0,0,0,0,0,1,0,0,0,0,0,0,1,0,0,0,1,0,0,0
1,0.0,1.0,4.0,P392248,22,28.0,1.0,0,0,0,0,0,1,0,0,0,0,0,0,0,0,0,1,0,0,0,1,0,0,0,0,0,0,1,0,0,0
5,1.0,0.800000012,5.0,P392248,22,28.0,0.6989700043360187,0,0,0,0,0,0,0,1,0,0,0,0,0,0,0,1,0,0,0,1,0,0,0,0,0,0,1,0,0,0
4,0.0,0.75,4.0,P467122,42,49.0,0.6666666666666667,0,0,0,0,0,1,0,0,0,0,0,0,0,0,0,1,0,0,0,1,0,0,0,0,1,0,0,0,0,0
4,1.0,0.200000003,5.0,P467122,42,49.0,0.3010299956639811,0,0,0,0,0,1,0,0,0,0,0,0,0,0,0,1,0,0,0,1,0,0,0,0,0,0,1,0,0,0
4,1.0,1.0,4.0,P439057,40,45.0,1.0,0,0,0,0,1,0,0,0,0,0,0,0,0,0,1,0,0,0,0,1,0,0,0,0,0,0,1,0,0,0
5,1.0,1.0,10.0,P268700,61,83.0,1.0,0,0,0,0,1,0,0,0,0,0,0,0,0,0,0,1,0,0,0,1,0,0,0,0,0,0,1,0,0,0
4,1.0,0.857142985,7.0,P268700,61,83.0,0.7373504649628064,0,0,0,0,1,0,0,0,0,0,0,0,0,0,0,1,0,0,0,0,1,0,0,0,0,0,1,0,0,0
5,1.0,1.0,6.0,P268700,61,83.0,1.0,0,0,0,0,1,0,0,0,0,0,0,0,0,0,0,1,0,0,0,0,1,0,0,0,0,0,1,0,0,0
5,1.0,1.0,10.0,P268700,61,83.0,1.0,0,0,0,0,1,0,0,0,0,0,0,0,0,0,0,1,0,0,0,0,1,0,0,0,0,0,1,0,0,0
5,1.0,0.75,4.0,P268700,61,83.0,0.6666666666666667,0,0,0,0,1,0,0,0,0,0,0,0,0,0,0,1,0,0,0,0,1,0,0,0,0,0,1,0,0,0
5,1.0,1.0,8.0,P268700,61,83.0,1.0,0,0,0,0,1,0,0,0,0,0,0,0,0,0,0,1,0,0,0,1,0,0,0,0,0,0,1,0,0,0
5,1.0,0.714286029,7.0,P453226,94,40.0,0.6199062332840658,0,0,0,0,1,0,0,0,0,0,0,0,0,0,0,1,0,0,0,1,0,0,0,0,0,0,1,0,0,0
2,0.0,0.571429014,7.0,P453226,94,40.0,0.5372435736804816,0,0,1,0,0,0,0,0,0,0,0,0,0,0,1,0,0,0,0,0,1,0,0,0,0,1,0,0,0,0
1,0.0,1.0,4.0,P453226,94,40.0,1.0,0,0,0,0,0,1,0,0,0,0,0,0,0,0,0,0,0,0,1,1,0,0,0,0,0,0,1,0,0,0
3,0.0,1.0,4.0,P453226,94,40.0,1.0,0,0,0,0,1,0,0,0,0,0,0,0,0,0,0,0,0,0,1,1,0,0,0,0,0,0,1,0,0,0
1,0.0,0.466666996,15.0,P453226,94,40.0,0.4862295731793668,0,0,0,0,0,1,0,0,0,0,0,0,0,0,0,1,0,0,0,0,0,0,1,0,1,0,0,0,0,0
4,1.0,0.833333015,6.0,P453226,94,40.0,0.7210570543488701,0,0,0,1,0,0,0,0,0,0,0,0,0,0,0,1,0,0,0,1,0,0,0,0,0,0,1,0,0,0
5,1.0,1.0,7.0,P453226,94,40.0,1.0,0,0,1,0,0,0,0,0,0,0,0,0,0,0,0,1,0,0,0,0,0,1,0,0,0,0,1,0,0,0
5,1.0,0.5,6.0,P450262,99,12.99,0.5,0,0,0,0,1,0,0,0,0,0,0,0,0,0,0,1,0,0,0,1,0,0,0,0,0,0,1,0,0,0
1,0.0,0.25,8.0,P450262,99,12.99,0.3608488067145302,0,0,0,0,0,0,0,0,0,0,0,0,1,0,0,1,0,0,0,1,0,0,0,0,1,0,0,0,0,0
3,0.0,0.0,4.0,P450262,99,12.99,0.0,0,0,0,0,0,0,0,1,0,0,0,0,0,0,0,1,0,0,0,0,0,0,1,0,0,0,1,0,0,0
2,0.0,0.666666985,9.0,P450262,99,12.99,0.583970804646981,0,0,1,0,0,0,0,0,0,0,0,0,0,0,1,0,0,0,0,0,1,0,0,0,0,1,0,0,0,0
5,1.0,1.0,9.0,P450262,99,12.99,1.0,0,0,0,0,0,1,0,0,0,0,0,0,0,0,0,1,0,0,0,1,0,0,0,0,1,0,0,0,0,0
5,1.0,0.75,4.0,P450262,99,12.99,0.6666666666666667,0,0,1,0,0,0,0,0,0,0,0,0,0,0,0,0,0,1,0,0,0,0,1,0,0,0,1,0,0,0
5,1.0,0.944444001,36.0,P450262,99,12.99,0.7639403419861699,0,0,0,0,0,0,0,0,0,0,0,0,1,0,0,1,0,0,0,1,0,0,0,0,1,0,0,0,0,0
5,1.0,1.0,9.0,P450262,99,12.99,1.0,0,0,0,1,0,0,0,0,0,0,0,0,0,0,1,0,0,0,0,0,1,0,0,0,0,0,1,0,0,0
5,1.0,0.839999974,25.0,P448719,72,88.0,0.657601396626028,0,0,0,0,1,0,0,0,0,0,0,0,0,0,0,1,0,0,0,1,0,0,0,0,0,0,1,0,0,0
5,1.0,0.75,4.0,P448719,72,88.0,0.6666666666666667,0,0,0,0,0,0,0,1,0,0,0,0,0,0,1,0,0,0,0,1,0,0,0,0,0,1,0,0,0,0
5,1.0,1.0,8.0,P448719,72,88.0,1.0,0,0,0,0,1,0,0,0,0,0,0,0,0,0,1,0,0,0,0,1,0,0,0,0,0,0,1,0,0,0
4,1.0,0.64102602,39.0,P448719,72,88.0,0.5460972853141778,0,0,0,0,0,0,0,1,0,0,0,0,0,0,0,1,0,0,0,1,0,0,0,0,0,0,1,0,0,0
2,0.0,0.555555999,9.0,P407448,89,46.0,0.5268025545616606,0,0,0,0,0,1,0,0,0,0,0,0,0,0,1,0,0,0,0,0,0,1,0,0,0,1,0,0,0,0
1,0.0,0.300000012,10.0,P407448,89,46.0,0.3999999999999999,0,0,1,0,0,0,0,0,0,0,0,0,0,0,0,0,0,0,1,0,0,0,1,0,0,0,1,0,0,0
5,1.0,1.0,5.0,P407448,89,46.0,1.0,0,0,0,0,1,0,0,0,0,0,0,0,0,0,1,0,0,0,0,1,0,0,0,0,0,1,0,0,0,0
5,1.0,1.0,10.0,P407448,89,46.0,1.0,0,0,1,0,0,0,0,0,0,0,0,0,0,0,0,0,0,0,1,0,0,0,1,0,0,0,0,0,0,1
4,1.0,0.857142985,7.0,P407448,89,46.0,0.7373504649628064,0,0,0,0,1,0,0,0,0,0,0,0,0,0,1,0,0,0,0,1,0,0,0,0,0,1,0,0,0,0
4,1.0,1.0,5.0,P407448,89,46.0,1.0,0,0,0,0,0,0,0,1,0,0,0,0,0,0,0,1,0,0,0,0,1,0,0,0,0,0,1,0,0,0
2,0.0,1.0,11.0,P407448,89,46.0,1.0,0,0,1,0,0,0,0,0,0,0,0,0,0,0,0,0,0,0,1,1,0,0,0,0,0,1,0,0,0,0
5,1.0,1.0,4.0,P481366,6,34.0,1.0,0,0,0,0,1,0,0,0,0,0,0,0,0,0,0,1,0,0,0,0,0,1,0,0,0,1,0,0,0,0
1,0.0,0.666666985,9.0,P481366,6,34.0,0.583970804646981,0,0,0,0,0,1,0,0,0,0,0,0,0,0,0,1,0,0,0,0,0,1,0,0,0,0,1,0,0,0
5,1.0,0.222222,9.0,P481366,6,34.0,0.3456871240434053,0,0,0,0,0,0,1,0,0,0,0,0,0,0,0,1,0,0,0,0,0,0,1,0,1,0,0,0,0,0
5,1.0,0.800000012,5.0,P441220,29,36.0,0.6989700043360187,0,0,0,0,1,0,0,0,0,0,0,0,0,0,1,0,0,0,0,0,0,1,0,0,0,1,0,0,0,0
2,0.0,0.189189002,37.0,P441220,29,36.0,0.3771594115778224,0,0,0,0,1,0,0,0,0,0,0,0,0,0,0,0,0,1,0,0,0,0,1,0,0,1,0,0,0,0
5,1.0,0.833333015,6.0,P441220,29,36.0,0.7210570543488701,0,0,0,0,0,0,0,1,0,0,0,0,0,0,0,1,0,0,0,1,0,0,0,0,1,0,0,0,0,0
5,1.0,0.857142985,7.0,P441220,29,36.0,0.7373504649628064,0,0,1,0,0,0,0,0,0,0,0,0,0,0,0,1,0,0,0,1,0,0,0,0,1,0,0,0,0,0
4,1.0,1.0,6.0,P441220,29,36.0,1.0,0,0,1,0,0,0,0,0,0,0,0,0,0,0,1,0,0,0,0,1,0,0,0,0,0,1,0,0,0,0
2,0.0,0.800000012,5.0,P468637,9,30.0,0.6989700043360187,0,0,0,0,1,0,0,0,0,0,0,0,0,0,1,0,0,0,0,1,0,0,0,0,0,1,0,0,0,0
5,1.0,0.75,4.0,P468637,9,30.0,0.6666666666666667,0,0,1,0,0,0,0,0,0,0,0,0,0,0,0,0,0,1,0,1,0,0,0,0,0,1,0,0,0,0
3,1.0,0.307691991,13.0,P468637,9,30.0,0.411408089932221,0,0,0,0,0,1,0,0,0,0,0,0,0,0,0,1,0,0,0,0,0,0,1,0,1,0,0,0,0,0
4,1.0,1.0,5.0,P468637,9,30.0,1.0,0,0,1,0,0,0,0,0,0,0,0,0,0,0,1,0,0,0,0,0,0,1,0,0,0,1,0,0,0,0
5,1.0,1.0,6.0,P468637,9,30.0,1.0,0,0,1,0,0,0,0,0,0,0,0,0,0,0,1,0,0,0,0,1,0,0,0,0,0,1,0,0,0,0
5,1.0,0.909090996,11.0,P468637,9,30.0,0.7757561757824245,0,0,1,0,0,0,0,0,0,0,0,0,0,0,1,0,0,0,0,0,1,0,0,0,0,1,0,0,0,0
5,1.0,0.75,4.0,P468637,9,30.0,0.6666666666666667,0,0,1,0,0,0,0,0,0,0,0,0,0,0,1,0,0,0,0,0,0,1,0,0,0,1,0,0,0,0
3,0.0,0.5,26.0,P481340,18,39.0,0.5,0,0,0,0,0,0,0,0,0,0,0,0,1,0,0,1,0,0,0,0,0,0,1,1,0,0,0,0,0,0
5,1.0,1.0,6.0,P481340,18,39.0,1.0,0,0,0,0,0,1,0,0,0,0,0,0,0,0,0,1,0,0,0,0,0,0,1,0,0,0,1,0,0,0
5,1.0,1.0,4.0,P481340,18,39.0,1.0,0,0,0,1,0,0,0,0,0,0,0,0,0,0,1,0,0,0,0,1,0,0,0,0,0,1,0,0,0,0
2,0.0,1.0,4.0,P481340,18,39.0,1.0,0,0,0,0,0,1,0,0,0,0,0,0,0,0,1,0,0,0,0,1,0,0,0,0,0,0,1,0,0,0
1,0.0,0.25,16.0,P481340,18,39.0,0.3855506948387032,0,0,1,0,0,0,0,0,0,0,0,0,0,0,0,0,0,0,1,0,0,1,0,0,1,0,0,0,0,0
5,1.0,0.899999976,10.0,P481340,18,39.0,0.7686217868402409,0,0,0,1,0,0,0,0,0,0,0,0,0,0,0,1,0,0,0,0,1,0,0,0,0,0,1,0,0,0
1,0.0,0.5,38.0,P481340,18,39.0,0.5,0,0,1,0,0,0,0,0,0,0,0,0,0,0,0,1,0,0,0,1,0,0,0,0,0,0,1,0,0,0
4,1.0,0.600000024,5.0,P481340,18,39.0,0.5578858913022596,0,0,1,0,0,0,0,0,0,0,0,0,0,0,0,1,0,0,0,1,0,0,0,0,0,0,1,0,0,0
5,1.0,0.909090996,11.0,P462390,72,58.0,0.7757561757824245,0,0,0,0,0,0,0,0,0,0,0,1,0,0,0,1,0,0,0,1,0,0,0,0,0,0,1,0,0,0
5,1.0,1.0,4.0,P462390,72,58.0,1.0,0,0,1,0,0,0,0,0,0,0,0,0,0,0,0,0,0,0,1,1,0,0,0,0,0,1,0,0,0,0
1,0.0,0.666666985,6.0,P469506,70,55.0,0.5943161289177871,0,0,1,0,0,0,0,0,0,0,0,0,0,0,1,0,0,0,0,1,0,0,0,0,0,1,0,0,0,0
2,0.0,0.600000024,15.0,P469506,70,55.0,0.5419766203817946,0,0,1,0,0,0,0,0,0,0,0,0,0,0,0,0,0,1,0,1,0,0,0,0,0,1,0,0,0,0
5,1.0,1.0,11.0,P469506,70,55.0,1.0,0,0,1,0,0,0,0,0,0,0,0,0,0,0,1,0,0,0,0,1,0,0,0,0,0,0,0,0,0,1
5,1.0,1.0,12.0,P469506,70,55.0,1.0,0,1,0,0,0,0,0,0,0,0,0,0,0,0,0,1,0,0,0,0,0,0,1,0,1,0,0,0,0,0
4,1.0,0.461537987,13.0,P469506,70,55.0,0.4834136986177055,0,0,0,0,1,0,0,0,0,0,0,0,0,0,0,1,0,0,0,1,0,0,0,0,0,0,1,0,0,0
4,1.0,0.666666985,6.0,P375852,79,145.0,0.5943161289177871,0,0,0,0,0,0,0,1,0,0,0,0,0,0,0,1,0,0,0,0,0,0,1,0,1,0,0,0,0,0
5,1.0,0.833333015,6.0,P375852,79,145.0,0.7210570543488701,0,0,0,1,0,0,0,0,0,0,0,0,0,0,1,0,0,0,0,0,1,0,0,0,0,1,0,0,0,0
1,0.0,0.800000012,5.0,P375852,79,145.0,0.6989700043360187,0,1,0,0,0,0,0,0,0,0,0,0,0,0,0,1,0,0,0,0,1,0,0,0,0,0,1,0,0,0
5,1.0,0.969696999,66.0,P375852,79,145.0,0.7916532560895285,0,0,1,0,0,0,0,0,0,0,0,0,0,0,1,0,0,0,0,0,1,0,0,0,1,0,0,0,0,0
4,1.0,0.945945978,37.0,P375852,79,145.0,0.7653606369886217,0,0,1,0,0,0,0,0,0,0,0,0,0,0,1,0,0,0,0,0,1,0,0,0,1,0,0,0,0,0
5,1.0,0.967742026,31.0,P375852,79,145.0,0.832051221042958,0,0,1,0,0,0,0,0,0,0,0,0,0,0,1,0,0,0,0,0,1,0,0,0,1,0,0,0,0,0
5,1.0,0.666666985,6.0,P375852,79,145.0,0.5943161289177871,0,0,1,0,0,0,0,0,0,0,0,0,0,0,1,0,0,0,0,0,1,0,0,0,1,0,0,0,0,0
5,1.0,0.942308009,52.0,P375852,79,145.0,0.7383519587043745,0,0,1,0,0,0,0,0,0,0,0,0,0,0,1,0,0,0,0,0,1,0,0,0,1,0,0,0,0,0
5,1.0,0.75,8.0,P479329,48,45.0,0.6391511932854698,0,0,0,0,0,1,0,0,0,0,0,0,0,0,0,1,0,0,0,1,0,0,0,0,1,0,0,0,0,0
5,1.0,0.400000006,5.0,P479329,48,45.0,0.4421141086977403,0,0,0,0,1,0,0,0,0,0,0,0,0,0,0,0,0,1,0,1,0,0,0,0,0,1,0,0,0,0
1,0.0,0.625,8.0,P479329,48,45.0,0.5637914160289369,0,0,0,0,0,0,0,1,0,0,0,0,0,0,0,1,0,0,0,1,0,0,0,0,1,0,0,0,0,0
3,0.0,0.736841977,19.0,P466163,106,47.0,0.6018143876079656,0,0,1,0,0,0,0,0,0,0,0,0,0,0,0,1,0,0,0,0,0,0,1,0,0,0,1,0,0,0
5,1.0,0.833333015,6.0,P466163,106,47.0,0.7210570543488701,0,0,0,0,1,0,0,0,0,0,0,0,0,0,1,0,0,0,0,0,1,0,0,0,0,0,1,0,0,0
4,1.0,1.0,4.0,P464243,21,30.0,1.0,0,0,0,0,0,0,0,1,0,0,0,0,0,0,0,1,0,0,0,0,0,1,0,0,0,0,1,0,0,0
5,1.0,1.0,8.0,P464243,21,30.0,1.0,0,0,1,0,0,0,0,0,0,0,0,0,0,0,1,0,0,0,0,1,0,0,0,0,0,0,1,0,0,0
5,1.0,0.916666985,12.0,P473828,19,40.0,0.7818957080144684,0,0,0,0,0,1,0,0,0,0,0,0,0,0,0,1,0,0,0,0,1,0,0,0,0,0,1,0,0,0
4,1.0,1.0,4.0,P429529,19,7.0,1.0,0,0,0,0,1,0,0,0,0,0,0,0,0,0,0,1,0,0,0,1,0,0,0,0,1,0,0,0,0,0
4,1.0,1.0,4.0,P476415,86,35.0,1.0,0,0,0,0,0,1,0,0,0,0,0,0,0,0,0,1,0,0,0,1,0,0,0,0,0,0,1,0,0,0
5,1.0,1.0,7.0,P476415,86,35.0,1.0,0,0,1,0,0,0,0,0,0,0,0,0,0,0,1,0,0,0,0,0,1,0,0,0,0,0,1,0,0,0
5,1.0,1.0,9.0,P442758,101,7.5,1.0,0,0,0,0,0,0,0,1,0,0,0,0,0,0,0,1,0,0,0,0,0,0,1,0,1,0,0,0,0,0
3,1.0,0.5,16.0,P442758,101,7.5,0.5,0,0,0,0,1,0,0,0,0,0,0,0,0,0,0,1,0,0,0,0,0,1,0,0,0,0,1,0,0,0
5,1.0,0.800000012,5.0,P442758,101,7.5,0.6989700043360187,0,0,0,0,0,0,1,0,0,0,0,0,0,0,0,1,0,0,0,1,0,0,0,0,1,0,0,0,0,0
5,1.0,0.973333001,75.0,P442758,101,7.5,0.7966541011028518,0,0,0,0,1,0,0,0,0,0,0,0,0,0,0,1,0,0,0,1,0,0,0,0,0,0,1,0,0,0
5,1.0,0.848484993,99.0,P442758,101,7.5,0.6157316000003974,0,0,0,0,1,0,0,0,0,0,0,0,0,0,0,0,0,0,1,1,0,0,0,0,0,1,0,0,0,0
5,1.0,0.806451976,31.0,P442758,101,7.5,0.6260746255596429,0,0,1,0,0,0,0,0,0,0,0,0,0,0,0,1,0,0,0,0,0,0,1,0,0,0,1,0,0,0
5,1.0,0.952381015,21.0,P442758,101,7.5,0.814550976584631,0,0,0,0,1,0,0,0,0,0,0,0,0,0,0,0,0,1,0,0,0,1,0,0,0,0,1,0,0,0
4,1.0,0.6875,16.0,P442758,101,7.5,0.5810382621965612,0,0,0,0,0,0,0,0,0,0,0,1,0,0,0,1,0,0,0,0,0,0,1,0,1,0,0,0,0,0
2,0.0,0.243901998,41.0,P442758,101,7.5,0.4089437416830335,0,0,0,0,1,0,0,0,0,0,0,0,0,0,0,0,0,0,1,1,0,0,0,0,0,0,1,0,0,0
5,1.0,0.722221971,18.0,P442758,101,7.5,0.5956141834399917,0,0,1,0,0,0,0,0,0,0,0,0,0,0,0,1,0,0,0,0,0,0,1,0,0,0,1,0,0,0
5,1.0,0.915253997,59.0,P442758,101,7.5,0.6910276182861338,0,0,1,0,0,0,0,0,0,0,0,0,0,0,0,1,0,0,0,0,0,1,0,0,1,0,0,0,0,0
5,1.0,0.899999976,10.0,P442758,101,7.5,0.7686217868402409,0,0,0,0,1,0,0,0,0,0,0,0,0,0,0,1,0,0,0,1,0,0,0,0,0,0,1,0,0,0
5,1.0,0.899999976,20.0,P442758,101,7.5,0.7282714920267325,0,0,0,0,0,1,0,0,0,0,0,0,0,0,0,1,0,0,0,0,1,0,0,0,0,0,1,0,0,0
4,1.0,0.857142985,7.0,P442871,99,12.99,0.7373504649628064,0,0,0,0,0,1,0,0,0,0,0,0,0,0,0,1,0,0,0,1,0,0,0,0,1,0,0,0,0,0
3,0.0,1.0,8.0,P442871,99,12.99,1.0,0,0,0,0,1,0,0,0,0,0,0,0,0,0,0,1,0,0,0,0,0,1,0,0,0,0,1,0,0,0
1,0.0,0.555555999,9.0,P442871,99,12.99,0.5268025545616606,0,0,1,0,0,0,0,0,0,0,0,0,0,0,0,0,0,0,1,1,0,0,0,0,0,0,1,0,0,0
5,1.0,1.0,7.0,P442871,99,12.99,1.0,0,0,0,0,0,1,0,0,0,0,0,0,0,0,1,0,0,0,0,1,0,0,0,0,0,0,1,0,0,0
5,1.0,0.863636017,22.0,P442871,99,12.99,0.6836408181204355,0,0,0,0,1,0,0,0,0,0,0,0,0,0,0,1,0,0,0,1,0,0,0,0,1,0,0,0,0,0
3,0.0,0.857142985,21.0,P442871,99,12.99,0.6798938534903572,0,0,0,1,0,0,0,0,0,0,0,0,0,0,1,0,0,0,0,0,1,0,0,0,0,1,0,0,0,0
2,0.0,0.02,50.0,P442871,99,12.99,0.1505149978319906,0,0,0,0,1,0,0,0,0,0,0,0,0,0,0,0,0,1,0,0,0,1,0,0,0,0,1,0,0,0
5,1.0,1.0,24.0,P442871,99,12.99,1.0,0,1,0,0,0,0,0,0,0,0,0,0,0,0,0,1,0,0,0,1,0,0,0,0,1,0,0,0,0,0
5,1.0,0.800000012,65.0,P442871,99,12.99,0.600708446093469,0,0,1,0,0,0,0,0,0,0,0,0,0,0,1,0,0,0,0,0,1,0,0,0,0,0,0,0,0,1
3,0.0,0.833333015,12.0,P479632,19,45.0,0.6857972507265685,0,0,0,0,1,0,0,0,0,0,0,0,0,0,0,1,0,0,0,0,1,0,0,0,0,0,1,0,0,0
5,1.0,1.0,7.0,P470507,2,180.0,1.0,0,0,0,0,1,0,0,0,0,0,0,0,0,0,0,1,0,0,0,0,1,0,0,0,1,0,0,0,0,0
2,0.0,0.722221971,18.0,P470507,2,180.0,0.5956141834399917,0,0,0,0,0,0,0,0,0,0,0,0,1,0,0,1,0,0,0,0,0,1,0,0,0,0,1,0,0,0
5,1.0,0.75,4.0,P470507,2,180.0,0.6666666666666667,0,0,0,0,1,0,0,0,0,0,0,0,0,0,1,0,0,0,0,1,0,0,0,1,0,0,0,0,0,0
2,0.0,1.0,6.0,P501028,22,60.0,1.0,0,0,0,0,1,0,0,0,0,0,0,0,0,0,1,0,0,0,0,1,0,0,0,0,0,1,0,0,0,0
5,1.0,0.636363983,11.0,P501028,22,60.0,0.5637054741273227,0,0,0,0,1,0,0,0,0,0,0,0,0,0,0,0,0,0,1,1,0,0,0,0,0,1,0,0,0,0
5,1.0,1.0,6.0,P423142,14,74.0,1.0,0,0,0,0,1,0,0,0,0,0,0,0,0,0,0,1,0,0,0,1,0,0,0,0,1,0,0,0,0,0
4,1.0,0.571429014,7.0,P402944,87,89.0,0.5372435736804816,0,0,0,0,1,0,0,0,0,0,0,0,0,0,1,0,0,0,0,0,0,1,0,0,0,0,1,0,0,0
2,0.0,0.899999976,100.0,P402944,87,89.0,0.6529193249154452,0,0,0,0,1,0,0,0,0,0,0,0,0,0,1,0,0,0,0,1,0,0,0,0,0,0,1,0,0,0
5,1.0,0.507691979,65.0,P402944,87,89.0,0.502125411070218,0,0,1,0,0,0,0,0,0,0,0,0,0,0,0,1,0,0,0,0,1,0,0,0,1,0,0,0,0,0
1,0.0,1.0,31.0,P402944,87,89.0,1.0,0,0,0,0,0,1,0,0,0,0,0,0,0,0,0,0,0,1,0,0,0,1,0,0,0,0,1,0,0,0
5,1.0,0.888889015,9.0,P402944,87,89.0,0.7601875334318686,0,0,0,0,1,0,0,0,0,0,0,0,0,0,0,1,0,0,0,0,0,0,1,0,0,0,0,1,0,0
4,1.0,0.949999988,20.0,P402944,87,89.0,0.8120981752908923,0,0,0,1,0,0,0,0,0,0,0,0,0,0,0,0,0,1,0,1,0,0,0,0,0,1,0,0,0,0
1,0.0,0.797468007,79.0,P402944,87,89.0,0.594797730056005,0,0,0,0,0,1,0,0,0,0,0,0,0,0,0,0,0,1,0,0,1,0,0,0,0,1,0,0,0,0
3,1.0,0.868852019,61.0,P402944,87,89.0,0.6448188687256334,0,0,0,0,1,0,0,0,0,0,0,0,0,0,1,0,0,0,0,1,0,0,0,0,0,0,1,0,0,0
5,1.0,0.699999988,10.0,P402944,87,89.0,0.6,0,0,0,0,1,0,0,0,0,0,0,0,0,0,1,0,0,0,0,1,0,0,0,0,0,0,1,0,0,0
4,1.0,1.0,5.0,P467247,28,28.0,1.0,0,0,0,0,0,0,1,0,0,0,0,0,0,0,0,1,0,0,0,1,0,0,0,0,0,0,1,0,0,0
2,0.0,0.1875,16.0,P467247,28,28.0,0.3443908675881962,0,0,0,1,0,0,0,0,0,0,0,0,0,0,0,0,0,0,1,0,0,1,0,0,0,0,1,0,0,0
5,1.0,1.0,4.0,P467247,28,28.0,1.0,0,0,0,0,0,0,1,0,0,0,0,0,0,0,1,0,0,0,0,0,0,1,0,0,0,1,0,0,0,0
4,1.0,1.0,4.0,P467247,28,28.0,1.0,0,0,1,0,0,0,0,0,0,0,0,0,0,0,0,0,0,0,1,0,0,1,0,0,0,0,1,0,0,0
5,1.0,1.0,6.0,P467247,28,28.0,1.0,0,0,0,0,1,0,0,0,0,0,0,0,0,0,1,0,0,0,0,0,0,1,0,0,0,0,1,0,0,0
5,1.0,1.0,8.0,P467247,28,28.0,1.0,0,0,0,0,0,0,0,0,0,0,0,0,1,0,0,1,0,0,0,0,0,0,1,1,0,0,0,0,0,0
5,1.0,1.0,7.0,P467247,28,28.0,1.0,0,0,0,0,1,0,0,0,0,0,0,0,0,0,0,1,0,0,0,0,0,1,0,0,1,0,0,0,0,0
3,1.0,0.800000012,15.0,P474340,46,50.0,0.649149872836091,0,0,1,0,0,0,0,0,0,0,0,0,0,0,0,0,0,1,0,1,0,0,0,0,0,1,0,0,0,0
1,0.0,0.571429014,7.0,P474340,46,50.0,0.5372435736804816,0,0,1,0,0,0,0,0,0,0,0,0,0,0,0,0,0,0,1,0,0,1,0,0,0,1,0,0,0,0
1,0.0,0.428570986,7.0,P503693,22,68.0,0.4627564263195183,0,0,1,0,0,0,0,0,0,0,0,0,0,0,0,0,0,0,1,0,0,1,0,0,0,1,0,0,0,0
4,1.0,0.600000024,5.0,P503693,22,68.0,0.5578858913022596,0,0,1,0,0,0,0,0,0,0,0,0,0,0,0,0,0,1,0,1,0,0,0,0,0,1,0,0,0,0
5,1.0,0.428570986,7.0,P503693,22,68.0,0.4627564263195183,0,0,0,0,1,0,0,0,0,0,0,0,0,0,0,0,0,1,0,1,0,0,0,0,1,0,0,0,0,0
5,1.0,0.571429014,7.0,P438617,78,18.0,0.5372435736804816,0,0,0,0,1,0,0,0,0,0,0,0,0,0,0,1,0,0,0,1,0,0,0,1,0,0,0,0,0,0
5,1.0,1.0,5.0,P438617,78,18.0,1.0,0,0,0,0,0,1,0,0,0,0,0,0,0,0,0,1,0,0,0,1,0,0,0,0,0,1,0,0,0,0
2,0.0,0.346154004,26.0,P479348,86,30.0,0.4434053967922575,0,0,0,0,0,1,0,0,0,0,0,0,0,0,1,0,0,0,0,0,0,1,0,0,1,0,0,0,0,0
1,0.0,0.722221971,18.0,P480613,53,180.0,0.5956141834399917,0,0,1,0,0,0,0,0,0,0,0,0,0,0,0,1,0,0,0,0,0,1,0,0,1,0,0,0,0,0
5,1.0,0.5,6.0,P482024,53,125.0,0.5,0,0,0,0,1,0,0,0,0,0,0,0,0,0,0,0,0,1,0,0,1,0,0,0,0,0,1,0,0,0
3,1.0,0.666666985,9.0,P500019,110,38.0,0.583970804646981,0,0,1,0,0,0,0,0,0,0,0,0,0,0,0,1,0,0,0,1,0,0,0,0,0,1,0,0,0,0
5,1.0,1.0,6.0,P438618,78,12.0,1.0,0,0,0,0,0,1,0,0,0,0,0,0,0,0,1,0,0,0,0,1,0,0,0,0,0,1,0,0,0,0
5,1.0,0.800000012,5.0,P438618,78,12.0,0.6989700043360187,0,0,1,0,0,0,0,0,0,0,0,0,0,0,1,0,0,0,0,0,1,0,0,0,0,1,0,0,0,0
5,1.0,0.0,4.0,P438618,78,12.0,0.0,0,0,0,0,0,1,0,0,0,0,0,0,0,0,0,1,0,0,0,0,0,0,1,0,1,0,0,0,0,0
1,0.0,0.5,18.0,P442837,86,50.0,0.5,0,0,0,0,1,0,0,0,0,0,0,0,0,0,1,0,0,0,0,0,0,1,0,0,0,1,0,0,0,0
4,1.0,0.823529005,17.0,P442837,86,50.0,0.6614123848024371,0,0,0,0,1,0,0,0,0,0,0,0,0,0,1,0,0,0,0,1,0,0,0,0,0,1,0,0,0,0
3,1.0,0.0,9.0,P442837,86,50.0,0.0,0,0,1,0,0,0,0,0,0,0,0,0,0,0,1,0,0,0,0,1,0,0,0,0,0,1,0,0,0,0
1,0.0,0.9375,32.0,P442837,86,50.0,0.7576198183122896,0,0,0,0,1,0,0,0,0,0,0,0,0,0,0,0,0,1,0,0,1,0,0,0,0,1,0,0,0,0
5,1.0,0.863636017,22.0,P420158,111,48.0,0.6836408181204355,0,0,0,1,0,0,0,0,0,0,0,0,0,0,0,1,0,0,0,1,0,0,0,0,1,0,0,0,0,0
2,0.0,0.888889015,18.0,P420158,111,48.0,0.7205846872952778,0,0,0,0,0,0,0,1,0,0,0,0,0,0,0,1,0,0,0,1,0,0,0,0,0,0,1,0,0,0
5,1.0,0.93333298,15.0,P420158,111,48.0,0.7962049529094938,0,0,0,0,0,0,0,1,0,0,0,0,0,0,0,1,0,0,0,1,0,0,0,0,0,0,1,0,0,0
5,1.0,0.714286029,7.0,P501236,33,240.0,0.6199062332840658,0,0,0,0,1,0,0,0,0,0,0,0,0,0,0,1,0,0,0,0,0,1,0,0,1,0,0,0,0,0
3,1.0,0.928570986,42.0,P504007,19,48.0,0.7268479048030357,0,0,1,0,0,0,0,0,0,0,0,0,0,0,0,0,0,1,0,1,0,0,0,0,0,0,1,0,0,0
5,1.0,0.75,4.0,P442990,75,40.0,0.6666666666666667,0,0,0,0,1,0,0,0,0,0,0,0,0,0,0,0,0,1,0,1,0,0,0,0,0,0,1,0,0,0
5,1.0,0.75,4.0,P442990,75,40.0,0.6666666666666667,0,0,0,0,1,0,0,0,0,0,0,0,0,0,0,0,0,0,1,0,0,0,1,0,0,0,1,0,0,0
1,0.0,0.928570986,28.0,P442990,75,40.0,0.75,0,0,0,0,0,0,0,0,0,0,0,0,1,0,0,1,0,0,0,1,0,0,0,0,1,0,0,0,0,0
5,1.0,0.75,12.0,P460624,14,39.5,0.6241963505817848,0,0,0,0,0,0,0,1,0,0,0,0,0,0,0,1,0,0,0,0,0,1,0,0,0,0,1,0,0,0
1,0.0,0.863636017,22.0,P377368,47,56.0,0.6836408181204355,0,0,0,0,0,1,0,0,0,0,0,0,0,1,0,0,0,0,0,1,0,0,0,0,0,0,1,0,0,0
4,1.0,0.9375,16.0,P377368,47,56.0,0.7999999999999999,0,0,1,0,0,0,0,0,0,0,0,0,0,0,0,1,0,0,0,1,0,0,0,0,1,0,0,0,0,0
5,1.0,0.25,4.0,P377368,47,56.0,0.3333333333333333,0,0,1,0,0,0,0,0,0,0,0,0,0,0,0,1,0,0,0,1,0,0,0,0,1,0,0,0,0,0
1,1.0,0.758620977,29.0,P377368,47,56.0,0.6012527021745621,0,0,1,0,0,0,0,0,0,0,0,0,0,0,0,1,0,0,0,1,0,0,0,0,1,0,0,0,0,0
4,1.0,0.928570986,14.0,P377368,47,56.0,0.7919854023234905,0,0,1,0,0,0,0,0,0,0,0,0,0,0,0,1,0,0,0,1,0,0,0,0,1,0,0,0,0,0
5,1.0,0.0,4.0,P377368,47,56.0,0.0,0,0,1,0,0,0,0,0,0,0,0,0,0,0,0,1,0,0,0,1,0,0,0,0,1,0,0,0,0,0
5,1.0,0.875,8.0,P377368,47,56.0,0.75,0,0,1,0,0,0,0,0,0,0,0,0,0,0,0,1,0,0,0,1,0,0,0,0,1,0,0,0,0,0
5,1.0,0.545454979,11.0,P426829,40,29.0,0.5206212286759117,0,0,0,0,0,0,1,0,0,0,0,0,0,0,0,1,0,0,0,0,0,0,1,0,0,0,1,0,0,0
5,1.0,0.766667008,60.0,P426829,40,29.0,0.5870740281818044,0,0,0,0,0,0,0,0,0,0,0,0,1,0,0,1,0,0,0,1,0,0,0,0,1,0,0,0,0,0
5,1.0,0.833333015,12.0,P426829,40,29.0,0.6857972507265685,0,0,0,0,0,0,0,1,0,0,0,0,0,0,0,1,0,0,0,1,0,0,0,0,1,0,0,0,0,0
4,1.0,1.0,6.0,P481732,75,69.0,1.0,0,0,0,0,0,0,1,0,0,0,0,0,0,0,0,1,0,0,0,1,0,0,0,0,0,0,1,0,0,0
5,1.0,0.833333015,6.0,P454837,40,58.0,0.7210570543488701,0,0,0,0,1,0,0,0,0,0,0,0,0,0,0,1,0,0,0,0,1,0,0,0,1,0,0,0,0,0
4,1.0,0.699999988,10.0,P454837,40,58.0,0.6,0,0,1,0,0,0,0,0,0,0,0,0,0,0,1,0,0,0,0,1,0,0,0,0,0,0,0,0,0,1
5,1.0,0.545454979,11.0,P503891,114,29.0,0.5206212286759117,0,0,0,0,1,0,0,0,0,0,0,0,0,0,1,0,0,0,0,1,0,0,0,0,1,0,0,0,0,0
5,1.0,1.0,18.0,P456192,73,68.0,1.0,0,0,0,1,0,0,0,0,0,0,0,0,0,0,1,0,0,0,0,1,0,0,0,0,0,0,1,0,0,0
5,1.0,1.0,14.0,P456192,73,68.0,1.0,0,0,0,0,0,0,0,0,0,0,0,1,0,0,0,1,0,0,0,1,0,0,0,0,0,0,1,0,0,0
5,1.0,0.92592603,27.0,P435386,34,21.0,0.7478343556177288,0,0,0,0,0,1,0,0,0,0,0,0,0,0,0,0,0,0,1,1,0,0,0,0,0,0,1,0,0,0
1,0.0,0.875,8.0,P435386,34,21.0,0.75,0,0,1,0,0,0,0,0,0,0,0,0,0,0,0,0,0,1,0,0,0,0,1,1,0,0,0,0,0,0
3,1.0,0.942857027,35.0,P435386,34,21.0,0.7624608115505944,0,0,0,1,0,0,0,0,0,0,0,0,0,0,0,0,0,1,0,0,0,1,0,0,0,1,0,0,0,0
3,0.0,0.909090996,11.0,P476876,45,58.0,0.7757561757824245,0,0,0,0,1,0,0,0,0,0,0,0,0,0,0,0,0,1,0,1,0,0,0,0,0,1,0,0,0,0
5,1.0,1.0,23.0,P476876,45,58.0,1.0,0,0,0,0,1,0,0,0,0,0,0,0,0,0,0,1,0,0,0,1,0,0,0,0,0,0,1,0,0,0
2,0.0,1.0,5.0,P476876,45,58.0,1.0,0,0,0,0,1,0,0,0,0,0,0,0,0,0,0,0,0,0,1,1,0,0,0,0,0,0,1,0,0,0
4,1.0,0.818181992,11.0,P282920,7,55.0,0.6769924925288455,0,0,1,0,0,0,0,0,0,0,0,0,0,0,0,0,0,0,1,0,0,0,1,0,0,0,1,0,0,0
5,1.0,1.0,5.0,P282920,7,55.0,1.0,0,1,0,0,0,0,0,0,0,0,0,0,0,0,0,0,0,0,1,0,0,0,1,0,0,0,1,0,0,0
1,1.0,0.5,4.0,P282920,7,55.0,0.5,0,0,0,0,0,1,0,0,0,0,0,0,0,0,0,0,0,0,1,0,0,0,1,0,0,0,1,0,0,0
4,1.0,0.25,4.0,P469503,70,13.0,0.3333333333333333,0,0,0,0,0,0,0,1,0,0,0,0,0,0,0,1,0,0,0,1,0,0,0,0,0,0,1,0,0,0
5,1.0,0.75,4.0,P469503,70,13.0,0.6666666666666667,0,0,0,0,0,1,0,0,0,0,0,0,0,0,1,0,0,0,0,1,0,0,0,1,0,0,0,0,0,0
1,0.0,0.722221971,18.0,P469503,70,13.0,0.5956141834399917,0,0,1,0,0,0,0,0,0,0,0,0,0,0,0,1,0,0,0,0,0,1,0,0,0,0,1,0,0,0
5,1.0,0.666666985,6.0,P469503,70,13.0,0.5943161289177871,0,0,0,0,0,1,0,0,0,0,0,0,0,0,0,1,0,0,0,1,0,0,0,1,0,0,0,0,0,0
5,1.0,1.0,4.0,P450633,91,40.0,1.0,0,0,0,0,1,0,0,0,0,0,0,0,0,0,0,0,0,1,0,1,0,0,0,0,0,0,1,0,0,0
4,1.0,0.888889015,9.0,P450633,91,40.0,0.7601875334318686,0,0,0,0,1,0,0,0,0,0,0,0,0,0,1,0,0,0,0,0,0,1,0,0,0,1,0,0,0,0
1,0.0,0.888889015,9.0,P450633,91,40.0,0.7601875334318686,0,0,0,0,0,0,0,1,0,0,0,0,0,0,0,1,0,0,0,1,0,0,0,0,0,0,1,0,0,0
5,1.0,1.0,9.0,P450633,91,40.0,1.0,0,0,1,0,0,0,0,0,0,0,0,0,0,0,1,0,0,0,0,1,0,0,0,0,0,0,1,0,0,0
5,1.0,0.5,6.0,P476730,91,13.0,0.5,0,0,0,0,1,0,0,0,0,0,0,0,0,0,1,0,0,0,0,1,0,0,0,0,0,1,0,0,0,0
5,1.0,1.0,4.0,P476730,91,13.0,1.0,0,0,0,0,0,0,0,0,0,0,0,0,1,0,0,1,0,0,0,1,0,0,0,0,0,0,1,0,0,0
4,1.0,1.0,5.0,P476730,91,13.0,1.0,0,0,0,0,0,0,0,1,0,0,0,0,0,0,0,1,0,0,0,1,0,0,0,0,1,0,0,0,0,0
2,0.0,0.899999976,10.0,P476730,91,13.0,0.7686217868402409,0,0,0,0,0,1,0,0,0,0,0,0,0,0,0,0,0,1,0,1,0,0,0,0,0,0,1,0,0,0
5,1.0,0.9375,16.0,P476730,91,13.0,0.7999999999999999,0,0,0,0,1,0,0,0,0,0,0,0,0,0,0,1,0,0,0,0,1,0,0,0,0,0,1,0,0,0
3,0.0,0.899999976,10.0,P475182,96,34.0,0.7686217868402409,0,0,0,0,1,0,0,0,0,0,0,0,0,0,0,0,0,1,0,0,1,0,0,1,0,0,0,0,0,0
3,0.0,0.800000012,5.0,P475182,96,34.0,0.6989700043360187,0,0,0,0,0,0,0,1,0,0,0,0,0,0,0,1,0,0,0,0,1,0,0,0,0,0,1,0,0,0
5,1.0,0.833333015,6.0,P475182,96,34.0,0.7210570543488701,0,0,0,0,0,0,0,0,0,0,0,0,1,0,0,1,0,0,0,0,1,0,0,0,1,0,0,0,0,0
1,0.0,1.0,7.0,P482757,96,12.0,1.0,0,0,0,1,0,0,0,0,0,0,0,0,0,0,1,0,0,0,0,0,1,0,0,0,0,0,1,0,0,0
5,1.0,0.857142985,7.0,P469522,70,37.0,0.7373504649628064,0,0,0,1,0,0,0,0,0,0,0,0,0,0,1,0,0,0,0,1,0,0,0,0,0,1,0,0,0,0
3,1.0,0.857142985,14.0,P469522,70,37.0,0.7001245250427999,0,0,0,0,0,0,1,0,0,0,0,0,0,0,0,1,0,0,0,1,0,0,0,0,0,0,0,0,0,1
3,0.0,1.0,9.0,P469522,70,37.0,1.0,0,0,0,0,0,0,1,0,0,0,0,0,0,0,0,1,0,0,0,1,0,0,0,0,1,0,0,0,0,0
5,1.0,0.714286029,7.0,P469522,70,37.0,0.6199062332840658,0,0,1,0,0,0,0,0,0,0,0,0,0,0,0,0,0,0,1,1,0,0,0,0,0,0,1,0,0,0
5,1.0,0.959999979,25.0,P469522,70,37.0,0.8228161798644421,0,0,0,0,0,0,0,1,0,0,0,0,0,0,0,1,0,0,0,0,0,0,1,0,0,0,1,0,0,0
5,1.0,0.600000024,5.0,P435800,59,42.0,0.5578858913022596,0,0,0,1,0,0,0,0,0,0,0,0,0,0,0,0,0,0,1,1,0,0,0,0,0,1,0,0,0,0
5,1.0,1.0,11.0,P435800,59,42.0,1.0,0,0,1,0,0,0,0,0,0,0,0,0,0,0,1,0,0,0,0,1,0,0,0,0,0,0,1,0,0,0
5,1.0,1.0,9.0,P435800,59,42.0,1.0,0,0,0,0,0,1,0,0,0,0,0,0,0,0,1,0,0,0,0,1,0,0,0,0,0,0,1,0,0,0
2,0.0,0.375,32.0,P435800,59,42.0,0.4572532764427534,0,0,0,0,1,0,0,0,0,0,0,0,0,0,0,0,0,1,0,0,0,0,1,0,0,0,1,0,0,0
5,1.0,0.857142985,7.0,P435800,59,42.0,0.7373504649628064,0,0,0,0,0,0,0,1,0,0,0,0,0,0,0,1,0,0,0,0,0,0,1,0,1,0,0,0,0,0
5,1.0,1.0,5.0,P435800,59,42.0,1.0,0,0,1,0,0,0,0,0,0,0,0,0,0,0,0,1,0,0,0,1,0,0,0,0,0,0,1,0,0,0
5,1.0,1.0,15.0,P435800,59,42.0,1.0,0,0,0,0,1,0,0,0,0,0,0,0,0,0,0,0,0,1,0,1,0,0,0,0,0,0,1,0,0,0
5,1.0,1.0,6.0,P435800,59,42.0,1.0,0,0,0,0,1,0,0,0,0,0,0,0,0,0,0,0,0,1,0,1,0,0,0,0,0,0,0,0,0,1
3,0.0,1.0,4.0,P480285,9,85.0,1.0,0,0,1,0,0,0,0,0,0,0,0,0,0,0,1,0,0,0,0,1,0,0,0,0,0,0,1,0,0,0
4,1.0,0.833333015,6.0,P480285,9,85.0,0.7210570543488701,0,0,0,0,0,1,0,0,0,0,0,0,0,0,0,1,0,0,0,1,0,0,0,0,0,0,1,0,0,0
1,0.0,0.800000012,5.0,P270544,5,58.0,0.6989700043360187,0,0,0,0,0,1,0,0,0,0,0,0,0,0,0,0,0,1,0,1,0,0,0,0,0,1,0,0,0,0
3,1.0,0.5,4.0,P270544,5,58.0,0.5,0,0,0,0,0,1,0,0,0,0,0,0,0,0,1,0,0,0,0,1,0,0,0,0,0,1,0,0,0,0
2,0.0,0.75,4.0,P434361,68,52.0,0.6666666666666667,0,0,0,0,1,0,0,0,0,0,0,0,0,0,0,0,0,0,1,1,0,0,0,0,0,0,1,0,0,0
2,0.0,0.333332986,9.0,P434361,68,52.0,0.4160291953530189,0,0,1,0,0,0,0,0,0,0,0,0,0,0,1,0,0,0,0,1,0,0,0,1,0,0,0,0,0,0
5,1.0,0.833333015,6.0,P434361,68,52.0,0.7210570543488701,0,0,1,0,0,0,0,0,0,0,0,0,0,0,0,1,0,0,0,1,0,0,0,0,0,0,1,0,0,0
5,1.0,0.8125,16.0,P456206,89,45.0,0.6556091324118037,0,0,0,0,0,0,0,1,0,0,0,0,0,0,0,0,0,0,1,1,0,0,0,0,0,0,1,0,0,0
5,1.0,0.75,4.0,P394826,35,26.0,0.6666666666666667,0,0,1,0,0,0,0,0,0,0,0,0,0,0,1,0,0,0,0,1,0,0,0,0,0,1,0,0,0,0
5,1.0,0.600000024,5.0,P394826,35,26.0,0.5578858913022596,0,0,0,0,0,1,0,0,0,0,0,0,0,0,0,0,0,1,0,1,0,0,0,0,0,0,1,0,0,0
5,1.0,0.962962985,27.0,P394826,35,26.0,0.82623465712856,0,0,0,1,0,0,0,0,0,0,0,0,0,1,0,0,0,0,0,0,0,0,1,0,0,0,1,0,0,0
1,0.0,0.555555999,27.0,P394826,35,26.0,0.5194508555890119,0,0,0,0,0,1,0,0,0,0,0,0,0,0,0,0,0,0,1,1,0,0,0,0,0,0,1,0,0,0
5,1.0,0.833333015,12.0,P394826,35,26.0,0.6857972507265685,0,0,0,0,0,1,0,0,0,0,0,0,0,0,0,1,0,0,0,1,0,0,0,0,1,0,0,0,0,0
5,1.0,0.857142985,14.0,P394826,35,26.0,0.7001245250427999,0,0,0,0,0,1,0,0,0,0,0,0,0,0,0,1,0,0,0,1,0,0,0,0,0,0,1,0,0,0
5,1.0,0.75,4.0,P394826,35,26.0,0.6666666666666667,0,0,0,0,0,1,0,0,0,0,0,0,0,0,0,1,0,0,0,1,0,0,0,0,0,0,1,0,0,0
5,1.0,1.0,4.0,P392239,77,7.0,1.0,0,0,1,0,0,0,0,0,0,0,0,0,0,0,0,1,0,0,0,1,0,0,0,0,0,0,1,0,0,0
4,1.0,0.699999988,10.0,P392239,77,7.0,0.6,0,0,1,0,0,0,0,0,0,0,0,0,0,0,0,1,0,0,0,1,0,0,0,0,0,0,1,0,0,0
5,1.0,0.538461983,26.0,P503052,35,15.0,0.513569206867111,0,0,0,0,0,1,0,0,0,0,0,0,0,0,0,1,0,0,0,0,0,1,0,0,1,0,0,0,0,0
3,1.0,0.850000024,40.0,P503052,35,15.0,0.6462790738806947,0,0,0,0,1,0,0,0,0,0,0,0,0,0,0,1,0,0,0,1,0,0,0,0,0,0,1,0,0,0
5,1.0,0.899999976,10.0,P503052,35,15.0,0.7686217868402409,0,0,0,0,1,0,0,0,0,0,0,0,0,0,0,1,0,0,0,1,0,0,0,0,0,1,0,0,0,0
1,0.0,0.818181992,11.0,P503052,35,15.0,0.6769924925288455,0,0,0,0,0,0,0,1,0,0,0,0,0,0,0,1,0,0,0,1,0,0,0,0,0,0,1,0,0,0
5,1.0,0.941748023,113.72000000000116,P503052,35,15.0,0.6727524783662086,0,0,0,0,1,0,0,0,0,0,0,0,0,0,0,1,0,0,0,1,0,0,0,0,1,0,0,0,0,0
5,1.0,0.952381015,21.0,P503052,35,15.0,0.814550976584631,0,0,0,0,1,0,0,0,0,0,0,0,0,0,0,1,0,0,0,1,0,0,0,0,1,0,0,0,0,0
5,1.0,1.0,6.0,P432262,89,33.0,1.0,0,0,0,0,0,1,0,0,0,0,0,0,0,0,0,0,0,0,1,1,0,0,0,0,0,0,1,0,0,0
5,1.0,1.0,6.0,P432262,89,33.0,1.0,0,0,0,0,1,0,0,0,0,0,0,0,0,0,1,0,0,0,0,1,0,0,0,0,0,1,0,0,0,0
5,1.0,0.75,4.0,P432262,89,33.0,0.6666666666666667,0,0,0,0,1,0,0,0,0,0,0,0,0,0,0,1,0,0,0,0,0,1,0,0,0,0,1,0,0,0
5,1.0,0.899999976,10.0,P432262,89,33.0,0.7686217868402409,0,0,0,0,0,1,0,0,0,0,0,0,0,0,0,1,0,0,0,0,0,0,1,0,0,0,1,0,0,0
4,1.0,1.0,13.0,P432262,89,33.0,1.0,0,0,0,0,1,0,0,0,0,0,0,0,0,0,0,0,0,0,1,1,0,0,0,0,0,1,0,0,0,0
2,0.0,1.0,6.0,P432262,89,33.0,1.0,0,0,0,0,0,0,0,1,0,0,0,0,0,0,0,1,0,0,0,0,0,1,0,0,0,0,1,0,0,0
5,1.0,0.75,8.0,P432262,89,33.0,0.6391511932854698,0,0,1,0,0,0,0,0,0,0,0,0,0,0,0,0,0,1,0,1,0,0,0,0,0,0,1,0,0,0
2,0.0,1.0,5.0,P440498,58,17.0,1.0,0,0,0,0,0,0,1,0,0,0,0,0,0,0,0,1,0,0,0,1,0,0,0,0,0,0,1,0,0,0
4,1.0,0.800000012,5.0,P440498,58,17.0,0.6989700043360187,0,0,0,0,1,0,0,0,0,0,0,0,0,0,0,1,0,0,0,0,0,0,1,0,0,0,1,0,0,0
5,1.0,0.857142985,7.0,P440498,58,17.0,0.7373504649628064,0,0,0,0,0,1,0,0,0,0,0,0,0,0,0,1,0,0,0,0,0,0,1,0,0,0,1,0,0,0
5,1.0,0.777778029,9.0,P440498,58,17.0,0.6543128759565946,0,0,0,0,0,1,0,0,0,0,0,0,0,0,0,1,0,0,0,1,0,0,0,1,0,0,0,0,0,0
5,1.0,0.941175997,17.0,P440498,58,17.0,0.8034383677671774,0,0,1,0,0,0,0,0,0,0,0,0,0,0,0,1,0,0,0,1,0,0,0,0,0,0,1,0,0,0
5,1.0,0.714286029,7.0,P440498,58,17.0,0.6199062332840658,0,0,0,0,0,0,0,0,0,0,0,0,1,0,0,1,0,0,0,0,0,0,1,0,1,0,0,0,0,0
5,1.0,0.961538017,26.0,P440498,58,17.0,0.8245749364180455,0,0,0,0,0,0,0,1,0,0,0,0,0,0,0,1,0,0,0,0,1,0,0,0,0,0,1,0,0,0
1,0.0,0.75,16.0,P428816,45,42.0,0.6144493051612967,0,0,0,1,0,0,0,0,0,0,0,0,0,0,0,1,0,0,0,1,0,0,0,0,0,0,1,0,0,0
5,1.0,1.0,5.0,P428816,45,42.0,1.0,0,0,0,0,0,0,0,1,0,0,0,0,0,0,0,1,0,0,0,0,1,0,0,0,0,0,1,0,0,0
4,1.0,0.400000006,5.0,P428816,45,42.0,0.4421141086977403,0,0,0,0,0,1,0,0,0,0,0,0,0,0,0,0,0,1,0,1,0,0,0,0,1,0,0,0,0,0
4,1.0,0.75,68.0,P428816,45,42.0,0.577530808646926,0,0,0,0,1,0,0,0,0,0,0,0,0,0,0,0,0,0,1,0,1,0,0,0,0,0,1,0,0,0
5,1.0,0.78125,64.0,P428816,45,42.0,0.592153487674246,0,0,1,0,0,0,0,0,0,0,0,0,0,0,0,0,0,1,0,1,0,0,0,0,0,1,0,0,0,0
5,1.0,0.25,4.0,P475185,96,54.0,0.3333333333333333,0,0,1,0,0,0,0,0,0,0,0,0,0,0,0,0,0,1,0,1,0,0,0,0,0,1,0,0,0,0
2,0.0,1.0,4.0,P475203,96,26.0,1.0,0,0,0,0,1,0,0,0,0,0,0,0,0,0,0,1,0,0,0,1,0,0,0,0,0,0,0,1,0,0
2,0.0,0.857142985,7.0,P475203,96,26.0,0.7373504649628064,0,0,0,0,0,0,1,0,0,0,0,0,0,0,0,0,0,0,1,1,0,0,0,0,1,0,0,0,0,0
2,0.0,0.928570986,14.0,P462666,11,90.0,0.7919854023234905,0,0,0,0,0,1,0,0,0,0,0,0,0,0,0,1,0,0,0,1,0,0,0,0,0,0,1,0,0,0
5,1.0,0.800000012,5.0,P454387,94,38.0,0.6989700043360187,0,0,1,0,0,0,0,0,0,0,0,0,0,0,1,0,0,0,0,0,0,1,0,0,0,0,1,0,0,0
5,1.0,1.0,6.0,P454387,94,38.0,1.0,0,0,0,0,0,1,0,0,0,0,0,0,0,0,0,1,0,0,0,0,1,0,0,0,0,0,1,0,0,0
4,1.0,0.720000029,25.0,P454387,94,38.0,0.5860885757431284,0,0,0,0,0,0,0,1,0,0,0,0,0,0,0,1,0,0,0,1,0,0,0,0,1,0,0,0,0,0
3,0.0,0.916666985,12.0,P454387,94,38.0,0.7818957080144684,0,0,0,0,1,0,0,0,0,0,0,0,0,0,0,0,0,0,1,1,0,0,0,0,0,1,0,0,0,0
4,1.0,0.5,4.0,P454387,94,38.0,0.5,0,0,1,0,0,0,0,0,0,0,0,0,0,0,0,1,0,0,0,1,0,0,0,0,1,0,0,0,0,0
1,1.0,0.833333015,6.0,P454387,94,38.0,0.7210570543488701,0,0,1,0,0,0,0,0,0,0,0,0,0,0,0,1,0,0,0,1,0,0,0,0,1,0,0,0,0,0
5,1.0,0.75,4.0,P454387,94,38.0,0.6666666666666667,0,0,1,0,0,0,0,0,0,0,0,0,0,0,0,1,0,0,0,1,0,0,0,0,1,0,0,0,0,0
3,1.0,0.952381015,21.0,P454387,94,38.0,0.814550976584631,0,0,1,0,0,0,0,0,0,0,0,0,0,0,0,1,0,0,0,1,0,0,0,0,1,0,0,0,0,0
3,1.0,0.875,16.0,P454388,94,15.0,0.7113975059201018,0,0,0,1,0,0,0,0,0,0,0,0,0,0,0,1,0,0,0,0,0,0,1,0,0,0,1,0,0,0
5,1.0,1.0,5.0,P454388,94,15.0,1.0,0,0,0,0,1,0,0,0,0,0,0,0,0,0,0,0,0,1,0,0,1,0,0,0,1,0,0,0,0,0
3,0.0,0.533333004,15.0,P454388,94,15.0,0.5137704268206332,0,0,0,0,1,0,0,0,0,0,0,0,0,0,0,0,0,0,1,1,0,0,0,0,0,0,1,0,0,0
5,1.0,1.0,4.0,P454388,94,15.0,1.0,0,0,0,0,1,0,0,0,0,0,0,0,0,0,1,0,0,0,0,0,1,0,0,0,0,0,1,0,0,0
5,1.0,0.363635987,11.0,P454388,94,15.0,0.4362945258726772,0,0,0,0,0,0,1,0,0,0,0,0,0,0,0,1,0,0,0,0,1,0,0,0,1,0,0,0,0,0
5,1.0,0.866666973,15.0,P454388,94,15.0,0.7060702520912807,0,0,0,0,1,0,0,0,0,0,0,0,0,0,0,1,0,0,0,1,0,0,0,0,1,0,0,0,0,0
4,1.0,1.0,5.0,P454388,94,15.0,1.0,0,0,0,0,1,0,0,0,0,0,0,0,0,0,0,1,0,0,0,0,1,0,0,0,1,0,0,0,0,0
5,1.0,0.875,8.0,P454388,94,15.0,0.75,0,0,0,0,1,0,0,0,0,0,0,0,0,0,0,1,0,0,0,1,0,0,0,0,1,0,0,0,0,0
5,1.0,1.0,16.0,P454388,94,15.0,1.0,0,0,0,0,1,0,0,0,0,0,0,0,0,0,0,1,0,0,0,0,1,0,0,0,1,0,0,0,0,0
5,1.0,0.894737005,19.0,P427409,101,8.3,0.7245884476238132,0,0,0,0,1,0,0,0,0,0,0,0,0,0,1,0,0,0,0,0,1,0,0,0,0,1,0,0,0,0
5,1.0,1.0,6.0,P427409,101,8.3,1.0,0,0,0,0,0,0,0,1,0,0,0,0,0,0,0,0,0,0,1,0,1,0,0,0,0,0,1,0,0,0
3,1.0,0.947368026,19.0,P427409,101,8.3,0.8094485875732266,0,0,0,0,1,0,0,0,0,0,0,0,0,0,1,0,0,0,0,1,0,0,0,0,0,1,0,0,0,0
5,1.0,0.86956501,23.0,P427409,101,8.3,0.687124423315857,0,0,0,0,1,0,0,0,0,0,0,0,0,0,0,0,0,0,1,1,0,0,0,0,0,0,1,0,0,0
5,1.0,1.0,4.0,P427409,101,8.3,1.0,0,0,0,0,1,0,0,0,0,0,0,0,0,0,1,0,0,0,0,1,0,0,0,1,0,0,0,0,0,0
2,0.0,1.0,4.0,P427409,101,8.3,1.0,0,0,0,0,1,0,0,0,0,0,0,0,0,0,0,0,0,1,0,0,0,0,1,0,0,0,1,0,0,0
5,1.0,0.862069011,29.0,P427409,101,8.3,0.6693525379602678,0,0,0,0,0,0,0,1,0,0,0,0,0,0,0,1,0,0,0,0,0,0,1,0,0,0,1,0,0,0
4,1.0,1.0,9.0,P444980,107,42.0,1.0,0,0,0,0,0,1,0,0,0,0,0,0,0,0,0,0,0,1,0,1,0,0,0,0,0,0,1,0,0,0
1,0.0,0.666666985,6.0,P444980,107,42.0,0.5943161289177871,0,0,0,1,0,0,0,0,0,0,0,0,0,0,0,1,0,0,0,1,0,0,0,0,1,0,0,0,0,0
3,0.0,0.428570986,7.0,P444980,107,42.0,0.4627564263195183,0,0,0,0,1,0,0,0,0,0,0,0,0,0,1,0,0,0,0,0,0,1,0,0,0,1,0,0,0,0
5,1.0,1.0,7.0,P444980,107,42.0,1.0,0,0,1,0,0,0,0,0,0,0,0,0,0,0,0,0,0,1,0,1,0,0,0,0,0,0,1,0,0,0
5,1.0,1.0,5.0,P444980,107,42.0,1.0,0,0,0,1,0,0,0,0,0,0,0,0,0,0,0,0,0,1,0,1,0,0,0,0,0,0,0,0,1,0
5,1.0,0.875,8.0,P444980,107,42.0,0.75,0,0,0,0,1,0,0,0,0,0,0,0,0,0,0,0,0,0,1,1,0,0,0,0,0,0,1,0,0,0
4,1.0,1.0,4.0,P443829,41,32.0,1.0,0,0,1,0,0,0,0,0,0,0,0,0,0,0,0,0,0,0,1,1,0,0,0,0,0,0,1,0,0,0
5,1.0,1.0,4.0,P443829,41,32.0,1.0,0,0,0,0,1,0,0,0,0,0,0,0,0,0,0,0,0,1,0,0,1,0,0,0,0,1,0,0,0,0
1,0.0,1.0,14.0,P443829,41,32.0,1.0,0,0,0,0,0,1,0,0,0,0,0,0,0,0,0,1,0,0,0,0,1,0,0,0,0,0,1,0,0,0
4,1.0,0.857142985,7.0,P443829,41,32.0,0.7373504649628064,0,0,1,0,0,0,0,0,0,0,0,0,0,0,0,1,0,0,0,0,0,1,0,0,0,0,1,0,0,0
1,0.0,0.666666985,9.0,P443829,41,32.0,0.583970804646981,0,0,0,0,0,0,1,0,0,0,0,0,0,0,0,1,0,0,0,1,0,0,0,0,0,0,1,0,0,0
5,1.0,0.800000012,5.0,P443829,41,32.0,0.6989700043360187,0,0,0,1,0,0,0,0,0,0,0,0,0,0,1,0,0,0,0,1,0,0,0,0,0,1,0,0,0,0
4,1.0,0.875,8.0,P443829,41,32.0,0.75,0,0,0,0,1,0,0,0,0,0,0,0,0,0,1,0,0,0,0,0,0,1,0,0,0,0,1,0,0,0
5,1.0,1.0,8.0,P217932,54,34.0,1.0,0,0,0,0,1,0,0,0,0,0,0,0,0,0,0,1,0,0,0,1,0,0,0,0,0,0,1,0,0,0
5,1.0,1.0,5.0,P217932,54,34.0,1.0,0,0,1,0,0,0,0,0,0,0,0,0,0,0,0,1,0,0,0,1,0,0,0,0,0,0,1,0,0,0
2,1.0,0.600000024,5.0,P217932,54,34.0,0.5578858913022596,0,0,0,0,1,0,0,0,0,0,0,0,0,0,0,1,0,0,0,1,0,0,0,0,0,0,1,0,0,0
5,1.0,1.0,4.0,P217932,54,34.0,1.0,0,0,0,0,1,0,0,0,0,0,0,0,0,0,0,1,0,0,0,1,0,0,0,0,0,0,1,0,0,0
4,1.0,0.600000024,5.0,P205614,84,65.0,0.5578858913022596,0,0,0,0,1,0,0,0,0,0,0,0,0,0,0,0,0,1,0,0,1,0,0,0,0,0,0,0,0,1
5,1.0,0.75,4.0,P205614,84,65.0,0.6666666666666667,0,0,0,0,1,0,0,0,0,0,0,0,0,0,0,1,0,0,0,1,0,0,0,0,0,0,1,0,0,0
5,1.0,0.951613009,62.0,P205614,84,65.0,0.7470560676391805,0,0,0,0,1,0,0,0,0,0,0,0,0,0,0,1,0,0,0,1,0,0,0,0,0,0,1,0,0,0
5,1.0,1.0,12.0,P456994,29,36.0,1.0,0,0,0,0,0,1,0,0,0,0,0,0,0,0,0,1,0,0,0,1,0,0,0,0,1,0,0,0,0,0
1,0.0,0.600000024,5.0,P456994,29,36.0,0.5578858913022596,0,0,1,0,0,0,0,0,0,0,0,0,0,0,0,1,0,0,0,1,0,0,0,0,0,0,1,0,0,0
5,1.0,0.428570986,7.0,P456994,29,36.0,0.4627564263195183,0,0,0,0,0,0,1,0,0,0,0,0,0,0,0,1,0,0,0,1,0,0,0,0,1,0,0,0,0,0
5,1.0,1.0,7.0,P456994,29,36.0,1.0,0,0,0,0,1,0,0,0,0,0,0,0,0,0,0,1,0,0,0,1,0,0,0,0,0,0,1,0,0,0
2,0.0,1.0,4.0,P456994,29,36.0,1.0,0,0,0,0,0,1,0,0,0,0,0,0,0,0,1,0,0,0,0,0,0,1,0,0,0,1,0,0,0,0
5,1.0,0.952381015,63.0,P456994,29,36.0,0.7478166386210693,0,0,0,0,0,1,0,0,0,0,0,0,0,0,0,1,0,0,0,1,0,0,0,0,1,0,0,0,0,0
3,1.0,1.0,5.0,P456994,29,36.0,1.0,0,0,0,0,0,1,0,0,0,0,0,0,0,0,0,1,0,0,0,0,1,0,0,0,0,0,1,0,0,0
4,1.0,1.0,4.0,P456994,29,36.0,1.0,0,0,0,0,0,1,0,0,0,0,0,0,0,0,0,0,0,0,1,1,0,0,0,0,0,0,1,0,0,0
5,1.0,1.0,11.0,P456994,29,36.0,1.0,0,0,0,0,0,1,0,0,0,0,0,0,0,0,0,1,0,0,0,0,1,0,0,0,1,0,0,0,0,0
4,1.0,1.0,37.0,P456994,29,36.0,1.0,0,0,1,0,0,0,0,0,0,0,0,0,0,0,1,0,0,0,0,0,0,1,0,0,0,1,0,0,0,0
5,1.0,0.800000012,5.0,P412025,72,55.0,0.6989700043360187,0,0,0,0,0,1,0,0,0,0,0,0,0,0,0,0,0,1,0,1,0,0,0,0,0,1,0,0,0,0
3,0.0,0.923076987,13.0,P412025,72,55.0,0.7872539464466368,0,0,0,0,0,1,0,0,0,0,0,0,0,0,0,1,0,0,0,1,0,0,0,0,0,0,1,0,0,0
3,1.0,1.0,4.0,P412025,72,55.0,1.0,0,0,0,0,0,1,0,0,0,0,0,0,0,0,1,0,0,0,0,1,0,0,0,0,0,1,0,0,0,0
4,1.0,1.0,5.0,P412025,72,55.0,1.0,0,0,1,0,0,0,0,0,0,0,0,0,0,0,0,1,0,0,0,0,0,0,1,0,0,0,1,0,0,0
5,1.0,0.875,16.0,P412025,72,55.0,0.7113975059201018,0,0,0,0,0,1,0,0,0,0,0,0,0,0,1,0,0,0,0,0,1,0,0,0,0,0,1,0,0,0
5,1.0,0.857142985,14.0,P412025,72,55.0,0.7001245250427999,0,0,0,0,0,1,0,0,0,0,0,0,0,0,0,1,0,0,0,1,0,0,0,0,0,1,0,0,0,0
3,1.0,0.833333015,6.0,P412025,72,55.0,0.7210570543488701,0,0,0,0,0,1,0,0,0,0,0,0,0,0,0,1,0,0,0,1,0,0,0,0,0,1,0,0,0,0
5,1.0,1.0,5.0,P9941,61,44.0,1.0,0,0,0,0,1,0,0,0,0,0,0,0,0,0,0,1,0,0,0,0,0,0,1,0,1,0,0,0,0,0
5,1.0,1.0,18.0,P9941,61,44.0,1.0,0,0,0,0,0,0,0,1,0,0,0,0,0,0,0,1,0,0,0,1,0,0,0,0,1,0,0,0,0,0
5,1.0,1.0,4.0,P9941,61,44.0,1.0,0,0,0,0,1,0,0,0,0,0,0,0,0,0,0,1,0,0,0,1,0,0,0,0,1,0,0,0,0,0
5,1.0,1.0,5.0,P9941,61,44.0,1.0,0,0,1,0,0,0,0,0,0,0,0,0,0,0,0,1,0,0,0,0,1,0,0,0,1,0,0,0,0,0
2,0.0,0.444444001,18.0,P482264,28,35.0,0.4781648028770922,0,1,0,0,0,0,0,0,0,0,0,0,0,0,0,1,0,0,0,1,0,0,0,0,1,0,0,0,0,0
5,1.0,1.0,9.0,P482264,28,35.0,1.0,0,0,0,1,0,0,0,0,0,0,0,0,0,0,0,1,0,0,0,0,0,0,1,0,1,0,0,0,0,0
5,1.0,0.916666985,12.0,P423130,14,65.0,0.7818957080144684,0,0,1,0,0,0,0,0,0,0,0,0,0,0,1,0,0,0,0,0,0,0,1,0,1,0,0,0,0,0
4,1.0,1.0,7.0,P423130,14,65.0,1.0,0,0,0,0,1,0,0,0,0,0,0,0,0,0,0,0,0,1,0,1,0,0,0,0,0,0,1,0,0,0
3,0.0,0.666666985,6.0,P423130,14,65.0,0.5943161289177871,0,0,0,0,0,1,0,0,0,0,0,0,0,0,1,0,0,0,0,1,0,0,0,0,0,0,0,0,0,1
3,0.0,0.947368026,19.0,P427529,48,78.0,0.8094485875732266,0,0,0,0,1,0,0,0,0,0,0,0,0,0,0,1,0,0,0,1,0,0,0,0,1,0,0,0,0,0
3,0.0,0.571429014,7.0,P427529,48,78.0,0.5372435736804816,0,0,1,0,0,0,0,0,0,0,0,0,0,0,0,0,0,1,0,0,0,1,0,0,0,0,0,0,0,1
5,1.0,1.0,7.0,P427529,48,78.0,1.0,0,0,0,1,0,0,0,0,0,0,0,0,0,0,1,0,0,0,0,0,1,0,0,0,0,1,0,0,0,0
5,1.0,1.0,5.0,P427529,48,78.0,1.0,0,0,0,0,1,0,0,0,0,0,0,0,0,0,0,0,0,0,1,0,0,1,0,0,0,0,1,0,0,0
5,1.0,0.600000024,5.0,P427529,48,78.0,0.5578858913022596,0,0,1,0,0,0,0,0,0,0,0,0,0,0,0,0,0,0,1,1,0,0,0,0,0,0,1,0,0,0
1,0.0,0.75,4.0,P427529,48,78.0,0.6666666666666667,0,0,0,0,0,1,0,0,0,0,0,0,0,0,0,1,0,0,0,1,0,0,0,0,0,0,1,0,0,0
1,0.0,0.600000024,5.0,P427529,48,78.0,0.5578858913022596,0,0,1,0,0,0,0,0,0,0,0,0,0,0,1,0,0,0,0,1,0,0,0,0,0,0,1,0,0,0
4,1.0,0.600000024,5.0,P427529,48,78.0,0.5578858913022596,0,0,0,0,0,1,0,0,0,0,0,0,0,0,0,1,0,0,0,1,0,0,0,0,0,0,1,0,0,0
3,0.0,0.555555999,9.0,P446419,45,73.0,0.5268025545616606,0,0,0,0,1,0,0,0,0,0,0,0,0,0,1,0,0,0,0,1,0,0,0,0,0,1,0,0,0,0
1,0.0,0.086956501,23.0,P446419,45,73.0,0.2622202439852454,0,1,0,0,0,0,0,0,0,0,0,0,0,0,0,1,0,0,0,0,0,0,1,0,1,0,0,0,0,0
1,0.0,0.098039202,51.0,P446419,45,73.0,0.3175804646725826,0,0,0,1,0,0,0,0,0,0,0,0,0,0,0,1,0,0,0,1,0,0,0,0,0,0,1,0,0,0
5,1.0,0.833333015,6.0,P471037,113,30.0,0.7210570543488701,0,0,1,0,0,0,0,0,0,0,0,0,0,0,1,0,0,0,0,0,0,1,0,0,0,1,0,0,0,0
3,0.0,0.125,8.0,P471037,113,30.0,0.2499999999999999,0,0,0,0,1,0,0,0,0,0,0,0,0,0,0,0,0,0,1,1,0,0,0,0,0,0,1,0,0,0
1,0.0,0.785713971,14.0,P471037,113,30.0,0.6418955364979173,0,0,0,0,0,1,0,0,0,0,0,0,0,0,0,1,0,0,0,0,1,0,0,0,0,0,1,0,0,0
5,1.0,0.25,4.0,P471037,113,30.0,0.3333333333333333,0,0,0,0,0,1,0,0,0,0,0,0,0,0,0,0,0,1,0,1,0,0,0,0,0,1,0,0,0,0
5,1.0,0.75,4.0,P471037,113,30.0,0.6666666666666667,0,0,0,0,0,1,0,0,0,0,0,0,0,0,0,1,0,0,0,0,0,1,0,0,0,1,0,0,0,0
5,1.0,0.083333299,48.0,P471037,113,30.0,0.2971580644588935,0,0,0,0,1,0,0,0,0,0,0,0,0,0,0,1,0,0,0,1,0,0,0,0,0,0,1,0,0,0
5,1.0,0.272727013,22.0,P471037,113,30.0,0.4071688358461721,0,0,0,0,0,1,0,0,0,0,0,0,0,0,0,0,0,0,1,1,0,0,0,0,0,0,1,0,0,0
5,1.0,0.076923102,13.0,P471037,113,30.0,0.2127460535533631,0,0,1,0,0,0,0,0,0,0,0,0,0,0,0,0,0,1,0,0,0,1,0,0,0,1,0,0,0,0
5,1.0,0.600000024,5.0,P392249,22,28.0,0.5578858913022596,0,0,0,0,1,0,0,0,0,0,0,0,0,0,0,0,0,0,1,0,0,0,1,0,0,0,1,0,0,0
5,1.0,1.0,6.0,P392249,22,28.0,1.0,0,0,1,0,0,0,0,0,0,0,0,0,0,0,0,0,0,0,1,1,0,0,0,0,0,0,1,0,0,0
5,1.0,1.0,7.0,P392249,22,28.0,1.0,0,0,0,0,1,0,0,0,0,0,0,0,0,0,0,0,0,1,0,1,0,0,0,0,0,1,0,0,0,0
5,1.0,0.75,4.0,P392249,22,28.0,0.6666666666666667,0,0,0,0,1,0,0,0,0,0,0,0,0,0,0,1,0,0,0,1,0,0,0,0,0,0,1,0,0,0
5,1.0,0.888889015,9.0,P392249,22,28.0,0.7601875334318686,0,0,0,0,1,0,0,0,0,0,0,0,0,0,0,1,0,0,0,1,0,0,0,0,0,0,1,0,0,0
5,1.0,1.0,19.0,P456582,14,48.0,1.0,0,0,1,0,0,0,0,0,0,0,0,0,0,0,1,0,0,0,0,1,0,0,0,0,0,1,0,0,0,0
1,0.0,0.590909004,22.0,P456582,14,48.0,0.5340445754514496,0,0,0,0,0,0,1,0,0,0,0,0,0,0,0,1,0,0,0,0,0,0,1,0,1,0,0,0,0,0
5,1.0,0.714286029,7.0,P460701,78,5.5,0.6199062332840658,0,0,0,0,0,0,0,0,0,0,0,0,1,0,0,1,0,0,0,0,1,0,0,0,1,0,0,0,0,0
4,1.0,0.899999976,10.0,P460701,78,5.5,0.7686217868402409,0,0,0,0,0,0,1,0,0,0,0,0,0,0,0,1,0,0,0,1,0,0,0,0,0,0,1,0,0,0
5,1.0,1.0,28.0,P2043,25,14.0,1.0,0,0,0,0,0,1,0,0,0,0,0,0,0,0,0,1,0,0,0,0,0,0,1,0,0,1,0,0,0,0
1,0.0,0.666666985,15.0,P2043,25,14.0,0.5723372020956964,0,0,0,0,0,0,1,0,0,0,0,0,0,0,0,1,0,0,0,0,1,0,0,0,1,0,0,0,0,0
3,1.0,0.75,12.0,P2043,25,14.0,0.6241963505817848,0,0,1,0,0,0,0,0,0,0,0,0,0,0,0,1,0,0,0,0,1,0,0,0,0,0,1,0,0,0
5,1.0,0.666666985,6.0,P2043,25,14.0,0.5943161289177871,0,0,1,0,0,0,0,0,0,0,0,0,0,0,0,1,0,0,0,0,1,0,0,0,0,0,1,0,0,0
4,1.0,0.875,8.0,P2043,25,14.0,0.75,0,0,1,0,0,0,0,0,0,0,0,0,0,0,0,1,0,0,0,0,1,0,0,0,0,0,1,0,0,0
5,1.0,0.909090996,11.0,P2043,25,14.0,0.7757561757824245,0,0,1,0,0,0,0,0,0,0,0,0,0,0,0,1,0,0,0,0,0,1,0,0,0,0,1,0,0,0
5,1.0,1.0,8.0,P442867,47,98.0,1.0,0,0,0,0,0,1,0,0,0,0,0,0,0,0,0,0,0,0,1,1,0,0,0,0,0,1,0,0,0,0
5,1.0,0.583333015,12.0,P442867,47,98.0,0.5371566952531242,0,0,0,0,1,0,0,0,0,0,0,0,0,0,0,0,0,0,1,1,0,0,0,0,0,1,0,0,0,0
4,1.0,0.0,4.0,P442867,47,98.0,0.0,0,0,0,1,0,0,0,0,0,0,0,0,0,0,1,0,0,0,0,0,1,0,0,0,0,0,1,0,0,0
4,1.0,0.25,4.0,P442867,47,98.0,0.3333333333333333,0,0,0,0,0,1,0,0,0,0,0,0,0,0,0,1,0,0,0,0,1,0,0,0,0,0,1,0,0,0
3,1.0,1.0,5.0,P374841,7,44.0,1.0,0,0,1,0,0,0,0,0,0,0,0,0,0,0,0,1,0,0,0,1,0,0,0,0,0,0,1,0,0,0
1,1.0,0.875,8.0,P374841,7,44.0,0.75,0,0,1,0,0,0,0,0,0,0,0,0,0,0,0,1,0,0,0,1,0,0,0,0,0,0,1,0,0,0
5,1.0,1.0,6.0,P374841,7,44.0,1.0,0,0,1,0,0,0,0,0,0,0,0,0,0,0,0,1,0,0,0,0,0,1,0,0,0,0,1,0,0,0
4,1.0,1.0,4.0,P480192,92,42.0,1.0,0,0,0,0,0,1,0,0,0,0,0,0,0,0,0,1,0,0,0,0,0,0,1,0,0,0,1,0,0,0
2,0.0,0.75,4.0,P480192,92,42.0,0.6666666666666667,0,0,0,0,0,0,0,1,0,0,0,0,0,0,0,1,0,0,0,1,0,0,0,0,1,0,0,0,0,0
2,0.0,1.0,6.0,P480192,92,42.0,1.0,0,0,0,0,1,0,0,0,0,0,0,0,0,0,0,0,0,1,0,1,0,0,0,0,0,1,0,0,0,0
5,1.0,0.714286029,7.0,P480192,92,42.0,0.6199062332840658,0,0,1,0,0,0,0,0,0,0,0,0,0,0,1,0,0,0,0,1,0,0,0,0,0,0,1,0,0,0
5,1.0,0.75,4.0,P456193,73,68.0,0.6666666666666667,0,0,0,0,0,1,0,0,0,0,0,0,0,0,0,1,0,0,0,1,0,0,0,0,1,0,0,0,0,0
3,0.0,0.800000012,5.0,P482323,94,34.0,0.6989700043360187,0,0,0,0,0,1,0,0,0,0,0,0,0,0,0,1,0,0,0,0,0,0,1,0,1,0,0,0,0,0
1,0.0,0.692308009,13.0,P482323,94,34.0,0.588591910067779,0,0,0,0,0,1,0,0,0,0,0,0,0,0,0,0,0,1,0,0,0,1,0,0,0,0,1,0,0,0
4,1.0,0.833333015,6.0,P500138,107,68.0,0.7210570543488701,0,0,0,0,1,0,0,0,0,0,0,0,0,0,1,0,0,0,0,0,1,0,0,1,0,0,0,0,0,0
5,1.0,0.25,4.0,P500138,107,68.0,0.3333333333333333,0,0,0,0,1,0,0,0,0,0,0,0,0,0,1,0,0,0,0,1,0,0,0,1,0,0,0,0,0,0
5,1.0,1.0,18.0,P463665,106,63.0,1.0,0,0,1,0,0,0,0,0,0,0,0,0,0,0,0,1,0,0,0,0,0,1,0,0,1,0,0,0,0,0
5,1.0,1.0,11.0,P463665,106,63.0,1.0,0,0,0,1,0,0,0,0,0,0,0,0,0,0,0,0,0,0,1,0,1,0,0,0,0,1,0,0,0,0
4,1.0,1.0,10.0,P463665,106,63.0,1.0,0,0,0,0,0,1,0,0,0,0,0,0,0,0,0,1,0,0,0,0,0,1,0,0,0,0,1,0,0,0
5,1.0,1.0,4.0,P463665,106,63.0,1.0,0,0,1,0,0,0,0,0,0,0,0,0,0,0,0,1,0,0,0,1,0,0,0,0,0,0,1,0,0,0
4,1.0,0.600000024,5.0,P463665,106,63.0,0.5578858913022596,0,0,1,0,0,0,0,0,0,0,0,0,0,0,0,1,0,0,0,1,0,0,0,0,0,0,1,0,0,0
5,1.0,0.818181992,11.0,P463665,106,63.0,0.6769924925288455,0,0,0,0,0,1,0,0,0,0,0,0,0,0,0,1,0,0,0,0,0,1,0,0,1,0,0,0,0,0
1,0.0,0.200000003,5.0,P503692,28,22.0,0.3010299956639811,0,0,0,0,0,1,0,0,0,0,0,0,0,0,0,0,0,0,1,1,0,0,0,0,0,0,1,0,0,0
1,0.0,1.0,4.0,P503692,28,22.0,1.0,0,0,0,0,1,0,0,0,0,0,0,0,0,0,0,1,0,0,0,1,0,0,0,0,0,1,0,0,0,0
1,0.0,0.571429014,7.0,P503692,28,22.0,0.5372435736804816,0,0,0,1,0,0,0,0,0,0,0,0,0,0,1,0,0,0,0,1,0,0,0,0,0,1,0,0,0,0
5,1.0,1.0,6.0,P503692,28,22.0,1.0,0,0,0,1,0,0,0,0,0,0,0,0,0,0,1,0,0,0,0,1,0,0,0,0,0,1,0,0,0,0
5,1.0,0.888889015,9.0,P503692,28,22.0,0.7601875334318686,0,0,0,0,1,0,0,0,0,0,0,0,0,0,0,0,0,1,0,1,0,0,0,0,0,1,0,0,0,0
2,0.0,0.428570986,7.0,P503692,28,22.0,0.4627564263195183,0,0,0,0,0,0,1,0,0,0,0,0,0,0,0,1,0,0,0,1,0,0,0,0,1,0,0,0,0,0
1,0.0,0.545454979,11.0,P467976,94,35.0,0.5206212286759117,0,0,0,0,1,0,0,0,0,0,0,0,0,0,0,0,0,0,1,0,0,1,0,0,0,1,0,0,0,0
3,0.0,0.857142985,7.0,P467976,94,35.0,0.7373504649628064,0,0,1,0,0,0,0,0,0,0,0,0,0,0,0,1,0,0,0,0,1,0,0,0,0,0,1,0,0,0
1,0.0,0.519999981,25.0,P467976,94,35.0,0.5071202802580707,0,0,0,0,1,0,0,0,0,0,0,0,0,0,0,1,0,0,0,0,0,0,1,0,0,0,1,0,0,0
5,1.0,1.0,4.0,P467976,94,35.0,1.0,0,0,0,0,1,0,0,0,0,0,0,0,0,0,0,1,0,0,0,1,0,0,0,0,1,0,0,0,0,0
4,1.0,0.5,4.0,P467976,94,35.0,0.5,0,0,0,0,0,0,1,0,0,0,0,0,0,0,0,1,0,0,0,0,1,0,0,0,0,0,1,0,0,0
5,1.0,1.0,5.0,P472469,113,34.0,1.0,0,0,0,0,1,0,0,0,0,0,0,0,0,0,0,1,0,0,0,1,0,0,0,0,0,0,1,0,0,0
4,1.0,1.0,9.0,P472469,113,34.0,1.0,0,0,1,0,0,0,0,0,0,0,0,0,0,0,0,1,0,0,0,0,1,0,0,0,0,0,1,0,0,0
5,1.0,0.888889015,9.0,P472469,113,34.0,0.7601875334318686,0,0,0,0,1,0,0,0,0,0,0,0,0,0,0,1,0,0,0,1,0,0,0,0,0,1,0,0,0,0
5,1.0,0.833333015,6.0,P472469,113,34.0,0.7210570543488701,0,0,0,0,1,0,0,0,0,0,0,0,0,0,1,0,0,0,0,1,0,0,0,0,0,1,0,0,0,0
4,1.0,0.714286029,7.0,P460856,78,3.5,0.6199062332840658,0,0,0,0,1,0,0,0,0,0,0,0,0,0,1,0,0,0,0,0,0,1,0,0,0,1,0,0,0,0
5,1.0,0.875,8.0,P467971,75,51.0,0.75,0,0,1,0,0,0,0,0,0,0,0,0,0,0,1,0,0,0,0,1,0,0,0,0,1,0,0,0,0,0
3,0.0,0.571429014,7.0,P467971,75,51.0,0.5372435736804816,0,0,1,0,0,0,0,0,0,0,0,0,0,0,0,0,0,1,0,0,0,1,0,0,0,0,1,0,0,0
5,1.0,1.0,5.0,P467971,75,51.0,1.0,0,0,0,0,1,0,0,0,0,0,0,0,0,0,0,1,0,0,0,0,1,0,0,0,0,0,1,0,0,0
3,1.0,1.0,4.0,P467971,75,51.0,1.0,0,0,0,0,0,1,0,0,0,0,0,0,0,0,0,0,0,1,0,0,1,0,0,0,0,0,1,0,0,0
5,1.0,0.888889015,18.0,P467971,75,51.0,0.7205846872952778,0,0,0,0,0,1,0,0,0,0,0,0,0,0,0,1,0,0,0,0,1,0,0,0,1,0,0,0,0,0
2,0.0,0.75,8.0,P475190,96,32.0,0.6391511932854698,0,0,0,0,0,1,0,0,0,0,0,0,0,0,0,1,0,0,0,0,0,1,0,0,1,0,0,0,0,0
5,1.0,1.0,6.0,P454102,72,88.0,1.0,0,0,0,0,0,1,0,0,0,0,0,0,0,0,0,1,0,0,0,0,0,0,1,0,1,0,0,0,0,0
5,1.0,0.555555999,9.0,P454102,72,88.0,0.5268025545616606,0,0,0,0,1,0,0,0,0,0,0,0,0,0,1,0,0,0,0,1,0,0,0,0,0,1,0,0,0,0
2,0.0,0.875,8.0,P454102,72,88.0,0.75,0,0,0,0,0,0,1,0,0,0,0,0,0,0,0,0,0,1,0,0,0,0,1,0,0,1,0,0,0,0
5,1.0,0.857142985,14.0,P454102,72,88.0,0.7001245250427999,0,0,0,0,0,1,0,0,0,0,0,0,0,0,0,1,0,0,0,1,0,0,0,0,0,0,1,0,0,0
5,1.0,0.807691991,26.0,P454102,72,88.0,0.6330468657882854,0,1,0,0,0,0,0,0,0,0,0,0,0,0,0,1,0,0,0,0,0,0,1,0,0,0,1,0,0,0
4,1.0,0.800000012,10.0,P454102,72,88.0,0.6666666666666666,0,0,0,0,0,1,0,0,0,0,0,0,0,0,0,0,0,0,1,1,0,0,0,0,1,0,0,0,0,0
5,1.0,0.941175997,68.0,P454102,72,88.0,0.7217346891204247,0,0,1,0,0,0,0,0,0,0,0,0,0,0,1,0,0,0,0,1,0,0,0,0,0,1,0,0,0,0
4,1.0,0.186441004,59.0,P454102,72,88.0,0.3896837155002962,0,0,0,0,0,0,0,0,0,0,0,0,1,0,0,1,0,0,0,0,1,0,0,0,0,0,1,0,0,0
5,1.0,0.5,16.0,P454102,72,88.0,0.5,0,0,0,0,0,0,0,0,0,0,0,0,1,0,0,1,0,0,0,0,1,0,0,0,0,0,1,0,0,0
5,1.0,1.0,4.0,P454102,72,88.0,1.0,0,0,0,1,0,0,0,0,0,0,0,0,0,0,0,0,0,0,1,1,0,0,0,0,1,0,0,0,0,0
3,0.0,1.0,5.0,P480461,61,42.0,1.0,0,1,0,0,0,0,0,0,0,0,0,0,0,0,0,1,0,0,0,0,0,0,1,0,0,0,1,0,0,0
5,1.0,1.0,4.0,P480461,61,42.0,1.0,0,0,0,0,1,0,0,0,0,0,0,0,0,0,0,0,0,1,0,1,0,0,0,0,0,0,1,0,0,0
4,1.0,1.0,5.0,P504045,94,46.0,1.0,0,0,0,0,1,0,0,0,0,0,0,0,0,0,0,1,0,0,0,1,0,0,0,0,1,0,0,0,0,0
5,1.0,0.75,4.0,P475951,114,30.0,0.6666666666666667,0,0,0,0,1,0,0,0,0,0,0,0,0,0,1,0,0,0,0,1,0,0,0,0,0,1,0,0,0,0
5,1.0,1.0,4.0,P475951,114,30.0,1.0,0,0,0,0,0,1,0,0,0,0,0,0,0,0,0,1,0,0,0,0,0,0,1,0,1,0,0,0,0,0
2,0.0,0.818181992,11.0,P415773,7,23.0,0.6769924925288455,0,0,0,0,0,1,0,0,0,0,0,0,0,0,0,1,0,0,0,1,0,0,0,0,1,0,0,0,0,0
4,1.0,1.0,4.0,P472052,71,28.0,1.0,0,0,0,0,0,0,0,1,0,0,0,0,0,0,0,1,0,0,0,1,0,0,0,0,0,0,1,0,0,0
5,1.0,1.0,5.0,P472052,71,28.0,1.0,0,0,0,0,1,0,0,0,0,0,0,0,0,0,0,0,0,1,0,0,0,0,1,0,0,0,0,0,0,1
1,0.0,0.800000012,10.0,P472052,71,28.0,0.6666666666666666,0,0,0,0,0,0,0,0,0,0,0,0,1,0,0,1,0,0,0,1,0,0,0,0,1,0,0,0,0,0
2,0.0,0.666666985,12.0,P472052,71,28.0,0.5772049881597967,0,0,0,0,0,0,0,1,0,0,0,0,0,0,0,1,0,0,0,1,0,0,0,0,0,0,1,0,0,0
4,1.0,0.833333015,6.0,P467120,42,39.0,0.7210570543488701,0,0,0,0,0,0,0,1,0,0,0,0,0,0,0,1,0,0,0,1,0,0,0,0,0,0,1,0,0,0
2,0.0,0.800000012,10.0,P467120,42,39.0,0.6666666666666666,0,0,0,0,0,1,0,0,0,0,0,0,0,0,0,1,0,0,0,1,0,0,0,0,0,0,1,0,0,0
5,1.0,0.0512821,39.0,P467120,42,39.0,0.2319607804948552,0,0,0,0,0,1,0,0,0,0,0,0,0,0,0,1,0,0,0,1,0,0,0,0,0,0,1,0,0,0
5,1.0,0.93333298,15.0,P453928,61,89.0,0.7962049529094938,0,0,0,1,0,0,0,0,0,0,0,0,0,0,0,0,0,1,0,1,0,0,0,0,1,0,0,0,0,0
5,1.0,1.0,13.0,P453928,61,89.0,1.0,0,0,0,0,0,0,0,0,0,0,0,0,1,0,0,1,0,0,0,1,0,0,0,0,0,0,0,1,0,0
5,1.0,0.800000012,5.0,P453928,61,89.0,0.6989700043360187,0,0,0,0,0,0,0,1,0,0,0,0,0,0,0,0,0,0,1,1,0,0,0,0,0,0,1,0,0,0
2,0.0,0.466666996,30.0,P470227,61,85.0,0.4887062632977126,0,0,0,0,0,1,0,0,0,0,0,0,0,0,0,1,0,0,0,1,0,0,0,0,1,0,0,0,0,0
4,1.0,0.714286029,7.0,P415202,47,98.0,0.6199062332840658,0,0,1,0,0,0,0,0,0,0,0,0,0,0,1,0,0,0,0,0,1,0,0,0,0,0,1,0,0,0
5,1.0,0.699999988,10.0,P415202,47,98.0,0.6,0,0,1,0,0,0,0,0,0,0,0,0,0,0,0,0,0,1,0,1,0,0,0,0,0,0,1,0,0,0
4,1.0,0.833333015,6.0,P415202,47,98.0,0.7210570543488701,0,0,1,0,0,0,0,0,0,0,0,0,0,0,0,0,0,0,1,0,1,0,0,0,0,0,1,0,0,0
2,0.0,0.833333015,12.0,P415202,47,98.0,0.6857972507265685,0,0,1,0,0,0,0,0,0,0,0,0,0,0,0,1,0,0,0,1,0,0,0,0,0,0,1,0,0,0
1,1.0,0.875,8.0,P415202,47,98.0,0.75,0,0,1,0,0,0,0,0,0,0,0,0,0,0,0,0,0,0,1,1,0,0,0,0,0,0,1,0,0,0
5,1.0,0.947368026,57.0,P415202,47,98.0,0.7429755115261114,0,0,1,0,0,0,0,0,0,0,0,0,0,0,0,0,0,0,1,1,0,0,0,0,0,0,1,0,0,0
5,1.0,0.857142985,7.0,P415202,47,98.0,0.7373504649628064,0,0,1,0,0,0,0,0,0,0,0,0,0,0,0,0,0,0,1,1,0,0,0,0,0,0,1,0,0,0
4,1.0,0.800000012,5.0,P482681,40,42.0,0.6989700043360187,0,0,1,0,0,0,0,0,0,0,0,0,0,0,1,0,0,0,0,0,0,0,1,0,0,0,0,0,0,1
3,1.0,0.71875,32.0,P173652,84,85.0,0.5798692223296527,0,0,0,1,0,0,0,0,0,0,0,0,0,1,0,0,0,0,0,1,0,0,0,0,0,1,0,0,0,0
5,1.0,1.0,8.0,P173652,84,85.0,1.0,0,0,0,0,1,0,0,0,0,0,0,0,0,1,0,0,0,0,0,0,1,0,0,0,1,0,0,0,0,0
5,1.0,0.875,8.0,P173652,84,85.0,0.75,0,0,0,0,1,0,0,0,0,0,0,0,0,1,0,0,0,0,0,1,0,0,0,0,1,0,0,0,0,0
5,1.0,0.944444001,18.0,P173652,84,85.0,0.8065735963827292,0,0,0,0,1,0,0,0,0,0,0,0,0,1,0,0,0,0,0,0,1,0,0,0,1,0,0,0,0,0
4,1.0,1.0,11.0,P173652,84,85.0,1.0,0,0,0,0,1,0,0,0,0,0,0,0,0,1,0,0,0,0,0,0,1,0,0,0,1,0,0,0,0,0
5,1.0,1.0,4.0,P173652,84,85.0,1.0,0,0,0,0,1,0,0,0,0,0,0,0,0,1,0,0,0,0,0,1,0,0,0,0,1,0,0,0,0,0
4,1.0,0.833333015,6.0,P447596,101,7.5,0.7210570543488701,0,0,0,0,1,0,0,0,0,0,0,0,0,0,0,1,0,0,0,0,0,1,0,0,0,0,1,0,0,0
5,1.0,1.0,8.0,P447596,101,7.5,1.0,0,0,0,0,1,0,0,0,0,0,0,0,0,0,1,0,0,0,0,0,0,1,0,0,0,1,0,0,0,0
1,0.0,0.5,10.0,P447596,101,7.5,0.5,0,0,0,0,1,0,0,0,0,0,0,0,0,0,1,0,0,0,0,0,0,0,1,0,0,1,0,0,0,0
1,0.0,0.428570986,14.0,P447596,101,7.5,0.4696709804438595,0,0,0,0,1,0,0,0,0,0,0,0,0,0,0,0,0,1,0,1,0,0,0,0,0,0,1,0,0,0
5,1.0,0.931034982,29.0,P447596,101,7.5,0.7520519717820634,0,0,0,0,0,0,0,1,0,0,0,0,0,0,0,1,0,0,0,1,0,0,0,0,1,0,0,0,0,0
5,1.0,0.875,8.0,P447596,101,7.5,0.75,0,0,0,0,0,0,1,0,0,0,0,0,0,0,0,1,0,0,0,0,0,0,1,0,0,0,1,0,0,0
3,1.0,0.064516097,62.0,P447596,101,7.5,0.2830042002274381,0,0,0,0,1,0,0,0,0,0,0,0,0,0,1,0,0,0,0,0,0,1,0,0,0,0,1,0,0,0
4,1.0,0.285714,7.0,P447596,101,7.5,0.3800937667159343,0,0,0,0,0,0,0,1,0,0,0,0,0,0,0,0,0,0,1,0,0,1,0,0,1,0,0,0,0,0
5,1.0,0.75,8.0,P474822,14,37.0,0.6391511932854698,0,0,0,0,0,1,0,0,0,0,0,0,0,0,0,1,0,0,0,1,0,0,0,0,0,0,1,0,0,0
1,0.0,0.444444001,9.0,P444970,61,79.0,0.4731974454383393,0,0,0,0,1,0,0,0,0,0,0,0,0,0,0,1,0,0,0,1,0,0,0,0,0,0,0,1,0,0
4,1.0,0.899999976,10.0,P444970,61,79.0,0.7686217868402409,0,0,0,0,1,0,0,0,0,0,0,0,0,0,1,0,0,0,0,1,0,0,0,0,0,1,0,0,0,0
5,1.0,0.684211016,19.0,P444222,82,125.0,0.5755891054608883,0,0,0,0,0,0,0,0,0,0,0,0,1,0,0,1,0,0,0,0,0,1,0,0,1,0,0,0,0,0
5,1.0,1.0,8.0,P444222,82,125.0,1.0,0,0,0,0,0,0,0,1,0,0,0,0,0,0,0,1,0,0,0,1,0,0,0,0,0,0,1,0,0,0
5,1.0,1.0,6.0,P444222,82,125.0,1.0,0,0,0,0,1,0,0,0,0,0,0,0,0,0,1,0,0,0,0,1,0,0,0,0,0,1,0,0,0,0
2,0.0,0.5,8.0,P444222,82,125.0,0.5,0,1,0,0,0,0,0,0,0,0,0,0,0,0,0,1,0,0,0,1,0,0,0,0,1,0,0,0,0,0
5,1.0,0.800000012,5.0,P444222,82,125.0,0.6989700043360187,0,0,0,0,0,0,0,1,0,0,0,0,0,0,0,0,0,0,1,0,1,0,0,0,0,0,1,0,0,0
5,1.0,1.0,7.0,P444222,82,125.0,1.0,0,0,0,0,0,1,0,0,0,0,0,0,0,0,0,0,0,0,1,0,1,0,0,0,0,1,0,0,0,0
5,1.0,0.888889015,9.0,P444222,82,125.0,0.7601875334318686,0,0,0,0,1,0,0,0,0,0,0,0,0,0,0,0,0,1,0,0,0,0,1,0,0,1,0,0,0,0
5,1.0,0.666666985,9.0,P444222,82,125.0,0.583970804646981,0,0,0,0,1,0,0,0,0,0,0,0,0,0,0,1,0,0,0,1,0,0,0,0,0,0,1,0,0,0
1,0.0,0.666666985,9.0,P446909,94,44.0,0.583970804646981,0,0,0,0,0,1,0,0,0,0,0,0,0,0,0,1,0,0,0,1,0,0,0,0,1,0,0,0,0,0
4,1.0,1.0,19.0,P446909,94,44.0,1.0,0,0,0,0,0,0,0,1,0,0,0,0,0,0,0,1,0,0,0,0,0,0,1,0,1,0,0,0,0,0
3,0.0,0.666666985,9.0,P446909,94,44.0,0.583970804646981,0,0,1,0,0,0,0,0,0,0,0,0,0,0,0,1,0,0,0,1,0,0,0,0,0,0,1,0,0,0
2,0.0,1.0,5.0,P446909,94,44.0,1.0,0,0,1,0,0,0,0,0,0,0,0,0,0,0,1,0,0,0,0,0,1,0,0,0,0,0,1,0,0,0
4,1.0,0.5,4.0,P446909,94,44.0,0.5,0,0,0,0,0,1,0,0,0,0,0,0,0,0,1,0,0,0,0,0,0,1,0,0,0,1,0,0,0,0
2,0.0,0.893616974,113.72000000000116,P446909,94,44.0,0.627554981463397,0,0,0,1,0,0,0,0,0,0,0,0,0,0,0,0,0,1,0,1,0,0,0,0,0,0,1,0,0,0
5,1.0,0.75,8.0,P466114,9,84.0,0.6391511932854698,0,0,0,0,1,0,0,0,0,0,0,0,0,0,1,0,0,0,0,1,0,0,0,0,0,1,0,0,0,0
5,1.0,1.0,17.0,P466114,9,84.0,1.0,0,0,0,1,0,0,0,0,0,0,0,0,0,0,1,0,0,0,0,1,0,0,0,0,0,0,0,0,0,1
5,1.0,0.800000012,5.0,P466114,9,84.0,0.6989700043360187,0,0,1,0,0,0,0,0,0,0,0,0,0,0,0,1,0,0,0,1,0,0,0,0,1,0,0,0,0,0
3,1.0,0.333332986,9.0,P466114,9,84.0,0.4160291953530189,0,0,0,0,1,0,0,0,0,0,0,0,0,0,1,0,0,0,0,1,0,0,0,0,0,0,1,0,0,0
5,1.0,0.545454979,11.0,P466114,9,84.0,0.5206212286759117,0,0,0,0,0,1,0,0,0,0,0,0,0,0,0,1,0,0,0,1,0,0,0,0,0,0,1,0,0,0
1,0.0,0.777778029,9.0,P482325,94,34.0,0.6543128759565946,0,0,0,0,1,0,0,0,0,0,0,0,0,0,0,0,0,0,1,0,0,1,0,0,1,0,0,0,0,0
1,0.0,0.837837994,37.0,P456571,61,88.0,0.6404217625451907,0,0,0,0,1,0,0,0,0,0,0,0,0,0,0,1,0,0,0,0,0,1,0,0,0,0,1,0,0,0
5,1.0,0.636363983,11.0,P456571,61,88.0,0.5637054741273227,0,0,0,0,0,1,0,0,0,0,0,0,0,0,1,0,0,0,0,0,1,0,0,0,0,0,1,0,0,0
5,1.0,0.925531983,94.0,P456571,61,88.0,0.6828562094482191,0,0,0,0,1,0,0,0,0,0,0,0,0,0,0,1,0,0,0,1,0,0,0,0,0,0,1,0,0,0
5,1.0,1.0,7.0,P456571,61,88.0,1.0,0,0,1,0,0,0,0,0,0,0,0,0,0,0,0,0,0,1,0,1,0,0,0,0,0,1,0,0,0,0
5,1.0,0.300000012,50.0,P456571,61,88.0,0.4362085839710631,0,1,0,0,0,0,0,0,0,0,0,0,0,0,0,1,0,0,0,0,1,0,0,0,1,0,0,0,0,0
5,1.0,1.0,11.0,P417980,61,69.0,1.0,0,0,1,0,0,0,0,0,0,0,0,0,0,0,0,0,0,1,0,0,1,0,0,0,0,0,1,0,0,0
5,1.0,0.800000012,5.0,P417980,61,69.0,0.6989700043360187,0,0,1,0,0,0,0,0,0,0,0,0,0,0,0,1,0,0,0,0,1,0,0,0,0,0,1,0,0,0
5,1.0,0.916666985,24.0,P417980,61,69.0,0.740532674963355,0,0,1,0,0,0,0,0,0,0,0,0,0,0,0,1,0,0,0,0,1,0,0,0,0,0,1,0,0,0
2,0.0,0.75,4.0,P417980,61,69.0,0.6666666666666667,0,0,0,1,0,0,0,0,0,0,0,0,0,0,1,0,0,0,0,1,0,0,0,0,0,1,0,0,0,0
4,1.0,1.0,20.0,P417980,61,69.0,1.0,0,0,1,0,0,0,0,0,0,0,0,0,0,0,1,0,0,0,0,0,0,1,0,0,0,1,0,0,0,0
4,1.0,0.823529005,102.0,P417980,61,69.0,0.6014074709749824,0,0,1,0,0,0,0,0,0,0,0,0,0,0,0,1,0,0,0,0,1,0,0,0,0,0,1,0,0,0
5,1.0,1.0,18.0,P417980,61,69.0,1.0,0,0,0,1,0,0,0,0,0,0,0,0,0,0,0,1,0,0,0,1,0,0,0,0,0,0,1,0,0,0
5,1.0,0.637681007,69.0,P417980,61,69.0,0.5388241091869415,0,0,1,0,0,0,0,0,0,0,0,0,0,0,0,1,0,0,0,1,0,0,0,0,0,0,1,0,0,0
5,1.0,1.0,4.0,P500756,29,50.0,1.0,0,0,0,0,1,0,0,0,0,0,0,0,0,0,0,1,0,0,0,0,1,0,0,0,0,0,1,0,0,0
5,1.0,0.25,4.0,P475135,61,30.0,0.3333333333333333,0,0,0,0,0,0,1,0,0,0,0,0,0,0,1,0,0,0,0,1,0,0,0,1,0,0,0,0,0,0
2,0.0,0.153845996,13.0,P475135,61,30.0,0.3065735963827292,0,0,0,0,0,0,1,0,0,0,0,0,0,0,0,0,0,1,0,1,0,0,0,0,0,0,1,0,0,0
5,1.0,0.833333015,6.0,P475135,61,30.0,0.7210570543488701,0,0,0,0,1,0,0,0,0,0,0,0,0,0,0,0,0,0,1,1,0,0,0,0,0,1,0,0,0,0
5,1.0,1.0,14.0,P475135,61,30.0,1.0,0,0,1,0,0,0,0,0,0,0,0,0,0,0,0,0,0,1,0,1,0,0,0,0,0,1,0,0,0,0
5,1.0,1.0,4.0,P475135,61,30.0,1.0,0,0,0,0,1,0,0,0,0,0,0,0,0,0,0,0,0,0,1,1,0,0,0,0,0,1,0,0,0,0
1,0.0,0.631578982,19.0,P475135,61,30.0,0.5522681904177638,0,0,1,0,0,0,0,0,0,0,0,0,0,0,0,1,0,0,0,1,0,0,0,0,0,0,1,0,0,0
5,1.0,0.75,8.0,P457695,47,76.0,0.6391511932854698,0,0,1,0,0,0,0,0,0,0,0,0,0,0,1,0,0,0,0,1,0,0,0,0,0,0,1,0,0,0
4,1.0,1.0,4.0,P457695,47,76.0,1.0,0,0,0,0,0,0,1,0,0,0,0,0,0,0,0,1,0,0,0,1,0,0,0,0,0,0,1,0,0,0
3,0.0,0.666666985,9.0,P465741,108,56.0,0.583970804646981,0,0,0,0,1,0,0,0,0,0,0,0,0,0,0,1,0,0,0,0,1,0,0,0,0,1,0,0,0,0
3,0.0,0.1875,16.0,P465741,108,56.0,0.3443908675881962,0,0,0,0,0,1,0,0,0,0,0,0,0,0,0,1,0,0,0,0,1,0,0,0,0,0,1,0,0,0
5,1.0,0.625,8.0,P465741,108,56.0,0.5637914160289369,0,0,0,0,1,0,0,0,0,0,0,0,0,0,1,0,0,0,0,0,1,0,0,0,0,0,1,0,0,0
2,0.0,0.400000006,15.0,P465741,108,56.0,0.4580233796182054,0,0,1,0,0,0,0,0,0,0,0,0,0,0,0,1,0,0,0,1,0,0,0,0,0,0,1,0,0,0
5,1.0,0.875,8.0,P470065,107,38.0,0.75,0,0,0,0,0,0,0,1,0,0,0,0,0,0,0,0,0,0,1,0,0,0,1,0,0,0,1,0,0,0
5,1.0,1.0,7.0,P470065,107,38.0,1.0,0,0,0,0,0,1,0,0,0,0,0,0,0,0,0,1,0,0,0,1,0,0,0,0,0,0,1,0,0,0
4,1.0,1.0,4.0,P447778,99,12.99,1.0,0,0,1,0,0,0,0,0,0,0,0,0,0,0,1,0,0,0,0,0,0,0,1,0,0,1,0,0,0,0
5,1.0,1.0,35.0,P447778,99,12.99,1.0,0,0,1,0,0,0,0,0,0,0,0,0,0,0,0,1,0,0,0,1,0,0,0,0,0,0,1,0,0,0
5,1.0,0.705882013,17.0,P447778,99,12.99,0.5887355477484346,0,0,0,1,0,0,0,0,0,0,0,0,0,0,0,1,0,0,0,0,1,0,0,0,0,0,1,0,0,0
3,1.0,0.777778029,9.0,P447778,99,12.99,0.6543128759565946,0,0,0,0,0,1,0,0,0,0,0,0,0,0,0,1,0,0,0,0,0,0,1,0,0,0,1,0,0,0
4,1.0,0.75,4.0,P447778,99,12.99,0.6666666666666667,0,0,1,0,0,0,0,0,0,0,0,0,0,0,0,1,0,0,0,1,0,0,0,0,0,0,1,0,0,0
5,1.0,1.0,4.0,P447778,99,12.99,1.0,0,0,0,0,0,1,0,0,0,0,0,0,0,0,0,1,0,0,0,1,0,0,0,0,0,0,1,0,0,0
4,1.0,1.0,6.0,P469088,99,11.99,1.0,0,0,0,0,1,0,0,0,0,0,0,0,0,0,1,0,0,0,0,0,1,0,0,1,0,0,0,0,0,0
5,1.0,0.800000012,10.0,P469088,99,11.99,0.6666666666666666,0,1,0,0,0,0,0,0,0,0,0,0,0,0,0,1,0,0,0,0,0,1,0,0,1,0,0,0,0,0
5,1.0,1.0,5.0,P469088,99,11.99,1.0,0,0,0,0,1,0,0,0,0,0,0,0,0,0,0,1,0,0,0,1,0,0,0,0,0,1,0,0,0,0
5,1.0,0.899999976,10.0,P469088,99,11.99,0.7686217868402409,0,0,0,0,1,0,0,0,0,0,0,0,0,0,0,1,0,0,0,0,1,0,0,0,0,1,0,0,0,0
5,1.0,1.0,4.0,P469088,99,11.99,1.0,0,0,0,0,1,0,0,0,0,0,0,0,0,0,0,1,0,0,0,0,0,1,0,1,0,0,0,0,0,0
5,1.0,0.875,8.0,P469088,99,11.99,0.75,0,0,0,0,1,0,0,0,0,0,0,0,0,0,0,0,0,1,0,0,0,0,1,1,0,0,0,0,0,0
5,1.0,0.666666985,6.0,P478029,99,5.99,0.5943161289177871,0,0,1,0,0,0,0,0,0,0,0,0,0,0,0,0,0,0,1,0,0,1,0,0,0,1,0,0,0,0
4,1.0,1.0,10.0,P478029,99,5.99,1.0,0,0,1,0,0,0,0,0,0,0,0,0,0,0,1,0,0,0,0,1,0,0,0,0,0,1,0,0,0,0
5,1.0,0.90476203,21.0,P478029,99,5.99,0.7316756633516291,0,0,0,0,0,0,0,0,0,0,0,0,1,0,0,1,0,0,0,0,0,1,0,0,0,0,0,0,0,1
4,1.0,0.545454979,11.0,P478029,99,5.99,0.5206212286759117,0,0,0,0,0,1,0,0,0,0,0,0,0,0,0,1,0,0,0,0,0,0,1,0,1,0,0,0,0,0
5,1.0,1.0,4.0,P478029,99,5.99,1.0,0,0,0,0,0,1,0,0,0,0,0,0,0,0,0,1,0,0,0,1,0,0,0,0,0,1,0,0,0,0
5,1.0,0.857142985,7.0,P478029,99,5.99,0.7373504649628064,0,0,0,0,0,1,0,0,0,0,0,0,0,0,0,0,0,0,1,1,0,0,0,0,0,0,1,0,0,0
3,0.0,0.857142985,7.0,P433456,72,68.0,0.7373504649628064,0,0,0,0,1,0,0,0,0,0,0,0,0,0,0,1,0,0,0,0,0,1,0,0,0,0,1,0,0,0
4,1.0,1.0,5.0,P433456,72,68.0,1.0,0,0,0,0,0,0,0,0,0,0,0,0,1,0,0,1,0,0,0,0,0,0,1,0,1,0,0,0,0,0
3,1.0,0.454544991,11.0,P503814,14,92.0,0.4793787713240883,0,0,1,0,0,0,0,0,0,0,0,0,0,0,0,1,0,0,0,1,0,0,0,0,1,0,0,0,0,0
3,0.0,0.25,16.0,P400204,37,88.0,0.3855506948387032,0,0,1,0,0,0,0,0,0,0,0,0,0,0,0,0,0,0,1,0,1,0,0,0,0,1,0,0,0,0
5,1.0,1.0,9.0,P400204,37,88.0,1.0,0,0,0,1,0,0,0,0,0,0,0,0,0,0,1,0,0,0,0,1,0,0,0,0,0,0,1,0,0,0
5,1.0,1.0,17.0,P400204,37,88.0,1.0,0,0,0,1,0,0,0,0,0,0,0,0,0,0,0,0,0,0,1,0,0,0,1,1,0,0,0,0,0,0
4,1.0,1.0,4.0,P400204,37,88.0,1.0,0,0,0,0,1,0,0,0,0,0,0,0,0,1,0,0,0,0,0,0,1,0,0,0,0,1,0,0,0,0
1,0.0,0.393442988,61.0,P400204,37,88.0,0.4694660062435289,0,0,0,0,0,1,0,0,0,0,0,0,0,0,0,0,0,0,1,0,1,0,0,0,0,0,1,0,0,0
4,1.0,0.25,8.0,P400204,37,88.0,0.3608488067145302,0,0,0,0,1,0,0,0,0,0,0,0,0,0,0,1,0,0,0,1,0,0,0,0,1,0,0,0,0,0
5,1.0,0.75,4.0,P400204,37,88.0,0.6666666666666667,0,0,0,0,1,0,0,0,0,0,0,0,0,0,0,0,0,0,1,1,0,0,0,0,1,0,0,0,0,0
5,1.0,0.818181992,11.0,P400204,37,88.0,0.6769924925288455,0,0,0,0,1,0,0,0,0,0,0,0,0,0,0,0,0,0,1,1,0,0,0,0,1,0,0,0,0,0
1,0.0,1.0,5.0,P458917,97,68.0,1.0,0,0,1,0,0,0,0,0,0,0,0,0,0,0,0,0,0,1,0,0,1,0,0,1,0,0,0,0,0,0
5,1.0,0.714286029,7.0,P458917,97,68.0,0.6199062332840658,0,0,0,0,1,0,0,0,0,0,0,0,0,0,0,1,0,0,0,1,0,0,0,0,0,0,1,0,0,0
4,1.0,1.0,12.0,P445833,14,75.0,1.0,0,0,1,0,0,0,0,0,0,0,0,0,0,0,1,0,0,0,0,0,0,1,0,0,0,1,0,0,0,0
4,1.0,1.0,5.0,P445833,14,75.0,1.0,0,0,1,0,0,0,0,0,0,0,0,0,0,0,1,0,0,0,0,1,0,0,0,1,0,0,0,0,0,0
5,1.0,0.916666985,12.0,P479903,37,60.0,0.7818957080144684,0,0,0,0,1,0,0,0,0,0,0,0,0,0,0,0,0,1,0,1,0,0,0,0,0,1,0,0,0,0
5,1.0,0.777778029,9.0,P479903,37,60.0,0.6543128759565946,0,0,1,0,0,0,0,0,0,0,0,0,0,0,1,0,0,0,0,1,0,0,0,0,0,0,1,0,0,0
4,1.0,1.0,12.0,P479903,37,60.0,1.0,0,0,0,0,0,0,0,1,0,0,0,0,0,0,0,0,0,1,0,1,0,0,0,0,0,0,1,0,0,0
5,1.0,0.905404985,74.0,P479903,37,60.0,0.6698748536959925,0,0,0,0,0,0,0,1,0,0,0,0,0,0,0,0,0,1,0,0,1,0,0,0,1,0,0,0,0,0
5,1.0,0.851351023,74.0,P479903,37,60.0,0.6259805397828704,0,0,0,0,0,0,0,1,0,0,0,0,0,0,1,0,0,0,0,1,0,0,0,0,0,0,1,0,0,0
5,1.0,0.800000012,10.0,P479903,37,60.0,0.6666666666666666,0,0,0,0,0,0,0,1,0,0,0,0,0,0,1,0,0,0,0,1,0,0,0,0,0,0,1,0,0,0
5,1.0,1.0,10.0,P407444,37,14.0,1.0,0,0,1,0,0,0,0,0,0,0,0,0,0,0,0,0,0,0,1,1,0,0,0,0,0,0,1,0,0,0
5,1.0,0.857142985,7.0,P407444,37,14.0,0.7373504649628064,0,0,1,0,0,0,0,0,0,0,0,0,0,0,0,1,0,0,0,1,0,0,0,0,0,0,1,0,0,0
1,0.0,0.166666999,6.0,P407444,37,14.0,0.2789429456511298,0,0,0,0,0,1,0,0,0,0,0,0,0,0,0,1,0,0,0,1,0,0,0,0,0,0,1,0,0,0
4,1.0,0.875,8.0,P407444,37,14.0,0.75,0,0,1,0,0,0,0,0,0,0,0,0,0,0,0,1,0,0,0,1,0,0,0,0,0,0,1,0,0,0
5,1.0,1.0,9.0,P407444,37,14.0,1.0,0,0,1,0,0,0,0,0,0,0,0,0,0,0,0,1,0,0,0,1,0,0,0,0,0,0,1,0,0,0
4,1.0,1.0,5.0,P474075,61,44.0,1.0,0,0,0,0,0,0,0,0,0,0,0,0,1,0,0,1,0,0,0,0,1,0,0,0,1,0,0,0,0,0
4,1.0,1.0,17.0,P501288,70,39.0,1.0,0,1,0,0,0,0,0,0,0,0,0,0,0,0,0,1,0,0,0,1,0,0,0,0,1,0,0,0,0,0
5,1.0,0.888889015,9.0,P483138,78,20.0,0.7601875334318686,0,0,0,0,0,0,0,1,0,0,0,0,0,0,0,1,0,0,0,1,0,0,0,0,0,0,1,0,0,0
5,1.0,1.0,4.0,P436353,111,26.0,1.0,0,1,0,0,0,0,0,0,0,0,0,0,0,0,0,1,0,0,0,0,0,0,1,0,1,0,0,0,0,0
5,1.0,0.833333015,6.0,P436353,111,26.0,0.7210570543488701,0,0,0,0,0,1,0,0,0,0,0,0,0,0,0,1,0,0,0,1,0,0,0,0,0,0,1,0,0,0
5,1.0,0.899999976,30.0,P436353,111,26.0,0.7062001286991106,0,0,0,1,0,0,0,0,0,0,0,0,0,0,0,0,0,0,1,1,0,0,0,0,0,0,1,0,0,0
1,0.0,0.703704,27.0,P467750,9,69.0,0.5768837214660166,0,0,0,0,1,0,0,0,0,0,0,0,0,0,0,1,0,0,0,0,1,0,0,0,0,0,1,0,0,0
3,0.0,0.571429014,14.0,P472021,12,48.0,0.5303290195561405,0,0,0,0,1,0,0,0,0,0,0,0,0,0,0,1,0,0,0,1,0,0,0,0,0,0,1,0,0,0
5,1.0,1.0,14.0,P453929,61,88.0,1.0,0,0,0,0,0,1,0,0,0,0,0,0,0,0,0,1,0,0,0,0,0,0,1,0,1,0,0,0,0,0
5,1.0,1.0,19.0,P453929,61,88.0,1.0,0,0,0,0,0,1,0,0,0,0,0,0,0,0,0,0,0,1,0,1,0,0,0,0,0,1,0,0,0,0
5,1.0,0.949999988,20.0,P453929,61,88.0,0.8120981752908923,0,0,0,0,1,0,0,0,0,0,0,0,0,0,0,1,0,0,0,1,0,0,0,0,0,1,0,0,0,0
5,1.0,0.833333015,6.0,P388200,0,38.0,0.7210570543488701,0,0,0,0,1,0,0,0,0,0,0,0,0,0,1,0,0,0,0,0,1,0,0,0,0,1,0,0,0,0
1,1.0,0.5,4.0,P388200,0,38.0,0.5,0,0,0,0,1,0,0,0,0,0,0,0,0,0,0,1,0,0,0,0,1,0,0,0,1,0,0,0,0,0
5,1.0,1.0,4.0,P388200,0,38.0,1.0,0,0,0,0,1,0,0,0,0,0,0,0,0,0,0,1,0,0,0,0,1,0,0,0,1,0,0,0,0,0
5,1.0,1.0,4.0,P467647,78,12.0,1.0,0,0,0,0,1,0,0,0,0,0,0,0,0,0,0,1,0,0,0,1,0,0,0,0,0,0,1,0,0,0
3,0.0,1.0,16.0,P467647,78,12.0,1.0,0,0,0,0,1,0,0,0,0,0,0,0,0,0,0,0,0,0,1,0,0,1,0,0,0,0,1,0,0,0
2,0.0,0.800000012,5.0,P467647,78,12.0,0.6989700043360187,0,0,0,0,1,0,0,0,0,0,0,0,0,0,0,0,0,1,0,1,0,0,0,0,0,1,0,0,0,0
5,1.0,1.0,7.0,P467647,78,12.0,1.0,0,0,0,0,1,0,0,0,0,0,0,0,0,0,0,0,0,0,1,0,0,1,0,0,0,1,0,0,0,0
2,0.0,1.0,4.0,P475629,106,43.0,1.0,0,0,0,0,0,1,0,0,0,0,0,0,0,0,0,1,0,0,0,1,0,0,0,0,0,0,1,0,0,0
5,1.0,0.800000012,5.0,P475629,106,43.0,0.6989700043360187,0,0,0,0,1,0,0,0,0,0,0,0,0,0,0,1,0,0,0,1,0,0,0,0,0,0,1,0,0,0
2,0.0,0.899999976,10.0,P475629,106,43.0,0.7686217868402409,0,0,1,0,0,0,0,0,0,0,0,0,0,0,0,0,0,1,0,0,0,1,0,0,0,1,0,0,0,0
1,0.0,0.800000012,5.0,P479732,101,7.2,0.6989700043360187,0,1,0,0,0,0,0,0,0,0,0,0,0,0,0,1,0,0,0,0,0,1,0,0,0,0,1,0,0,0
2,0.0,0.888889015,9.0,P479732,101,7.2,0.7601875334318686,0,0,0,0,0,0,0,1,0,0,0,0,0,0,0,1,0,0,0,1,0,0,0,0,0,0,1,0,0,0
5,1.0,0.600000024,5.0,P479732,101,7.2,0.5578858913022596,0,0,1,0,0,0,0,0,0,0,0,0,0,0,1,0,0,0,0,1,0,0,0,0,0,0,1,0,0,0
5,1.0,1.0,5.0,P479732,101,7.2,1.0,0,0,0,0,1,0,0,0,0,0,0,0,0,0,0,0,0,0,1,1,0,0,0,0,0,0,1,0,0,0
5,1.0,1.0,6.0,P479732,101,7.2,1.0,0,0,0,0,0,0,0,1,0,0,0,0,0,0,0,1,0,0,0,0,0,0,1,0,0,0,1,0,0,0
5,1.0,1.0,6.0,P479732,101,7.2,1.0,0,0,0,0,0,0,0,1,0,0,0,0,0,0,0,1,0,0,0,0,1,0,0,0,1,0,0,0,0,0
3,1.0,1.0,4.0,P479732,101,7.2,1.0,0,0,0,0,0,0,0,1,0,0,0,0,0,0,0,1,0,0,0,1,0,0,0,0,0,0,1,0,0,0
5,1.0,1.0,8.0,P479732,101,7.2,1.0,0,0,0,0,1,0,0,0,0,0,0,0,0,0,0,0,0,0,1,1,0,0,0,0,0,0,1,0,0,0
4,1.0,1.0,12.0,P479732,101,7.2,1.0,0,0,0,0,0,0,0,1,0,0,0,0,0,0,0,1,0,0,0,1,0,0,0,0,0,0,1,0,0,0
1,0.0,0.608695984,23.0,P416923,107,38.0,0.5404604490558215,0,0,0,0,1,0,0,0,0,0,0,0,0,0,0,1,0,0,0,1,0,0,0,0,0,0,1,0,0,0
1,0.0,0.75,8.0,P416923,107,38.0,0.6391511932854698,0,0,0,1,0,0,0,0,0,0,0,0,0,0,0,1,0,0,0,0,0,0,1,0,1,0,0,0,0,0
2,1.0,0.916666985,12.0,P416923,107,38.0,0.7818957080144684,0,0,0,0,0,1,0,0,0,0,0,0,0,0,0,1,0,0,0,1,0,0,0,0,0,0,1,0,0,0
5,1.0,0.913043022,23.0,P416923,107,38.0,0.7377797560147545,0,0,0,0,0,1,0,0,0,0,0,0,0,0,0,1,0,0,0,0,0,1,0,0,0,0,1,0,0,0
3,1.0,0.837837994,37.0,P416923,107,38.0,0.6404217625451907,0,0,0,0,0,1,0,0,0,0,0,0,0,0,0,1,0,0,0,1,0,0,0,0,0,0,1,0,0,0
4,1.0,0.899999976,60.0,P416923,107,38.0,0.6731344512918165,0,0,0,0,0,1,0,0,0,0,0,0,0,0,0,1,0,0,0,0,1,0,0,0,0,0,1,0,0,0
2,0.0,1.0,6.0,P457522,19,42.0,1.0,0,0,0,0,0,1,0,0,0,0,0,0,0,0,0,1,0,0,0,0,1,0,0,0,0,0,1,0,0,0
5,1.0,1.0,20.0,P457522,19,42.0,1.0,0,0,0,0,0,0,0,0,0,0,0,1,0,0,0,1,0,0,0,0,1,0,0,0,1,0,0,0,0,0
4,1.0,1.0,5.0,P457522,19,42.0,1.0,0,0,0,0,0,0,1,0,0,0,0,0,0,0,1,0,0,0,0,1,0,0,0,0,0,1,0,0,0,0
1,0.0,0.428570986,7.0,P455929,83,38.0,0.4627564263195183,0,0,0,0,0,1,0,0,0,0,0,0,0,0,0,1,0,0,0,1,0,0,0,0,0,1,0,0,0,0
3,0.0,0.400000006,5.0,P455929,83,38.0,0.4421141086977403,0,0,0,0,1,0,0,0,0,0,0,0,0,0,0,0,0,1,0,1,0,0,0,0,0,1,0,0,0,0
4,1.0,0.75,4.0,P455929,83,38.0,0.6666666666666667,0,0,1,0,0,0,0,0,0,0,0,0,0,0,0,1,0,0,0,1,0,0,0,0,0,0,1,0,0,0
5,1.0,0.857142985,7.0,P397624,19,9.0,0.7373504649628064,0,0,0,0,0,0,1,0,0,0,0,0,0,0,0,1,0,0,0,1,0,0,0,0,1,0,0,0,0,0
4,1.0,1.0,4.0,P397624,19,9.0,1.0,0,0,0,0,0,1,0,0,0,0,0,0,0,0,0,1,0,0,0,1,0,0,0,0,0,0,1,0,0,0
1,0.0,0.625,8.0,P397624,19,9.0,0.5637914160289369,0,0,1,0,0,0,0,0,0,0,0,0,0,0,0,0,0,0,1,1,0,0,0,0,0,0,1,0,0,0
5,1.0,1.0,8.0,P397624,19,9.0,1.0,0,0,1,0,0,0,0,0,0,0,0,0,0,0,0,1,0,0,0,1,0,0,0,0,0,0,1,0,0,0
1,1.0,0.0,5.0,P397624,19,9.0,0.0,0,0,1,0,0,0,0,0,0,0,0,0,0,0,0,1,0,0,0,1,0,0,0,0,0,0,1,0,0,0
5,1.0,1.0,35.0,P397624,19,9.0,1.0,0,0,1,0,0,0,0,0,0,0,0,0,0,0,0,1,0,0,0,1,0,0,0,0,0,0,1,0,0,0
5,1.0,0.25,4.0,P459130,20,245.0,0.3333333333333333,0,0,0,0,0,1,0,0,0,0,0,0,0,0,0,1,0,0,0,1,0,0,0,0,1,0,0,0,0,0
2,0.0,0.571429014,7.0,P406104,72,75.0,0.5372435736804816,0,0,1,0,0,0,0,0,0,0,0,0,0,0,0,0,0,1,0,0,0,1,0,0,0,1,0,0,0,0
3,0.0,1.0,14.0,P406104,72,75.0,1.0,0,0,0,1,0,0,0,0,0,0,0,0,0,0,0,0,0,1,0,0,1,0,0,0,0,0,0,0,0,1
5,1.0,1.0,6.0,P406104,72,75.0,1.0,0,0,0,0,0,1,0,0,0,0,0,0,0,0,0,0,0,0,1,0,1,0,0,0,0,0,1,0,0,0
1,1.0,0.571429014,7.0,P406104,72,75.0,0.5372435736804816,0,0,1,0,0,0,0,0,0,0,0,0,0,0,0,0,0,0,1,0,0,0,1,0,0,0,1,0,0,0
1,1.0,0.75,8.0,P406104,72,75.0,0.6391511932854698,0,0,1,0,0,0,0,0,0,0,0,0,0,0,0,0,0,0,1,1,0,0,0,0,0,0,1,0,0,0
5,1.0,0.571429014,7.0,P479633,19,9.0,0.5372435736804816,0,0,0,0,1,0,0,0,0,0,0,0,0,0,0,0,0,1,0,1,0,0,0,0,0,0,0,0,1,0
5,1.0,0.75,4.0,P432048,97,92.0,0.6666666666666667,0,0,0,0,1,0,0,0,0,0,0,0,0,0,0,1,0,0,0,1,0,0,0,0,0,0,1,0,0,0
5,1.0,0.974358976,39.0,P432048,97,92.0,0.8409011921307058,0,0,1,0,0,0,0,0,0,0,0,0,0,0,1,0,0,0,0,0,0,0,1,0,0,1,0,0,0,0
1,0.0,0.666666985,6.0,P482008,41,32.0,0.5943161289177871,0,0,0,1,0,0,0,0,0,0,0,0,0,0,0,0,0,0,1,1,0,0,0,0,0,0,0,0,0,1
5,1.0,1.0,5.0,P482008,41,32.0,1.0,0,0,0,0,0,1,0,0,0,0,0,0,0,0,0,0,0,1,0,1,0,0,0,0,0,0,0,0,0,1
5,1.0,1.0,9.0,P482008,41,32.0,1.0,0,0,1,0,0,0,0,0,0,0,0,0,0,0,0,0,0,0,1,0,1,0,0,0,0,0,1,0,0,0
4,1.0,1.0,5.0,P482008,41,32.0,1.0,0,0,0,0,1,0,0,0,0,0,0,0,0,0,0,1,0,0,0,0,1,0,0,0,0,1,0,0,0,0
2,0.0,0.818181992,11.0,P482008,41,32.0,0.6769924925288455,0,0,0,0,1,0,0,0,0,0,0,0,0,0,1,0,0,0,0,0,0,1,0,0,0,0,1,0,0,0
5,1.0,0.800000012,5.0,P482008,41,32.0,0.6989700043360187,0,0,0,0,1,0,0,0,0,0,0,0,0,0,0,1,0,0,0,0,0,1,0,0,0,0,1,0,0,0
3,0.0,0.5,4.0,P462344,14,64.0,0.5,0,0,0,0,0,1,0,0,0,0,0,0,0,0,0,1,0,0,0,0,0,1,0,0,1,0,0,0,0,0
4,1.0,0.772727013,44.0,P462344,14,64.0,0.5972119501671196,0,1,0,0,0,0,0,0,0,0,0,0,0,0,0,1,0,0,0,0,0,0,1,0,1,0,0,0,0,0
1,0.0,0.876712024,73.0,P455924,53,245.0,0.6444966932101044,0,0,0,0,0,0,0,0,0,0,0,0,1,0,0,1,0,0,0,0,1,0,0,0,0,0,1,0,0,0
5,1.0,0.90476203,21.0,P455924,53,245.0,0.7316756633516291,0,0,0,0,0,1,0,0,0,0,0,0,0,0,0,1,0,0,0,0,0,0,1,0,0,1,0,0,0,0
5,1.0,0.875,8.0,P483137,78,20.0,0.75,0,0,0,0,0,0,1,0,0,0,0,0,0,0,0,1,0,0,0,0,0,0,1,0,1,0,0,0,0,0
5,1.0,0.875,8.0,P4032,61,42.0,0.75,0,0,0,0,1,0,0,0,0,0,0,0,0,0,0,1,0,0,0,1,0,0,0,1,0,0,0,0,0,0
5,1.0,0.963635981,55.0,P453826,54,135.0,0.7840606415528584,0,0,0,0,0,0,0,0,0,0,0,0,1,0,0,1,0,0,0,1,0,0,0,0,0,0,1,0,0,0
1,0.0,0.75,4.0,P441323,34,10.0,0.6666666666666667,0,0,0,0,0,0,0,0,0,0,0,0,1,0,0,1,0,0,0,0,0,1,0,0,1,0,0,0,0,0
3,1.0,0.777778029,9.0,P441323,34,10.0,0.6543128759565946,0,0,0,0,0,0,0,0,0,0,0,0,1,0,0,1,0,0,0,0,0,0,1,0,1,0,0,0,0,0
1,0.0,0.699999988,10.0,P441323,34,10.0,0.6,0,0,1,0,0,0,0,0,0,0,0,0,0,0,1,0,0,0,0,1,0,0,0,0,0,0,0,0,0,1
5,1.0,1.0,7.0,P441323,34,10.0,1.0,0,1,0,0,0,0,0,0,0,0,0,0,0,0,0,1,0,0,0,1,0,0,0,0,1,0,0,0,0,0
4,1.0,1.0,5.0,P467652,78,5.0,1.0,0,0,0,0,0,1,0,0,0,0,0,0,0,0,0,1,0,0,0,0,1,0,0,0,1,0,0,0,0,0
5,1.0,0.75,4.0,P467652,78,5.0,0.6666666666666667,0,1,0,0,0,0,0,0,0,0,0,0,0,0,0,1,0,0,0,1,0,0,0,0,1,0,0,0,0,0
2,0.0,0.944444001,18.0,P467652,78,5.0,0.8065735963827292,0,0,0,1,0,0,0,0,0,0,0,0,0,0,1,0,0,0,0,1,0,0,0,0,0,1,0,0,0,0
5,1.0,1.0,4.0,P397310,17,59.0,1.0,0,0,1,0,0,0,0,0,0,0,0,0,0,0,0,0,0,1,0,1,0,0,0,0,0,1,0,0,0,0
3,1.0,0.631578982,19.0,P397310,17,59.0,0.5522681904177638,0,0,1,0,0,0,0,0,0,0,0,0,0,0,0,0,0,1,0,1,0,0,0,0,0,1,0,0,0,0
3,1.0,0.600000024,5.0,P397310,17,59.0,0.5578858913022596,0,0,1,0,0,0,0,0,0,0,0,0,0,0,0,0,0,1,0,1,0,0,0,0,0,1,0,0,0,0
2,0.0,0.600000024,5.0,P446422,48,48.0,0.5578858913022596,0,0,1,0,0,0,0,0,0,0,0,0,0,0,1,0,0,0,0,1,0,0,0,0,0,0,1,0,0,0
5,1.0,0.600000024,5.0,P446422,48,48.0,0.5578858913022596,0,0,0,0,0,0,0,0,0,0,0,0,1,0,0,1,0,0,0,1,0,0,0,0,0,0,1,0,0,0
4,1.0,0.875,16.0,P446422,48,48.0,0.7113975059201018,0,0,0,0,0,1,0,0,0,0,0,0,0,0,0,1,0,0,0,1,0,0,0,0,0,0,1,0,0,0
5,1.0,0.916666985,12.0,P446422,48,48.0,0.7818957080144684,0,0,0,0,1,0,0,0,0,0,0,0,0,0,0,0,0,0,1,0,1,0,0,0,0,0,1,0,0,0
5,1.0,1.0,7.0,P423150,14,43.0,1.0,0,0,0,0,0,0,0,0,0,0,0,0,1,0,0,1,0,0,0,0,1,0,0,0,0,0,1,0,0,0
2,0.0,1.0,9.0,P423150,14,43.0,1.0,0,0,0,0,1,0,0,0,0,0,0,0,0,0,0,0,0,0,1,1,0,0,0,0,0,0,1,0,0,0
4,0.0,0.75,4.0,P443351,14,13.0,0.6666666666666667,0,0,1,0,0,0,0,0,0,0,0,0,0,0,0,1,0,0,0,1,0,0,0,0,0,0,1,0,0,0
5,1.0,0.666666985,9.0,P482329,107,69.0,0.583970804646981,0,0,1,0,0,0,0,0,0,0,0,0,0,0,1,0,0,0,0,1,0,0,0,0,0,1,0,0,0,0
1,0.0,0.652173996,23.0,P482329,107,69.0,0.5578858913022595,0,0,0,0,1,0,0,0,0,0,0,0,0,0,0,1,0,0,0,0,0,0,1,0,0,0,1,0,0,0
5,1.0,0.777778029,18.0,P482329,107,69.0,0.6272281775627488,0,0,0,0,0,1,0,0,0,0,0,0,0,0,0,1,0,0,0,0,1,0,0,0,0,0,1,0,0,0
5,1.0,0.25,4.0,P482329,107,69.0,0.3333333333333333,0,0,0,0,0,1,0,0,0,0,0,0,0,0,0,0,0,1,0,0,0,1,0,0,0,1,0,0,0,0
5,1.0,0.800000012,5.0,P421600,37,39.0,0.6989700043360187,0,0,0,0,0,0,0,1,0,0,0,0,0,0,0,1,0,0,0,1,0,0,0,0,0,0,1,0,0,0
5,1.0,1.0,9.0,P421600,37,39.0,1.0,0,0,0,0,0,1,0,0,0,0,0,0,0,0,0,1,0,0,0,1,0,0,0,0,0,0,1,0,0,0
5,1.0,1.0,10.0,P455242,92,35.0,1.0,0,0,1,0,0,0,0,0,0,0,0,0,0,1,0,0,0,0,0,0,1,0,0,0,0,1,0,0,0,0
1,0.0,0.055555601,18.0,P455242,92,35.0,0.1934264036172708,0,0,0,0,0,1,0,0,0,0,0,0,0,0,0,0,0,1,0,1,0,0,0,0,0,0,1,0,0,0
5,1.0,1.0,4.0,P455242,92,35.0,1.0,0,0,0,0,0,1,0,0,0,0,0,0,0,0,0,1,0,0,0,0,1,0,0,0,0,0,1,0,0,0
3,0.0,0.363635987,11.0,P455242,92,35.0,0.4362945258726772,0,0,0,0,0,1,0,0,0,0,0,0,0,0,0,1,0,0,0,1,0,0,0,0,0,1,0,0,0,0
1,0.0,0.75,12.0,P455242,92,35.0,0.6241963505817848,0,0,0,0,0,0,0,0,0,0,0,0,1,0,0,1,0,0,0,1,0,0,0,0,1,0,0,0,0,0
5,1.0,0.884615004,26.0,P455242,92,35.0,0.6962776933382736,0,0,0,0,0,1,0,0,0,0,0,0,0,0,0,1,0,0,0,1,0,0,0,0,0,0,1,0,0,0
2,0.0,0.857142985,7.0,P444226,27,48.0,0.7373504649628064,0,0,0,0,0,1,0,0,0,0,0,0,0,0,0,1,0,0,0,0,0,1,0,0,0,0,0,0,0,1
3,0.0,0.222222,9.0,P444226,27,48.0,0.3456871240434053,0,0,0,0,0,0,0,1,0,0,0,0,0,0,0,1,0,0,0,1,0,0,0,0,0,0,1,0,0,0
5,1.0,0.600000024,5.0,P444226,27,48.0,0.5578858913022596,0,0,0,0,1,0,0,0,0,0,0,0,0,0,1,0,0,0,0,0,1,0,0,0,0,1,0,0,0,0
5,1.0,1.0,8.0,P444226,27,48.0,1.0,0,0,0,0,0,1,0,0,0,0,0,0,0,0,0,1,0,0,0,0,0,0,1,0,0,0,1,0,0,0
5,1.0,1.0,7.0,P444226,27,48.0,1.0,0,0,1,0,0,0,0,0,0,0,0,0,0,0,1,0,0,0,0,1,0,0,0,0,0,1,0,0,0,0
5,1.0,0.75,4.0,P444226,27,48.0,0.6666666666666667,0,0,0,0,0,1,0,0,0,0,0,0,0,0,0,0,0,0,1,0,1,0,0,0,0,0,1,0,0,0
5,1.0,1.0,15.0,P423123,14,65.0,1.0,0,1,0,0,0,0,0,0,0,0,0,0,0,0,0,1,0,0,0,0,0,1,0,0,0,0,1,0,0,0
2,0.0,0.400000006,5.0,P450244,99,15.99,0.4421141086977403,0,0,1,0,0,0,0,0,0,0,0,0,0,0,1,0,0,0,0,1,0,0,0,0,1,0,0,0,0,0
5,1.0,0.615384996,13.0,P450244,99,15.99,0.5508231047523734,0,0,1,0,0,0,0,0,0,0,0,0,0,0,1,0,0,0,0,0,1,0,0,0,0,0,1,0,0,0
5,1.0,0.888889015,9.0,P450244,99,15.99,0.7601875334318686,0,0,0,0,1,0,0,0,0,0,0,0,0,0,0,1,0,0,0,1,0,0,0,0,1,0,0,0,0,0
5,1.0,0.976743996,43.0,P450244,99,15.99,0.8443886085975061,0,0,0,1,0,0,0,0,0,0,0,0,0,0,1,0,0,0,0,0,1,0,0,0,0,1,0,0,0,0
5,1.0,0.600000024,10.0,P467118,42,49.0,0.5473191697130572,0,0,0,0,0,1,0,0,0,0,0,0,0,0,0,1,0,0,0,0,1,0,0,0,1,0,0,0,0,0
4,1.0,0.75,4.0,P467118,42,49.0,0.6666666666666667,0,0,1,0,0,0,0,0,0,0,0,0,0,0,1,0,0,0,0,1,0,0,0,0,0,1,0,0,0,0
1,0.0,0.5,6.0,P467118,42,49.0,0.5,0,0,0,0,0,1,0,0,0,0,0,0,0,0,0,1,0,0,0,1,0,0,0,0,0,0,1,0,0,0
5,1.0,0.285714,7.0,P467118,42,49.0,0.3800937667159343,0,0,0,0,1,0,0,0,0,0,0,0,0,0,1,0,0,0,0,0,0,0,1,0,0,0,1,0,0,0
5,1.0,0.875,8.0,P422013,48,38.0,0.75,0,0,0,0,0,1,0,0,0,0,0,0,0,0,0,0,0,1,0,1,0,0,0,0,1,0,0,0,0,0
1,0.0,0.75,4.0,P422013,48,38.0,0.6666666666666667,0,0,0,1,0,0,0,0,0,0,0,0,0,0,0,1,0,0,0,1,0,0,0,0,0,0,1,0,0,0
3,0.0,0.928570986,14.0,P422013,48,38.0,0.7919854023234905,0,0,0,0,1,0,0,0,0,0,0,0,0,0,0,1,0,0,0,1,0,0,0,0,0,0,1,0,0,0
4,1.0,0.833333015,6.0,P422013,48,38.0,0.7210570543488701,0,0,0,1,0,0,0,0,0,0,0,0,0,0,0,0,0,1,0,1,0,0,0,0,0,0,1,0,0,0
4,1.0,0.400000006,5.0,P422013,48,38.0,0.4421141086977403,0,0,0,0,0,0,1,0,0,0,0,0,0,0,0,1,0,0,0,1,0,0,0,0,1,0,0,0,0,0
5,1.0,0.857142985,7.0,P411254,17,75.0,0.7373504649628064,0,0,0,0,0,1,0,0,0,0,0,0,0,0,1,0,0,0,0,1,0,0,0,0,0,1,0,0,0,0
1,1.0,0.600000024,5.0,P411254,17,75.0,0.5578858913022596,0,0,0,0,1,0,0,0,0,0,0,0,0,0,1,0,0,0,0,0,0,1,0,0,0,1,0,0,0,0
4,1.0,0.800000012,5.0,P411254,17,75.0,0.6989700043360187,0,0,0,0,1,0,0,0,0,0,0,0,0,0,1,0,0,0,0,0,0,1,0,0,0,1,0,0,0,0
5,1.0,0.800000012,5.0,P411254,17,75.0,0.6989700043360187,0,0,0,0,1,0,0,0,0,0,0,0,0,0,1,0,0,0,0,0,0,1,0,0,0,1,0,0,0,0
1,0.0,0.75,4.0,P459128,20,145.0,0.6666666666666667,0,0,0,0,0,1,0,0,0,0,0,0,0,0,0,1,0,0,0,0,0,0,1,0,0,0,1,0,0,0
5,1.0,0.947058976,113.72000000000116,P459128,20,145.0,0.6884264459057207,0,0,0,1,0,0,0,0,0,0,0,0,0,0,0,0,0,0,1,0,0,0,1,1,0,0,0,0,0,0
5,1.0,0.75,4.0,P459128,20,145.0,0.6666666666666667,0,0,0,0,0,1,0,0,0,0,0,0,0,0,0,0,0,1,0,0,1,0,0,0,0,0,1,0,0,0
3,0.0,0.800000012,5.0,P434550,61,97.0,0.6989700043360187,0,0,0,1,0,0,0,0,0,0,0,0,0,0,1,0,0,0,0,1,0,0,0,0,0,0,0,0,0,1
4,1.0,0.800000012,5.0,P434550,61,97.0,0.6989700043360187,0,0,0,0,1,0,0,0,0,0,0,0,0,0,0,1,0,0,0,0,1,0,0,0,0,0,1,0,0,0
1,0.0,0.899999976,10.0,P434550,61,97.0,0.7686217868402409,0,0,0,0,0,1,0,0,0,0,0,0,0,0,0,0,0,0,1,1,0,0,0,0,0,0,1,0,0,0
5,1.0,0.833333015,12.0,P470221,48,60.0,0.6857972507265685,0,0,0,0,0,0,0,0,0,0,0,0,1,0,0,1,0,0,0,0,0,1,0,0,1,0,0,0,0,0
5,1.0,0.916666985,12.0,P470221,48,60.0,0.7818957080144684,0,0,0,0,0,1,0,0,0,0,0,0,0,0,1,0,0,0,0,0,0,0,1,0,0,1,0,0,0,0
5,1.0,1.0,4.0,P474825,18,71.0,1.0,0,0,0,1,0,0,0,0,0,0,0,0,0,0,1,0,0,0,0,0,0,1,0,0,0,0,0,0,0,1
1,0.0,0.800000012,10.0,P474825,18,71.0,0.6666666666666666,0,0,0,0,0,0,0,1,0,0,0,0,0,0,0,1,0,0,0,0,1,0,0,0,1,0,0,0,0,0
4,1.0,1.0,7.0,P474825,18,71.0,1.0,0,0,0,0,1,0,0,0,0,0,0,0,0,0,0,1,0,0,0,0,0,0,1,0,1,0,0,0,0,0
5,1.0,0.916666985,24.0,P432823,60,30.0,0.740532674963355,0,0,0,0,1,0,0,0,0,0,0,0,0,0,0,1,0,0,0,0,1,0,0,0,0,1,0,0,0,0
5,1.0,0.666666985,6.0,P432823,60,30.0,0.5943161289177871,0,0,1,0,0,0,0,0,0,0,0,0,0,0,1,0,0,0,0,0,0,1,0,0,0,1,0,0,0,0
4,1.0,0.285714,7.0,P432823,60,30.0,0.3800937667159343,0,0,0,1,0,0,0,0,0,0,0,0,0,0,0,0,0,0,1,0,1,0,0,0,0,0,1,0,0,0
5,1.0,0.727272987,11.0,P432823,60,30.0,0.6131471927654585,0,0,0,0,1,0,0,0,0,0,0,0,0,0,0,1,0,0,0,0,0,0,1,0,0,0,1,0,0,0
5,1.0,1.0,13.0,P432823,60,30.0,1.0,0,0,1,0,0,0,0,0,0,0,0,0,0,0,0,0,0,1,0,1,0,0,0,0,0,0,1,0,0,0
5,1.0,0.913043022,46.0,P432823,60,30.0,0.7003264967765496,0,0,0,0,0,1,0,0,0,0,0,0,0,0,1,0,0,0,0,0,0,0,1,0,0,1,0,0,0,0
5,1.0,0.800000012,5.0,P432823,60,30.0,0.6989700043360187,0,0,0,0,0,1,0,0,0,0,0,0,0,0,0,0,0,0,1,0,0,1,0,0,0,0,1,0,0,0
2,1.0,0.800000012,15.0,P432823,60,30.0,0.649149872836091,0,0,1,0,0,0,0,0,0,0,0,0,0,0,1,0,0,0,0,0,0,1,0,0,0,1,0,0,0,0
5,1.0,0.75,4.0,P432823,60,30.0,0.6666666666666667,0,0,0,0,0,1,0,0,0,0,0,0,0,0,0,1,0,0,0,1,0,0,0,0,0,0,1,0,0,0
5,1.0,0.666666985,6.0,P460514,51,34.0,0.5943161289177871,0,0,0,1,0,0,0,0,0,0,0,0,0,0,0,0,0,1,0,0,1,0,0,0,0,0,1,0,0,0
5,1.0,0.75,4.0,P460514,51,34.0,0.6666666666666667,0,0,1,0,0,0,0,0,0,0,0,0,0,0,0,0,0,1,0,1,0,0,0,0,0,1,0,0,0,0
1,0.0,0.75,4.0,P460514,51,34.0,0.6666666666666667,0,0,1,0,0,0,0,0,0,0,0,0,0,0,0,0,0,1,0,0,1,0,0,0,0,1,0,0,0,0
5,1.0,0.636363983,11.0,P460514,51,34.0,0.5637054741273227,0,0,0,0,0,1,0,0,0,0,0,0,0,0,0,1,0,0,0,1,0,0,0,0,0,0,1,0,0,0
5,1.0,0.846153975,13.0,P454100,37,58.0,0.6934264036172708,0,0,0,0,1,0,0,0,0,0,0,0,0,0,1,0,0,0,0,1,0,0,0,0,0,0,0,0,0,1
1,0.0,0.545454979,22.0,P454100,37,58.0,0.5168304769853754,0,0,0,0,1,0,0,0,0,0,0,0,0,0,0,0,0,1,0,1,0,0,0,0,0,0,1,0,0,0
5,1.0,1.0,24.0,P454100,37,58.0,1.0,0,0,0,0,0,1,0,0,0,0,0,0,0,0,0,0,0,1,0,0,0,0,1,0,1,0,0,0,0,0
5,1.0,1.0,6.0,P454100,37,58.0,1.0,0,0,0,0,0,0,0,0,0,0,0,1,0,0,0,1,0,0,0,1,0,0,0,0,0,0,1,0,0,0
3,0.0,0.875,8.0,P454100,37,58.0,0.75,0,0,0,0,0,0,1,0,0,0,0,0,0,0,0,1,0,0,0,1,0,0,0,0,1,0,0,0,0,0
5,1.0,0.846153975,13.0,P454100,37,58.0,0.6934264036172708,0,0,0,0,0,1,0,0,0,0,0,0,0,0,1,0,0,0,0,1,0,0,0,0,0,1,0,0,0,0
5,1.0,1.0,5.0,P454100,37,58.0,1.0,0,0,0,0,0,1,0,0,0,0,0,0,0,0,1,0,0,0,0,0,0,0,1,0,0,1,0,0,0,0
5,1.0,0.888889015,9.0,P454100,37,58.0,0.7601875334318686,0,0,0,0,0,0,0,1,0,0,0,0,0,0,0,1,0,0,0,1,0,0,0,0,1,0,0,0,0,0
5,1.0,1.0,4.0,P454100,37,58.0,1.0,0,0,0,0,0,1,0,0,0,0,0,0,0,0,0,0,0,0,1,0,0,0,1,0,0,0,1,0,0,0
1,0.0,0.166666999,6.0,P469537,91,58.0,0.2789429456511298,0,0,0,0,1,0,0,0,0,0,0,0,0,0,0,0,0,0,1,1,0,0,0,0,0,1,0,0,0,0
5,1.0,0.714286029,7.0,P469537,91,58.0,0.6199062332840658,0,0,0,0,0,0,1,0,0,0,0,0,0,0,0,1,0,0,0,1,0,0,0,0,1,0,0,0,0,0
2,0.0,0.814814985,27.0,P469537,91,58.0,0.6363573739615787,0,0,1,0,0,0,0,0,0,0,0,0,0,0,0,1,0,0,0,1,0,0,0,1,0,0,0,0,0,0
5,1.0,0.909090996,11.0,P430818,115,15.0,0.7757561757824245,0,0,0,0,0,1,0,0,0,0,0,0,0,0,1,0,0,0,0,0,0,0,1,0,0,0,1,0,0,0
5,1.0,0.944444001,18.0,P430818,115,15.0,0.8065735963827292,0,0,0,0,1,0,0,0,0,0,0,0,0,0,0,0,0,0,1,1,0,0,0,0,0,0,1,0,0,0
5,1.0,0.872726977,55.0,P430818,115,15.0,0.6517584394267986,0,0,0,0,1,0,0,0,0,0,0,0,0,0,0,0,0,1,0,1,0,0,0,0,0,1,0,0,0,0
3,1.0,0.0,8.0,P440482,58,7.0,0.0,0,0,0,0,1,0,0,0,0,0,0,0,0,0,0,1,0,0,0,1,0,0,0,0,0,0,1,0,0,0
2,0.0,0.916666985,12.0,P440482,58,7.0,0.7818957080144684,0,1,0,0,0,0,0,0,0,0,0,0,0,0,0,1,0,0,0,0,0,0,1,0,1,0,0,0,0,0
1,0.0,0.909090996,11.0,P440482,58,7.0,0.7757561757824245,0,0,0,1,0,0,0,0,0,0,0,0,0,0,1,0,0,0,0,0,1,0,0,1,0,0,0,0,0,0
5,1.0,1.0,6.0,P440482,58,7.0,1.0,0,0,0,0,0,1,0,0,0,0,0,0,0,0,0,0,0,0,1,0,0,0,1,0,0,0,1,0,0,0
5,1.0,1.0,10.0,P440482,58,7.0,1.0,0,0,0,0,1,0,0,0,0,0,0,0,0,1,0,0,0,0,0,0,0,1,0,0,0,0,1,0,0,0
5,1.0,0.912280977,57.0,P440482,58,7.0,0.6890413933859203,0,0,0,0,0,0,0,0,0,0,0,0,1,0,0,1,0,0,0,0,1,0,0,0,1,0,0,0,0,0
4,0.0,0.5,4.0,P449188,27,36.0,0.5,0,0,0,0,1,0,0,0,0,0,0,0,0,0,0,1,0,0,0,1,0,0,0,0,1,0,0,0,0,0
1,0.0,0.899999976,20.0,P449188,27,36.0,0.7282714920267325,0,0,0,0,0,0,0,0,0,0,0,0,1,0,0,0,0,0,1,1,0,0,0,0,1,0,0,0,0,0
3,1.0,1.0,6.0,P449188,27,36.0,1.0,0,0,0,0,0,0,1,0,0,0,0,0,0,0,0,1,0,0,0,0,0,0,1,0,0,0,1,0,0,0
1,0.0,0.782608986,23.0,P449188,27,36.0,0.6216882614292828,0,0,0,0,0,0,0,0,0,0,0,0,1,0,0,0,0,1,0,0,0,1,0,0,0,0,1,0,0,0
5,1.0,1.0,4.0,P483664,48,60.0,1.0,0,0,0,0,0,0,1,0,0,0,0,0,0,0,0,1,0,0,0,1,0,0,0,0,0,0,1,0,0,0
1,0.0,1.0,13.0,P430903,57,36.0,1.0,0,0,0,0,0,0,1,0,0,0,0,0,0,0,0,1,0,0,0,0,0,1,0,0,0,0,1,0,0,0
4,1.0,0.833333015,6.0,P430903,57,36.0,0.7210570543488701,0,0,0,0,1,0,0,0,0,0,0,0,0,0,1,0,0,0,0,0,1,0,0,0,0,1,0,0,0,0
3,1.0,0.371134013,97.0,P430903,57,36.0,0.4666442889927858,0,0,0,1,0,0,0,0,0,0,0,0,0,0,1,0,0,0,0,1,0,0,0,0,0,1,0,0,0,0
4,1.0,0.600000024,5.0,P501581,28,14.0,0.5578858913022596,0,0,1,0,0,0,0,0,0,0,0,0,0,0,0,1,0,0,0,0,0,0,1,0,0,1,0,0,0,0
5,1.0,0.935483992,62.0,P501581,28,14.0,0.7169957997725619,0,0,1,0,0,0,0,0,0,0,0,0,0,0,0,0,0,0,1,1,0,0,0,0,0,0,1,0,0,0
1,0.0,1.0,9.0,P409630,115,22.0,1.0,0,0,0,0,0,0,0,0,0,0,0,0,1,0,0,1,0,0,0,0,0,0,1,0,1,0,0,0,0,0
5,1.0,0.954545021,22.0,P409630,115,22.0,0.8168307490863663,0,0,1,0,0,0,0,0,0,0,0,0,0,0,1,0,0,0,0,1,0,0,0,0,0,0,1,0,0,0
1,1.0,0.800000012,15.0,P409630,115,22.0,0.649149872836091,0,0,1,0,0,0,0,0,0,0,0,0,0,0,1,0,0,0,0,1,0,0,0,0,0,0,1,0,0,0
5,1.0,0.961905003,105.0,P409630,115,22.0,0.7418460247101141,0,0,1,0,0,0,0,0,0,0,0,0,0,0,1,0,0,0,0,1,0,0,0,0,0,0,1,0,0,0
5,1.0,1.0,6.0,P504639,66,34.0,1.0,0,0,1,0,0,0,0,0,0,0,0,0,0,0,0,1,0,0,0,1,0,0,0,0,0,1,0,0,0,0
5,1.0,0.714286029,7.0,P504639,66,34.0,0.6199062332840658,0,0,0,0,1,0,0,0,0,0,0,0,0,0,0,1,0,0,0,0,0,1,0,0,0,1,0,0,0,0
5,1.0,0.866666973,15.0,P467630,54,82.0,0.7060702520912807,0,0,0,0,0,1,0,0,0,0,0,0,0,0,0,1,0,0,0,1,0,0,0,0,0,0,1,0,0,0
5,1.0,0.75,8.0,P380000,24,36.0,0.6391511932854698,0,0,0,0,0,0,0,1,0,0,0,0,0,0,0,1,0,0,0,0,1,0,0,0,1,0,0,0,0,0
4,1.0,1.0,4.0,P380000,24,36.0,1.0,0,0,0,0,0,1,0,0,0,0,0,0,0,0,0,1,0,0,0,1,0,0,0,0,0,0,1,0,0,0
5,1.0,1.0,9.0,P500894,28,34.0,1.0,0,0,1,0,0,0,0,0,0,0,0,0,0,0,0,0,0,0,1,0,1,0,0,0,0,0,1,0,0,0
5,1.0,1.0,14.0,P500894,28,34.0,1.0,0,0,0,0,1,0,0,0,0,0,0,0,0,0,0,1,0,0,0,1,0,0,0,0,0,0,1,0,0,0
4,1.0,0.600000024,20.0,P455365,99,7.99,0.5386089194935016,0,0,0,0,1,0,0,0,0,0,0,0,0,0,1,0,0,0,0,1,0,0,0,0,0,1,0,0,0,0
4,1.0,0.818181992,11.0,P455365,99,7.99,0.6769924925288455,0,0,0,0,0,0,1,0,0,0,0,0,0,0,0,0,0,0,1,1,0,0,0,0,0,0,1,0,0,0
5,1.0,1.0,5.0,P455365,99,7.99,1.0,0,0,0,0,1,0,0,0,0,0,0,0,0,0,0,1,0,0,0,1,0,0,0,0,1,0,0,0,0,0
5,1.0,1.0,5.0,P455365,99,7.99,1.0,0,0,0,0,0,0,0,1,0,0,0,0,0,0,0,1,0,0,0,1,0,0,0,0,0,0,1,0,0,0
4,1.0,0.75,8.0,P455365,99,7.99,0.6391511932854698,0,0,0,0,0,1,0,0,0,0,0,0,0,0,0,0,0,1,0,0,0,0,1,0,0,0,1,0,0,0
4,1.0,0.75,4.0,P455900,101,5.0,0.6666666666666667,0,0,1,0,0,0,0,0,0,0,0,0,0,0,0,1,0,0,0,0,1,0,0,0,0,0,1,0,0,0
5,1.0,1.0,9.0,P455900,101,5.0,1.0,0,0,0,0,1,0,0,0,0,0,0,0,0,0,1,0,0,0,0,0,1,0,0,0,0,1,0,0,0,0
5,1.0,1.0,5.0,P455900,101,5.0,1.0,0,0,0,0,0,1,0,0,0,0,0,0,0,0,0,1,0,0,0,0,1,0,0,0,0,0,1,0,0,0
5,1.0,0.666666985,15.0,P455900,101,5.0,0.5723372020956964,0,0,1,0,0,0,0,0,0,0,0,0,0,0,0,1,0,0,0,0,0,1,0,0,0,0,1,0,0,0
5,1.0,0.824999988,40.0,P455900,101,5.0,0.6290554826788924,0,0,0,0,0,1,0,0,0,0,0,0,0,0,0,1,0,0,0,0,1,0,0,0,1,0,0,0,0,0
4,1.0,0.608695984,23.0,P455900,101,5.0,0.5404604490558215,0,0,0,0,0,0,1,0,0,0,0,0,0,0,0,1,0,0,0,1,0,0,0,0,0,0,1,0,0,0
1,0.0,0.571429014,14.0,P454389,94,21.0,0.5303290195561405,0,0,0,0,1,0,0,0,0,0,0,0,0,0,0,1,0,0,0,1,0,0,0,0,1,0,0,0,0,0
4,1.0,1.0,4.0,P454389,94,21.0,1.0,0,0,1,0,0,0,0,0,0,0,0,0,0,0,1,0,0,0,0,0,0,1,0,0,0,1,0,0,0,0
3,1.0,0.166666999,6.0,P454389,94,21.0,0.2789429456511298,0,0,0,0,1,0,0,0,0,0,0,0,0,0,1,0,0,0,0,1,0,0,0,0,1,0,0,0,0,0
5,1.0,1.0,4.0,P454389,94,21.0,1.0,0,0,0,0,1,0,0,0,0,0,0,0,0,0,1,0,0,0,0,1,0,0,0,0,1,0,0,0,0,0
2,1.0,0.75,4.0,P454389,94,21.0,0.6666666666666667,0,0,0,0,1,0,0,0,0,0,0,0,0,0,1,0,0,0,0,1,0,0,0,0,1,0,0,0,0,0
1,0.0,1.0,4.0,P436891,37,32.0,1.0,0,0,0,0,0,0,0,0,0,0,0,0,1,0,0,1,0,0,0,0,0,0,1,0,1,0,0,0,0,0
5,1.0,0.833333015,6.0,P436891,37,32.0,0.7210570543488701,0,0,0,0,0,0,0,1,0,0,0,0,0,0,0,1,0,0,0,0,0,1,0,0,0,0,1,0,0,0
3,0.0,0.75,12.0,P436891,37,32.0,0.6241963505817848,0,0,0,0,1,0,0,0,0,0,0,0,0,0,0,1,0,0,0,0,0,1,0,0,0,0,1,0,0,0
5,1.0,1.0,7.0,P436891,37,32.0,1.0,0,0,0,0,0,1,0,0,0,0,0,0,0,0,0,1,0,0,0,0,1,0,0,0,0,0,1,0,0,0
1,0.0,0.894032001,113.72000000000116,P436891,37,32.0,0.595806353741852,0,0,0,0,1,0,0,0,0,0,0,0,0,0,1,0,0,0,0,0,0,1,0,0,0,0,1,0,0,0
1,0.0,0.727272987,11.0,P436891,37,32.0,0.6131471927654585,0,0,0,0,1,0,0,0,0,0,0,0,0,0,0,1,0,0,0,0,0,0,1,0,0,1,0,0,0,0
5,1.0,0.25,4.0,P443838,99,12.99,0.3333333333333333,0,0,0,0,1,0,0,0,0,0,0,0,0,0,0,0,0,0,1,1,0,0,0,0,0,0,1,0,0,0
5,1.0,0.769231021,13.0,P443838,99,12.99,0.6336614981727328,0,0,1,0,0,0,0,0,0,0,0,0,0,0,0,0,0,0,1,0,0,0,1,0,0,0,1,0,0,0
4,1.0,1.0,4.0,P443838,99,12.99,1.0,0,0,0,0,1,0,0,0,0,0,0,0,0,0,1,0,0,0,0,1,0,0,0,0,0,1,0,0,0,0
4,1.0,0.928570986,14.0,P443838,99,12.99,0.7919854023234905,0,0,0,0,0,0,0,0,0,0,0,1,0,0,0,1,0,0,0,0,0,0,1,0,1,0,0,0,0,0
5,1.0,1.0,4.0,P443838,99,12.99,1.0,0,0,1,0,0,0,0,0,0,0,0,0,0,0,1,0,0,0,0,1,0,0,0,0,0,0,1,0,0,0
5,1.0,0.818181992,11.0,P443838,99,12.99,0.6769924925288455,0,0,0,1,0,0,0,0,0,0,0,0,0,0,1,0,0,0,0,1,0,0,0,0,0,1,0,0,0,0
5,1.0,1.0,5.0,P460513,51,27.0,1.0,0,0,0,0,1,0,0,0,0,0,0,0,0,0,0,1,0,0,0,0,1,0,0,0,0,0,1,0,0,0
4,1.0,1.0,7.0,P460513,51,27.0,1.0,0,0,0,0,1,0,0,0,0,0,0,0,0,0,1,0,0,0,0,1,0,0,0,0,0,0,1,0,0,0
2,0.0,0.555555999,9.0,P460513,51,27.0,0.5268025545616606,0,0,0,0,0,0,1,0,0,0,0,0,0,0,0,1,0,0,0,1,0,0,0,0,1,0,0,0,0,0
5,1.0,1.0,9.0,P460513,51,27.0,1.0,0,0,0,0,1,0,0,0,0,0,0,0,0,0,0,1,0,0,0,0,1,0,0,0,0,0,1,0,0,0
1,0.0,0.545454979,11.0,P456572,61,67.0,0.5206212286759117,0,0,0,1,0,0,0,0,0,0,0,0,0,0,0,0,0,1,0,1,0,0,0,0,0,0,1,0,0,0
2,0.0,0.75,8.0,P456572,61,67.0,0.6391511932854698,0,0,1,0,0,0,0,0,0,0,0,0,0,0,1,0,0,0,0,0,0,1,0,0,0,1,0,0,0,0
5,1.0,0.75,8.0,P456572,61,67.0,0.6391511932854698,0,0,0,0,1,0,0,0,0,0,0,0,0,0,1,0,0,0,0,0,1,0,0,0,0,1,0,0,0,0
4,1.0,0.75,8.0,P423254,72,55.0,0.6391511932854698,0,0,0,0,1,0,0,0,0,0,0,0,0,0,0,1,0,0,0,1,0,0,0,0,0,0,1,0,0,0
3,0.0,0.666666985,6.0,P423254,72,55.0,0.5943161289177871,0,0,1,0,0,0,0,0,0,0,0,0,0,0,0,0,0,1,0,1,0,0,0,0,1,0,0,0,0,0
5,1.0,0.600000024,10.0,P423254,72,55.0,0.5473191697130572,0,0,0,0,1,0,0,0,0,0,0,0,0,0,0,0,0,1,0,1,0,0,0,0,0,0,1,0,0,0
5,1.0,0.879999995,25.0,P423254,72,55.0,0.6934190226946438,0,0,0,0,0,0,1,0,0,0,0,0,0,0,0,0,0,0,1,0,0,0,1,0,1,0,0,0,0,0
5,1.0,0.571429014,7.0,P423254,72,55.0,0.5372435736804816,0,0,0,0,1,0,0,0,0,0,0,0,0,0,0,0,0,0,1,0,0,0,1,0,1,0,0,0,0,0
3,1.0,0.5,12.0,P455894,29,36.0,0.5,0,0,0,0,1,0,0,0,0,0,0,0,0,0,0,0,0,0,1,0,0,0,1,0,0,0,1,0,0,0
5,1.0,1.0,5.0,P455894,29,36.0,1.0,0,0,0,0,1,0,0,0,0,0,0,0,0,0,1,0,0,0,0,1,0,0,0,0,0,0,1,0,0,0
5,1.0,1.0,8.0,P455894,29,36.0,1.0,0,0,0,0,0,1,0,0,0,0,0,0,0,0,0,1,0,0,0,0,0,0,1,0,1,0,0,0,0,0
4,1.0,1.0,10.0,P455894,29,36.0,1.0,0,0,1,0,0,0,0,0,0,0,0,0,0,0,0,1,0,0,0,1,0,0,0,0,0,0,1,0,0,0
4,1.0,0.5,4.0,P455894,29,36.0,0.5,0,0,1,0,0,0,0,0,0,0,0,0,0,0,0,1,0,0,0,0,0,0,1,0,0,0,1,0,0,0
5,1.0,0.875,16.0,P500618,45,44.0,0.7113975059201018,0,0,0,0,1,0,0,0,0,0,0,0,0,0,1,0,0,0,0,1,0,0,0,0,0,1,0,0,0,0
5,1.0,1.0,4.0,P472302,108,58.0,1.0,0,0,0,0,1,0,0,0,0,0,0,0,0,0,1,0,0,0,0,1,0,0,0,0,0,1,0,0,0,0
5,1.0,1.0,6.0,P472302,108,58.0,1.0,0,0,0,0,1,0,0,0,0,0,0,0,0,0,0,0,0,0,1,1,0,0,0,0,0,0,1,0,0,0
1,1.0,0.818181992,11.0,P201439,7,26.5,0.6769924925288455,0,0,1,0,0,0,0,0,0,0,0,0,0,0,0,0,0,0,1,1,0,0,0,0,0,1,0,0,0,0
4,1.0,0.833333015,6.0,P201439,7,26.5,0.7210570543488701,0,0,1,0,0,0,0,0,0,0,0,0,0,0,0,0,0,0,1,1,0,0,0,0,0,1,0,0,0,0
2,0.0,1.0,16.0,P464241,21,25.0,1.0,0,1,0,0,0,0,0,0,0,0,0,0,0,0,0,1,0,0,0,1,0,0,0,0,1,0,0,0,0,0
1,0.0,0.466666996,15.0,P474826,18,76.0,0.4862295731793668,0,0,0,0,1,0,0,0,0,0,0,0,0,0,0,0,0,1,0,0,0,0,1,0,0,1,0,0,0,0
5,1.0,1.0,11.0,P474826,18,76.0,1.0,0,0,0,0,1,0,0,0,0,0,0,0,0,0,1,0,0,0,0,0,1,0,0,0,0,1,0,0,0,0
3,0.0,0.368420988,19.0,P474826,18,76.0,0.4477318095822363,0,0,0,0,0,0,0,1,0,0,0,0,0,0,0,1,0,0,0,1,0,0,0,0,0,0,1,0,0,0
3,0.0,0.916666985,24.0,P294018,49,23.0,0.740532674963355,0,0,0,0,0,1,0,0,0,0,0,0,0,0,0,1,0,0,0,0,1,0,0,0,0,1,0,0,0,0
5,1.0,1.0,4.0,P294018,49,23.0,1.0,0,0,0,0,0,1,0,0,0,0,0,0,0,0,0,1,0,0,0,1,0,0,0,0,0,0,1,0,0,0
1,1.0,0.529411972,68.0,P294018,49,23.0,0.5080486493734259,0,0,1,0,0,0,0,0,0,0,0,0,0,0,0,0,0,1,0,1,0,0,0,0,0,0,1,0,0,0
5,1.0,0.866666973,30.0,P439927,47,72.0,0.6718964818222768,0,0,0,0,0,0,0,1,0,0,0,0,0,0,0,1,0,0,0,1,0,0,0,0,1,0,0,0,0,0
5,1.0,1.0,6.0,P439927,47,72.0,1.0,0,0,1,0,0,0,0,0,0,0,0,0,0,0,0,0,0,0,1,0,1,0,0,0,0,0,1,0,0,0
5,1.0,0.600000024,5.0,P439927,47,72.0,0.5578858913022596,0,0,0,0,1,0,0,0,0,0,0,0,0,0,0,1,0,0,0,0,0,1,0,0,0,0,1,0,0,0
1,0.0,0.708333015,24.0,P439927,47,72.0,0.5815855815233052,0,0,0,0,0,0,0,0,0,0,0,0,1,0,0,1,0,0,0,1,0,0,0,0,1,0,0,0,0,0
5,1.0,0.902912974,103.0,P439927,47,72.0,0.6545411876386448,0,0,0,0,1,0,0,0,0,0,0,0,0,0,0,1,0,0,0,1,0,0,0,0,1,0,0,0,0,0
5,1.0,0.846153975,52.0,P122727,7,54.0,0.6340329934961401,0,0,1,0,0,0,0,0,0,0,0,0,0,0,0,1,0,0,0,1,0,0,0,0,0,0,1,0,0,0
2,1.0,0.857142985,7.0,P122727,7,54.0,0.7373504649628064,0,0,0,0,0,1,0,0,0,0,0,0,0,0,0,1,0,0,0,0,1,0,0,0,0,0,1,0,0,0
1,0.0,0.25,4.0,P448181,13,99.0,0.3333333333333333,0,0,0,0,0,0,0,0,0,0,0,0,1,0,0,1,0,0,0,1,0,0,0,0,1,0,0,0,0,0
5,1.0,1.0,7.0,P448181,13,99.0,1.0,0,0,0,0,1,0,0,0,0,0,0,0,0,0,0,0,0,0,1,0,1,0,0,0,0,0,1,0,0,0
5,1.0,0.833333015,6.0,P448181,13,99.0,0.7210570543488701,0,0,0,0,0,1,0,0,0,0,0,0,0,0,0,1,0,0,0,1,0,0,0,0,0,1,0,0,0,0
5,1.0,0.864407003,59.0,P448181,13,99.0,0.6426387074655496,0,0,0,0,0,1,0,0,0,0,0,0,0,0,0,1,0,0,0,1,0,0,0,0,0,0,1,0,0,0
4,1.0,0.90476203,21.0,P448181,13,99.0,0.7316756633516291,0,0,0,0,0,1,0,0,0,0,0,0,0,0,0,1,0,0,0,0,0,0,1,0,0,0,1,0,0,0
4,1.0,0.772727013,22.0,P448181,13,99.0,0.617319681505689,0,0,1,0,0,0,0,0,0,0,0,0,0,0,0,1,0,0,0,1,0,0,0,0,0,0,1,0,0,0
5,1.0,0.555555999,18.0,P448181,13,99.0,0.5218351971229078,0,0,0,0,0,1,0,0,0,0,0,0,0,0,0,1,0,0,0,1,0,0,0,1,0,0,0,0,0,0
1,0.0,0.619047999,42.0,P448181,13,99.0,0.5377402294068939,0,0,0,0,0,1,0,0,0,0,0,0,0,0,0,1,0,0,0,0,1,0,0,0,0,0,1,0,0,0
5,1.0,0.769231021,26.0,P448181,13,99.0,0.6100718494403359,0,0,0,0,0,0,0,1,0,0,0,0,0,0,1,0,0,0,0,1,0,0,0,0,1,0,0,0,0,0
5,1.0,0.826923013,52.0,P448181,13,99.0,0.6217068650802362,0,0,0,1,0,0,0,0,0,0,0,0,0,0,0,0,0,1,0,1,0,0,0,0,0,0,1,0,0,0
5,1.0,1.0,9.0,P244701,7,29.0,1.0,0,0,0,0,0,0,1,0,0,0,0,0,0,0,0,1,0,0,0,0,0,0,1,0,0,0,1,0,0,0
5,1.0,0.75,4.0,P244701,7,29.0,0.6666666666666667,0,0,0,0,1,0,0,0,0,0,0,0,0,0,0,1,0,0,0,0,0,0,1,0,0,0,1,0,0,0
5,1.0,0.857142985,7.0,P244701,7,29.0,0.7373504649628064,0,0,1,0,0,0,0,0,0,0,0,0,0,0,0,1,0,0,0,0,0,0,1,0,0,0,1,0,0,0
5,1.0,1.0,8.0,P456988,41,35.0,1.0,0,0,1,0,0,0,0,0,0,0,0,0,0,0,1,0,0,0,0,0,0,0,1,0,0,1,0,0,0,0
5,1.0,1.0,7.0,P456988,41,35.0,1.0,0,0,1,0,0,0,0,0,0,0,0,0,0,0,1,0,0,0,0,0,1,0,0,0,0,1,0,0,0,0
1,0.0,0.235293999,34.0,P456988,41,35.0,0.4000000000000001,0,0,0,0,1,0,0,0,0,0,0,0,0,0,0,1,0,0,0,1,0,0,0,1,0,0,0,0,0,0
5,1.0,1.0,8.0,P456988,41,35.0,1.0,0,0,0,0,1,0,0,0,0,0,0,0,0,0,0,0,0,1,0,0,1,0,0,1,0,0,0,0,0,0
5,1.0,0.875,8.0,P456988,41,35.0,0.75,0,0,0,0,1,0,0,0,0,0,0,0,0,0,1,0,0,0,0,1,0,0,0,0,0,1,0,0,0,0
5,1.0,0.833333015,6.0,P467251,28,45.0,0.7210570543488701,0,1,0,0,0,0,0,0,0,0,0,0,0,0,0,1,0,0,0,1,0,0,0,0,1,0,0,0,0,0
4,1.0,1.0,5.0,P467251,28,45.0,1.0,0,0,0,0,0,0,0,1,0,0,0,0,0,0,0,1,0,0,0,1,0,0,0,0,1,0,0,0,0,0
5,1.0,1.0,20.0,P467251,28,45.0,1.0,0,0,0,0,0,0,0,0,0,0,0,1,0,0,0,1,0,0,0,0,1,0,0,0,1,0,0,0,0,0
3,1.0,0.714286029,7.0,P467251,28,45.0,0.6199062332840658,0,0,0,0,0,0,0,0,0,0,0,0,1,0,0,1,0,0,0,0,1,0,0,0,1,0,0,0,0,0
5,1.0,0.899999976,10.0,P467251,28,45.0,0.7686217868402409,0,1,0,0,0,0,0,0,0,0,0,0,0,0,0,1,0,0,0,0,1,0,0,0,1,0,0,0,0,0
5,1.0,1.0,5.0,P467251,28,45.0,1.0,0,0,0,0,0,1,0,0,0,0,0,0,0,0,0,1,0,0,0,1,0,0,0,0,1,0,0,0,0,0
4,1.0,0.555555999,18.0,P467251,28,45.0,0.5218351971229078,0,0,0,0,0,1,0,0,0,0,0,0,0,0,0,1,0,0,0,1,0,0,0,0,1,0,0,0,0,0
5,1.0,1.0,4.0,P457510,35,26.0,1.0,0,0,0,0,0,1,0,0,0,0,0,0,0,0,0,0,0,1,0,1,0,0,0,0,0,0,1,0,0,0
5,1.0,0.333332986,9.0,P457510,35,26.0,0.4160291953530189,0,0,0,0,0,0,1,0,0,0,0,0,0,0,0,1,0,0,0,0,1,0,0,0,0,0,1,0,0,0
5,1.0,0.25,4.0,P457510,35,26.0,0.3333333333333333,0,0,0,1,0,0,0,0,0,0,0,0,0,0,1,0,0,0,0,0,1,0,0,0,0,0,1,0,0,0
5,1.0,0.75,4.0,P504044,44,54.0,0.6666666666666667,0,0,0,0,1,0,0,0,0,0,0,0,0,0,0,1,0,0,0,1,0,0,0,0,1,0,0,0,0,0
4,1.0,0.888889015,9.0,P469439,4,16.0,0.7601875334318686,0,0,1,0,0,0,0,0,0,0,0,0,0,0,0,0,0,1,0,0,1,0,0,0,0,0,0,0,0,1
1,0.0,0.875,8.0,P469439,4,16.0,0.75,0,0,1,0,0,0,0,0,0,0,0,0,0,1,0,0,0,0,0,0,0,1,0,0,0,0,1,0,0,0
1,0.0,0.222222,18.0,P469439,4,16.0,0.3727718224372513,0,0,0,0,0,1,0,0,0,0,0,0,0,0,0,1,0,0,0,0,1,0,0,0,0,0,1,0,0,0
2,0.0,0.428570986,7.0,P469439,4,16.0,0.4627564263195183,0,0,1,0,0,0,0,0,0,0,0,0,0,0,1,0,0,0,0,0,0,1,0,0,0,0,1,0,0,0
5,1.0,0.833333015,12.0,P469439,4,16.0,0.6857972507265685,0,1,0,0,0,0,0,0,0,0,0,0,0,0,0,0,0,1,0,1,0,0,0,0,1,0,0,0,0,0
5,1.0,1.0,5.0,P469439,4,16.0,1.0,0,0,1,0,0,0,0,0,0,0,0,0,0,0,0,1,0,0,0,0,1,0,0,0,0,0,1,0,0,0
4,1.0,0.5,4.0,P450632,91,38.0,0.5,0,0,0,0,0,0,0,0,0,0,0,0,1,0,0,1,0,0,0,0,0,1,0,0,0,0,1,0,0,0
5,1.0,0.800000012,10.0,P476731,91,12.0,0.6666666666666666,0,0,1,0,0,0,0,0,0,0,0,0,0,0,0,1,0,0,0,1,0,0,0,0,1,0,0,0,0,0
1,0.0,0.388889015,18.0,P476731,91,12.0,0.4555834599925897,0,0,0,1,0,0,0,0,0,0,0,0,0,0,0,0,0,1,0,1,0,0,0,1,0,0,0,0,0,0
5,1.0,0.800000012,5.0,P404794,57,32.0,0.6989700043360187,0,0,1,0,0,0,0,0,0,0,0,0,0,0,0,0,0,0,1,0,1,0,0,0,0,0,1,0,0,0
4,1.0,0.600000024,5.0,P404794,57,32.0,0.5578858913022596,0,0,0,0,0,1,0,0,0,0,0,0,0,0,0,0,0,1,0,1,0,0,0,0,0,1,0,0,0,0
4,1.0,0.882353008,17.0,P404794,57,32.0,0.7162089270041655,0,0,0,0,1,0,0,0,0,0,0,0,0,0,1,0,0,0,0,1,0,0,0,0,0,1,0,0,0,0
2,1.0,0.333332986,6.0,P397623,19,7.0,0.4056838710822129,0,0,0,0,1,0,0,0,0,0,0,0,0,0,0,1,0,0,0,1,0,0,0,0,0,0,1,0,0,0
5,1.0,0.666666985,9.0,P397623,19,7.0,0.583970804646981,0,0,0,0,1,0,0,0,0,0,0,0,0,0,0,1,0,0,0,1,0,0,0,0,0,0,1,0,0,0
5,1.0,1.0,5.0,P402014,93,50.0,1.0,0,0,1,0,0,0,0,0,0,0,0,0,0,0,1,0,0,0,0,1,0,0,0,0,0,1,0,0,0,0
5,1.0,1.0,6.0,P402014,93,50.0,1.0,0,0,1,0,0,0,0,0,0,0,0,0,0,0,1,0,0,0,0,1,0,0,0,0,0,1,0,0,0,0
4,1.0,0.100000001,10.0,P475194,96,56.0,0.2313782131597591,0,0,1,0,0,0,0,0,0,0,0,0,0,0,1,0,0,0,0,0,0,0,1,0,0,1,0,0,0,0
1,0.0,0.600000024,5.0,P482061,72,38.0,0.5578858913022596,0,0,0,0,0,0,0,1,0,0,0,0,0,0,0,1,0,0,0,0,1,0,0,0,0,0,1,0,0,0
2,0.0,1.0,5.0,P482061,72,38.0,1.0,0,0,0,0,1,0,0,0,0,0,0,0,0,0,0,1,0,0,0,1,0,0,0,0,0,0,1,0,0,0
1,0.0,1.0,12.0,P479692,14,59.0,1.0,0,0,0,0,0,1,0,0,0,0,0,0,0,0,0,1,0,0,0,1,0,0,0,0,1,0,0,0,0,0
1,0.0,1.0,12.0,P479692,14,59.0,1.0,0,0,0,0,0,0,0,0,0,0,0,0,1,0,0,1,0,0,0,0,0,1,0,0,1,0,0,0,0,0
5,1.0,0.833333015,6.0,P9939,61,42.0,0.7210570543488701,0,0,0,0,1,0,0,0,0,0,0,0,0,0,0,1,0,0,0,1,0,0,0,0,0,0,1,0,0,0
5,1.0,0.727272987,11.0,P9939,61,42.0,0.6131471927654585,0,0,0,0,1,0,0,0,0,0,0,0,0,0,0,0,0,0,1,0,0,0,1,0,1,0,0,0,0,0
5,1.0,1.0,6.0,P9939,61,42.0,1.0,0,0,0,0,1,0,0,0,0,0,0,0,0,0,0,1,0,0,0,0,0,1,0,0,1,0,0,0,0,0
2,0.0,0.600000024,5.0,P439643,7,41.0,0.5578858913022596,0,0,0,0,0,1,0,0,0,0,0,0,0,0,0,1,0,0,0,1,0,0,0,0,0,0,1,0,0,0
4,1.0,0.600000024,5.0,P439643,7,41.0,0.5578858913022596,0,0,0,0,1,0,0,0,0,0,0,0,0,0,0,1,0,0,0,1,0,0,0,0,0,0,1,0,0,0
5,1.0,0.833333015,6.0,P439643,7,41.0,0.7210570543488701,0,0,0,0,0,0,0,0,0,0,0,0,1,0,0,1,0,0,0,1,0,0,0,0,1,0,0,0,0,0
1,0.0,0.25,24.0,P439643,7,41.0,0.3979082265979018,0,0,0,0,0,1,0,0,0,0,0,0,0,0,0,1,0,0,0,1,0,0,0,0,0,0,1,0,0,0
1,0.0,0.454544991,11.0,P439643,7,41.0,0.4793787713240883,0,0,0,0,0,0,0,1,0,0,0,0,0,0,0,1,0,0,0,1,0,0,0,0,1,0,0,0,0,0
5,1.0,1.0,12.0,P474330,40,29.0,1.0,0,0,0,0,1,0,0,0,0,0,0,0,0,0,0,0,0,1,0,0,1,0,0,0,0,1,0,0,0,0
5,1.0,0.166666999,6.0,P474330,40,29.0,0.2789429456511298,0,0,0,0,1,0,0,0,0,0,0,0,0,0,0,1,0,0,0,1,0,0,0,0,1,0,0,0,0,0
5,1.0,1.0,7.0,P475086,14,69.0,1.0,0,0,0,0,1,0,0,0,0,0,0,0,0,0,1,0,0,0,0,1,0,0,0,0,0,1,0,0,0,0
4,1.0,0.5,4.0,P475159,75,60.0,0.5,0,0,0,0,1,0,0,0,0,0,0,0,0,0,0,1,0,0,0,1,0,0,0,0,0,0,1,0,0,0
4,1.0,0.625,8.0,P479340,71,34.0,0.5637914160289369,0,0,0,0,1,0,0,0,0,0,0,0,0,0,1,0,0,0,0,0,1,0,0,0,0,0,0,0,0,1
5,1.0,0.875,8.0,P479340,71,34.0,0.75,0,0,0,0,0,1,0,0,0,0,0,0,0,0,0,1,0,0,0,1,0,0,0,0,0,0,1,0,0,0
4,1.0,0.699999988,10.0,P479340,71,34.0,0.6,0,0,0,0,0,1,0,0,0,0,0,0,0,0,0,1,0,0,0,0,0,0,1,0,0,0,1,0,0,0
5,1.0,0.545454979,11.0,P479340,71,34.0,0.5206212286759117,0,0,0,0,1,0,0,0,0,0,0,0,0,0,0,0,0,1,0,1,0,0,0,0,0,1,0,0,0,0
5,1.0,0.75,4.0,P479340,71,34.0,0.6666666666666667,0,0,0,0,0,0,0,0,0,0,0,0,1,0,0,0,0,1,0,1,0,0,0,0,0,0,1,0,0,0
5,1.0,0.764706016,17.0,P479340,71,34.0,0.6211745993017163,0,0,1,0,0,0,0,0,0,0,0,0,0,0,0,0,0,1,0,0,1,0,0,0,0,0,1,0,0,0
1,0.0,1.0,24.0,P122782,7,31.5,1.0,0,0,0,0,1,0,0,0,0,0,0,0,0,0,0,1,0,0,0,0,0,1,0,0,0,1,0,0,0,0
4,1.0,0.875,8.0,P122782,7,31.5,0.75,0,0,0,0,1,0,0,0,0,0,0,0,0,0,0,1,0,0,0,1,0,0,0,0,0,1,0,0,0,0
2,1.0,1.0,5.0,P122782,7,31.5,1.0,0,0,0,0,1,0,0,0,0,0,0,0,0,0,0,1,0,0,0,1,0,0,0,0,0,1,0,0,0,0
1,0.0,0.545454979,11.0,P474333,40,29.0,0.5206212286759117,0,0,1,0,0,0,0,0,0,0,0,0,0,0,0,0,0,1,0,1,0,0,0,0,0,1,0,0,0,0
4,1.0,0.947368026,19.0,P385631,7,32.5,0.8094485875732266,0,0,0,0,1,0,0,0,0,0,0,0,0,0,0,0,0,0,1,1,0,0,0,0,0,0,1,0,0,0
5,1.0,1.0,4.0,P385631,7,32.5,1.0,0,0,0,0,0,1,0,0,0,0,0,0,0,0,1,0,0,0,0,1,0,0,0,0,0,0,1,0,0,0
1,1.0,0.75,4.0,P385631,7,32.5,0.6666666666666667,0,0,0,0,0,1,0,0,0,0,0,0,0,0,1,0,0,0,0,1,0,0,0,0,0,0,1,0,0,0
5,1.0,0.666666985,6.0,P385631,7,32.5,0.5943161289177871,0,0,0,0,0,1,0,0,0,0,0,0,0,0,1,0,0,0,0,1,0,0,0,0,0,0,1,0,0,0
5,1.0,0.363635987,22.0,P459129,20,215.0,0.4479309878815179,0,0,0,0,0,0,0,0,0,0,0,0,1,0,0,1,0,0,0,0,1,0,0,1,0,0,0,0,0,0
4,1.0,0.777778029,9.0,P482006,114,26.0,0.6543128759565946,0,0,0,0,1,0,0,0,0,0,0,0,0,0,0,0,0,0,1,1,0,0,0,0,0,0,1,0,0,0
2,0.0,0.600000024,5.0,P482006,114,26.0,0.5578858913022596,0,0,0,0,1,0,0,0,0,0,0,0,0,0,1,0,0,0,0,1,0,0,0,0,0,0,1,0,0,0
2,0.0,0.75,4.0,P482006,114,26.0,0.6666666666666667,0,0,0,1,0,0,0,0,0,0,0,0,0,0,0,0,0,1,0,1,0,0,0,0,0,0,1,0,0,0
5,1.0,0.75,4.0,P482006,114,26.0,0.6666666666666667,0,0,1,0,0,0,0,0,0,0,0,0,0,0,0,1,0,0,0,1,0,0,0,0,0,1,0,0,0,0
4,1.0,0.857142985,7.0,P479351,94,46.0,0.7373504649628064,0,0,1,0,0,0,0,0,0,0,0,0,0,0,1,0,0,0,0,0,1,0,0,0,0,0,1,0,0,0
5,1.0,0.93333298,15.0,P479351,94,46.0,0.7962049529094938,0,0,0,0,0,0,0,1,0,0,0,0,0,0,0,1,0,0,0,0,0,0,1,0,1,0,0,0,0,0
5,1.0,1.0,5.0,P429954,97,88.0,1.0,0,0,0,0,0,1,0,0,0,0,0,0,0,0,0,0,0,0,1,1,0,0,0,0,0,0,1,0,0,0
1,0.0,0.555555999,9.0,P429954,97,88.0,0.5268025545616606,0,0,0,0,1,0,0,0,0,0,0,0,0,0,1,0,0,0,0,0,1,0,0,0,0,1,0,0,0,0
4,1.0,1.0,5.0,P429954,97,88.0,1.0,0,0,0,0,1,0,0,0,0,0,0,0,0,0,0,0,0,1,0,1,0,0,0,0,0,0,1,0,0,0
5,1.0,0.952381015,21.0,P429954,97,88.0,0.814550976584631,0,0,0,0,1,0,0,0,0,0,0,0,0,0,0,1,0,0,0,1,0,0,0,0,0,1,0,0,0,0
1,0.0,0.636363983,22.0,P429954,97,88.0,0.552069012118482,0,0,0,0,1,0,0,0,0,0,0,0,0,0,0,0,0,1,0,1,0,0,0,0,0,1,0,0,0,0
5,1.0,1.0,8.0,P462747,97,46.0,1.0,0,0,0,0,0,1,0,0,0,0,0,0,0,0,0,1,0,0,0,0,0,0,1,0,1,0,0,0,0,0
5,1.0,1.0,5.0,P462747,97,46.0,1.0,0,0,0,0,1,0,0,0,0,0,0,0,0,0,0,1,0,0,0,0,0,0,1,0,0,0,1,0,0,0
5,1.0,1.0,4.0,P462747,97,46.0,1.0,0,0,0,0,1,0,0,0,0,0,0,0,0,0,0,1,0,0,0,1,0,0,0,0,0,1,0,0,0,0
3,0.0,0.25,4.0,P462747,97,46.0,0.3333333333333333,0,0,0,0,0,1,0,0,0,0,0,0,0,0,0,1,0,0,0,1,0,0,0,0,0,0,1,0,0,0
5,1.0,0.800000012,5.0,P462747,97,46.0,0.6989700043360187,0,0,0,0,0,0,0,1,0,0,0,0,0,0,0,1,0,0,0,1,0,0,0,0,0,0,1,0,0,0
5,1.0,1.0,6.0,P464234,21,72.0,1.0,0,0,0,0,0,0,0,1,0,0,0,0,0,0,0,1,0,0,0,0,0,0,1,0,0,0,1,0,0,0
3,1.0,0.75,4.0,P424378,22,38.0,0.6666666666666667,0,0,0,0,1,0,0,0,0,0,0,0,0,0,0,0,0,1,0,0,1,0,0,0,0,1,0,0,0,0
1,0.0,0.666666985,6.0,P424378,22,38.0,0.5943161289177871,0,0,0,0,0,0,0,1,0,0,0,0,0,0,0,0,0,0,1,0,0,0,1,0,0,0,1,0,0,0
5,1.0,1.0,4.0,P424378,22,38.0,1.0,0,0,1,0,0,0,0,0,0,0,0,0,0,0,0,0,0,1,0,1,0,0,0,0,0,0,1,0,0,0
1,0.0,0.866666973,15.0,P482269,44,46.0,0.7060702520912807,0,0,0,0,0,0,0,0,0,0,0,0,1,0,0,1,0,0,0,1,0,0,0,0,1,0,0,0,0,0
5,1.0,1.0,4.0,P482269,44,46.0,1.0,0,0,0,0,1,0,0,0,0,0,0,0,0,0,0,0,0,0,1,0,0,0,1,0,0,0,1,0,0,0
3,0.0,0.363635987,11.0,P454095,75,37.0,0.4362945258726772,0,0,0,0,0,1,0,0,0,0,0,0,0,0,0,0,0,0,1,1,0,0,0,0,0,0,1,0,0,0
2,0.0,0.714286029,7.0,P454095,75,37.0,0.6199062332840658,0,0,0,1,0,0,0,0,0,0,0,0,0,0,0,1,0,0,0,0,0,0,1,0,0,0,1,0,0,0
1,0.0,0.285714,7.0,P454095,75,37.0,0.3800937667159343,0,1,0,0,0,0,0,0,0,0,0,0,0,0,0,1,0,0,0,1,0,0,0,0,1,0,0,0,0,0
4,1.0,0.25,4.0,P504433,70,58.0,0.3333333333333333,0,0,0,0,1,0,0,0,0,0,0,0,0,0,0,0,0,1,0,1,0,0,0,0,0,1,0,0,0,0
4,1.0,1.0,7.0,P296413,0,28.0,1.0,0,0,0,0,1,0,0,0,0,0,0,0,0,0,1,0,0,0,0,0,1,0,0,0,0,1,0,0,0,0
2,0.0,0.555555999,18.0,P469510,70,62.0,0.5218351971229078,0,0,1,0,0,0,0,0,0,0,0,0,0,0,0,1,0,0,0,1,0,0,0,0,0,0,1,0,0,0
4,1.0,0.666666985,6.0,P469510,70,62.0,0.5943161289177871,0,0,0,0,1,0,0,0,0,0,0,0,0,0,0,0,0,1,0,1,0,0,0,0,0,0,1,0,0,0
5,1.0,0.600000024,5.0,P469510,70,62.0,0.5578858913022596,0,0,0,0,1,0,0,0,0,0,0,0,0,0,0,0,0,0,1,0,1,0,0,0,0,0,1,0,0,0
5,1.0,1.0,7.0,P469510,70,62.0,1.0,0,0,0,0,1,0,0,0,0,0,0,0,0,0,0,0,0,0,1,0,0,1,0,0,0,0,1,0,0,0
5,1.0,0.545454979,11.0,P469510,70,62.0,0.5206212286759117,0,0,0,0,0,1,0,0,0,0,0,0,0,0,0,0,0,1,0,1,0,0,0,0,0,1,0,0,0,0
4,1.0,0.909090996,11.0,P470058,94,42.0,0.7757561757824245,0,0,0,0,0,0,1,0,0,0,0,0,0,0,0,1,0,0,0,1,0,0,0,0,0,0,1,0,0,0
5,1.0,0.800000012,5.0,P455613,108,62.0,0.6989700043360187,0,0,0,0,0,0,1,0,0,0,0,0,0,0,0,1,0,0,0,0,0,1,0,0,0,0,1,0,0,0
1,0.0,0.600000024,10.0,P455613,108,62.0,0.5473191697130572,0,0,1,0,0,0,0,0,0,0,0,0,0,0,0,0,0,1,0,0,1,0,0,0,1,0,0,0,0,0
3,0.0,0.8125,16.0,P455613,108,62.0,0.6556091324118037,0,0,0,0,1,0,0,0,0,0,0,0,0,0,0,1,0,0,0,1,0,0,0,0,0,0,1,0,0,0
5,1.0,1.0,6.0,P455613,108,62.0,1.0,0,0,1,0,0,0,0,0,0,0,0,0,0,0,0,1,0,0,0,0,1,0,0,0,1,0,0,0,0,0
5,1.0,0.142857,7.0,P455613,108,62.0,0.2626495350371936,0,0,0,0,0,0,1,0,0,0,0,0,0,0,0,1,0,0,0,0,0,1,0,0,1,0,0,0,0,0
2,0.0,0.352941006,17.0,P455613,108,62.0,0.4391763950979201,0,0,0,0,1,0,0,0,0,0,0,0,0,0,1,0,0,0,0,0,1,0,0,0,0,1,0,0,0,0
1,0.0,0.518518984,27.0,P417867,98,125.0,0.5064514198649092,0,0,0,1,0,0,0,0,0,0,0,0,0,0,0,0,0,1,0,0,1,0,0,1,0,0,0,0,0,0
1,0.0,0.772727013,44.0,P417867,98,125.0,0.5972119501671196,0,0,0,1,0,0,0,0,0,0,0,0,0,0,1,0,0,0,0,0,1,0,0,0,0,1,0,0,0,0
4,1.0,0.909090996,33.0,P417867,98,125.0,0.7124038622532448,0,0,0,0,0,0,0,0,0,0,0,0,1,0,0,1,0,0,0,0,0,1,0,1,0,0,0,0,0,0
5,1.0,0.941175997,17.0,P417867,98,125.0,0.8034383677671774,0,0,0,0,0,1,0,0,0,0,0,0,0,0,0,1,0,0,0,1,0,0,0,0,1,0,0,0,0,0
4,1.0,0.600000024,10.0,P417867,98,125.0,0.5473191697130572,0,0,0,1,0,0,0,0,0,0,0,0,0,0,0,1,0,0,0,0,1,0,0,0,1,0,0,0,0,0
5,1.0,1.0,5.0,P433143,61,49.0,1.0,0,0,0,0,1,0,0,0,0,0,0,0,0,0,0,1,0,0,0,1,0,0,0,0,0,0,1,0,0,0
5,1.0,1.0,7.0,P433143,61,49.0,1.0,0,0,0,0,1,0,0,0,0,0,0,0,0,0,0,0,0,0,1,0,1,0,0,0,0,0,1,0,0,0
5,1.0,0.785713971,14.0,P462891,68,46.0,0.6418955364979173,0,0,0,0,0,0,1,0,0,0,0,0,0,0,0,1,0,0,0,1,0,0,0,0,0,0,1,0,0,0
5,1.0,1.0,5.0,P462891,68,46.0,1.0,0,0,1,0,0,0,0,0,0,0,0,0,0,0,0,1,0,0,0,1,0,0,0,0,0,0,1,0,0,0
3,1.0,0.375,8.0,P462891,68,46.0,0.4362085839710631,0,0,0,0,1,0,0,0,0,0,0,0,0,0,0,0,0,0,1,1,0,0,0,1,0,0,0,0,0,0
5,1.0,0.0,6.0,P503747,7,38.0,0.0,0,0,1,0,0,0,0,0,0,0,0,0,0,0,1,0,0,0,0,1,0,0,0,0,0,1,0,0,0,0
5,1.0,1.0,7.0,P461667,67,18.0,1.0,0,0,0,0,0,1,0,0,0,0,0,0,0,0,0,1,0,0,0,1,0,0,0,0,0,0,1,0,0,0
4,1.0,0.823529005,17.0,P461667,67,18.0,0.6614123848024371,0,0,0,0,0,1,0,0,0,0,0,0,0,0,1,0,0,0,0,1,0,0,0,0,0,1,0,0,0,0
3,1.0,0.5,28.0,P442752,101,30.9,0.5,0,0,0,0,1,0,0,0,0,0,0,0,0,0,0,1,0,0,0,0,1,0,0,0,0,0,1,0,0,0
5,1.0,0.666666985,6.0,P442752,101,30.9,0.5943161289177871,0,0,0,0,0,0,1,0,0,0,0,0,0,0,0,1,0,0,0,1,0,0,0,0,1,0,0,0,0,0
5,1.0,0.882353008,17.0,P442752,101,30.9,0.7162089270041655,0,0,0,1,0,0,0,0,0,0,0,0,0,0,0,0,0,1,0,1,0,0,0,0,0,1,0,0,0,0
4,1.0,1.0,12.0,P442752,101,30.9,1.0,0,0,0,0,0,0,0,1,0,0,0,0,0,0,0,1,0,0,0,0,0,1,0,0,1,0,0,0,0,0
5,1.0,1.0,24.0,P442752,101,30.9,1.0,0,0,0,0,1,0,0,0,0,0,0,0,0,0,0,0,0,1,0,1,0,0,0,0,0,0,1,0,0,0
5,1.0,0.833333015,6.0,P442752,101,30.9,0.7210570543488701,0,0,0,0,1,0,0,0,0,0,0,0,0,0,0,1,0,0,0,1,0,0,0,0,0,0,1,0,0,0
5,1.0,1.0,29.0,P442752,101,30.9,1.0,0,0,0,0,1,0,0,0,0,0,0,0,0,0,1,0,0,0,0,1,0,0,0,0,0,1,0,0,0,0
5,1.0,0.888889015,9.0,P442752,101,30.9,0.7601875334318686,0,0,0,0,1,0,0,0,0,0,0,0,0,0,0,0,0,1,0,0,0,0,1,0,0,0,1,0,0,0
1,0.0,0.393938988,33.0,P442752,101,30.9,0.4643301295392901,0,0,0,0,0,0,1,0,0,0,0,0,0,0,0,1,0,0,0,1,0,0,0,0,0,0,1,0,0,0
1,0.0,0.5,4.0,P501781,71,28.0,0.5,0,0,0,0,0,0,1,0,0,0,0,0,0,0,0,1,0,0,0,0,0,0,1,0,0,0,1,0,0,0
4,1.0,0.285714,7.0,P501781,71,28.0,0.3800937667159343,0,0,0,0,1,0,0,0,0,0,0,0,0,0,0,1,0,0,0,1,0,0,0,0,0,0,1,0,0,0
5,1.0,1.0,7.0,P501781,71,28.0,1.0,0,0,1,0,0,0,0,0,0,0,0,0,0,0,0,1,0,0,0,1,0,0,0,0,0,0,1,0,0,0
3,0.0,1.0,12.0,P467973,83,68.0,1.0,0,0,0,0,0,1,0,0,0,0,0,0,0,0,0,1,0,0,0,0,0,1,0,0,0,0,1,0,0,0
4,1.0,1.0,4.0,P467973,83,68.0,1.0,0,0,0,0,0,0,0,1,0,0,0,0,0,0,0,1,0,0,0,0,1,0,0,0,1,0,0,0,0,0
5,1.0,1.0,8.0,P467973,83,68.0,1.0,0,0,0,0,1,0,0,0,0,0,0,0,0,0,1,0,0,0,0,0,0,1,0,0,0,0,1,0,0,0
5,1.0,1.0,5.0,P467973,83,68.0,1.0,0,1,0,0,0,0,0,0,0,0,0,0,0,0,0,1,0,0,0,1,0,0,0,0,1,0,0,0,0,0
5,1.0,0.857142985,7.0,P467973,83,68.0,0.7373504649628064,0,0,1,0,0,0,0,0,0,0,0,0,0,0,0,0,0,1,0,1,0,0,0,0,0,0,1,0,0,0
5,1.0,0.800000012,10.0,P38217,61,45.0,0.6666666666666666,0,0,0,0,0,0,0,1,0,0,0,0,0,0,0,1,0,0,0,1,0,0,0,0,1,0,0,0,0,0
4,1.0,0.800000012,5.0,P38217,61,45.0,0.6989700043360187,0,0,0,0,1,0,0,0,0,0,0,0,0,0,1,0,0,0,0,0,1,0,0,0,1,0,0,0,0,0
3,0.0,0.600000024,5.0,P107306,61,89.0,0.5578858913022596,0,0,0,1,0,0,0,0,0,0,0,0,0,0,1,0,0,0,0,0,0,0,1,0,0,0,0,0,0,1
5,1.0,1.0,22.0,P107306,61,89.0,1.0,0,0,0,0,1,0,0,0,0,0,0,0,0,0,1,0,0,0,0,0,1,0,0,0,0,0,1,0,0,0
4,1.0,0.916666985,12.0,P107306,61,89.0,0.7818957080144684,0,0,0,0,1,0,0,0,0,0,0,0,0,0,1,0,0,0,0,1,0,0,0,0,0,0,1,0,0,0
2,1.0,0.75,4.0,P107306,61,89.0,0.6666666666666667,0,0,0,0,1,0,0,0,0,0,0,0,0,0,1,0,0,0,0,1,0,0,0,0,0,0,1,0,0,0
4,1.0,1.0,6.0,P107306,61,89.0,1.0,0,0,0,0,1,0,0,0,0,0,0,0,0,0,1,0,0,0,0,1,0,0,0,0,0,0,1,0,0,0
1,0.0,0.5,10.0,P447785,16,145.0,0.5,0,0,0,0,0,1,0,0,0,0,0,0,0,0,0,1,0,0,0,1,0,0,0,0,1,0,0,0,0,0
3,0.0,0.75,12.0,P447785,16,145.0,0.6241963505817848,0,0,1,0,0,0,0,0,0,0,0,0,0,0,0,1,0,0,0,1,0,0,0,1,0,0,0,0,0,0
5,1.0,0.899999976,10.0,P481096,37,65.0,0.7686217868402409,0,0,0,0,1,0,0,0,0,0,0,0,0,0,0,1,0,0,0,0,0,1,0,0,1,0,0,0,0,0
3,0.0,0.75,4.0,P481096,37,65.0,0.6666666666666667,0,0,0,0,0,0,1,0,0,0,0,0,0,0,0,1,0,0,0,0,1,0,0,0,0,0,1,0,0,0
5,1.0,1.0,22.0,P481096,37,65.0,1.0,0,0,0,1,0,0,0,0,0,0,0,0,0,0,1,0,0,0,0,0,1,0,0,0,0,1,0,0,0,0
5,1.0,0.666666985,6.0,P91627362,67,24.0,0.5943161289177871,0,0,0,0,1,0,0,0,0,0,0,0,0,0,0,1,0,0,0,0,0,1,0,0,0,1,0,0,0,0
1,0.0,0.166666999,6.0,P91627362,67,24.0,0.2789429456511298,0,0,0,0,0,0,1,0,0,0,0,0,0,0,0,0,0,1,0,1,0,0,0,0,0,0,1,0,0,0
1,0.0,1.0,6.0,P91627362,67,24.0,1.0,0,0,0,0,0,0,0,1,0,0,0,0,0,0,0,1,0,0,0,0,0,1,0,0,1,0,0,0,0,0
5,1.0,0.285714,7.0,P91627362,67,24.0,0.3800937667159343,0,0,0,0,1,0,0,0,0,0,0,0,0,0,0,1,0,0,0,0,1,0,0,0,1,0,0,0,0,0
1,0.0,0.411765009,34.0,P91627362,67,24.0,0.4707546294721884,0,0,0,0,1,0,0,0,0,0,0,0,0,0,0,1,0,0,0,0,0,1,0,0,1,0,0,0,0,0
5,1.0,0.782608986,23.0,P91627362,67,24.0,0.6216882614292828,0,0,0,1,0,0,0,0,0,0,0,0,0,0,0,0,0,0,1,1,0,0,0,0,0,0,1,0,0,0
5,1.0,0.5,4.0,P480629,71,29.0,0.5,0,0,0,0,0,0,0,0,0,0,0,0,1,0,0,1,0,0,0,0,1,0,0,0,1,0,0,0,0,0
3,1.0,1.0,4.0,P480629,71,29.0,1.0,0,0,0,0,0,0,1,0,0,0,0,0,0,0,0,0,0,0,1,0,0,0,1,0,1,0,0,0,0,0
1,0.0,0.699999988,10.0,P471039,113,17.0,0.6,0,0,1,0,0,0,0,0,0,0,0,0,0,0,0,1,0,0,0,0,0,1,0,0,1,0,0,0,0,0
5,1.0,1.0,5.0,P471039,113,17.0,1.0,0,0,0,0,0,1,0,0,0,0,0,0,0,0,1,0,0,0,0,0,1,0,0,0,0,0,1,0,0,0
1,0.0,1.0,9.0,P471039,113,17.0,1.0,0,0,0,0,1,0,0,0,0,0,0,0,0,0,0,1,0,0,0,1,0,0,0,0,0,0,1,0,0,0
5,1.0,0.0,53.0,P471039,113,17.0,0.0,0,0,1,0,0,0,0,0,0,0,0,0,0,0,0,0,0,1,0,1,0,0,0,0,0,1,0,0,0,0
5,1.0,0.047619,21.0,P471039,113,17.0,0.1854490234153689,0,0,0,0,0,0,0,0,0,0,0,0,1,0,0,1,0,0,0,0,0,0,1,0,1,0,0,0,0,0
5,1.0,0.909090996,11.0,P458546,52,32.0,0.7757561757824245,0,0,0,0,1,0,0,0,0,0,0,0,0,0,1,0,0,0,0,1,0,0,0,0,0,1,0,0,0,0
3,1.0,0.25,4.0,P458546,52,32.0,0.3333333333333333,0,0,0,0,0,1,0,0,0,0,0,0,0,0,0,1,0,0,0,0,1,0,0,0,0,0,1,0,0,0
5,1.0,0.0,5.0,P458546,52,32.0,0.0,0,0,0,0,0,1,0,0,0,0,0,0,0,0,0,1,0,0,0,0,0,0,1,0,0,0,1,0,0,0
5,1.0,0.909090996,11.0,P501190,18,75.0,0.7757561757824245,0,0,0,0,0,0,0,0,0,0,0,1,0,0,0,1,0,0,0,0,0,1,0,0,1,0,0,0,0,0
5,1.0,0.600000024,5.0,P501243,112,98.0,0.5578858913022596,0,0,1,0,0,0,0,0,0,0,0,0,0,0,0,0,0,1,0,0,1,0,0,1,0,0,0,0,0,0
5,1.0,1.0,10.0,P420143,97,75.0,1.0,0,0,0,0,0,0,0,1,0,0,0,0,0,0,0,1,0,0,0,0,0,0,1,0,0,0,1,0,0,0
5,1.0,0.959999979,50.0,P420143,97,75.0,0.7798563011193284,0,0,0,0,0,0,1,0,0,0,0,0,0,0,0,1,0,0,0,1,0,0,0,0,0,0,1,0,0,0
5,1.0,0.833333015,6.0,P442753,101,9.4,0.7210570543488701,0,0,1,0,0,0,0,0,0,0,0,0,0,0,1,0,0,0,0,0,0,0,1,0,0,1,0,0,0,0
5,1.0,0.928570986,14.0,P442753,101,9.4,0.7919854023234905,0,0,1,0,0,0,0,0,0,0,0,0,0,0,1,0,0,0,0,1,0,0,0,0,0,0,1,0,0,0
5,1.0,0.75,8.0,P442753,101,9.4,0.6391511932854698,0,0,1,0,0,0,0,0,0,0,0,0,0,0,1,0,0,0,0,0,0,1,0,0,0,0,0,0,1,0
5,1.0,0.806451976,31.0,P442753,101,9.4,0.6260746255596429,0,0,0,0,1,0,0,0,0,0,0,0,0,0,0,0,0,0,1,0,0,0,1,0,0,0,1,0,0,0
5,1.0,1.0,8.0,P442753,101,9.4,1.0,0,0,0,0,0,1,0,0,0,0,0,0,0,0,1,0,0,0,0,1,0,0,0,0,0,0,1,0,0,0
5,1.0,0.972221971,36.0,P442753,101,9.4,0.8379234756068777,0,0,1,0,0,0,0,0,0,0,0,0,0,0,1,0,0,0,0,1,0,0,0,0,0,0,1,0,0,0
5,1.0,1.0,13.0,P442753,101,9.4,1.0,0,0,0,0,0,0,1,0,0,0,0,0,0,0,0,1,0,0,0,1,0,0,0,0,1,0,0,0,0,0
4,1.0,0.588235021,17.0,P442753,101,9.4,0.5355628517926954,0,0,1,0,0,0,0,0,0,0,0,0,0,0,0,0,0,1,0,1,0,0,0,0,0,0,0,0,0,1
1,0.0,0.753247023,77.0,P442753,101,9.4,0.57647136427453,0,0,0,0,1,0,0,0,0,0,0,0,0,0,1,0,0,0,0,1,0,0,0,0,0,0,1,0,0,0
5,1.0,0.888889015,18.0,P474824,18,87.0,0.7205846872952778,0,0,1,0,0,0,0,0,0,0,0,0,0,0,1,0,0,0,0,1,0,0,0,0,0,0,1,0,0,0
5,1.0,0.25,4.0,P405826,35,39.0,0.3333333333333333,0,0,0,0,1,0,0,0,0,0,0,0,0,0,0,1,0,0,0,0,0,1,0,0,1,0,0,0,0,0
5,1.0,1.0,4.0,P405826,35,39.0,1.0,0,0,0,0,1,0,0,0,0,0,0,0,0,0,0,1,0,0,0,1,0,0,0,0,1,0,0,0,0,0
3,1.0,0.375,8.0,P405826,35,39.0,0.4362085839710631,0,0,0,0,1,0,0,0,0,0,0,0,0,0,0,1,0,0,0,0,0,1,0,0,1,0,0,0,0,0
5,1.0,1.0,7.0,P405826,35,39.0,1.0,0,0,0,0,1,0,0,0,0,0,0,0,0,0,0,1,0,0,0,0,0,1,0,0,1,0,0,0,0,0
1,0.0,0.75,4.0,P435975,10,30.0,0.6666666666666667,0,0,0,0,1,0,0,0,0,0,0,0,0,0,0,1,0,0,0,1,0,0,0,0,0,1,0,0,0,0
1,0.0,0.600000024,10.0,P435975,10,30.0,0.5473191697130572,0,0,1,0,0,0,0,0,0,0,0,0,0,0,1,0,0,0,0,0,0,0,1,0,0,1,0,0,0,0
3,0.0,0.899999976,10.0,P435975,10,30.0,0.7686217868402409,0,0,0,0,1,0,0,0,0,0,0,0,0,0,1,0,0,0,0,0,0,1,0,0,0,0,1,0,0,0
5,1.0,1.0,7.0,P435975,10,30.0,1.0,0,0,0,0,0,0,0,1,0,0,0,0,0,0,0,1,0,0,0,0,1,0,0,0,0,0,0,0,0,1
5,1.0,0.75,4.0,P483658,29,28.0,0.6666666666666667,0,0,0,0,0,1,0,0,0,0,0,0,0,0,1,0,0,0,0,0,0,1,0,0,0,1,0,0,0,0
1,0.0,0.5,6.0,P442757,101,11.1,0.5,0,0,0,0,1,0,0,0,0,0,0,0,0,0,0,1,0,0,0,0,0,1,0,0,0,0,1,0,0,0
3,0.0,1.0,5.0,P442757,101,11.1,1.0,0,1,0,0,0,0,0,0,0,0,0,0,0,0,0,1,0,0,0,0,1,0,0,0,1,0,0,0,0,0
4,1.0,1.0,12.0,P442757,101,11.1,1.0,0,0,0,0,0,0,1,0,0,0,0,0,0,0,0,1,0,0,0,0,1,0,0,0,1,0,0,0,0,0
5,1.0,1.0,25.0,P442757,101,11.1,1.0,0,0,0,1,0,0,0,0,0,0,0,0,0,0,0,1,0,0,0,1,0,0,0,0,1,0,0,0,0,0
1,0.0,0.902778029,72.0,P442757,101,11.1,0.6683028226756664,0,0,0,0,0,0,0,1,0,0,0,0,0,0,0,1,0,0,0,1,0,0,0,0,1,0,0,0,0,0
5,1.0,1.0,6.0,P442757,101,11.1,1.0,0,0,0,0,1,0,0,0,0,0,0,0,0,0,0,0,0,0,1,0,1,0,0,0,0,0,1,0,0,0
4,1.0,1.0,12.0,P442757,101,11.1,1.0,0,0,1,0,0,0,0,0,0,0,0,0,0,0,0,1,0,0,0,0,0,1,0,1,0,0,0,0,0,0
5,1.0,0.956521988,92.0,P442757,101,11.1,0.7360744002182974,0,0,0,0,1,0,0,0,0,0,0,0,0,0,0,1,0,0,0,1,0,0,0,0,0,1,0,0,0,0
4,1.0,0.600000024,5.0,P379907,0,82.0,0.5578858913022596,0,0,0,0,0,0,1,0,0,0,0,0,0,0,0,1,0,0,0,1,0,0,0,0,1,0,0,0,0,0
5,1.0,1.0,4.0,P379907,0,82.0,1.0,0,0,0,0,0,0,1,0,0,0,0,0,0,0,0,1,0,0,0,1,0,0,0,0,1,0,0,0,0,0
1,1.0,0.636363983,11.0,P379907,0,82.0,0.5637054741273227,0,0,0,0,0,0,1,0,0,0,0,0,0,0,0,1,0,0,0,1,0,0,0,0,1,0,0,0,0,0
5,1.0,1.0,5.0,P455899,101,8.9,1.0,0,0,0,0,1,0,0,0,0,0,0,0,0,0,0,1,0,0,0,0,1,0,0,0,0,0,1,0,0,0
3,0.0,0.625,8.0,P455899,101,8.9,0.5637914160289369,0,1,0,0,0,0,0,0,0,0,0,0,0,0,0,1,0,0,0,0,1,0,0,0,1,0,0,0,0,0
5,1.0,1.0,11.0,P455899,101,8.9,1.0,0,0,0,0,0,0,0,1,0,0,0,0,0,0,0,1,0,0,0,0,1,0,0,0,0,0,1,0,0,0
5,1.0,0.923076987,13.0,P455899,101,8.9,0.7872539464466368,0,0,0,0,1,0,0,0,0,0,0,0,0,0,0,1,0,0,0,0,1,0,0,0,0,0,1,0,0,0
1,0.0,0.170732006,41.0,P455899,101,8.9,0.3690362352678205,0,0,1,0,0,0,0,0,0,0,0,0,0,0,0,1,0,0,0,1,0,0,0,0,0,0,1,0,0,0
5,1.0,0.857142985,7.0,P455899,101,8.9,0.7373504649628064,0,0,0,0,0,0,1,0,0,0,0,0,0,0,0,0,0,1,0,0,0,0,1,0,0,0,1,0,0,0
5,1.0,0.666666985,6.0,P455899,101,8.9,0.5943161289177871,0,0,0,0,0,1,0,0,0,0,0,0,0,0,0,1,0,0,0,0,1,0,0,0,0,1,0,0,0,0
1,0.0,0.555555999,36.0,P455899,101,8.9,0.5179753821464927,0,0,0,0,1,0,0,0,0,0,0,0,0,0,1,0,0,0,0,0,1,0,0,0,0,0,1,0,0,0
5,1.0,1.0,9.0,P417984,7,44.0,1.0,0,0,1,0,0,0,0,0,0,0,0,0,0,0,0,1,0,0,0,1,0,0,0,0,0,0,1,0,0,0
3,0.0,1.0,4.0,P417984,7,44.0,1.0,0,0,1,0,0,0,0,0,0,0,0,0,0,0,1,0,0,0,0,0,1,0,0,0,0,1,0,0,0,0
4,1.0,0.400000006,5.0,P417984,7,44.0,0.4421141086977403,0,0,1,0,0,0,0,0,0,0,0,0,0,0,0,0,0,0,1,0,1,0,0,1,0,0,0,0,0,0
4,1.0,0.899999976,10.0,P417984,7,44.0,0.7686217868402409,0,0,1,0,0,0,0,0,0,0,0,0,0,0,0,1,0,0,0,0,1,0,0,0,0,0,1,0,0,0
5,1.0,0.681818008,22.0,P480160,9,129.0,0.5714285714285713,0,0,0,0,1,0,0,0,0,0,0,0,0,0,0,1,0,0,0,1,0,0,0,0,1,0,0,0,0,0
5,1.0,0.826086998,23.0,P480160,9,129.0,0.6505149978319905,0,0,0,1,0,0,0,0,0,0,0,0,0,0,0,1,0,0,0,1,0,0,0,0,0,0,1,0,0,0
5,1.0,0.800000012,5.0,P480160,9,129.0,0.6989700043360187,0,1,0,0,0,0,0,0,0,0,0,0,0,0,0,1,0,0,0,1,0,0,0,1,0,0,0,0,0,0
5,1.0,0.800000012,5.0,P480160,9,129.0,0.6989700043360187,0,0,0,0,1,0,0,0,0,0,0,0,0,0,0,1,0,0,0,1,0,0,0,0,0,1,0,0,0,0
5,1.0,0.833333015,6.0,P469530,71,22.0,0.7210570543488701,0,1,0,0,0,0,0,0,0,0,0,0,0,0,0,1,0,0,0,1,0,0,0,0,1,0,0,0,0,0
5,1.0,0.75,4.0,P469530,71,22.0,0.6666666666666667,0,1,0,0,0,0,0,0,0,0,0,0,0,0,0,1,0,0,0,1,0,0,0,1,0,0,0,0,0,0
4,1.0,1.0,5.0,P469530,71,22.0,1.0,0,0,0,0,1,0,0,0,0,0,0,0,0,0,0,0,0,1,0,1,0,0,0,0,0,0,1,0,0,0
1,1.0,0.245282993,53.0,P400205,37,74.0,0.4154275599870838,0,0,1,0,0,0,0,0,0,0,0,0,0,0,1,0,0,0,0,1,0,0,0,0,0,0,1,0,0,0
3,1.0,0.272727013,11.0,P400205,37,74.0,0.3868528072345414,0,0,1,0,0,0,0,0,0,0,0,0,0,0,1,0,0,0,0,1,0,0,0,0,0,0,1,0,0,0
4,1.0,1.0,7.0,P462339,5,58.0,1.0,0,0,0,0,0,1,0,0,0,0,0,0,0,0,0,1,0,0,0,0,0,0,1,0,0,0,1,0,0,0
2,0.0,0.897436023,39.0,P462339,5,58.0,0.6900729278815017,0,0,0,0,1,0,0,0,0,0,0,0,0,0,1,0,0,0,0,1,0,0,0,0,0,1,0,0,0,0
5,1.0,0.800000012,10.0,P473725,78,18.0,0.6666666666666666,0,0,0,1,0,0,0,0,0,0,0,0,0,0,0,1,0,0,0,1,0,0,0,0,0,0,1,0,0,0
5,1.0,0.90476203,21.0,P473725,78,18.0,0.7316756633516291,0,0,1,0,0,0,0,0,0,0,0,0,0,0,0,0,0,1,0,1,0,0,0,0,0,1,0,0,0,0
5,1.0,1.0,5.0,P472057,78,14.0,1.0,0,0,0,0,0,1,0,0,0,0,0,0,0,0,0,1,0,0,0,0,1,0,0,0,1,0,0,0,0,0
2,0.0,0.666666985,6.0,P442850,86,52.0,0.5943161289177871,0,0,0,0,0,1,0,0,0,0,0,0,0,0,0,1,0,0,0,0,1,0,0,0,0,0,1,0,0,0
3,0.0,1.0,11.0,P442850,86,52.0,1.0,0,0,0,0,0,1,0,0,0,0,0,0,0,0,0,1,0,0,0,1,0,0,0,0,0,1,0,0,0,0
5,1.0,1.0,8.0,P442850,86,52.0,1.0,0,0,1,0,0,0,0,0,0,0,0,0,0,0,1,0,0,0,0,0,0,1,0,0,0,1,0,0,0,0
4,1.0,0.571429014,7.0,P442850,86,52.0,0.5372435736804816,0,0,0,0,1,0,0,0,0,0,0,0,0,0,1,0,0,0,0,1,0,0,0,0,0,1,0,0,0,0
2,0.0,0.800000012,5.0,P433453,26,89.0,0.6989700043360187,0,0,0,0,0,0,1,0,0,0,0,0,0,0,0,1,0,0,0,0,1,0,0,0,1,0,0,0,0,0
1,0.0,0.75,12.0,P433453,26,89.0,0.6241963505817848,0,1,0,0,0,0,0,0,0,0,0,0,0,0,0,1,0,0,0,0,0,0,1,0,1,0,0,0,0,0
1,0.0,0.885905981,113.72000000000116,P433453,26,89.0,0.628521341376856,0,0,0,0,0,0,0,0,0,1,0,0,0,0,0,0,0,1,0,1,0,0,0,0,0,0,0,1,0,0
5,1.0,0.444444001,9.0,P379711,97,146.0,0.4731974454383393,0,0,0,0,1,0,0,0,0,0,0,0,0,0,0,1,0,0,0,0,0,1,0,0,0,1,0,0,0,0
2,0.0,0.600000024,5.0,P379711,97,146.0,0.5578858913022596,0,0,0,0,0,0,0,1,0,0,0,0,0,0,0,1,0,0,0,1,0,0,0,0,0,0,1,0,0,0
1,0.0,0.666666985,6.0,P379711,97,146.0,0.5943161289177871,0,0,0,0,0,1,0,0,0,0,0,0,0,0,1,0,0,0,0,0,0,0,1,0,0,0,1,0,0,0
5,1.0,1.0,7.0,P379711,97,146.0,1.0,0,0,0,0,1,0,0,0,0,0,0,0,0,0,0,1,0,0,0,1,0,0,0,0,1,0,0,0,0,0
5,1.0,0.800000012,5.0,P379711,97,146.0,0.6989700043360187,0,0,0,0,1,0,0,0,0,0,0,0,0,0,0,1,0,0,0,0,0,1,0,0,1,0,0,0,0,0
4,1.0,1.0,13.0,P379711,97,146.0,1.0,0,0,0,0,1,0,0,0,0,0,0,0,0,0,0,1,0,0,0,1,0,0,0,0,1,0,0,0,0,0
3,1.0,0.555555999,9.0,P379711,97,146.0,0.5268025545616606,0,0,0,0,1,0,0,0,0,0,0,0,0,0,0,1,0,0,0,0,0,1,0,0,1,0,0,0,0,0
3,0.0,0.800000012,5.0,P471227,9,69.0,0.6989700043360187,0,0,0,0,1,0,0,0,0,0,0,0,0,0,0,1,0,0,0,0,0,0,1,0,0,1,0,0,0,0
5,1.0,1.0,4.0,P471227,9,69.0,1.0,0,0,1,0,0,0,0,0,0,0,0,0,0,0,1,0,0,0,0,0,1,0,0,0,0,1,0,0,0,0
5,1.0,0.909090996,22.0,P398761,18,20.0,0.7348354902219298,0,0,0,1,0,0,0,0,0,0,0,0,0,0,0,0,0,1,0,1,0,0,0,0,0,1,0,0,0,0
4,1.0,1.0,13.0,P398761,18,20.0,1.0,0,0,0,0,1,0,0,0,0,0,0,0,0,0,0,1,0,0,0,0,0,0,1,0,1,0,0,0,0,0
5,1.0,1.0,6.0,P398761,18,20.0,1.0,0,0,0,0,1,0,0,0,0,0,0,0,0,0,0,0,0,1,0,0,1,0,0,0,0,0,0,0,0,1
5,1.0,1.0,35.0,P398761,18,20.0,1.0,0,0,0,1,0,0,0,0,0,0,0,0,0,0,0,0,0,1,0,1,0,0,0,0,0,1,0,0,0,0
5,1.0,0.952381015,21.0,P398761,18,20.0,0.814550976584631,0,0,0,1,0,0,0,0,0,0,0,0,0,0,0,0,0,1,0,1,0,0,0,0,0,1,0,0,0,0
1,1.0,0.615384996,26.0,P398761,18,20.0,0.5416085865484855,0,0,0,1,0,0,0,0,0,0,0,0,0,0,0,0,0,1,0,1,0,0,0,0,0,1,0,0,0,0
4,1.0,1.0,11.0,P429662,17,44.0,1.0,0,0,0,0,1,0,0,0,0,0,0,0,0,0,0,1,0,0,0,1,0,0,0,0,1,0,0,0,0,0
3,0.0,0.952381015,21.0,P429662,17,44.0,0.814550976584631,0,0,1,0,0,0,0,0,0,0,0,0,0,0,1,0,0,0,0,1,0,0,0,0,0,1,0,0,0,0
5,1.0,1.0,12.0,P296415,0,94.0,1.0,0,0,0,0,1,0,0,0,0,0,0,0,0,0,1,0,0,0,0,1,0,0,0,0,0,0,1,0,0,0
5,1.0,0.954545021,22.0,P296415,0,94.0,0.8168307490863663,0,0,0,0,1,0,0,0,0,0,0,0,0,0,1,0,0,0,0,0,0,1,0,0,0,0,1,0,0,0
5,1.0,0.928570986,14.0,P296415,0,94.0,0.7919854023234905,0,0,0,0,1,0,0,0,0,0,0,0,0,0,1,0,0,0,0,1,0,0,0,0,0,0,1,0,0,0
2,0.0,0.875,8.0,P457442,78,9.0,0.75,0,0,0,0,0,0,0,1,0,0,0,0,0,0,0,1,0,0,0,0,0,1,0,0,0,0,1,0,0,0
2,0.0,0.888889015,9.0,P457442,78,9.0,0.7601875334318686,0,0,0,0,0,1,0,0,0,0,0,0,0,0,1,0,0,0,0,1,0,0,0,0,0,1,0,0,0,0
5,1.0,0.888889015,9.0,P457442,78,9.0,0.7601875334318686,0,0,0,0,0,1,0,0,0,0,0,0,0,0,1,0,0,0,0,1,0,0,0,0,0,0,1,0,0,0
1,0.0,0.75,8.0,P457442,78,9.0,0.6391511932854698,0,0,1,0,0,0,0,0,0,0,0,0,0,0,0,0,0,0,1,1,0,0,0,0,0,0,1,0,0,0
5,1.0,1.0,12.0,P457442,78,9.0,1.0,0,0,0,0,0,1,0,0,0,0,0,0,0,0,0,1,0,0,0,0,1,0,0,0,1,0,0,0,0,0
5,1.0,0.608695984,23.0,P457442,78,9.0,0.5404604490558215,0,0,0,0,0,1,0,0,0,0,0,0,0,0,0,1,0,0,0,0,1,0,0,0,0,0,1,0,0,0
2,0.0,0.75,4.0,P232327,7,30.0,0.6666666666666667,0,0,0,0,0,0,0,1,0,0,0,0,0,0,0,1,0,0,0,1,0,0,0,0,1,0,0,0,0,0
5,1.0,0.882353008,17.0,P232327,7,30.0,0.7162089270041655,0,1,0,0,0,0,0,0,0,0,0,0,0,0,0,1,0,0,0,0,0,0,1,0,1,0,0,0,0,0
4,1.0,0.979166985,48.0,P232327,7,30.0,0.8481388466691369,0,0,0,0,0,0,0,1,0,0,0,0,0,0,0,1,0,0,0,1,0,0,0,0,1,0,0,0,0,0
3,1.0,0.727272987,11.0,P427405,101,10.5,0.6131471927654585,0,0,1,0,0,0,0,0,0,0,0,0,0,0,1,0,0,0,0,0,1,0,0,0,0,1,0,0,0,0
4,1.0,0.5,10.0,P427405,101,10.5,0.5,0,0,0,0,0,1,0,0,0,0,0,0,0,0,0,1,0,0,0,0,0,1,0,0,0,0,1,0,0,0
5,1.0,0.818181992,11.0,P427405,101,10.5,0.6769924925288455,0,0,0,0,0,0,1,0,0,0,0,0,0,0,0,1,0,0,0,1,0,0,0,0,1,0,0,0,0,0
5,1.0,0.909090996,22.0,P427405,101,10.5,0.7348354902219298,0,0,0,0,0,0,0,0,0,0,0,1,0,0,0,1,0,0,0,0,1,0,0,0,0,0,1,0,0,0
2,0.0,0.736841977,19.0,P427405,101,10.5,0.6018143876079656,0,0,0,0,1,0,0,0,0,0,0,0,0,0,1,0,0,0,0,0,0,1,0,0,0,1,0,0,0,0
5,1.0,0.75,16.0,P427405,101,10.5,0.6144493051612967,0,0,0,0,0,1,0,0,0,0,0,0,0,0,0,1,0,0,0,0,1,0,0,0,0,0,1,0,0,0
5,1.0,0.875,56.0,P427405,101,10.5,0.6529326802603611,0,0,0,0,0,1,0,0,0,0,0,0,0,0,0,1,0,0,0,1,0,0,0,0,0,0,1,0,0,0
5,1.0,0.833333015,6.0,P458724,78,18.0,0.7210570543488701,0,0,0,0,0,0,1,0,0,0,0,0,0,0,0,1,0,0,0,0,0,0,1,0,0,0,1,0,0,0
5,1.0,0.875,8.0,P458724,78,18.0,0.75,0,0,0,0,0,0,1,0,0,0,0,0,0,0,0,0,0,1,0,1,0,0,0,0,0,0,1,0,0,0
5,1.0,0.615384996,13.0,P458724,78,18.0,0.5508231047523734,0,0,0,0,0,1,0,0,0,0,0,0,0,0,0,1,0,0,0,1,0,0,0,0,0,0,1,0,0,0
5,1.0,0.800000012,5.0,P458724,78,18.0,0.6989700043360187,0,0,0,0,1,0,0,0,0,0,0,0,0,0,1,0,0,0,0,0,1,0,0,0,0,0,1,0,0,0
4,1.0,0.958333015,48.0,P458724,78,18.0,0.7780025070919014,0,0,0,0,0,0,0,1,0,0,0,0,0,0,0,1,0,0,0,1,0,0,0,0,1,0,0,0,0,0
5,1.0,0.90476203,21.0,P458724,78,18.0,0.7316756633516291,0,0,0,0,0,0,0,1,0,0,0,0,0,0,0,0,0,0,1,0,0,0,1,0,0,0,1,0,0,0
5,1.0,1.0,19.0,P458724,78,18.0,1.0,0,0,0,0,0,1,0,0,0,0,0,0,0,0,0,1,0,0,0,0,0,0,1,0,1,0,0,0,0,0
4,1.0,0.600000024,10.0,P469519,70,26.0,0.5473191697130572,0,0,0,0,1,0,0,0,0,0,0,0,0,0,0,1,0,0,0,0,0,1,0,0,0,1,0,0,0,0
5,1.0,1.0,6.0,P469519,70,26.0,1.0,0,0,0,0,1,0,0,0,0,0,0,0,0,0,0,0,0,0,1,1,0,0,0,0,0,0,1,0,0,0
2,0.0,0.75,4.0,P462829,4,28.0,0.6666666666666667,0,1,0,0,0,0,0,0,0,0,0,0,0,0,0,1,0,0,0,1,0,0,0,0,1,0,0,0,0,0
1,0.0,0.75,4.0,P462829,4,28.0,0.6666666666666667,0,0,1,0,0,0,0,0,0,0,0,0,0,0,0,1,0,0,0,1,0,0,0,0,0,1,0,0,0,0
1,0.0,0.75,8.0,P462829,4,28.0,0.6391511932854698,0,0,0,1,0,0,0,0,0,0,0,0,0,0,1,0,0,0,0,0,1,0,0,0,0,0,1,0,0,0
3,0.0,0.800000012,5.0,P462829,4,28.0,0.6989700043360187,0,0,1,0,0,0,0,0,0,0,0,0,0,0,0,0,0,1,0,0,1,0,0,0,0,0,1,0,0,0
5,1.0,1.0,17.0,P6028,9,35.0,1.0,0,0,0,0,0,0,1,0,0,0,0,0,0,0,0,0,0,0,1,1,0,0,0,0,0,0,1,0,0,0
3,0.0,0.571429014,14.0,P501169,18,85.0,0.5303290195561405,0,0,0,0,0,0,0,0,0,0,0,0,1,0,0,1,0,0,0,1,0,0,0,0,1,0,0,0,0,0
5,1.0,0.600000024,5.0,P501169,18,85.0,0.5578858913022596,0,0,0,0,0,1,0,0,0,0,0,0,0,0,1,0,0,0,0,0,1,0,0,0,0,0,0,0,0,1
5,1.0,1.0,12.0,P433973,63,32.0,1.0,0,0,0,0,1,0,0,0,0,0,0,0,0,0,1,0,0,0,0,0,0,1,0,0,0,0,1,0,0,0
5,1.0,0.600000024,15.0,P433973,63,32.0,0.5419766203817946,0,0,1,0,0,0,0,0,0,0,0,0,0,0,0,1,0,0,0,1,0,0,0,0,0,0,1,0,0,0
5,1.0,1.0,5.0,P461935,26,245.0,1.0,0,0,0,0,1,0,0,0,0,0,0,0,0,0,1,0,0,0,0,0,1,0,0,0,1,0,0,0,0,0
1,0.0,0.833333015,24.0,P461935,26,245.0,0.6541788517000094,0,0,1,0,0,0,0,0,0,0,0,0,0,0,0,1,0,0,0,1,0,0,0,0,1,0,0,0,0,0
5,1.0,1.0,6.0,P474326,37,46.0,1.0,0,0,0,1,0,0,0,0,0,0,0,0,0,0,0,0,0,1,0,1,0,0,0,0,0,0,1,0,0,0
3,0.0,0.699999988,10.0,P474326,37,46.0,0.6,0,0,1,0,0,0,0,0,0,0,0,0,0,0,0,0,0,0,1,0,1,0,0,0,0,1,0,0,0,0
4,1.0,1.0,8.0,P392945,0,118.0,1.0,0,0,1,0,0,0,0,0,0,0,0,0,0,0,0,1,0,0,0,1,0,0,0,0,1,0,0,0,0,0
3,1.0,0.5,4.0,P392945,0,118.0,0.5,0,0,1,0,0,0,0,0,0,0,0,0,0,0,0,1,0,0,0,1,0,0,0,0,1,0,0,0,0,0
4,1.0,0.899999976,10.0,P392945,0,118.0,0.7686217868402409,0,0,1,0,0,0,0,0,0,0,0,0,0,0,0,1,0,0,0,1,0,0,0,0,1,0,0,0,0,0
4,1.0,1.0,9.0,P392945,0,118.0,1.0,0,0,1,0,0,0,0,0,0,0,0,0,0,0,0,1,0,0,0,0,1,0,0,0,1,0,0,0,0,0
5,1.0,1.0,5.0,P392945,0,118.0,1.0,0,0,1,0,0,0,0,0,0,0,0,0,0,0,0,1,0,0,0,0,0,0,1,0,1,0,0,0,0,0
2,1.0,0.5,6.0,P392945,0,118.0,0.5,0,0,1,0,0,0,0,0,0,0,0,0,0,0,0,1,0,0,0,0,0,1,0,0,1,0,0,0,0,0
5,1.0,0.800000012,10.0,P392945,0,118.0,0.6666666666666666,0,0,1,0,0,0,0,0,0,0,0,0,0,0,0,1,0,0,0,1,0,0,0,0,1,0,0,0,0,0
5,1.0,0.666666985,6.0,P481748,96,56.0,0.5943161289177871,0,0,0,0,0,1,0,0,0,0,0,0,0,0,0,0,0,1,0,1,0,0,0,0,0,0,1,0,0,0
5,1.0,0.9375,16.0,P442759,101,8.9,0.7999999999999999,0,0,0,0,1,0,0,0,0,0,0,0,0,0,1,0,0,0,0,0,0,1,0,0,0,0,1,0,0,0
4,1.0,0.833333015,6.0,P442759,101,8.9,0.7210570543488701,0,0,1,0,0,0,0,0,0,0,0,0,0,0,1,0,0,0,0,0,0,1,0,0,0,0,1,0,0,0
5,1.0,1.0,5.0,P442759,101,8.9,1.0,0,0,0,0,1,0,0,0,0,0,0,0,0,0,0,1,0,0,0,0,1,0,0,0,0,0,1,0,0,0
5,1.0,0.944444001,18.0,P442759,101,8.9,0.8065735963827292,0,0,1,0,0,0,0,0,0,0,0,0,0,0,0,1,0,0,0,1,0,0,0,0,0,0,1,0,0,0
5,1.0,0.909090996,11.0,P442759,101,8.9,0.7757561757824245,0,0,0,0,0,1,0,0,0,0,0,0,0,0,0,0,0,1,0,1,0,0,0,0,0,1,0,0,0,0
5,1.0,0.892857015,28.0,P442759,101,8.9,0.701512126945176,0,0,1,0,0,0,0,0,0,0,0,0,0,0,1,0,0,0,0,1,0,0,0,0,0,1,0,0,0,0
5,1.0,1.0,9.0,P443837,99,7.49,1.0,0,0,0,0,1,0,0,0,0,0,0,0,0,0,0,1,0,0,0,0,0,0,1,0,1,0,0,0,0,0
1,0.0,0.083333299,12.0,P443837,99,7.49,0.2181042919855315,0,0,0,0,0,0,1,0,0,0,0,0,0,0,0,1,0,0,0,1,0,0,0,0,0,0,1,0,0,0
5,1.0,0.5,10.0,P500039,65,60.0,0.5,0,0,0,0,0,1,0,0,0,0,0,0,0,0,0,1,0,0,0,1,0,0,0,0,1,0,0,0,0,0
3,0.0,0.5,6.0,P405944,84,42.0,0.5,0,0,0,0,1,0,0,0,0,0,0,0,0,0,0,1,0,0,0,0,0,0,1,0,0,0,1,0,0,0
5,1.0,0.941175997,17.0,P405944,84,42.0,0.8034383677671774,0,0,0,0,1,0,0,0,0,0,0,0,0,0,0,1,0,0,0,1,0,0,0,0,0,0,1,0,0,0
5,1.0,1.0,6.0,P423135,14,94.0,1.0,0,0,1,0,0,0,0,0,0,0,0,0,0,0,1,0,0,0,0,0,1,0,0,0,0,1,0,0,0,0
3,0.0,0.428570986,7.0,P422257,48,35.0,0.4627564263195183,0,0,0,0,0,1,0,0,0,0,0,0,0,0,0,1,0,0,0,0,0,1,0,0,0,0,1,0,0,0
5,1.0,1.0,5.0,P422257,48,35.0,1.0,0,0,1,0,0,0,0,0,0,0,0,0,0,0,0,1,0,0,0,1,0,0,0,0,0,0,1,0,0,0
2,0.0,0.833333015,12.0,P422257,48,35.0,0.6857972507265685,0,0,0,1,0,0,0,0,0,0,0,0,0,0,0,1,0,0,0,0,0,1,0,0,0,0,1,0,0,0
5,1.0,0.944444001,18.0,P422257,48,35.0,0.8065735963827292,0,0,0,0,0,0,0,1,0,0,0,0,0,0,0,1,0,0,0,0,1,0,0,0,0,0,1,0,0,0
5,1.0,0.882353008,17.0,P422257,48,35.0,0.7162089270041655,0,0,1,0,0,0,0,0,0,0,0,0,0,0,0,1,0,0,0,0,1,0,0,0,0,0,1,0,0,0
1,0.0,0.454544991,11.0,P477492,108,49.0,0.4793787713240883,0,0,0,0,0,0,0,1,0,0,0,0,0,0,0,1,0,0,0,0,1,0,0,0,0,0,0,0,0,1
5,1.0,0.5,4.0,P468396,68,61.0,0.5,0,0,0,0,1,0,0,0,0,0,0,0,0,0,0,1,0,0,0,1,0,0,0,0,0,0,1,0,0,0
3,0.0,0.666666985,6.0,P483127,113,48.0,0.5943161289177871,0,0,0,0,1,0,0,0,0,0,0,0,0,0,0,1,0,0,0,1,0,0,0,0,0,0,1,0,0,0
3,1.0,0.400000006,5.0,P483127,113,48.0,0.4421141086977403,0,1,0,0,0,0,0,0,0,0,0,0,0,0,0,1,0,0,0,1,0,0,0,0,1,0,0,0,0,0
5,1.0,1.0,5.0,P503992,55,58.0,1.0,0,0,1,0,0,0,0,0,0,0,0,0,0,0,0,1,0,0,0,1,0,0,0,0,1,0,0,0,0,0
5,1.0,1.0,7.0,P440937,48,55.0,1.0,0,0,0,0,1,0,0,0,0,0,0,0,0,0,0,0,0,1,0,0,0,0,1,0,0,0,1,0,0,0
5,1.0,0.833333015,6.0,P440937,48,55.0,0.7210570543488701,0,0,0,0,1,0,0,0,0,0,0,0,0,0,1,0,0,0,0,1,0,0,0,0,0,0,1,0,0,0
5,1.0,0.875,8.0,P440937,48,55.0,0.75,0,0,0,1,0,0,0,0,0,0,0,0,0,0,0,0,0,1,0,1,0,0,0,0,0,1,0,0,0,0
5,1.0,1.0,4.0,P440937,48,55.0,1.0,0,0,0,0,1,0,0,0,0,0,0,0,0,0,0,0,0,0,1,0,0,0,1,0,0,0,1,0,0,0
3,0.0,0.5,4.0,P469862,31,34.0,0.5,0,0,0,0,0,1,0,0,0,0,0,0,0,0,0,0,0,1,0,0,0,0,1,0,0,0,1,0,0,0
1,0.0,0.666666985,15.0,P469862,31,34.0,0.5723372020956964,0,0,0,0,0,0,0,1,0,0,0,0,0,0,0,1,0,0,0,0,0,1,0,0,0,0,1,0,0,0
4,1.0,0.78947401,19.0,P469862,31,34.0,0.6327183637591292,0,0,0,0,0,0,0,0,0,0,0,1,0,0,0,1,0,0,0,0,1,0,0,0,1,0,0,0,0,0
3,0.0,0.615384996,13.0,P469862,31,34.0,0.5508231047523734,0,0,0,0,0,1,0,0,0,0,0,0,0,0,0,1,0,0,0,1,0,0,0,0,0,0,1,0,0,0
5,1.0,0.75,8.0,P469862,31,34.0,0.6391511932854698,0,0,0,0,0,0,0,1,0,0,0,0,0,0,0,1,0,0,0,1,0,0,0,0,1,0,0,0,0,0
2,0.0,0.346154004,26.0,P469862,31,34.0,0.4434053967922575,0,0,0,0,1,0,0,0,0,0,0,0,0,0,1,0,0,0,0,1,0,0,0,0,0,0,1,0,0,0
2,0.0,0.925000012,40.0,P481367,6,14.0,0.724059050495419,0,0,0,0,1,0,0,0,0,0,0,0,0,1,0,0,0,0,0,0,0,1,0,0,0,0,1,0,0,0
5,1.0,0.833333015,6.0,P481367,6,14.0,0.7210570543488701,0,0,1,0,0,0,0,0,0,0,0,0,0,0,0,1,0,0,0,0,1,0,0,0,1,0,0,0,0,0
5,1.0,0.75,4.0,P474971,71,28.0,0.6666666666666667,0,0,0,0,0,0,1,0,0,0,0,0,0,0,1,0,0,0,0,1,0,0,0,0,0,0,1,0,0,0
1,0.0,0.5,4.0,P474971,71,28.0,0.5,0,0,1,0,0,0,0,0,0,0,0,0,0,0,1,0,0,0,0,1,0,0,0,0,0,1,0,0,0,0
1,0.0,0.571429014,7.0,P474971,71,28.0,0.5372435736804816,0,0,0,0,0,0,0,0,0,0,0,0,1,0,0,1,0,0,0,1,0,0,0,0,1,0,0,0,0,0
3,1.0,0.357143015,14.0,P474971,71,28.0,0.4376181442471522,0,0,0,0,0,1,0,0,0,0,0,0,0,0,0,1,0,0,0,0,1,0,0,0,0,0,1,0,0,0
3,0.0,0.523810029,21.0,P469511,70,52.0,0.5089099843050301,0,0,1,0,0,0,0,0,0,0,0,0,0,0,0,1,0,0,0,0,0,1,0,0,0,0,1,0,0,0
5,1.0,1.0,9.0,P469511,70,52.0,1.0,0,0,1,0,0,0,0,0,0,0,0,0,0,1,0,0,0,0,0,0,1,0,0,0,0,1,0,0,0,0
5,1.0,0.875,8.0,P469511,70,52.0,0.75,0,0,1,0,0,0,0,0,0,0,0,0,0,0,0,1,0,0,0,0,0,1,0,0,0,1,0,0,0,0
5,1.0,1.0,4.0,P232902,47,44.0,1.0,0,0,0,0,1,0,0,0,0,0,0,0,0,0,0,0,0,0,1,0,1,0,0,0,0,0,1,0,0,0
4,1.0,0.25,4.0,P232902,47,44.0,0.3333333333333333,0,0,1,0,0,0,0,0,0,0,0,0,0,0,0,0,0,0,1,1,0,0,0,0,0,0,1,0,0,0
5,1.0,0.75,4.0,P232902,47,44.0,0.6666666666666667,0,0,0,0,1,0,0,0,0,0,0,0,0,0,0,0,0,0,1,0,0,1,0,0,0,0,1,0,0,0
5,1.0,0.666666985,6.0,P232902,47,44.0,0.5943161289177871,0,0,1,0,0,0,0,0,0,0,0,0,0,0,0,0,0,0,1,0,0,0,1,0,0,0,1,0,0,0
5,1.0,1.0,12.0,P453713,35,12.0,1.0,0,0,0,0,1,0,0,0,0,0,0,0,0,0,1,0,0,0,0,0,0,0,1,0,0,1,0,0,0,0
5,1.0,1.0,7.0,P479352,98,62.0,1.0,0,0,0,1,0,0,0,0,0,0,0,0,0,0,0,0,0,0,1,1,0,0,0,0,0,0,1,0,0,0
5,1.0,0.899999976,10.0,P479352,98,62.0,0.7686217868402409,0,0,0,0,0,1,0,0,0,0,0,0,0,0,0,1,0,0,0,0,0,0,1,0,0,0,1,0,0,0
5,1.0,0.625,8.0,P479352,98,62.0,0.5637914160289369,0,0,0,0,0,1,0,0,0,0,0,0,0,0,0,1,0,0,0,1,0,0,0,0,1,0,0,0,0,0
4,1.0,0.600000024,5.0,P479353,99,10.99,0.5578858913022596,0,0,0,0,0,1,0,0,0,0,0,0,0,0,0,1,0,0,0,1,0,0,0,0,1,0,0,0,0,0
5,1.0,0.5,4.0,P479353,99,10.99,0.5,0,0,0,0,1,0,0,0,0,0,0,0,0,0,0,0,0,1,0,0,1,0,0,0,0,0,1,0,0,0
4,1.0,1.0,11.0,P428240,14,55.0,1.0,0,0,0,0,0,0,0,0,0,0,0,0,1,0,0,1,0,0,0,1,0,0,0,0,1,0,0,0,0,0
5,1.0,0.5,4.0,P500244,72,65.0,0.5,0,0,0,0,1,0,0,0,0,0,0,0,0,0,0,1,0,0,0,0,0,1,0,0,1,0,0,0,0,0
2,0.0,0.5,10.0,P474325,37,46.0,0.5,0,0,0,0,0,0,1,0,0,0,0,0,0,0,0,1,0,0,0,1,0,0,0,0,1,0,0,0,0,0
1,0.0,0.272727013,11.0,P474325,37,46.0,0.3868528072345414,0,0,0,0,1,0,0,0,0,0,0,0,0,0,0,1,0,0,0,0,0,0,1,0,0,0,1,0,0,0
3,0.0,1.0,4.0,P474325,37,46.0,1.0,0,0,1,0,0,0,0,0,0,0,0,0,0,0,1,0,0,0,0,0,0,1,0,0,0,1,0,0,0,0
2,0.0,0.545454979,11.0,P474325,37,46.0,0.5206212286759117,0,0,1,0,0,0,0,0,0,0,0,0,0,0,1,0,0,0,0,0,0,0,1,0,0,0,1,0,0,0
5,1.0,0.600000024,5.0,P469507,70,39.0,0.5578858913022596,0,0,0,0,0,1,0,0,0,0,0,0,0,0,0,0,0,0,1,0,0,0,1,0,0,1,0,0,0,0
4,1.0,0.600000024,5.0,P469507,70,39.0,0.5578858913022596,0,0,0,1,0,0,0,0,0,0,0,0,0,0,1,0,0,0,0,0,1,0,0,0,0,0,0,0,0,1
4,1.0,0.909090996,11.0,P469507,70,39.0,0.7757561757824245,0,0,0,0,0,1,0,0,0,0,0,0,0,0,0,1,0,0,0,1,0,0,0,0,0,1,0,0,0,0
5,1.0,0.976743996,43.0,P469507,70,39.0,0.8443886085975061,0,0,0,0,0,1,0,0,0,0,0,0,0,0,0,1,0,0,0,0,0,0,1,0,1,0,0,0,0,0
5,1.0,0.875,8.0,P475932,23,68.0,0.75,0,0,0,0,0,0,0,0,0,0,0,1,0,0,0,1,0,0,0,0,0,0,1,0,1,0,0,0,0,0
5,1.0,0.800000012,5.0,P475932,23,68.0,0.6989700043360187,0,0,0,0,0,1,0,0,0,0,0,0,0,0,0,1,0,0,0,0,1,0,0,0,0,0,1,0,0,0
5,1.0,1.0,10.0,P432831,59,58.0,1.0,0,0,0,0,1,0,0,0,0,0,0,0,0,0,1,0,0,0,0,1,0,0,0,0,0,1,0,0,0,0
5,1.0,1.0,6.0,P432831,59,58.0,1.0,0,0,0,0,0,1,0,0,0,0,0,0,0,0,0,1,0,0,0,1,0,0,0,0,0,0,1,0,0,0
5,1.0,1.0,4.0,P432831,59,58.0,1.0,0,0,0,0,1,0,0,0,0,0,0,0,0,0,0,0,0,1,0,0,0,1,0,0,0,1,0,0,0,0
1,0.0,0.5,18.0,P432831,59,58.0,0.5,0,0,0,0,0,1,0,0,0,0,0,0,0,0,1,0,0,0,0,0,0,1,0,0,0,0,1,0,0,0
5,1.0,0.75,4.0,P407387,35,10.0,0.6666666666666667,0,0,0,0,1,0,0,0,0,0,0,0,0,0,0,0,0,0,1,0,0,0,1,0,0,0,1,0,0,0
5,1.0,1.0,8.0,P407387,35,10.0,1.0,0,0,0,0,0,0,1,0,0,0,0,0,0,0,0,0,0,1,0,0,0,0,1,1,0,0,0,0,0,0
5,1.0,0.837837994,37.0,P407387,35,10.0,0.6404217625451907,0,0,0,0,1,0,0,0,0,0,0,0,0,0,0,1,0,0,0,0,0,1,0,0,0,1,0,0,0,0
3,0.0,1.0,5.0,P476028,92,55.0,1.0,0,0,0,0,0,0,0,1,0,0,0,0,0,0,0,0,0,1,0,0,1,0,0,0,0,0,1,0,0,0
5,1.0,0.777778029,9.0,P476028,92,55.0,0.6543128759565946,0,0,0,0,0,0,1,0,0,0,0,0,0,0,0,1,0,0,0,0,1,0,0,0,1,0,0,0,0,0
3,0.0,1.0,4.0,P476028,92,55.0,1.0,0,0,0,0,0,0,0,1,0,0,0,0,0,0,0,0,0,1,0,0,0,1,0,0,0,0,1,0,0,0
5,1.0,0.75,4.0,P476028,92,55.0,0.6666666666666667,0,0,0,0,0,1,0,0,0,0,0,0,0,0,0,1,0,0,0,1,0,0,0,0,0,0,1,0,0,0
1,0.0,0.400000006,5.0,P501213,4,72.0,0.4421141086977403,0,0,0,0,1,0,0,0,0,0,0,0,0,0,0,1,0,0,0,0,0,0,1,0,0,1,0,0,0,0
5,1.0,1.0,17.0,P480284,9,139.0,1.0,0,0,0,0,1,0,0,0,0,0,0,0,0,0,0,1,0,0,0,0,1,0,0,0,0,1,0,0,0,0
4,1.0,0.75,4.0,P504028,101,25.0,0.6666666666666667,0,0,0,0,0,0,1,0,0,0,0,0,0,0,0,1,0,0,0,0,0,0,1,0,0,1,0,0,0,0
2,0.0,0.175676003,74.0,P504028,101,25.0,0.3900358489543233,0,0,0,0,1,0,0,0,0,0,0,0,0,0,0,0,1,0,0,0,1,0,0,0,0,1,0,0,0,0
2,0.0,1.0,12.0,P482552,98,70.0,1.0,0,0,0,0,1,0,0,0,0,0,0,0,0,0,1,0,0,0,0,0,0,1,0,1,0,0,0,0,0,0
5,1.0,0.600000024,5.0,P482552,98,70.0,0.5578858913022596,0,0,0,0,0,1,0,0,0,0,0,0,0,0,0,1,0,0,0,0,1,0,0,0,1,0,0,0,0,0
1,0.0,0.666666985,6.0,P471033,37,50.0,0.5943161289177871,0,0,0,0,1,0,0,0,0,0,0,0,0,0,0,1,0,0,0,0,0,1,0,0,0,1,0,0,0,0
5,1.0,1.0,7.0,P471033,37,50.0,1.0,0,0,0,0,0,0,1,0,0,0,0,0,0,0,0,1,0,0,0,1,0,0,0,0,0,0,1,0,0,0
5,1.0,0.600000024,5.0,P471033,37,50.0,0.5578858913022596,0,0,0,0,1,0,0,0,0,0,0,0,0,0,0,1,0,0,0,1,0,0,0,0,0,0,1,0,0,0
4,1.0,0.833333015,6.0,P471033,37,50.0,0.7210570543488701,0,0,1,0,0,0,0,0,0,0,0,0,0,0,0,1,0,0,0,0,1,0,0,0,0,0,1,0,0,0
4,1.0,0.833333015,6.0,P471033,37,50.0,0.7210570543488701,0,0,0,0,1,0,0,0,0,0,0,0,0,0,0,1,0,0,0,0,1,0,0,0,0,0,1,0,0,0
5,1.0,0.888889015,9.0,P386739,97,130.0,0.7601875334318686,0,0,1,0,0,0,0,0,0,0,0,0,0,0,0,1,0,0,0,1,0,0,0,0,1,0,0,0,0,0
4,1.0,0.75,4.0,P469818,31,32.0,0.6666666666666667,0,0,0,0,1,0,0,0,0,0,0,0,0,0,0,1,0,0,0,1,0,0,0,0,0,0,1,0,0,0
3,1.0,0.75,4.0,P469818,31,32.0,0.6666666666666667,0,0,0,0,1,0,0,0,0,0,0,0,0,0,0,1,0,0,0,0,0,0,1,0,1,0,0,0,0,0
3,1.0,0.75,4.0,P385253,68,63.0,0.6666666666666667,0,0,1,0,0,0,0,0,0,0,0,0,0,0,0,1,0,0,0,1,0,0,0,0,0,1,0,0,0,0
4,1.0,0.833333015,6.0,P385253,68,63.0,0.7210570543488701,0,0,1,0,0,0,0,0,0,0,0,0,0,0,0,1,0,0,0,1,0,0,0,0,0,1,0,0,0,0
4,1.0,1.0,5.0,P448201,84,75.0,1.0,0,0,0,1,0,0,0,0,0,0,0,0,0,0,0,1,0,0,0,1,0,0,0,0,0,0,1,0,0,0
5,1.0,0.875,8.0,P448201,84,75.0,0.75,0,0,0,0,0,1,0,0,0,0,0,0,0,0,0,1,0,0,0,0,0,1,0,0,0,0,1,0,0,0
5,1.0,0.705882013,17.0,P448201,84,75.0,0.5887355477484346,0,0,0,0,1,0,0,0,0,0,0,0,0,0,0,1,0,0,0,1,0,0,0,0,0,0,1,0,0,0
5,1.0,1.0,8.0,P474809,0,72.0,1.0,0,0,0,0,1,0,0,0,0,0,0,0,0,0,0,1,0,0,0,0,1,0,0,0,0,0,1,0,0,0
2,0.0,0.75,8.0,P500055,45,48.0,0.6391511932854698,0,0,0,0,1,0,0,0,0,0,0,0,0,0,0,0,0,1,0,1,0,0,0,0,0,1,0,0,0,0
5,1.0,1.0,12.0,P455898,101,11.1,1.0,0,0,0,1,0,0,0,0,0,0,0,0,0,0,0,0,0,1,0,1,0,0,0,0,0,1,0,0,0,0
4,1.0,0.714286029,7.0,P455898,101,11.1,0.6199062332840658,0,0,1,0,0,0,0,0,0,0,0,0,0,0,0,1,0,0,0,0,0,1,0,0,0,0,1,0,0,0
4,1.0,0.884615004,26.0,P455898,101,11.1,0.6962776933382736,0,0,1,0,0,0,0,0,0,0,0,0,0,0,1,0,0,0,0,0,0,1,0,0,0,0,0,0,0,1
5,1.0,0.923076987,39.0,P455898,101,11.1,0.7225864571737165,0,0,0,0,0,1,0,0,0,0,0,0,0,0,0,1,0,0,0,1,0,0,0,0,1,0,0,0,0,0
5,1.0,0.692308009,13.0,P455898,101,11.1,0.588591910067779,0,0,1,0,0,0,0,0,0,0,0,0,0,0,0,1,0,0,0,1,0,0,0,0,1,0,0,0,0,0
3,0.0,0.875,8.0,P455898,101,11.1,0.75,0,0,0,0,1,0,0,0,0,0,0,0,0,0,0,0,0,0,1,1,0,0,0,0,0,0,1,0,0,0
4,1.0,0.75,36.0,P455898,101,11.1,0.5913627206774549,0,0,0,0,0,1,0,0,0,0,0,0,0,0,0,1,0,0,0,1,0,0,0,0,0,0,0,0,0,1
5,1.0,0.666666985,9.0,P449541,48,75.0,0.583970804646981,0,0,0,1,0,0,0,0,0,0,0,0,0,0,0,1,0,0,0,0,1,0,0,0,0,0,1,0,0,0
4,1.0,0.857142985,7.0,P449541,48,75.0,0.7373504649628064,0,0,1,0,0,0,0,0,0,0,0,0,0,0,0,1,0,0,0,0,0,1,0,0,0,0,1,0,0,0
5,1.0,1.0,4.0,P471038,113,17.0,1.0,0,0,1,0,0,0,0,0,0,0,0,0,0,0,1,0,0,0,0,1,0,0,0,0,0,0,0,0,0,1
5,1.0,1.0,5.0,P471038,113,17.0,1.0,0,0,0,1,0,0,0,0,0,0,0,0,0,0,1,0,0,0,0,0,0,1,0,0,0,1,0,0,0,0
5,1.0,0.083333299,24.0,P471038,113,17.0,0.2594673250366449,0,0,0,0,0,1,0,0,0,0,0,0,0,0,0,0,0,0,1,1,0,0,0,0,0,0,1,0,0,0
5,1.0,0.0,8.0,P471038,113,17.0,0.0,0,0,0,0,0,0,0,0,0,0,0,0,1,0,0,1,0,0,0,0,0,0,1,0,1,0,0,0,0,0
5,1.0,1.0,5.0,P416552,0,95.0,1.0,0,0,1,0,0,0,0,0,0,0,0,0,0,0,0,0,0,1,0,1,0,0,0,0,0,1,0,0,0,0
5,1.0,0.666666985,6.0,P504043,66,58.0,0.5943161289177871,0,0,0,0,1,0,0,0,0,0,0,0,0,0,0,1,0,0,0,1,0,0,0,0,1,0,0,0,0,0
1,0.0,0.800000012,5.0,P481354,74,95.0,0.6989700043360187,0,0,0,0,1,0,0,0,0,0,0,0,0,0,0,0,0,1,0,0,0,1,0,0,0,1,0,0,0,0
3,0.0,1.0,4.0,P423134,14,69.0,1.0,0,0,0,0,0,1,0,0,0,0,0,0,0,0,0,1,0,0,0,1,0,0,0,0,1,0,0,0,0,0
4,1.0,0.266667008,15.0,P455338,101,6.4,0.3930880481540662,0,0,0,0,0,0,0,0,0,0,0,0,1,0,0,1,0,0,0,0,0,0,1,0,1,0,0,0,0,0
5,1.0,1.0,26.0,P455338,101,6.4,1.0,0,0,1,0,0,0,0,0,0,0,0,0,0,0,0,0,0,0,1,1,0,0,0,0,0,1,0,0,0,0
5,1.0,0.897436023,39.0,P455338,101,6.4,0.6900729278815017,0,0,0,0,1,0,0,0,0,0,0,0,0,0,0,0,0,1,0,1,0,0,0,1,0,0,0,0,0,0
4,1.0,0.711863995,113.72000000000116,P455338,101,6.4,0.5554703219970413,0,0,0,0,0,0,0,0,0,0,0,1,0,0,0,1,0,0,0,0,0,0,1,0,1,0,0,0,0,0
5,1.0,0.920634985,63.0,P455338,101,6.4,0.6947233210815047,0,0,0,1,0,0,0,0,0,0,0,0,0,0,1,0,0,0,0,0,1,0,0,0,0,1,0,0,0,0
3,0.0,0.139534995,113.72000000000116,P455338,101,6.4,0.391456336238382,0,0,0,1,0,0,0,0,0,0,0,0,0,0,1,0,0,0,0,1,0,0,0,0,0,1,0,0,0,0
5,1.0,1.0,24.0,P455338,101,6.4,1.0,0,0,0,0,0,0,1,0,0,0,0,0,0,0,0,1,0,0,0,1,0,0,0,0,1,0,0,0,0,0
3,0.0,0.571429014,7.0,P438637,3,40.0,0.5372435736804816,0,0,0,1,0,0,0,0,0,0,0,0,0,0,1,0,0,0,0,0,0,0,1,0,0,0,1,0,0,0
1,0.0,0.833333015,12.0,P438637,3,40.0,0.6857972507265685,0,0,0,0,1,0,0,0,0,0,0,0,0,0,0,0,0,0,1,1,0,0,0,0,0,0,1,0,0,0
5,1.0,0.5,4.0,P438637,3,40.0,0.5,0,0,0,0,0,1,0,0,0,0,0,0,0,0,0,0,0,1,0,1,0,0,0,0,0,0,1,0,0,0
5,1.0,1.0,4.0,P473729,78,10.0,1.0,0,0,1,0,0,0,0,0,0,0,0,0,0,1,0,0,0,0,0,0,0,0,1,0,0,0,1,0,0,0
5,1.0,1.0,4.0,P469520,70,22.0,1.0,0,0,0,1,0,0,0,0,0,0,0,0,0,0,1,0,0,0,0,0,0,1,0,0,0,1,0,0,0,0
4,1.0,0.888889015,9.0,P469520,70,22.0,0.7601875334318686,0,0,0,0,1,0,0,0,0,0,0,0,0,0,0,1,0,0,0,0,0,1,0,0,0,0,1,0,0,0
5,1.0,0.93333298,15.0,P122651,7,20.0,0.7962049529094938,0,0,0,0,0,0,0,1,0,0,0,0,0,0,0,1,0,0,0,1,0,0,0,0,1,0,0,0,0,0
5,1.0,1.0,5.0,P122651,7,20.0,1.0,0,0,0,0,1,0,0,0,0,0,0,0,0,0,0,1,0,0,0,1,0,0,0,0,1,0,0,0,0,0
5,1.0,1.0,8.0,P122651,7,20.0,1.0,0,0,1,0,0,0,0,0,0,0,0,0,0,0,0,1,0,0,0,1,0,0,0,0,1,0,0,0,0,0
5,1.0,1.0,4.0,P423127,14,42.0,1.0,0,0,0,0,0,1,0,0,0,0,0,0,0,0,1,0,0,0,0,1,0,0,0,0,0,1,0,0,0,0
5,1.0,1.0,6.0,P423127,14,42.0,1.0,0,0,1,0,0,0,0,0,0,0,0,0,0,0,0,1,0,0,0,0,1,0,0,0,0,0,1,0,0,0
1,0.0,0.666666985,6.0,P432243,7,32.0,0.5943161289177871,0,0,0,0,1,0,0,0,0,0,0,0,0,0,0,1,0,0,0,0,0,0,1,0,1,0,0,0,0,0
2,0.0,0.388889015,18.0,P432243,7,32.0,0.4555834599925897,0,0,0,0,0,1,0,0,0,0,0,0,0,0,0,1,0,0,0,0,0,0,1,0,1,0,0,0,0,0
1,0.0,0.428570986,7.0,P432243,7,32.0,0.4627564263195183,0,0,0,0,0,0,1,0,0,0,0,0,0,0,0,1,0,0,0,1,0,0,0,0,1,0,0,0,0,0
5,1.0,0.736841977,76.0,P432243,7,32.0,0.5704422184229347,0,0,0,0,0,1,0,0,0,0,0,0,0,0,0,1,0,0,0,0,1,0,0,0,1,0,0,0,0,0
5,1.0,0.800000012,15.0,P392607,72,85.0,0.649149872836091,0,0,0,0,0,1,0,0,0,0,0,0,0,0,0,0,0,1,0,1,0,0,0,0,0,0,1,0,0,0
2,0.0,0.785713971,14.0,P392607,72,85.0,0.6418955364979173,0,1,0,0,0,0,0,0,0,0,0,0,0,0,0,1,0,0,0,1,0,0,0,0,0,0,1,0,0,0
4,1.0,0.875,16.0,P392607,72,85.0,0.7113975059201018,0,1,0,0,0,0,0,0,0,0,0,0,0,0,1,0,0,0,0,1,0,0,0,0,0,0,1,0,0,0
5,1.0,0.600000024,5.0,P392607,72,85.0,0.5578858913022596,0,1,0,0,0,0,0,0,0,0,0,0,0,0,1,0,0,0,0,1,0,0,0,0,0,0,1,0,0,0
4,1.0,0.916666985,12.0,P392607,72,85.0,0.7818957080144684,0,1,0,0,0,0,0,0,0,0,0,0,0,0,1,0,0,0,0,1,0,0,0,0,0,0,1,0,0,0
2,0.0,0.5,4.0,P479722,99,11.99,0.5,0,0,0,0,0,1,0,0,0,0,0,0,0,0,0,1,0,0,0,1,0,0,0,0,1,0,0,0,0,0
5,1.0,1.0,5.0,P479722,99,11.99,1.0,0,0,0,0,1,0,0,0,0,0,0,0,0,0,0,1,0,0,0,1,0,0,0,0,0,1,0,0,0,0
5,1.0,0.866666973,30.0,P417241,53,245.0,0.6718964818222768,0,0,0,0,0,0,0,1,0,0,0,0,0,0,0,0,0,0,1,1,0,0,0,0,0,0,1,0,0,0
1,0.0,0.600000024,10.0,P417241,53,245.0,0.5473191697130572,0,0,0,0,0,1,0,0,0,0,0,0,0,0,0,1,0,0,0,1,0,0,0,0,1,0,0,0,0,0
1,0.0,1.0,4.0,P482753,96,38.0,1.0,0,0,0,0,1,0,0,0,0,0,0,0,0,0,1,0,0,0,0,0,0,1,0,0,0,1,0,0,0,0
1,0.0,0.882353008,17.0,P421997,48,47.0,0.7162089270041655,0,0,0,0,1,0,0,0,0,0,0,0,0,0,0,0,0,1,0,0,0,0,1,0,0,1,0,0,0,0
5,1.0,0.833333015,6.0,P421997,48,47.0,0.7210570543488701,0,0,0,0,0,1,0,0,0,0,0,0,0,0,0,1,0,0,0,1,0,0,0,0,0,0,1,0,0,0
1,0.0,0.519999981,25.0,P421997,48,47.0,0.5071202802580707,0,0,0,1,0,0,0,0,0,0,0,0,0,0,0,0,0,0,1,1,0,0,0,0,0,0,1,0,0,0
5,1.0,0.400000006,5.0,P424989,95,60.0,0.4421141086977403,0,0,0,0,0,1,0,0,0,0,0,0,0,0,0,1,0,0,0,1,0,0,0,0,0,1,0,0,0,0
5,1.0,0.826086998,23.0,P424989,95,60.0,0.6505149978319905,0,0,0,0,1,0,0,0,0,0,0,0,0,0,1,0,0,0,0,1,0,0,0,0,0,1,0,0,0,0
5,1.0,0.857142985,7.0,P424989,95,60.0,0.7373504649628064,0,0,0,0,0,1,0,0,0,0,0,0,0,0,0,1,0,0,0,1,0,0,0,0,1,0,0,0,0,0
5,1.0,1.0,6.0,P424989,95,60.0,1.0,0,0,0,0,1,0,0,0,0,0,0,0,0,0,0,1,0,0,0,0,0,1,0,0,0,1,0,0,0,0
4,1.0,0.875,8.0,P424989,95,60.0,0.75,0,0,0,0,1,0,0,0,0,0,0,0,0,0,0,1,0,0,0,0,1,0,0,0,0,0,1,0,0,0
5,1.0,0.666666985,9.0,P474329,113,25.0,0.583970804646981,0,0,0,0,0,0,1,0,0,0,0,0,0,0,0,1,0,0,0,1,0,0,0,0,0,0,1,0,0,0
2,0.0,0.888889015,9.0,P474329,113,25.0,0.7601875334318686,0,0,0,1,0,0,0,0,0,0,0,0,0,0,1,0,0,0,0,0,1,0,0,0,0,1,0,0,0,0
3,1.0,0.833333015,6.0,P416312,85,20.0,0.7210570543488701,0,1,0,0,0,0,0,0,0,0,0,0,0,0,0,1,0,0,0,1,0,0,0,0,0,0,1,0,0,0
5,1.0,0.800000012,5.0,P473172,75,54.0,0.6989700043360187,0,0,0,0,0,0,0,0,0,0,0,0,1,0,0,1,0,0,0,0,0,1,0,0,1,0,0,0,0,0
5,1.0,1.0,20.0,P456194,11,96.0,1.0,0,0,0,0,0,0,0,0,0,0,0,1,0,0,0,1,0,0,0,1,0,0,0,0,1,0,0,0,0,0
5,1.0,0.699999988,10.0,P417242,53,75.0,0.6,0,0,1,0,0,0,0,0,0,0,0,0,0,0,1,0,0,0,0,0,0,1,0,0,0,1,0,0,0,0
5,1.0,0.857142985,7.0,P417242,53,75.0,0.7373504649628064,0,0,1,0,0,0,0,0,0,0,0,0,0,0,0,0,0,1,0,0,0,1,0,0,0,1,0,0,0,0
5,1.0,0.714286029,56.0,P417242,53,75.0,0.5672359537858919,0,0,1,0,0,0,0,0,0,0,0,0,0,0,0,1,0,0,0,1,0,0,0,0,0,1,0,0,0,0
5,1.0,0.400000006,5.0,P471009,9,42.0,0.4421141086977403,0,0,0,0,1,0,0,0,0,0,0,0,0,0,0,1,0,0,0,1,0,0,0,0,0,0,1,0,0,0
2,0.0,0.800000012,5.0,P455623,3,69.0,0.6989700043360187,0,0,0,0,0,0,0,1,0,0,0,0,0,0,0,1,0,0,0,0,0,0,1,0,0,0,1,0,0,0
3,0.0,0.899999976,10.0,P432239,48,28.0,0.7686217868402409,0,0,0,0,0,1,0,0,0,0,0,0,0,0,0,1,0,0,0,0,0,1,0,0,0,1,0,0,0,0
5,1.0,1.0,6.0,P432239,48,28.0,1.0,0,0,0,0,0,1,0,0,0,0,0,0,0,0,0,1,0,0,0,1,0,0,0,0,1,0,0,0,0,0
4,1.0,0.0,10.0,P432239,48,28.0,0.0,0,0,0,0,1,0,0,0,0,0,0,0,0,0,0,0,0,0,1,0,1,0,0,0,0,0,1,0,0,0
2,0.0,0.699999988,30.0,P429043,13,199.0,0.5730915653322682,0,0,0,0,1,0,0,0,0,0,0,0,0,0,1,0,0,0,0,1,0,0,0,0,0,1,0,0,0,0
1,0.0,0.305698991,113.72000000000116,P429043,13,199.0,0.4549464157582463,0,0,1,0,0,0,0,0,0,0,0,0,0,0,0,0,0,1,0,1,0,0,0,0,0,0,0,1,0,0
2,0.0,0.833333015,6.0,P429043,13,199.0,0.7210570543488701,0,0,0,0,0,0,0,0,0,1,0,0,0,0,0,1,0,0,0,0,1,0,0,0,1,0,0,0,0,0
2,0.0,0.882353008,113.72000000000116,P429043,13,199.0,0.6138047516884015,0,0,0,0,0,0,0,0,0,1,0,0,0,0,0,0,0,0,1,1,0,0,0,0,0,0,0,1,0,0
1,0.0,0.738853991,113.72000000000116,P429043,13,199.0,0.5602660690232948,0,0,0,0,1,0,0,0,0,0,0,0,0,0,0,1,0,0,0,1,0,0,0,0,0,0,0,1,0,0
5,1.0,1.0,7.0,P472455,9,52.0,1.0,0,0,0,0,0,1,0,0,0,0,0,0,0,0,0,1,0,0,0,0,1,0,0,0,1,0,0,0,0,0
5,1.0,1.0,6.0,P470217,17,67.0,1.0,0,0,0,1,0,0,0,0,0,0,0,0,0,0,0,0,0,0,1,1,0,0,0,1,0,0,0,0,0,0
5,1.0,0.800000012,5.0,P470217,17,67.0,0.6989700043360187,0,0,0,1,0,0,0,0,0,0,0,0,0,0,1,0,0,0,0,1,0,0,0,0,0,1,0,0,0,0
3,0.0,0.75,4.0,P470217,17,67.0,0.6666666666666667,0,0,1,0,0,0,0,0,0,0,0,0,0,0,0,1,0,0,0,1,0,0,0,0,0,0,1,0,0,0
3,0.0,0.797101021,69.0,P470217,17,67.0,0.5978184215641318,0,0,0,0,0,0,1,0,0,0,0,0,0,0,0,1,0,0,0,0,1,0,0,0,1,0,0,0,0,0
5,1.0,1.0,4.0,P422248,48,28.0,1.0,0,0,0,0,0,1,0,0,0,0,0,0,0,0,0,0,0,0,1,1,0,0,0,0,0,0,1,0,0,0
2,0.0,0.142857,14.0,P422248,48,28.0,0.2998754749572002,0,0,0,0,0,1,0,0,0,0,0,0,0,0,0,0,0,0,1,1,0,0,0,0,0,0,1,0,0,0
1,0.0,0.75,12.0,P500696,76,55.0,0.6241963505817848,0,0,0,0,1,0,0,0,0,0,0,0,0,0,0,1,0,0,0,0,0,1,0,0,0,1,0,0,0,0
4,1.0,0.25,4.0,P500696,76,55.0,0.3333333333333333,0,0,0,0,0,1,0,0,0,0,0,0,0,0,0,1,0,0,0,1,0,0,0,0,1,0,0,0,0,0
5,1.0,0.777778029,9.0,P448853,103,12.0,0.6543128759565946,0,0,0,0,0,1,0,0,0,0,0,0,0,0,0,1,0,0,0,1,0,0,0,0,0,0,1,0,0,0
5,1.0,0.800000012,5.0,P448853,103,12.0,0.6989700043360187,0,0,0,0,1,0,0,0,0,0,0,0,0,0,0,1,0,0,0,1,0,0,0,0,0,0,1,0,0,0
2,0.0,0.5,4.0,P448853,103,12.0,0.5,0,0,1,0,0,0,0,0,0,0,0,0,0,0,0,1,0,0,0,0,0,0,1,0,1,0,0,0,0,0
5,1.0,0.950820029,61.0,P448934,40,34.0,0.7462779948964053,0,0,1,0,0,0,0,0,0,0,0,0,0,0,1,0,0,0,0,0,0,0,1,0,0,1,0,0,0,0
5,1.0,0.833333015,12.0,P448934,40,34.0,0.6857972507265685,0,0,0,0,0,1,0,0,0,0,0,0,0,0,0,0,0,1,0,0,0,0,1,0,0,0,1,0,0,0
5,1.0,0.625,8.0,P448934,40,34.0,0.5637914160289369,0,0,0,0,1,0,0,0,0,0,0,0,0,0,0,1,0,0,0,1,0,0,0,0,0,0,1,0,0,0
2,0.0,1.0,7.0,P431847,35,26.0,1.0,0,0,0,0,1,0,0,0,0,0,0,0,0,0,1,0,0,0,0,0,1,0,0,0,0,1,0,0,0,0
2,0.0,0.800000012,5.0,P431847,35,26.0,0.6989700043360187,0,0,0,0,1,0,0,0,0,0,0,0,0,0,1,0,0,0,0,1,0,0,0,0,0,1,0,0,0,0
5,1.0,1.0,27.0,P431847,35,26.0,1.0,0,0,0,0,0,1,0,0,0,0,0,0,0,0,0,1,0,0,0,0,0,1,0,0,0,0,1,0,0,0
5,1.0,0.888889015,9.0,P467115,29,42.0,0.7601875334318686,0,0,0,0,1,0,0,0,0,0,0,0,0,0,1,0,0,0,0,1,0,0,0,0,0,1,0,0,0,0
5,1.0,0.727272987,11.0,P467115,29,42.0,0.6131471927654585,0,0,0,0,0,0,0,1,0,0,0,0,0,0,0,1,0,0,0,1,0,0,0,0,0,0,1,0,0,0
4,1.0,0.833333015,6.0,P467115,29,42.0,0.7210570543488701,0,0,1,0,0,0,0,0,0,0,0,0,0,0,0,0,0,0,1,1,0,0,0,0,0,0,1,0,0,0
2,0.0,0.375,8.0,P467115,29,42.0,0.4362085839710631,0,0,0,0,0,0,0,0,0,0,0,0,1,0,0,1,0,0,0,1,0,0,0,0,1,0,0,0,0,0
5,1.0,0.92592603,27.0,P467115,29,42.0,0.7478343556177288,0,0,0,0,0,1,0,0,0,0,0,0,0,0,0,1,0,0,0,0,0,1,0,0,1,0,0,0,0,0
1,0.0,0.866666973,15.0,P501157,18,68.0,0.7060702520912807,0,0,1,0,0,0,0,0,0,0,0,0,0,0,0,1,0,0,0,1,0,0,0,0,0,0,1,0,0,0
3,0.0,0.800000012,5.0,P471541,9,45.0,0.6989700043360187,0,0,1,0,0,0,0,0,0,0,0,0,0,0,1,0,0,0,0,1,0,0,0,0,0,1,0,0,0,0
2,0.0,0.75,4.0,P475201,96,38.0,0.6666666666666667,0,0,1,0,0,0,0,0,0,0,0,0,0,0,0,1,0,0,0,0,1,0,0,0,0,0,1,0,0,0
1,0.0,0.448276013,29.0,P479319,28,42.0,0.4822600136196577,0,0,0,0,0,0,0,0,0,0,0,0,1,0,0,1,0,0,0,0,0,0,1,0,1,0,0,0,0,0
5,1.0,1.0,16.0,P479319,28,42.0,1.0,0,0,0,0,1,0,0,0,0,0,0,0,0,0,0,1,0,0,0,0,0,0,1,0,0,0,1,0,0,0
1,0.0,0.538461983,13.0,P476010,76,32.0,0.5165863013822944,0,0,0,0,0,1,0,0,0,0,0,0,0,0,0,0,0,1,0,1,0,0,0,0,0,0,1,0,0,0
3,1.0,0.333332986,24.0,P504171,34,34.0,0.4367859442201452,0,0,0,0,1,0,0,0,0,0,0,0,0,0,0,1,0,0,0,1,0,0,0,0,1,0,0,0,0,0
5,1.0,0.800000012,5.0,P461522,78,3.0,0.6989700043360187,0,0,0,0,0,1,0,0,0,0,0,0,0,0,0,1,0,0,0,1,0,0,0,0,1,0,0,0,0,0
4,1.0,1.0,4.0,P461522,78,3.0,1.0,0,0,0,0,0,1,0,0,0,0,0,0,0,0,0,1,0,0,0,1,0,0,0,0,1,0,0,0,0,0
4,1.0,0.25,4.0,P461522,78,3.0,0.3333333333333333,0,0,0,0,1,0,0,0,0,0,0,0,0,0,0,1,0,0,0,1,0,0,0,0,1,0,0,0,0,0
5,1.0,0.800000012,15.0,P461522,78,3.0,0.649149872836091,0,0,1,0,0,0,0,0,0,0,0,0,0,0,0,1,0,0,0,0,1,0,0,0,0,0,1,0,0,0
5,1.0,0.944444001,18.0,P385632,7,32.5,0.8065735963827292,0,0,1,0,0,0,0,0,0,0,0,0,0,0,1,0,0,0,0,1,0,0,0,0,0,1,0,0,0,0
4,1.0,0.590909004,22.0,P385632,7,32.5,0.5340445754514496,0,0,1,0,0,0,0,0,0,0,0,0,0,0,1,0,0,0,0,1,0,0,0,0,0,1,0,0,0,0
5,1.0,0.600000024,5.0,P422011,48,24.0,0.5578858913022596,0,0,0,0,0,0,1,0,0,0,0,0,0,0,0,1,0,0,0,1,0,0,0,0,1,0,0,0,0,0
5,1.0,1.0,5.0,P422011,48,24.0,1.0,0,0,0,0,0,1,0,0,0,0,0,0,0,0,0,1,0,0,0,1,0,0,0,0,0,0,1,0,0,0
4,1.0,1.0,6.0,P422011,48,24.0,1.0,0,0,0,0,0,0,0,1,0,0,0,0,0,0,0,1,0,0,0,1,0,0,0,0,0,0,1,0,0,0
2,0.0,0.333332986,6.0,P422011,48,24.0,0.4056838710822129,0,0,1,0,0,0,0,0,0,0,0,0,0,0,0,0,0,0,1,1,0,0,0,0,0,0,1,0,0,0
1,0.0,0.400000006,5.0,P448192,111,15.0,0.4421141086977403,0,0,0,0,1,0,0,0,0,0,0,0,0,0,1,0,0,0,0,0,0,1,0,0,0,1,0,0,0,0
5,1.0,1.0,5.0,P448192,111,15.0,1.0,0,0,0,0,0,1,0,0,0,0,0,0,0,0,0,1,0,0,0,1,0,0,0,0,1,0,0,0,0,0
5,1.0,0.800000012,5.0,P503865,113,34.0,0.6989700043360187,0,0,0,0,0,0,1,0,0,0,0,0,0,0,0,1,0,0,0,1,0,0,0,0,0,0,0,0,0,1
5,1.0,1.0,5.0,P503865,113,34.0,1.0,0,0,1,0,0,0,0,0,0,0,0,0,0,0,0,1,0,0,0,1,0,0,0,0,1,0,0,0,0,0
3,0.0,0.882353008,17.0,P403315,98,98.0,0.7162089270041655,0,0,1,0,0,0,0,0,0,0,0,0,0,0,0,0,0,1,0,1,0,0,0,0,0,0,0,0,0,1
4,1.0,0.611110985,18.0,P403315,98,98.0,0.5444165400074104,0,0,0,0,1,0,0,0,0,0,0,0,0,0,0,1,0,0,0,1,0,0,0,0,1,0,0,0,0,0
5,1.0,0.666666985,6.0,P403315,98,98.0,0.5943161289177871,0,0,0,0,1,0,0,0,0,0,0,0,0,0,0,1,0,0,0,0,1,0,0,0,1,0,0,0,0,0
5,1.0,0.800000012,5.0,P403315,98,98.0,0.6989700043360187,0,0,0,0,0,0,1,0,0,0,0,0,0,0,0,0,0,0,1,0,0,0,1,0,0,0,0,0,0,1
5,1.0,0.961538017,26.0,P403315,98,98.0,0.8245749364180455,0,0,1,0,0,0,0,0,0,0,0,0,0,0,0,1,0,0,0,1,0,0,0,0,1,0,0,0,0,0
5,1.0,0.633333027,30.0,P424986,95,38.0,0.5466027438507569,0,0,1,0,0,0,0,0,0,0,0,0,0,0,0,0,0,0,1,1,0,0,0,0,0,0,1,0,0,0
4,1.0,0.866666973,15.0,P424986,95,38.0,0.7060702520912807,0,0,1,0,0,0,0,0,0,0,0,0,0,0,1,0,0,0,0,1,0,0,0,0,0,0,1,0,0,0
5,1.0,0.666666985,9.0,P424986,95,38.0,0.583970804646981,0,0,1,0,0,0,0,0,0,0,0,0,0,0,0,0,0,1,0,1,0,0,0,0,0,1,0,0,0,0
3,0.0,0.384615004,13.0,P424986,95,38.0,0.4491768952476266,0,0,1,0,0,0,0,0,0,0,0,0,0,0,0,1,0,0,0,1,0,0,0,0,0,1,0,0,0,0
2,0.0,0.75,4.0,P468211,81,38.0,0.6666666666666667,0,0,0,0,0,0,1,0,0,0,0,0,0,0,0,1,0,0,0,1,0,0,0,0,1,0,0,0,0,0
5,1.0,1.0,17.0,P468211,81,38.0,1.0,0,0,0,0,0,1,0,0,0,0,0,0,0,0,0,1,0,0,0,0,1,0,0,0,1,0,0,0,0,0
1,0.0,0.740741014,27.0,P443369,14,89.0,0.594173270921001,0,0,0,0,1,0,0,0,0,0,0,0,0,0,0,1,0,0,0,0,0,1,0,0,0,0,1,0,0,0
2,0.0,0.850000024,20.0,P481336,74,75.0,0.6758469512137554,0,0,1,0,0,0,0,0,0,0,0,0,0,0,0,1,0,0,0,1,0,0,0,0,0,1,0,0,0,0
3,0.0,0.888889015,9.0,P472448,3,69.0,0.7601875334318686,0,0,0,0,0,0,1,0,0,0,0,0,0,0,0,1,0,0,0,1,0,0,0,0,1,0,0,0,0,0
5,1.0,0.833333015,6.0,P472448,3,69.0,0.7210570543488701,0,0,0,0,0,0,0,0,0,0,0,0,1,0,0,1,0,0,0,0,1,0,0,0,0,0,1,0,0,0
1,0.0,0.833333015,6.0,P483453,36,68.0,0.7210570543488701,0,0,0,0,0,1,0,0,0,0,0,0,0,0,0,1,0,0,0,1,0,0,0,0,0,0,1,0,0,0
2,0.0,0.875,8.0,P432824,60,36.0,0.75,0,0,0,0,0,0,1,0,0,0,0,0,0,0,0,1,0,0,0,1,0,0,0,0,1,0,0,0,0,0
2,0.0,0.75,24.0,P432824,60,36.0,0.6020917734020982,0,0,0,0,0,1,0,0,0,0,0,0,0,0,0,1,0,0,0,0,0,0,1,0,0,0,1,0,0,0
1,0.0,1.0,13.0,P432824,60,36.0,1.0,0,0,0,0,0,0,0,1,0,0,0,0,0,0,0,1,0,0,0,1,0,0,0,0,0,0,1,0,0,0
5,1.0,0.916666985,24.0,P432824,60,36.0,0.740532674963355,0,0,1,0,0,0,0,0,0,0,0,0,0,0,0,1,0,0,0,1,0,0,0,0,1,0,0,0,0,0
1,0.0,0.844443977,45.0,P432824,60,36.0,0.6379173972785162,0,0,0,0,1,0,0,0,0,0,0,0,0,0,0,1,0,0,0,1,0,0,0,0,1,0,0,0,0,0
3,1.0,0.25,4.0,P481142,72,65.0,0.3333333333333333,0,0,0,0,1,0,0,0,0,0,0,0,0,0,0,0,0,1,0,0,1,0,0,0,0,0,0,0,0,1
5,1.0,0.833333015,6.0,P465365,71,25.0,0.7210570543488701,0,0,0,0,0,1,0,0,0,0,0,0,0,0,0,1,0,0,0,0,1,0,0,0,0,0,1,0,0,0
5,1.0,0.857142985,7.0,P465365,71,25.0,0.7373504649628064,0,0,0,0,1,0,0,0,0,0,0,0,0,0,1,0,0,0,0,0,1,0,0,0,0,0,1,0,0,0
2,0.0,0.5,4.0,P440981,30,77.0,0.5,0,0,0,0,0,1,0,0,0,0,0,0,0,0,0,1,0,0,0,1,0,0,0,0,0,0,1,0,0,0
5,1.0,1.0,6.0,P440981,30,77.0,1.0,0,0,0,0,0,1,0,0,0,0,0,0,0,0,0,1,0,0,0,0,1,0,0,0,0,0,1,0,0,0
5,1.0,0.777778029,9.0,P440981,30,77.0,0.6543128759565946,0,0,0,0,1,0,0,0,0,0,0,0,0,0,0,1,0,0,0,1,0,0,0,0,0,0,1,0,0,0
1,0.0,0.692308009,13.0,P448932,47,110.0,0.588591910067779,0,0,0,0,0,0,0,1,0,0,0,0,0,0,0,1,0,0,0,1,0,0,0,0,1,0,0,0,0,0
5,1.0,0.923076987,26.0,P448932,47,110.0,0.7455436448745024,0,0,0,0,1,0,0,0,0,0,0,0,0,0,0,1,0,0,0,1,0,0,0,0,0,0,1,0,0,0
3,1.0,0.800000012,5.0,P444216,63,37.0,0.6989700043360187,0,0,0,0,1,0,0,0,0,0,0,0,0,0,0,0,0,0,1,1,0,0,0,0,0,1,0,0,0,0
1,0.0,0.571429014,7.0,P468813,9,30.0,0.5372435736804816,0,0,0,0,0,0,1,0,0,0,0,0,0,0,0,1,0,0,0,1,0,0,0,0,1,0,0,0,0,0
5,1.0,0.5,4.0,P468813,9,30.0,0.5,0,0,0,0,0,1,0,0,0,0,0,0,0,0,0,1,0,0,0,1,0,0,0,0,0,1,0,0,0,0
5,1.0,1.0,14.0,P469444,9,30.0,1.0,0,0,1,0,0,0,0,0,0,0,0,0,0,0,0,1,0,0,0,0,1,0,0,0,0,0,1,0,0,0
2,0.0,0.875,16.0,P443834,99,11.99,0.7113975059201018,0,0,0,1,0,0,0,0,0,0,0,0,0,0,1,0,0,0,0,1,0,0,0,0,0,0,1,0,0,0
4,1.0,1.0,4.0,P502852,64,245.0,1.0,0,0,1,0,0,0,0,0,0,0,0,0,0,0,0,1,0,0,0,1,0,0,0,0,1,0,0,0,0,0
5,1.0,0.944444001,18.0,P467748,9,62.0,0.8065735963827292,0,0,0,0,1,0,0,0,0,0,0,0,0,0,0,0,0,0,1,0,1,0,0,0,0,1,0,0,0,0
5,1.0,1.0,5.0,P440305,47,44.0,1.0,0,0,0,0,0,0,0,1,0,0,0,0,0,0,0,1,0,0,0,0,0,0,1,0,0,0,1,0,0,0
3,1.0,1.0,6.0,P440305,47,44.0,1.0,0,0,1,0,0,0,0,0,0,0,0,0,0,0,1,0,0,0,0,1,0,0,0,0,0,1,0,0,0,0
5,1.0,1.0,7.0,P440305,47,44.0,1.0,0,0,0,0,0,0,0,1,0,0,0,0,0,0,0,1,0,0,0,0,1,0,0,0,0,0,1,0,0,0
4,1.0,0.75,4.0,P440305,47,44.0,0.6666666666666667,0,0,1,0,0,0,0,0,0,0,0,0,0,0,0,1,0,0,0,0,0,1,0,0,0,0,1,0,0,0
1,1.0,0.25,8.0,P4039,61,65.0,0.3608488067145302,0,0,0,0,0,0,0,1,0,0,0,0,0,0,0,1,0,0,0,1,0,0,0,0,0,0,1,0,0,0
3,1.0,1.0,5.0,P4039,61,65.0,1.0,0,0,1,0,0,0,0,0,0,0,0,0,0,0,0,1,0,0,0,1,0,0,0,0,0,0,1,0,0,0
2,0.0,0.680000007,25.0,P504212,51,26.0,0.5681212831057167,0,0,0,0,0,1,0,0,0,0,0,0,0,0,0,1,0,0,0,1,0,0,0,0,0,0,1,0,0,0
5,1.0,0.93333298,15.0,P504212,51,26.0,0.7962049529094938,0,0,0,1,0,0,0,0,0,0,0,0,0,0,0,1,0,0,0,1,0,0,0,0,0,0,1,0,0,0
5,1.0,0.583333015,12.0,P504212,51,26.0,0.5371566952531242,0,0,0,0,1,0,0,0,0,0,0,0,0,0,0,0,0,1,0,1,0,0,0,0,0,1,0,0,0,0
5,1.0,0.916666985,12.0,P503657,9,129.0,0.7818957080144684,0,0,1,0,0,0,0,0,0,0,0,0,0,0,0,1,0,0,0,0,1,0,0,0,0,1,0,0,0,0
5,1.0,1.0,5.0,P461491,82,65.0,1.0,0,0,0,0,0,0,1,0,0,0,0,0,0,0,0,1,0,0,0,1,0,0,0,0,0,0,1,0,0,0
4,1.0,0.857142985,7.0,P455339,101,7.8,0.7373504649628064,0,0,0,0,1,0,0,0,0,0,0,0,0,0,0,1,0,0,0,1,0,0,0,0,0,0,0,0,1,0
5,1.0,0.699999988,10.0,P455339,101,7.8,0.6,0,0,0,0,1,0,0,0,0,0,0,0,0,0,0,1,0,0,0,0,1,0,0,0,0,0,1,0,0,0
1,0.0,0.699999988,30.0,P455339,101,7.8,0.5730915653322682,0,0,0,0,1,0,0,0,0,0,0,0,0,0,0,1,0,0,0,0,1,0,0,0,0,0,1,0,0,0
3,0.0,0.666666985,12.0,P455339,101,7.8,0.5772049881597967,0,0,0,0,0,0,0,1,0,0,0,0,0,0,0,1,0,0,0,1,0,0,0,0,1,0,0,0,0,0
5,1.0,0.931034982,29.0,P455339,101,7.8,0.7520519717820634,0,0,1,0,0,0,0,0,0,0,0,0,0,0,0,0,0,0,1,1,0,0,0,0,0,1,0,0,0,0
5,1.0,0.961538017,26.0,P455339,101,7.8,0.8245749364180455,0,0,0,0,0,0,0,1,0,0,0,0,0,0,0,1,0,0,0,0,0,0,1,0,1,0,0,0,0,0
5,1.0,0.714286029,7.0,P430812,72,38.0,0.6199062332840658,0,0,0,0,0,1,0,0,0,0,0,0,0,0,0,1,0,0,0,0,1,0,0,0,0,0,1,0,0,0
3,1.0,0.692308009,13.0,P430812,72,38.0,0.588591910067779,0,0,0,0,1,0,0,0,0,0,0,0,0,0,0,1,0,0,0,0,1,0,0,0,0,0,1,0,0,0
4,0.0,0.25,4.0,P430812,72,38.0,0.3333333333333333,0,0,1,0,0,0,0,0,0,0,0,0,0,0,0,1,0,0,0,1,0,0,0,0,1,0,0,0,0,0
5,1.0,0.75,8.0,P430812,72,38.0,0.6391511932854698,0,0,0,0,1,0,0,0,0,0,0,0,0,0,1,0,0,0,0,0,0,1,0,0,0,1,0,0,0,0
5,1.0,1.0,5.0,P467749,9,72.0,1.0,0,0,0,0,1,0,0,0,0,0,0,0,0,0,1,0,0,0,0,1,0,0,0,0,0,1,0,0,0,0
5,1.0,1.0,4.0,P467749,9,72.0,1.0,0,0,0,0,0,1,0,0,0,0,0,0,0,0,0,1,0,0,0,1,0,0,0,0,0,0,1,0,0,0
5,1.0,0.800000012,5.0,P467749,9,72.0,0.6989700043360187,0,0,0,0,0,1,0,0,0,0,0,0,0,0,1,0,0,0,0,1,0,0,0,0,0,0,1,0,0,0
1,0.0,0.846153975,52.0,P468369,40,69.0,0.6340329934961401,0,0,1,0,0,0,0,0,0,0,0,0,0,0,1,0,0,0,0,0,1,0,0,0,0,0,1,0,0,0
3,0.0,1.0,12.0,P402942,87,50.0,1.0,0,0,0,0,0,1,0,0,0,0,0,0,0,0,1,0,0,0,0,1,0,0,0,0,0,1,0,0,0,0
3,0.0,0.928570986,28.0,P402942,87,50.0,0.75,0,0,0,0,1,0,0,0,0,0,0,0,0,0,0,1,0,0,0,1,0,0,0,0,0,1,0,0,0,0
2,0.0,0.911110997,45.0,P402942,87,50.0,0.6990077526609704,0,0,0,0,1,0,0,0,0,0,0,0,0,0,0,0,0,1,0,1,0,0,0,0,0,1,0,0,0,0
3,1.0,0.857142985,7.0,P402942,87,50.0,0.7373504649628064,0,0,0,0,1,0,0,0,0,0,0,0,0,0,0,1,0,0,0,1,0,0,0,0,0,1,0,0,0,0
3,1.0,0.75,4.0,P450583,37,54.0,0.6666666666666667,0,0,0,0,1,0,0,0,0,0,0,0,0,0,0,0,0,1,0,0,1,0,0,0,0,1,0,0,0,0
4,1.0,1.0,8.0,P450583,37,54.0,1.0,0,0,0,0,0,0,0,0,0,0,0,0,1,0,0,1,0,0,0,1,0,0,0,0,1,0,0,0,0,0
5,1.0,1.0,11.0,P450583,37,54.0,1.0,0,0,0,0,1,0,0,0,0,0,0,0,0,0,0,1,0,0,0,0,0,0,1,0,0,0,1,0,0,0
1,0.0,0.304347992,69.0,P450583,37,54.0,0.4426612069252073,0,0,0,1,0,0,0,0,0,0,0,0,0,0,0,0,0,1,0,0,0,0,1,0,0,0,1,0,0,0
5,1.0,0.888889015,18.0,P424990,95,34.0,0.7205846872952778,0,0,1,0,0,0,0,0,0,0,0,0,0,0,0,0,0,1,0,0,0,1,0,0,0,0,1,0,0,0
1,0.0,0.5625,16.0,P424990,95,34.0,0.5254612271806531,0,0,0,0,0,1,0,0,0,0,0,0,0,0,0,0,0,1,0,0,1,0,0,0,0,0,1,0,0,0
5,1.0,0.947368026,19.0,P424990,95,34.0,0.8094485875732266,0,0,0,0,1,0,0,0,0,0,0,0,0,0,0,1,0,0,0,0,0,1,0,0,0,0,1,0,0,0
5,1.0,1.0,18.0,P424990,95,34.0,1.0,0,0,1,0,0,0,0,0,0,0,0,0,0,0,0,0,0,0,1,0,0,0,1,0,0,0,1,0,0,0
5,1.0,0.833333015,6.0,P432818,69,99.0,0.7210570543488701,0,0,0,0,0,1,0,0,0,0,0,0,0,0,0,1,0,0,0,1,0,0,0,0,0,0,1,0,0,0
5,1.0,0.800000012,10.0,P432818,69,99.0,0.6666666666666666,0,0,0,0,1,0,0,0,0,0,0,0,0,0,0,1,0,0,0,0,0,0,1,0,1,0,0,0,0,0
5,1.0,0.75,4.0,P432818,69,99.0,0.6666666666666667,0,0,0,0,1,0,0,0,0,0,0,0,0,0,0,1,0,0,0,0,0,0,1,0,0,0,1,0,0,0
3,0.0,0.866666973,15.0,P432818,69,99.0,0.7060702520912807,0,0,0,0,1,0,0,0,0,0,0,0,0,0,0,1,0,0,0,0,0,0,1,0,0,0,1,0,0,0
5,1.0,0.958333015,24.0,P432818,69,99.0,0.8209477682489587,0,1,0,0,0,0,0,0,0,0,0,0,0,0,0,1,0,0,0,0,1,0,0,0,1,0,0,0,0,0
3,0.0,1.0,5.0,P392144,97,88.0,1.0,0,0,0,0,0,1,0,0,0,0,0,0,0,0,0,0,0,0,1,0,0,1,0,0,0,0,1,0,0,0
4,1.0,0.75,8.0,P392144,97,88.0,0.6391511932854698,0,0,0,0,0,0,0,0,0,0,0,1,0,0,0,1,0,0,0,0,0,0,1,0,0,0,1,0,0,0
4,1.0,0.916666985,12.0,P461948,48,76.0,0.7818957080144684,0,0,1,0,0,0,0,0,0,0,0,0,0,0,0,1,0,0,0,0,1,0,0,0,1,0,0,0,0,0
5,1.0,1.0,8.0,P462748,97,46.0,1.0,0,0,1,0,0,0,0,0,0,0,0,0,0,0,1,0,0,0,0,1,0,0,0,0,0,0,1,0,0,0
1,0.0,0.909090996,11.0,P482695,51,40.0,0.7757561757824245,0,0,0,0,1,0,0,0,0,0,0,0,0,0,0,1,0,0,0,1,0,0,0,0,0,1,0,0,0,0
5,1.0,0.866666973,15.0,P471000,0,65.0,0.7060702520912807,0,0,0,1,0,0,0,0,0,0,0,0,0,0,1,0,0,0,0,0,0,1,0,0,0,1,0,0,0,0
3,0.0,1.0,5.0,P471000,0,65.0,1.0,0,0,0,0,1,0,0,0,0,0,0,0,0,0,0,1,0,0,0,1,0,0,0,0,0,0,1,0,0,0
1,0.0,0.777778029,9.0,P433971,63,35.0,0.6543128759565946,0,0,0,0,0,0,0,0,0,0,0,1,0,0,0,1,0,0,0,0,0,0,1,0,1,0,0,0,0,0
1,0.0,0.585366011,41.0,P433971,63,35.0,0.5268858040635662,0,0,1,0,0,0,0,0,0,0,0,0,0,0,0,0,0,0,1,1,0,0,0,0,0,0,1,0,0,0
5,1.0,1.0,4.0,P440503,58,8.0,1.0,0,0,1,0,0,0,0,0,0,0,0,0,0,0,0,0,0,1,0,1,0,0,0,0,0,1,0,0,0,0
5,1.0,1.0,7.0,P440503,58,8.0,1.0,0,1,0,0,0,0,0,0,0,0,0,0,0,0,0,1,0,0,0,1,0,0,0,0,1,0,0,0,0,0
5,1.0,1.0,7.0,P455614,108,36.0,1.0,0,0,1,0,0,0,0,0,0,0,0,0,0,0,1,0,0,0,0,0,0,1,0,0,0,1,0,0,0,0
5,1.0,1.0,4.0,P455614,108,36.0,1.0,0,0,0,0,0,0,0,1,0,0,0,0,0,0,0,1,0,0,0,0,0,1,0,0,0,0,1,0,0,0
5,1.0,1.0,17.0,P455614,108,36.0,1.0,0,0,1,0,0,0,0,0,0,0,0,0,0,0,1,0,0,0,0,1,0,0,0,0,0,1,0,0,0,0
3,0.0,1.0,5.0,P455612,108,59.0,1.0,0,0,1,0,0,0,0,0,0,0,0,0,0,0,1,0,0,0,0,0,0,0,1,0,0,1,0,0,0,0
5,1.0,0.800000012,5.0,P455612,108,59.0,0.6989700043360187,0,0,0,0,1,0,0,0,0,0,0,0,0,0,1,0,0,0,0,1,0,0,0,0,0,0,1,0,0,0
5,1.0,0.846153975,13.0,P427404,101,19.8,0.6934264036172708,0,0,1,0,0,0,0,0,0,0,0,0,0,0,1,0,0,0,0,0,0,1,0,0,0,1,0,0,0,0
1,0.0,0.555555999,27.0,P427404,101,19.8,0.5194508555890119,0,0,1,0,0,0,0,0,0,0,0,0,0,0,1,0,0,0,0,1,0,0,0,0,0,0,1,0,0,0
3,1.0,0.555555999,9.0,P427404,101,19.8,0.5268025545616606,0,0,0,1,0,0,0,0,0,0,0,0,0,0,0,0,0,0,1,0,1,0,0,0,0,0,1,0,0,0
1,0.0,0.90635401,113.72000000000116,P427404,101,19.8,0.624734303703347,0,0,0,0,0,0,0,1,0,0,0,0,0,0,0,1,0,0,0,1,0,0,0,0,0,0,1,0,0,0
3,0.0,0.892655015,113.72000000000116,P427404,101,19.8,0.6285347414538739,0,0,0,0,0,1,0,0,0,0,0,0,0,0,0,1,0,0,0,1,0,0,0,0,0,0,1,0,0,0
3,1.0,1.0,11.0,P467250,28,45.0,1.0,0,0,0,0,0,1,0,0,0,0,0,0,0,0,0,1,0,0,0,0,0,1,0,0,0,0,1,0,0,0
5,1.0,1.0,7.0,P467250,28,45.0,1.0,0,0,1,0,0,0,0,0,0,0,0,0,0,0,1,0,0,0,0,1,0,0,0,0,0,0,1,0,0,0
4,1.0,0.833333015,30.0,P467250,28,45.0,0.6451860277489462,0,0,0,0,0,0,1,0,0,0,0,0,0,0,1,0,0,0,0,0,0,1,0,0,0,1,0,0,0,0
3,0.0,0.818181992,11.0,P467250,28,45.0,0.6769924925288455,0,1,0,0,0,0,0,0,0,0,0,0,0,0,0,1,0,0,0,1,0,0,0,0,0,0,1,0,0,0
5,1.0,0.25,4.0,P467250,28,45.0,0.3333333333333333,0,0,0,0,1,0,0,0,0,0,0,0,0,0,0,0,0,0,1,1,0,0,0,0,0,1,0,0,0,0
5,1.0,0.600000024,5.0,P477961,3,199.0,0.5578858913022596,0,0,0,0,1,0,0,0,0,0,0,0,0,0,0,0,0,1,0,0,0,1,0,0,0,0,1,0,0,0
1,0.0,0.230768993,52.0,P504240,28,26.0,0.4085276109099702,0,0,1,0,0,0,0,0,0,0,0,0,0,0,0,1,0,0,0,0,1,0,0,0,1,0,0,0,0,0
5,1.0,1.0,13.0,P504240,28,26.0,1.0,0,0,0,0,0,0,0,0,0,0,0,0,1,0,0,1,0,0,0,1,0,0,0,0,1,0,0,0,0,0
5,1.0,0.899999976,10.0,P504240,28,26.0,0.7686217868402409,0,0,0,0,0,0,1,0,0,0,0,0,0,0,0,1,0,0,0,1,0,0,0,0,1,0,0,0,0,0
4,1.0,0.642857015,14.0,P504240,28,26.0,0.5623818557528476,0,0,0,0,0,0,0,1,0,0,0,0,0,0,0,1,0,0,0,1,0,0,0,0,0,0,1,0,0,0
5,1.0,1.0,5.0,P504240,28,26.0,1.0,0,0,1,0,0,0,0,0,0,0,0,0,0,0,0,0,0,1,0,1,0,0,0,0,0,1,0,0,0,0
2,0.0,0.625,8.0,P476009,76,74.0,0.5637914160289369,0,0,0,0,0,1,0,0,0,0,0,0,0,0,0,1,0,0,0,1,0,0,0,0,1,0,0,0,0,0
5,1.0,1.0,7.0,P471793,70,29.0,1.0,0,0,0,0,0,0,1,0,0,0,0,0,0,0,0,1,0,0,0,0,1,0,0,0,1,0,0,0,0,0
5,1.0,0.666666985,6.0,P392648,5,74.0,0.5943161289177871,0,0,0,0,0,0,0,1,0,0,0,0,0,0,0,1,0,0,0,1,0,0,0,0,1,0,0,0,0,0
5,1.0,0.833333015,18.0,P392648,5,74.0,0.6666666666666667,0,0,1,0,0,0,0,0,0,0,0,0,0,1,0,0,0,0,0,0,1,0,0,0,0,0,1,0,0,0
1,0.0,0.25,4.0,P392648,5,74.0,0.3333333333333333,0,0,0,1,0,0,0,0,0,0,0,0,0,0,0,0,0,1,0,0,0,1,0,1,0,0,0,0,0,0
5,1.0,0.899999976,20.0,P392648,5,74.0,0.7282714920267325,0,0,1,0,0,0,0,0,0,0,0,0,0,0,0,1,0,0,0,0,1,0,0,0,0,0,1,0,0,0
5,1.0,0.75,8.0,P480274,0,40.0,0.6391511932854698,0,0,0,0,1,0,0,0,0,0,0,0,0,0,1,0,0,0,0,1,0,0,0,0,0,0,1,0,0,0
5,1.0,1.0,5.0,P398717,7,32.5,1.0,0,0,1,0,0,0,0,0,0,0,0,0,0,0,1,0,0,0,0,1,0,0,0,0,0,1,0,0,0,0
5,1.0,0.800000012,5.0,P398717,7,32.5,0.6989700043360187,0,0,1,0,0,0,0,0,0,0,0,0,0,0,0,1,0,0,0,0,0,0,1,0,0,0,1,0,0,0
5,1.0,0.800000012,45.0,P448200,84,75.0,0.6106224870776881,0,0,0,0,0,1,0,0,0,0,0,0,0,0,0,1,0,0,0,1,0,0,0,0,1,0,0,0,0,0
5,1.0,1.0,19.0,P448200,84,75.0,1.0,0,0,1,0,0,0,0,0,0,0,0,0,0,0,1,0,0,0,0,1,0,0,0,0,0,1,0,0,0,0
5,1.0,0.857142985,7.0,P500121,103,34.0,0.7373504649628064,0,0,0,0,1,0,0,0,0,0,0,0,0,0,1,0,0,0,0,1,0,0,0,0,0,0,1,0,0,0
2,1.0,1.0,10.0,P500121,103,34.0,1.0,0,0,0,1,0,0,0,0,0,0,0,0,0,0,0,1,0,0,0,1,0,0,0,0,0,0,1,0,0,0
5,1.0,0.800000012,5.0,P500121,103,34.0,0.6989700043360187,0,0,0,0,0,1,0,0,0,0,0,0,0,0,0,1,0,0,0,1,0,0,0,0,1,0,0,0,0,0
3,0.0,0.25,16.0,P473726,78,12.0,0.3855506948387032,0,0,1,0,0,0,0,0,0,0,0,0,0,0,1,0,0,0,0,1,0,0,0,0,0,0,1,0,0,0
5,1.0,0.714286029,7.0,P476538,100,55.0,0.6199062332840658,0,0,1,0,0,0,0,0,0,0,0,0,0,0,0,0,0,0,1,1,0,0,0,0,0,1,0,0,0,0
5,1.0,0.923076987,13.0,P442755,101,10.0,0.7872539464466368,0,0,0,0,1,0,0,0,0,0,0,0,0,0,1,0,0,0,0,1,0,0,0,0,0,1,0,0,0,0
5,1.0,0.928570986,70.0,P442755,101,10.0,0.7004455123912461,0,0,0,0,0,0,0,1,0,0,0,0,0,0,0,1,0,0,0,1,0,0,0,0,0,0,1,0,0,0
5,1.0,0.803278983,61.0,P442755,101,10.0,0.6039894546782979,0,0,1,0,0,0,0,0,0,0,0,0,0,0,0,0,0,1,0,0,0,1,0,0,0,0,1,0,0,0
5,1.0,0.899999976,20.0,P442755,101,10.0,0.7282714920267325,0,0,1,0,0,0,0,0,0,0,0,0,0,0,1,0,0,0,0,0,1,0,0,0,0,0,1,0,0,0
5,1.0,0.944444001,18.0,P442755,101,10.0,0.8065735963827292,0,0,1,0,0,0,0,0,0,0,0,0,0,0,0,1,0,0,0,0,0,1,0,1,0,0,0,0,0,0
5,1.0,1.0,6.0,P442756,101,14.3,1.0,0,0,0,0,0,0,1,0,0,0,0,0,0,0,0,1,0,0,0,0,0,0,1,0,0,0,1,0,0,0
4,1.0,1.0,9.0,P442756,101,14.3,1.0,0,0,1,0,0,0,0,0,0,0,0,0,0,0,1,0,0,0,0,1,0,0,0,0,0,0,1,0,0,0
5,1.0,0.875,8.0,P442756,101,14.3,0.75,0,0,1,0,0,0,0,0,0,0,0,0,0,0,0,1,0,0,0,1,0,0,0,0,0,0,1,0,0,0
5,1.0,0.960784018,51.0,P442756,101,14.3,0.7807439128602033,0,0,0,0,1,0,0,0,0,0,0,0,0,0,0,1,0,0,0,1,0,0,0,0,1,0,0,0,0,0
1,0.0,0.5,4.0,P442713,29,44.0,0.5,0,0,0,0,1,0,0,0,0,0,0,0,0,0,0,0,0,0,1,1,0,0,0,0,0,0,1,0,0,0
2,0.0,0.714286029,7.0,P442713,29,44.0,0.6199062332840658,0,0,1,0,0,0,0,0,0,0,0,0,0,0,0,1,0,0,0,1,0,0,0,0,1,0,0,0,0,0
4,1.0,0.625,8.0,P442713,29,44.0,0.5637914160289369,0,0,0,0,0,1,0,0,0,0,0,0,0,0,0,1,0,0,0,0,0,1,0,0,1,0,0,0,0,0
5,1.0,0.666666985,6.0,P442713,29,44.0,0.5943161289177871,0,0,0,0,1,0,0,0,0,0,0,0,0,0,1,0,0,0,0,0,0,1,0,0,0,0,1,0,0,0
5,1.0,1.0,10.0,P429683,89,44.0,1.0,0,0,0,0,0,0,0,1,0,0,0,0,0,0,0,1,0,0,0,0,0,0,1,0,1,0,0,0,0,0
2,1.0,0.391303986,23.0,P429683,89,44.0,0.4595395509441787,0,0,0,1,0,0,0,0,0,0,0,0,0,0,1,0,0,0,0,1,0,0,0,0,0,0,0,0,0,1
5,1.0,0.75,4.0,P465752,22,22.0,0.6666666666666667,0,0,0,1,0,0,0,0,0,0,0,0,0,0,1,0,0,0,0,1,0,0,0,1,0,0,0,0,0,0
2,0.0,0.25,4.0,P465752,22,22.0,0.3333333333333333,0,0,0,0,0,1,0,0,0,0,0,0,0,0,0,1,0,0,0,1,0,0,0,0,0,0,1,0,0,0
2,0.0,1.0,11.0,P465752,22,22.0,1.0,0,0,0,0,1,0,0,0,0,0,0,0,0,0,0,1,0,0,0,0,0,0,1,0,1,0,0,0,0,0
5,1.0,0.800000012,10.0,P408230,11,67.0,0.6666666666666666,0,0,0,0,1,0,0,0,0,0,0,0,0,0,0,1,0,0,0,0,1,0,0,0,0,0,1,0,0,0
3,1.0,0.899999976,10.0,P408230,11,67.0,0.7686217868402409,0,0,1,0,0,0,0,0,0,0,0,0,0,0,0,1,0,0,0,0,1,0,0,0,0,1,0,0,0,0
5,1.0,1.0,4.0,P408230,11,67.0,1.0,0,0,0,1,0,0,0,0,0,0,0,0,0,0,0,1,0,0,0,1,0,0,0,0,1,0,0,0,0,0
4,1.0,1.0,7.0,P416825,29,58.0,1.0,0,0,1,0,0,0,0,0,0,0,0,0,0,0,0,1,0,0,0,1,0,0,0,0,0,0,1,0,0,0
5,1.0,1.0,7.0,P416825,29,58.0,1.0,0,0,1,0,0,0,0,0,0,0,0,0,0,0,1,0,0,0,0,0,0,1,0,0,0,1,0,0,0,0
5,1.0,1.0,4.0,P416825,29,58.0,1.0,0,0,0,0,0,1,0,0,0,0,0,0,0,0,0,1,0,0,0,0,1,0,0,0,1,0,0,0,0,0
4,1.0,0.93333298,45.0,P416825,29,58.0,0.7306856049356902,0,0,0,0,1,0,0,0,0,0,0,0,0,0,0,1,0,0,0,1,0,0,0,0,0,1,0,0,0,0
5,1.0,0.5,4.0,P387511,50,115.0,0.5,0,0,0,0,1,0,0,0,0,0,0,0,0,0,1,0,0,0,0,0,1,0,0,0,0,1,0,0,0,0
1,1.0,0.944444001,18.0,P387511,50,115.0,0.8065735963827292,0,0,0,0,1,0,0,0,0,0,0,0,0,0,1,0,0,0,0,1,0,0,0,0,1,0,0,0,0,0
4,1.0,0.916666985,12.0,P474371,75,38.0,0.7818957080144684,0,0,0,0,0,1,0,0,0,0,0,0,0,0,0,1,0,0,0,0,1,0,0,0,1,0,0,0,0,0
5,1.0,0.9375,16.0,P432053,93,28.0,0.7999999999999999,0,0,1,0,0,0,0,0,0,0,0,0,0,0,1,0,0,0,0,0,1,0,0,0,0,1,0,0,0,0
3,1.0,0.400000006,5.0,P432053,93,28.0,0.4421141086977403,0,0,0,1,0,0,0,0,0,0,0,0,0,0,1,0,0,0,0,0,1,0,0,0,0,0,1,0,0,0
5,1.0,1.0,42.0,P456421,46,61.0,1.0,0,0,0,0,1,0,0,0,0,0,0,0,0,0,0,1,0,0,0,1,0,0,0,0,0,1,0,0,0,0
1,0.0,0.400000006,5.0,P456421,46,61.0,0.4421141086977403,1,0,0,0,0,0,0,0,0,0,0,0,0,0,0,1,0,0,0,1,0,0,0,0,0,1,0,0,0,0
5,1.0,0.75,4.0,P456421,46,61.0,0.6666666666666667,0,0,0,0,1,0,0,0,0,0,0,0,0,0,1,0,0,0,0,1,0,0,0,1,0,0,0,0,0,0
5,1.0,0.97872299,47.0,P456421,46,61.0,0.8474351293988407,0,0,0,0,0,0,0,0,0,1,0,0,0,0,0,1,0,0,0,1,0,0,0,0,1,0,0,0,0,0
3,0.0,0.714286029,7.0,P473304,22,38.0,0.6199062332840658,0,0,0,1,0,0,0,0,0,0,0,0,0,0,0,0,0,1,0,0,1,0,0,0,0,0,1,0,0,0
5,1.0,0.846153975,13.0,P473304,22,38.0,0.6934264036172708,0,0,0,0,1,0,0,0,0,0,0,0,0,0,0,0,0,0,1,0,0,1,0,0,0,1,0,0,0,0
5,1.0,0.928570986,14.0,P473304,22,38.0,0.7919854023234905,0,0,1,0,0,0,0,0,0,0,0,0,0,0,1,0,0,0,0,0,0,1,0,0,0,0,1,0,0,0
5,1.0,0.703704,27.0,P473304,22,38.0,0.5768837214660166,0,0,1,0,0,0,0,0,0,0,0,0,0,0,1,0,0,0,0,0,1,0,0,0,0,0,1,0,0,0
2,0.0,1.0,18.0,P422012,48,38.0,1.0,0,0,0,0,1,0,0,0,0,0,0,0,0,0,0,1,0,0,0,1,0,0,0,0,0,0,1,0,0,0
5,1.0,0.75,4.0,P422012,48,38.0,0.6666666666666667,0,0,0,0,0,1,0,0,0,0,0,0,0,0,0,1,0,0,0,0,0,1,0,0,0,0,1,0,0,0
5,1.0,0.916666985,60.0,P422012,48,38.0,0.6919846604342028,0,1,0,0,0,0,0,0,0,0,0,0,0,0,0,1,0,0,0,1,0,0,0,0,0,0,1,0,0,0
3,0.0,0.666666985,9.0,P416824,7,85.0,0.583970804646981,0,0,1,0,0,0,0,0,0,0,0,0,0,0,0,1,0,0,0,1,0,0,0,0,1,0,0,0,0,0
5,1.0,0.899999976,20.0,P416824,7,85.0,0.7282714920267325,0,0,0,0,1,0,0,0,0,0,0,0,0,0,0,0,0,0,1,1,0,0,0,1,0,0,0,0,0,0
5,1.0,0.769231021,39.0,P416824,7,85.0,0.598613078753341,0,0,1,0,0,0,0,0,0,0,0,0,0,0,0,1,0,0,0,1,0,0,0,0,0,0,1,0,0,0
2,0.0,0.444444001,9.0,P418221,8,54.0,0.4731974454383393,0,0,0,0,1,0,0,0,0,0,0,0,0,0,1,0,0,0,0,1,0,0,0,0,0,0,1,0,0,0
3,0.0,1.0,5.0,P418221,8,54.0,1.0,0,0,0,0,1,0,0,0,0,0,0,0,0,0,1,0,0,0,0,0,1,0,0,0,0,1,0,0,0,0
5,1.0,0.919354975,62.0,P418221,8,54.0,0.6938316000821106,0,0,1,0,0,0,0,0,0,0,0,0,0,0,1,0,0,0,0,0,1,0,0,0,0,1,0,0,0,0
2,0.0,0.837837994,37.0,P418221,8,54.0,0.6404217625451907,0,0,0,0,1,0,0,0,0,0,0,0,0,0,1,0,0,0,0,1,0,0,0,0,0,1,0,0,0,0
5,1.0,0.965516984,29.0,P457697,47,98.0,0.82929272033628,0,0,0,0,0,1,0,0,0,0,0,0,0,0,0,1,0,0,0,0,0,1,0,0,0,0,1,0,0,0
1,0.0,0.893616974,47.0,P483455,36,42.0,0.6773325211850345,0,0,0,1,0,0,0,0,0,0,0,0,0,0,1,0,0,0,0,0,1,0,0,0,0,0,1,0,0,0
5,1.0,1.0,4.0,P449158,111,22.0,1.0,0,0,1,0,0,0,0,0,0,0,0,0,0,1,0,0,0,0,0,1,0,0,0,1,0,0,0,0,0,0
4,1.0,0.625,8.0,P449158,111,22.0,0.5637914160289369,0,0,0,0,1,0,0,0,0,0,0,0,0,0,0,0,0,1,0,0,1,0,0,0,0,1,0,0,0,0
4,1.0,0.5,4.0,P470007,9,30.0,0.5,0,0,0,0,0,1,0,0,0,0,0,0,0,0,0,1,0,0,0,0,0,0,1,0,0,0,1,0,0,0
4,1.0,0.625,8.0,P470007,9,30.0,0.5637914160289369,0,0,0,0,0,1,0,0,0,0,0,0,0,0,0,1,0,0,0,1,0,0,0,0,0,1,0,0,0,0
5,1.0,1.0,6.0,P500626,78,12.0,1.0,0,1,0,0,0,0,0,0,0,0,0,0,0,0,0,1,0,0,0,1,0,0,0,0,1,0,0,0,0,0
5,1.0,0.899999976,20.0,P474113,90,95.0,0.7282714920267325,0,0,1,0,0,0,0,0,0,0,0,0,0,0,0,0,0,0,1,1,0,0,0,0,0,0,1,0,0,0
5,1.0,0.846153975,13.0,P474117,90,15.0,0.6934264036172708,0,0,0,0,0,0,0,0,0,0,0,0,1,0,0,1,0,0,0,0,0,0,1,0,1,0,0,0,0,0
5,1.0,1.0,8.0,P474117,90,15.0,1.0,0,0,1,0,0,0,0,0,0,0,0,0,0,0,0,0,0,1,0,1,0,0,0,0,0,1,0,0,0,0
5,1.0,0.5,12.0,P481703,111,95.0,0.5,0,0,0,0,1,0,0,0,0,0,0,0,0,0,1,0,0,0,0,1,0,0,0,0,0,1,0,0,0,0
5,1.0,0.903226018,31.0,P481703,111,95.0,0.7083689789427893,0,0,0,0,1,0,0,0,0,0,0,0,0,0,1,0,0,0,0,0,1,0,0,1,0,0,0,0,0,0
5,1.0,0.777778029,9.0,P428255,15,110.0,0.6543128759565946,0,0,0,0,0,1,0,0,0,0,0,0,0,0,0,1,0,0,0,0,0,0,1,0,0,1,0,0,0,0
5,1.0,0.800000012,15.0,P428255,15,110.0,0.649149872836091,0,0,0,0,1,0,0,0,0,0,0,0,0,0,0,0,0,1,0,0,1,0,0,0,0,0,1,0,0,0
5,1.0,0.800000012,10.0,P428255,15,110.0,0.6666666666666666,0,0,0,0,1,0,0,0,0,0,0,0,0,0,1,0,0,0,0,1,0,0,0,0,0,1,0,0,0,0
2,1.0,1.0,5.0,P481828,62,36.0,1.0,0,0,0,0,1,0,0,0,0,0,0,0,0,0,0,0,0,0,1,1,0,0,0,0,0,1,0,0,0,0
5,1.0,0.705882013,17.0,P450290,53,245.0,0.5887355477484346,0,0,0,0,1,0,0,0,0,0,0,0,0,0,0,1,0,0,0,0,1,0,0,0,0,0,1,0,0,0
4,1.0,1.0,6.0,P431840,37,22.0,1.0,0,0,0,1,0,0,0,0,0,0,0,0,0,0,0,0,0,1,0,0,1,0,0,0,0,0,1,0,0,0
4,1.0,0.666666985,6.0,P431840,37,22.0,0.5943161289177871,0,0,0,0,0,1,0,0,0,0,0,0,0,0,1,0,0,0,0,0,0,1,0,0,0,1,0,0,0,0
2,0.0,0.75,8.0,P481825,51,30.0,0.6391511932854698,0,0,0,0,0,0,1,0,0,0,0,0,0,0,0,1,0,0,0,1,0,0,0,0,0,0,1,0,0,0
3,0.0,0.850000024,20.0,P481825,51,30.0,0.6758469512137554,0,0,0,0,0,1,0,0,0,0,0,0,0,0,0,1,0,0,0,1,0,0,0,0,0,1,0,0,0,0
5,1.0,0.833333015,6.0,P377576,7,54.0,0.7210570543488701,0,0,0,0,0,1,0,0,0,0,0,0,0,0,0,1,0,0,0,0,1,0,0,0,0,0,1,0,0,0
5,1.0,0.833333015,12.0,P377576,7,54.0,0.6857972507265685,0,0,0,0,0,1,0,0,0,0,0,0,0,0,0,1,0,0,0,0,0,0,1,0,0,0,1,0,0,0
5,1.0,1.0,9.0,P377576,7,54.0,1.0,0,0,0,0,0,1,0,0,0,0,0,0,0,0,0,1,0,0,0,1,0,0,0,0,0,0,1,0,0,0
5,1.0,0.833333015,6.0,P377576,7,54.0,0.7210570543488701,0,0,0,0,0,1,0,0,0,0,0,0,0,0,0,1,0,0,0,0,0,0,1,0,0,0,1,0,0,0
4,1.0,1.0,4.0,P404465,32,24.0,1.0,0,0,0,0,0,1,0,0,0,0,0,0,0,0,0,0,0,0,1,1,0,0,0,0,0,0,1,0,0,0
5,1.0,1.0,7.0,P404465,32,24.0,1.0,0,0,0,0,1,0,0,0,0,0,0,0,0,0,0,0,0,0,1,1,0,0,0,0,0,1,0,0,0,0
5,1.0,1.0,49.0,P404465,32,24.0,1.0,0,0,1,0,0,0,0,0,0,0,0,0,0,0,0,1,0,0,0,1,0,0,0,0,0,0,1,0,0,0
5,1.0,1.0,9.0,P465803,78,20.0,1.0,0,0,0,0,1,0,0,0,0,0,0,0,0,0,1,0,0,0,0,1,0,0,0,0,0,0,1,0,0,0
5,1.0,1.0,10.0,P500988,37,48.0,1.0,0,0,0,0,1,0,0,0,0,0,0,0,0,0,0,0,0,1,0,1,0,0,0,0,0,0,1,0,0,0
5,1.0,1.0,4.0,P483643,108,28.0,1.0,0,0,0,1,0,0,0,0,0,0,0,0,0,1,0,0,0,0,0,1,0,0,0,0,0,0,0,0,1,0
5,1.0,0.714286029,7.0,P447213,80,105.0,0.6199062332840658,0,0,0,0,0,0,0,0,0,0,1,0,0,0,0,0,0,0,1,1,0,0,0,0,0,0,0,1,0,0
5,1.0,0.769231021,13.0,P447213,80,105.0,0.6336614981727328,0,0,0,0,0,0,1,0,0,0,0,0,0,0,0,1,0,0,0,0,0,0,1,0,1,0,0,0,0,0
5,1.0,0.133332998,15.0,P467614,17,120.0,0.2939297479087194,0,0,0,0,1,0,0,0,0,0,0,0,0,0,0,1,0,0,0,1,0,0,0,0,1,0,0,0,0,0
3,0.0,1.0,5.0,P449177,14,155.0,1.0,0,0,0,0,0,1,0,0,0,0,0,0,0,0,0,0,0,1,0,1,0,0,0,0,0,0,1,0,0,0
4,1.0,1.0,7.0,P443839,99,12.99,1.0,0,0,0,0,0,0,1,0,0,0,0,0,0,0,0,1,0,0,0,1,0,0,0,0,1,0,0,0,0,0
5,1.0,0.757575989,33.0,P443839,99,12.99,0.5972327694605106,0,0,1,0,0,0,0,0,0,0,0,0,0,0,1,0,0,0,0,0,1,0,0,0,0,0,0,0,0,1
2,0.0,1.0,11.0,P427393,18,55.0,1.0,0,0,0,0,1,0,0,0,0,0,0,0,0,0,1,0,0,0,0,1,0,0,0,0,0,1,0,0,0,0
3,0.0,0.647059023,17.0,P474823,18,82.0,0.5608236049020798,0,0,0,0,0,1,0,0,0,0,0,0,0,0,0,1,0,0,0,1,0,0,0,0,0,0,1,0,0,0
5,1.0,1.0,4.0,P474823,18,82.0,1.0,0,0,0,0,0,1,0,0,0,0,0,0,0,0,0,1,0,0,0,1,0,0,0,0,0,0,1,0,0,0
5,1.0,0.93333298,15.0,P416755,18,65.0,0.7962049529094938,0,0,1,0,0,0,0,0,0,0,0,0,0,0,0,0,0,1,0,1,0,0,0,0,0,1,0,0,0,0
2,0.0,0.714286029,7.0,P383053,17,82.0,0.6199062332840658,0,0,1,0,0,0,0,0,0,0,0,0,0,0,1,0,0,0,0,1,0,0,0,0,0,1,0,0,0,0
5,1.0,0.939393997,66.0,P383053,17,82.0,0.7202229309419618,0,0,0,0,0,0,0,1,0,0,0,0,0,0,0,1,0,0,0,1,0,0,0,0,1,0,0,0,0,0
5,1.0,0.857142985,7.0,P383053,17,82.0,0.7373504649628064,0,0,1,0,0,0,0,0,0,0,0,0,0,0,1,0,0,0,0,1,0,0,0,0,1,0,0,0,0,0
4,1.0,1.0,6.0,P383053,17,82.0,1.0,0,0,1,0,0,0,0,0,0,0,0,0,0,0,1,0,0,0,0,1,0,0,0,0,1,0,0,0,0,0
5,1.0,0.75,4.0,P383053,17,82.0,0.6666666666666667,0,0,1,0,0,0,0,0,0,0,0,0,0,0,1,0,0,0,0,1,0,0,0,0,1,0,0,0,0,0
3,0.0,0.814814985,27.0,P388545,84,35.0,0.6363573739615787,0,0,0,0,1,0,0,0,0,0,0,0,0,0,1,0,0,0,0,0,1,0,0,0,0,0,1,0,0,0
5,1.0,0.75,8.0,P388545,84,35.0,0.6391511932854698,0,0,0,0,1,0,0,0,0,0,0,0,0,0,1,0,0,0,0,1,0,0,0,0,0,0,1,0,0,0
5,1.0,0.892857015,28.0,P476428,38,58.0,0.701512126945176,0,0,1,0,0,0,0,0,0,0,0,0,0,0,0,0,0,1,0,0,1,0,0,0,0,1,0,0,0,0
5,1.0,1.0,4.0,P456395,114,22.0,1.0,0,0,1,0,0,0,0,0,0,0,0,0,0,0,0,1,0,0,0,0,0,0,1,0,1,0,0,0,0,0
4,1.0,0.888889015,9.0,P456395,114,22.0,0.7601875334318686,0,0,0,0,0,1,0,0,0,0,0,0,0,0,0,0,0,1,0,1,0,0,0,0,0,0,1,0,0,0
5,1.0,0.863636017,44.0,P419633,26,159.0,0.6531027839866069,0,0,0,0,1,0,0,0,0,0,0,0,0,0,0,1,0,0,0,1,0,0,0,0,1,0,0,0,0,0
4,1.0,0.785713971,28.0,P419633,26,159.0,0.6170526867602943,0,0,0,0,1,0,0,0,0,0,0,0,0,0,1,0,0,0,0,1,0,0,0,0,0,0,1,0,0,0
5,1.0,0.625,8.0,P419633,26,159.0,0.5637914160289369,0,0,0,0,1,0,0,0,0,0,0,0,0,0,1,0,0,0,0,1,0,0,0,0,0,0,1,0,0,0
1,0.0,1.0,7.0,P443383,7,37.0,1.0,0,0,0,0,0,1,0,0,0,0,0,0,0,0,0,0,0,0,1,1,0,0,0,0,0,0,1,0,0,0
2,0.0,0.9375,16.0,P443383,7,37.0,0.7999999999999999,0,0,1,0,0,0,0,0,0,0,0,0,0,0,0,0,0,1,0,0,0,0,1,0,0,0,1,0,0,0
1,0.0,0.25,8.0,P443383,7,37.0,0.3608488067145302,0,0,0,0,0,0,0,0,0,0,0,0,1,0,0,1,0,0,0,1,0,0,0,0,1,0,0,0,0,0
1,0.0,0.75,8.0,P443383,7,37.0,0.6391511932854698,0,0,0,0,0,0,0,1,0,0,0,0,0,0,0,1,0,0,0,1,0,0,0,0,1,0,0,0,0,0
5,1.0,0.947368026,19.0,P479313,18,77.0,0.8094485875732266,0,0,0,0,0,1,0,0,0,0,0,0,0,0,0,1,0,0,0,1,0,0,0,0,1,0,0,0,0,0
5,1.0,0.600000024,5.0,P479313,18,77.0,0.5578858913022596,0,0,0,0,1,0,0,0,0,0,0,0,0,0,0,0,0,0,1,0,0,1,0,0,0,1,0,0,0,0
1,0.0,0.615384996,13.0,P442833,101,11.1,0.5508231047523734,0,0,1,0,0,0,0,0,0,0,0,0,0,0,0,1,0,0,0,0,1,0,0,0,0,1,0,0,0,0
5,1.0,0.931034982,29.0,P442833,101,11.1,0.7520519717820634,0,0,1,0,0,0,0,0,0,0,0,0,0,0,0,1,0,0,0,0,0,1,0,0,0,0,1,0,0,0
5,1.0,0.846153975,13.0,P442833,101,11.1,0.6934264036172708,0,0,0,0,1,0,0,0,0,0,0,0,0,0,0,0,0,1,0,0,0,0,1,0,0,1,0,0,0,0
5,1.0,0.877192974,57.0,P442833,101,11.1,0.6540760073792675,0,0,1,0,0,0,0,0,0,0,0,0,0,0,0,0,0,1,0,1,0,0,0,0,0,1,0,0,0,0
5,1.0,0.909090996,11.0,P455930,83,48.0,0.7757561757824245,0,0,1,0,0,0,0,0,0,0,0,0,0,0,0,0,0,1,0,0,0,0,1,0,0,1,0,0,0,0
4,1.0,0.800000012,10.0,P455930,83,48.0,0.6666666666666666,0,0,1,0,0,0,0,0,0,0,0,0,0,0,1,0,0,0,0,1,0,0,0,0,0,0,1,0,0,0
3,1.0,0.800000012,5.0,P443366,14,69.0,0.6989700043360187,0,0,1,0,0,0,0,0,0,0,0,0,0,0,0,1,0,0,0,1,0,0,0,0,0,0,1,0,0,0
4,1.0,0.75,8.0,P500101,57,32.0,0.6391511932854698,0,0,0,0,0,1,0,0,0,0,0,0,0,0,1,0,0,0,0,1,0,0,0,0,0,0,1,0,0,0
